# {"t_start": 1614243974.142793, "env_id": "Half-Cheetah-RM2-v0"} 
r,l,t
-559.791711,1000,12.082216
-586.328055,1000,17.230201
-599.211844,1000,22.37054
-552.082937,1000,27.475259
-553.239813,1000,32.617122
-588.196952,1000,37.774617
421.080005,979,42.884788
-599.574488,1000,48.091582
-596.735719,1000,53.296564
-597.381208,1000,58.470678
-597.266727,1000,63.783241
-573.070687,1000,69.053591
-599.999804,1000,74.350262
-567.976023,1000,79.940691
-599.999402,1000,85.181926
-599.999625,1000,90.381876
-576.692057,1000,95.546286
-597.206148,1000,100.747981
-599.999476,1000,105.939195
-599.813838,1000,111.168561
-599.997051,1000,116.384526
-599.994313,1000,121.607059
-594.365518,1000,126.814786
-595.621305,1000,132.044818
-599.637484,1000,137.287509
-574.88872,1000,142.581613
-599.99946,1000,147.901965
-599.988548,1000,153.286675
-597.785165,1000,158.684939
-599.999999,1000,164.223537
-599.468755,1000,169.877945
-599.999219,1000,175.639824
-599.994955,1000,181.528531
-599.999999,1000,187.517225
-599.982362,1000,193.602083
-574.215846,1000,199.683256
-599.984988,1000,205.828276
-600.0,1000,211.969795
-599.980189,1000,218.104893
-599.937757,1000,224.298833
-583.821453,1000,230.47078
-599.90432,1000,236.682251
-599.999993,1000,242.932717
-577.687208,1000,249.174212
-599.998281,1000,255.427577
-599.62334,1000,261.730145
-599.831656,1000,267.984951
-599.838245,1000,274.246026
-595.196812,1000,280.483066
-566.970154,1000,286.776519
-599.897481,1000,293.110015
-599.99187,1000,299.439298
-595.251487,1000,305.806019
-599.922755,1000,312.185717
-599.999904,1000,318.542896
-598.883832,1000,324.9278
-599.999001,1000,331.328209
-580.75384,1000,337.714416
-580.973128,1000,344.097184
-597.325999,1000,350.511147
-596.741587,1000,356.907089
-600.0,1000,363.301915
-599.921077,1000,369.717686
-599.999204,1000,376.14497
-599.999334,1000,382.542063
-599.991603,1000,388.983213
-599.908416,1000,395.443529
-595.474835,1000,401.898326
-599.999996,1000,408.317863
-587.097123,1000,414.723709
-600.0,1000,421.160385
-600.0,1000,427.613719
-600.0,1000,434.100763
-599.920503,1000,440.592895
-597.316714,1000,447.047018
-599.994146,1000,453.528268
-577.358852,1000,460.052838
-599.999994,1000,466.583118
-600.0,1000,473.117049
-599.64152,1000,479.614597
-599.999604,1000,486.182178
-599.945326,1000,492.811791
-581.176628,1000,499.334558
-599.884313,1000,505.964033
-600.0,1000,512.656912
-599.993258,1000,519.183377
-600.0,1000,525.788961
-599.99332,1000,532.3774
-599.999049,1000,538.93781
-599.999998,1000,545.5354
-599.999999,1000,552.115089
-600.0,1000,558.736114
-599.99177,1000,565.327659
-599.870533,1000,571.875737
-599.943438,1000,578.494458
-599.996795,1000,585.147438
-600.0,1000,591.755892
-599.999967,1000,598.415937
-599.854769,1000,605.028441
-599.999628,1000,611.614279
-593.133922,1000,618.309846
-599.999994,1000,625.058724
-599.186126,1000,631.761153
840.41842,274,633.806427
-599.999903,1000,640.853768
-599.999989,1000,647.531225
-599.827839,1000,654.093579
-595.510395,1000,660.702977
-599.928468,1000,667.381577
-592.226104,1000,674.079323
-599.994204,1000,680.690422
-599.811368,1000,687.356148
-599.908558,1000,694.030655
-599.999999,1000,700.66566
-599.999999,1000,707.385334
-598.735515,1000,714.120199
-599.947805,1000,720.83782
-596.402226,1000,727.525688
-599.875245,1000,734.216873
-599.999998,1000,740.992252
-599.809776,1000,747.741521
-593.353742,1000,754.505393
-596.360232,1000,761.225931
-599.997014,1000,767.9921
-597.909888,1000,774.797041
-599.980588,1000,781.590439
-600.0,1000,788.329306
-599.366614,1000,795.02643
-595.933933,1000,801.787179
-599.848888,1000,808.593815
-600.0,1000,815.378885
-599.950336,1000,822.169735
-599.9994,1000,829.023593
-594.033389,1000,835.764896
-600.0,1000,842.661515
-599.999999,1000,849.545743
-587.020817,1000,856.404893
-599.403107,1000,863.164505
593.995129,697,867.971304
-599.990256,1000,874.885437
-600.0,1000,881.778658
-598.298623,1000,888.690068
-600.0,1000,895.669596
-599.811384,1000,902.547666
-599.89715,1000,909.458476
-599.999986,1000,916.324897
-596.320989,1000,923.228683
-599.999999,1000,930.210104
-599.709626,1000,937.216129
-600.0,1000,944.252841
-599.32071,1000,951.381246
-599.999595,1000,958.607979
-599.991445,1000,965.864728
-600.0,1000,973.197873
-599.925602,1000,980.625872
-599.999996,1000,988.03338
-600.0,1000,995.462283
-599.601764,1000,1002.844993
-599.999993,1000,1010.244266
-596.693601,1000,1017.648855
-592.252546,1000,1024.993222
-599.998801,1000,1032.376087
-596.0965,1000,1039.751598
-599.999903,1000,1047.114303
-591.689438,1000,1054.55668
-599.999782,1000,1061.979514
-600.0,1000,1069.369562
-599.912547,1000,1076.768868
-598.601022,1000,1084.185387
-592.572389,1000,1091.57973
785.488758,366,1094.494375
-599.997997,1000,1101.924808
-599.999726,1000,1109.324021
672.254655,548,1113.107124
-595.912921,1000,1120.586153
-600.0,1000,1128.028899
-599.314223,1000,1135.545829
-579.471844,1000,1143.232877
-599.999996,1000,1150.958323
-599.999413,1000,1158.770005
-599.999898,1000,1166.648128
424.872162,977,1174.418257
-599.999229,1000,1182.418336
-594.915301,1000,1190.328572
-588.311926,1000,1198.495889
-598.799115,1000,1206.359224
-599.999988,1000,1214.187116
-599.999524,1000,1221.996868
-597.905007,1000,1229.82815
-591.111658,1000,1237.59947
-599.999245,1000,1245.475059
-600.0,1000,1253.309811
-599.503726,1000,1261.129984
-599.998479,1000,1269.029073
-600.0,1000,1276.911708
-599.701587,1000,1284.746849
-594.180244,1000,1292.60672
-587.980916,1000,1300.470281
-599.998186,1000,1308.335625
-589.720187,1000,1316.154716
-599.867802,1000,1324.007216
-600.0,1000,1331.917664
-599.994867,1000,1339.817657
-599.880241,1000,1347.696983
-584.34739,1000,1355.583663
-588.89597,1000,1363.427533
677.840152,538,1367.410268
-599.996197,1000,1375.27562
-599.484313,1000,1383.207124
-599.999997,1000,1391.108243
-599.981344,1000,1399.025052
-591.083116,1000,1406.927785
-599.990298,1000,1414.887446
-595.914685,1000,1422.782182
-585.333196,1000,1430.657759
-598.122874,1000,1438.525639
-599.223749,1000,1446.386011
-599.99566,1000,1454.289968
-598.681532,1000,1462.222345
-599.999999,1000,1470.155764
-600.0,1000,1478.08543
-599.999279,1000,1486.003363
-599.84204,1000,1493.865278
-580.876694,1000,1501.809271
-599.999982,1000,1509.714378
-599.999995,1000,1517.701197
-600.0,1000,1525.656122
-599.331551,1000,1533.616114
-600.0,1000,1541.588033
-599.949867,1000,1549.563064
-599.993727,1000,1557.529171
-599.616937,1000,1565.474617
-599.973993,1000,1573.390477
-600.0,1000,1581.391892
-599.903244,1000,1589.286558
775.041185,384,1592.420392
-599.999519,1000,1600.424218
-599.264977,1000,1608.402268
-582.117392,1000,1616.401281
-595.201627,1000,1624.3754
-595.01267,1000,1632.385895
-599.949611,1000,1640.414461
-599.103059,1000,1648.426136
-599.538884,1000,1656.469151
-600.0,1000,1664.486676
-599.828297,1000,1672.520686
-599.999992,1000,1680.551452
-599.886648,1000,1688.584463
-599.989021,1000,1696.632762
-583.710187,1000,1704.628786
-599.999054,1000,1712.637612
-599.587866,1000,1720.663108
-600.0,1000,1728.711238
-581.096116,1000,1736.733839
-599.989721,1000,1744.885839
-600.0,1000,1753.088304
-598.577761,1000,1761.431344
-599.99989,1000,1769.476073
-599.910662,1000,1777.532625
-600.0,1000,1785.557838
-599.997554,1000,1793.574113
-599.999999,1000,1801.591844
-599.998405,1000,1809.629213
-599.999903,1000,1817.662704
-600.0,1000,1825.62803
-599.999976,1000,1833.656613
-593.036384,1000,1841.628271
-599.999992,1000,1849.684464
-599.999901,1000,1857.754089
-599.99825,1000,1865.828583
-600.0,1000,1873.977979
-600.0,1000,1882.290658
-599.999947,1000,1890.398262
-576.917629,1000,1898.459632
-600.0,1000,1906.58389
-599.930738,1000,1914.695687
587.4108,692,1920.307189
-591.943069,1000,1928.414352
-599.534075,1000,1936.503402
-599.919606,1000,1944.644409
-600.0,1000,1952.740697
-599.998836,1000,1960.854883
-599.999995,1000,1968.984317
-600.0,1000,1977.137858
-600.0,1000,1985.245124
-600.0,1000,1993.367335
-599.997613,1000,2001.497728
-588.212997,1000,2009.720639
-591.164566,1000,2017.776045
-599.307777,1000,2025.859197
-599.993143,1000,2033.993258
-599.669867,1000,2042.072854
-600.0,1000,2050.202201
-599.974504,1000,2058.318771
-599.994066,1000,2066.466654
-555.613534,1000,2074.582725
-600.0,1000,2083.033677
-599.832298,1000,2091.140482
-599.994092,1000,2099.285704
-599.043264,1000,2107.37323
-600.0,1000,2115.49145
-599.888282,1000,2123.731226
-599.992999,1000,2132.214586
-599.769218,1000,2140.355935
-598.746595,1000,2148.498317
-599.965689,1000,2156.700281
-599.575846,1000,2164.841651
-599.185345,1000,2173.013044
-599.909741,1000,2181.17271
-599.345781,1000,2189.360615
-599.999765,1000,2197.558484
-599.738098,1000,2205.660808
-599.999758,1000,2213.67851
-599.961863,1000,2221.964398
-599.99996,1000,2230.157294
-599.999682,1000,2238.379427
-599.998542,1000,2246.666393
-599.691191,1000,2255.233085
-599.413261,1000,2263.494472
-599.999969,1000,2271.744178
-567.834452,1000,2279.997172
-600.0,1000,2288.220238
-599.768776,1000,2296.439472
-599.999061,1000,2304.816529
-594.076993,1000,2313.225764
-600.0,1000,2321.787241
-599.998854,1000,2330.021039
-599.994296,1000,2338.354287
-600.0,1000,2346.65492
-597.297781,1000,2354.926224
-599.929498,1000,2363.570206
-599.99974,1000,2371.834779
-600.0,1000,2380.114023
-600.0,1000,2388.379931
-599.745948,1000,2396.656317
-600.0,1000,2404.941558
-599.999935,1000,2413.536345
-600.0,1000,2421.883509
-600.0,1000,2430.181041
-599.999998,1000,2438.500346
-599.934012,1000,2446.785893
-600.0,1000,2455.087032
-599.482705,1000,2463.398944
-598.906964,1000,2471.666573
-600.0,1000,2479.989694
-599.525159,1000,2488.605864
-599.816979,1000,2496.887614
-600.0,1000,2505.217983
-562.422203,1000,2513.499133
-597.822831,1000,2521.757135
-598.403504,1000,2529.946408
-581.723079,1000,2538.509348
-597.119876,1000,2546.999067
-600.0,1000,2555.29821
-578.6556,1000,2563.544196
673.659399,545,2567.882739
-599.916501,1000,2576.253747
-598.714595,1000,2584.896641
-589.856864,1000,2593.241385
-598.012672,1000,2601.816183
729.44741,464,2606.02892
-598.609683,1000,2614.296355
-594.074545,1000,2622.617529
-599.99836,1000,2630.916524
-599.968465,1000,2639.395405
-599.903495,1000,2647.978578
-599.81247,1000,2656.44083
676.998395,540,2661.29218
-599.229913,1000,2669.799824
-599.996862,1000,2678.092938
-599.487203,1000,2686.326204
-599.83659,1000,2694.587888
-582.238585,1000,2702.833416
-588.794732,1000,2711.095894
-599.999973,1000,2719.363145
-599.99987,1000,2727.717161
-599.999473,1000,2736.393821
-599.868903,1000,2744.674951
-599.948544,1000,2752.909901
-599.938337,1000,2761.280627
-598.283099,1000,2769.519356
-599.803498,1000,2777.919833
-599.925081,1000,2786.292843
-590.333132,1000,2794.561846
-592.335156,1000,2802.78771
-600.0,1000,2811.190918
-599.999989,1000,2819.444859
-591.260003,1000,2827.710532
-593.947348,1000,2836.19865
-598.913529,1000,2844.607091
673.785607,545,2848.807944
516.800635,808,2855.757142
-595.492327,1000,2864.305845
-600.0,1000,2872.682188
-599.817153,1000,2881.302515
-600.0,1000,2889.556058
-599.668484,1000,2898.025056
-598.011884,1000,2906.31982
-599.999651,1000,2914.602832
-599.969449,1000,2922.901703
588.522621,707,2928.762461
-599.999633,1000,2937.147609
-600.0,1000,2945.421738
-587.103572,1000,2953.741978
-597.141521,1000,2962.013684
-600.0,1000,2970.313313
-600.0,1000,2978.913884
-599.980209,1000,2987.256416
574.802139,725,2993.353916
-564.996957,1000,3001.688583
-599.996788,1000,3009.993102
-599.920137,1000,3018.307082
557.258018,744,3024.811667
-599.896571,1000,3033.113733
-589.520094,1000,3041.372751
-599.983876,1000,3049.637949
-599.943046,1000,3057.908562
-599.620972,1000,3066.208908
-597.812645,1000,3074.503198
-578.829443,1000,3082.827062
-599.921786,1000,3091.513976
-599.989614,1000,3100.040585
-593.29439,1000,3108.305226
-594.878009,1000,3116.564152
-599.552388,1000,3124.994116
-600.0,1000,3133.637092
-599.818029,1000,3141.946846
-598.687351,1000,3150.39115
-599.966396,1000,3158.913937
-599.999942,1000,3167.164096
-578.52739,1000,3175.762753
-599.508606,1000,3184.343756
-600.0,1000,3192.874598
-573.634219,1000,3201.245636
-599.635973,1000,3209.839117
-600.0,1000,3218.370418
-599.920884,1000,3226.905058
-599.998928,1000,3235.516482
-599.670272,1000,3244.053843
-597.765929,1000,3252.374137
-599.999996,1000,3260.744011
-589.97347,1000,3269.060821
-599.959455,1000,3277.331826
-599.667393,1000,3285.766247
-599.999999,1000,3294.427577
-597.907038,1000,3302.964973
-599.994278,1000,3311.42308
-599.983218,1000,3319.660672
-599.677898,1000,3327.933892
-600.0,1000,3336.519346
-599.978267,1000,3344.810909
-594.209295,1000,3353.28111
-599.999998,1000,3361.868491
-598.625914,1000,3370.384502
-600.0,1000,3378.802961
-599.999999,1000,3387.095692
-600.0,1000,3395.40448
-599.966854,1000,3403.843693
-599.999766,1000,3412.144461
-600.0,1000,3420.454625
-599.954316,1000,3429.296402
-573.826099,1000,3437.96436
-599.989771,1000,3446.587424
-576.405617,1000,3454.853393
-599.999998,1000,3463.224545
-599.692274,1000,3471.845076
-600.0,1000,3480.225724
-599.904427,1000,3488.880912
-599.999945,1000,3497.343165
-599.885507,1000,3505.595931
-599.948402,1000,3514.242054
-598.636257,1000,3522.768759
-574.176606,1000,3531.354509
-588.705533,1000,3539.879584
-599.845781,1000,3548.467459
-599.999988,1000,3556.891623
-599.714042,1000,3565.393271
-600.0,1000,3573.772592
-599.619994,1000,3582.04492
-599.952994,1000,3590.659294
-593.995581,1000,3598.944548
-600.0,1000,3607.444353
435.834904,947,3614.956834
-598.418181,1000,3623.221806
-599.895309,1000,3631.517243
-592.216272,1000,3640.164307
-599.351872,1000,3648.548955
795.336483,353,3651.877645
-600.0,1000,3660.457854
-595.460747,1000,3668.735311
-599.998639,1000,3677.338811
571.784383,741,3683.16718
-581.513753,1000,3691.430817
-599.521399,1000,3699.790731
-597.833896,1000,3708.080461
-597.499041,1000,3716.482083
-599.995809,1000,3724.895952
-599.999768,1000,3733.341158
-599.924074,1000,3741.687772
-591.546984,1000,3750.37058
-581.920226,1000,3758.799038
-599.670982,1000,3767.249214
-599.507877,1000,3775.50526
-594.52275,1000,3784.055742
-600.0,1000,3792.495544
-599.995098,1000,3801.050364
-599.995667,1000,3809.349577
-599.997187,1000,3817.747097
-588.797049,1000,3826.004248
-599.397525,1000,3834.27684
-600.0,1000,3842.913678
-599.996136,1000,3851.268208
-600.0,1000,3859.955479
-599.789768,1000,3868.497283
-599.882535,1000,3876.982635
-599.182364,1000,3885.254938
-599.995548,1000,3893.543432
-600.0,1000,3901.913518
-595.331707,1000,3910.21005
-599.099384,1000,3918.477333
-598.60897,1000,3926.828648
-600.0,1000,3935.094103
-599.878362,1000,3943.348471
-598.73541,1000,3951.560188
-599.261136,1000,3959.748682
-599.692213,1000,3967.990296
-599.996401,1000,3976.561944
-599.775067,1000,3984.856983
-599.999998,1000,3993.597065
417.572494,972,4002.05289
-587.888693,1000,4010.734485
-599.838542,1000,4019.243897
-561.707698,1000,4027.810457
-599.94664,1000,4036.081748
-598.158107,1000,4044.3578
-599.888712,1000,4052.683134
-599.844601,1000,4061.1994
-598.417668,1000,4069.542122
-599.999998,1000,4078.130134
-600.0,1000,4086.379434
-600.0,1000,4094.641282
-600.0,1000,4102.912364
-597.960165,1000,4111.266762
-577.63283,1000,4119.908257
-597.968846,1000,4128.18845
-596.519304,1000,4136.479515
-599.975778,1000,4144.982893
-600.0,1000,4153.334092
-599.965241,1000,4161.629044
-595.215348,1000,4170.286721
-599.916873,1000,4178.524791
-599.983414,1000,4186.813942
-599.547191,1000,4195.07224
-599.999975,1000,4203.410593
-599.218087,1000,4211.620984
-600.0,1000,4219.920659
-597.927451,1000,4228.152144
-599.680224,1000,4236.787913
-598.974649,1000,4245.061542
-593.793933,1000,4253.50662
-599.999621,1000,4261.79065
-599.999999,1000,4270.057198
-600.0,1000,4278.37395
-598.604078,1000,4286.975969
-600.0,1000,4295.396831
-600.0,1000,4303.735571
-600.0,1000,4312.052607
-597.245498,1000,4320.510164
-597.237814,1000,4328.784949
-598.126719,1000,4337.053105
-599.439253,1000,4345.298287
697.68462,514,4349.594303
-599.912428,1000,4357.904384
-599.999971,1000,4366.526374
-599.906219,1000,4374.820152
-600.0,1000,4383.111741
-591.855797,1000,4391.617202
-599.874381,1000,4399.833663
-599.996858,1000,4408.304857
-596.229548,1000,4416.659646
-598.323533,1000,4425.171885
633.598973,632,4430.191592
-600.0,1000,4438.692435
-599.999964,1000,4447.090925
-600.0,1000,4455.342045
-586.44872,1000,4463.716145
-600.0,1000,4471.923256
-586.970186,1000,4480.310138
-578.144442,1000,4488.31961
629.38844,627,4493.820932
-599.999999,1000,4501.955782
-599.999998,1000,4510.063701
-599.837861,1000,4518.112469
-599.999989,1000,4526.407612
-598.923102,1000,4534.695191
-599.990813,1000,4543.069501
-599.999936,1000,4551.154557
-599.852129,1000,4559.674564
-599.975453,1000,4568.11534
-585.166215,1000,4576.327533
-598.378692,1000,4584.457
-599.919512,1000,4592.850177
-596.055884,1000,4600.974552
-587.951497,1000,4609.165387
-599.976117,1000,4617.28864
-595.984901,1000,4625.382899
-597.811955,1000,4633.740795
-600.0,1000,4641.995351
-599.999734,1000,4650.102853
-599.999998,1000,4658.292346
-599.999288,1000,4666.366952
-599.999984,1000,4674.520972
-597.505566,1000,4682.843925
-596.480491,1000,4690.899324
-600.0,1000,4699.361043
-591.22227,1000,4707.631145
-566.921377,1000,4715.718737
-599.998011,1000,4724.041407
-599.999913,1000,4732.270149
722.265098,470,4735.635924
-598.170455,1000,4743.827381
-599.999999,1000,4752.239087
-599.562179,1000,4760.272774
-598.94202,1000,4768.358966
-599.999994,1000,4776.664017
-599.998956,1000,4785.072571
-599.998817,1000,4793.304165
-600.0,1000,4801.38664
-599.999893,1000,4809.71364
-600.0,1000,4818.05754
-600.0,1000,4826.238948
-597.921339,1000,4834.611332
-600.0,1000,4842.985008
-599.862343,1000,4851.111092
-600.0,1000,4859.28899
-580.52846,1000,4867.603102
-598.849182,1000,4875.809465
-599.993362,1000,4884.260256
-599.700171,1000,4892.481498
-599.999923,1000,4900.77168
-599.901913,1000,4908.87
792.50551,351,4912.009932
-599.99998,1000,4920.1495
-599.993767,1000,4928.653626
-599.999991,1000,4936.767845
-599.99299,1000,4945.026501
-599.881241,1000,4953.552133
-599.896588,1000,4961.661554
597.445833,676,4967.601072
-590.267471,1000,4975.770169
-599.95854,1000,4983.887024
-600.0,1000,4992.012339
-599.543582,1000,5000.099657
-591.326416,1000,5008.463245
-596.693177,1000,5016.557343
-598.467278,1000,5024.685741
-599.999997,1000,5033.074213
-600.0,1000,5041.389256
-600.0,1000,5049.743341
-599.997944,1000,5057.964563
-594.909091,1000,5066.040018
-600.0,1000,5074.152918
-599.999958,1000,5082.517222
-600.0,1000,5090.610476
-599.519109,1000,5098.706934
-599.758543,1000,5107.093413
-599.908814,1000,5115.209836
-598.459711,1000,5123.387481
-599.946551,1000,5131.675712
-599.997181,1000,5140.089499
-592.968507,1000,5148.4626
-600.0,1000,5156.844077
-599.999999,1000,5165.210658
-597.251275,1000,5173.432716
-599.986898,1000,5181.676617
-599.904517,1000,5189.769539
-600.0,1000,5197.866179
-591.378615,1000,5205.965111
-599.994719,1000,5214.062899
-599.990034,1000,5222.440683
-581.327534,1000,5230.533525
-599.999528,1000,5238.633551
-599.985778,1000,5246.739647
-600.0,1000,5255.186339
-590.563832,1000,5263.41789
-588.530296,1000,5271.469099
-597.313579,1000,5279.573513
-599.391937,1000,5287.656866
-599.979276,1000,5295.756271
-599.997834,1000,5304.24898
-583.660069,1000,5312.604224
-600.0,1000,5320.68346
-586.144772,1000,5329.196203
-600.0,1000,5337.331305
-599.957362,1000,5345.515916
-598.510088,1000,5353.594918
-594.730697,1000,5361.820548
-599.815759,1000,5370.207907
-599.181689,1000,5378.394134
-599.55503,1000,5386.614581
-599.936817,1000,5394.701389
570.182468,729,5400.497559
-599.288885,1000,5408.864717
-600.0,1000,5417.154604
-599.999985,1000,5425.38297
-599.999728,1000,5433.488341
-600.0,1000,5441.615883
-599.925499,1000,5449.722718
-595.47289,1000,5457.738391
-599.998953,1000,5466.107078
-599.958461,1000,5474.330999
-600.0,1000,5482.438167
-599.776086,1000,5490.843956
-599.999999,1000,5499.023667
-580.708761,1000,5507.19802
-600.0,1000,5515.471112
-599.326654,1000,5523.932984
-600.0,1000,5532.306652
-600.0,1000,5540.663952
-599.991155,1000,5548.748668
-599.999999,1000,5557.000318
-599.9897,1000,5565.085365
-600.0,1000,5573.412212
-599.949988,1000,5581.676972
-599.948191,1000,5589.977393
-570.956498,1000,5598.168784
-599.943792,1000,5606.50054
-599.866413,1000,5615.270412
-599.993194,1000,5623.704401
-599.90513,1000,5632.230622
-599.897286,1000,5640.912003
-585.928728,1000,5649.555317
-600.0,1000,5657.975497
-598.479965,1000,5666.361902
-599.999232,1000,5675.123351
-599.999983,1000,5683.66231
-599.88803,1000,5692.29837
-584.597464,1000,5700.933933
-599.999578,1000,5709.467529
-599.999915,1000,5718.09409
-564.625302,1000,5726.886429
-599.963514,1000,5735.485176
-600.0,1000,5743.943208
-592.326062,1000,5752.727906
-599.983737,1000,5761.466865
-589.952737,1000,5769.986523
-600.0,1000,5778.570358
-598.825455,1000,5787.273141
-597.613294,1000,5795.688035
-600.0,1000,5804.225592
-599.105791,1000,5812.902922
-599.743469,1000,5821.62926
-599.999999,1000,5830.09579
871.89481,217,5831.831407
-600.0,1000,5840.286799
-600.0,1000,5848.705266
-599.996105,1000,5857.180495
-599.99417,1000,5865.61543
-600.0,1000,5874.051676
-600.0,1000,5882.81133
-599.848533,1000,5891.509705
-599.414994,1000,5900.211922
-591.936736,1000,5908.795124
-581.200249,1000,5917.507213
-600.0,1000,5926.140215
-589.623624,1000,5934.699275
-599.503918,1000,5943.143585
-586.029266,1000,5951.804113
-599.288297,1000,5960.321121
-589.947575,1000,5969.139689
-599.891361,1000,5977.781074
-599.429311,1000,5986.190652
-599.999136,1000,5994.562286
-599.086565,1000,6003.288568
859.710588,242,6005.752718
-596.32221,1000,6014.291337
-600.0,1000,6022.749403
-599.994438,1000,6031.169839
-597.949387,1000,6039.974652
-598.497918,1000,6048.500181
-599.980878,1000,6057.054261
-598.509207,1000,6065.418976
-594.460451,1000,6073.884312
-599.983249,1000,6082.402931
-599.760468,1000,6090.917482
-599.878732,1000,6099.488291
-599.990546,1000,6107.887786
-579.503152,1000,6116.289779
-566.603477,1000,6124.914401
-588.891904,1000,6133.424538
-599.99506,1000,6141.967033
-599.999998,1000,6150.397982
-599.803428,1000,6159.004168
-599.992271,1000,6167.415186
-599.878947,1000,6175.826827
-599.961775,1000,6184.332701
-600.0,1000,6192.897539
-594.516851,1000,6201.309289
-600.0,1000,6209.727422
-599.848792,1000,6218.528776
-600.0,1000,6226.917231
-599.92822,1000,6235.325486
-599.999604,1000,6243.748333
-588.130166,1000,6252.348723
-599.999265,1000,6261.082381
-598.636226,1000,6269.694129
-600.0,1000,6278.438331
-599.999951,1000,6286.971478
-599.979856,1000,6295.682684
-599.999997,1000,6304.237485
-592.452274,1000,6313.013726
-595.783427,1000,6321.704914
-599.987201,1000,6330.260233
-591.317403,1000,6338.855916
-599.999953,1000,6347.247897
-599.999991,1000,6355.906989
-599.317437,1000,6364.323236
-599.496788,1000,6372.620386
-594.33856,1000,6380.985113
-600.0,1000,6389.341856
-592.762028,1000,6398.04259
-599.957002,1000,6406.727262
-600.0,1000,6415.397262
-600.0,1000,6423.913646
-599.999203,1000,6432.696798
-584.166167,1000,6441.201621
-599.918813,1000,6449.853895
-593.8144,1000,6458.592479
-589.148093,1000,6467.16329
-600.0,1000,6475.558391
-600.0,1000,6483.90825
-599.915703,1000,6492.546316
-598.988993,1000,6500.924984
-597.422778,1000,6509.609295
-599.999997,1000,6517.941718
-600.0,1000,6526.27786
-598.873506,1000,6534.875236
-600.0,1000,6543.236993
-600.0,1000,6551.7917
-599.915542,1000,6560.262198
-599.999999,1000,6568.845985
-595.470095,1000,6577.403
-599.633877,1000,6585.997748
432.37719,985,6593.754709
-598.326332,1000,6602.281678
-599.784807,1000,6610.622991
-600.0,1000,6618.956696
-599.94454,1000,6627.285393
-599.936865,1000,6635.68698
-589.763723,1000,6644.142414
-599.902232,1000,6652.538052
-581.919571,1000,6660.898182
-599.655486,1000,6669.452533
-599.999982,1000,6678.00314
-599.875382,1000,6686.722817
-598.229961,1000,6695.250653
-598.549003,1000,6703.935694
-599.984831,1000,6712.56084
-599.997384,1000,6721.197118
-599.999654,1000,6729.812399
-596.478013,1000,6738.457572
-599.999998,1000,6747.001819
-600.0,1000,6755.362479
-599.999998,1000,6763.902862
-600.0,1000,6772.49107
-599.802877,1000,6780.87755
-600.0,1000,6789.55869
-599.37557,1000,6797.944279
-599.142672,1000,6806.441277
-599.591981,1000,6814.753853
-597.977486,1000,6823.132928
-599.502799,1000,6831.763782
461.090188,941,6840.277931
-599.937467,1000,6848.870506
-586.738881,1000,6857.248039
-600.0,1000,6865.663378
-600.0,1000,6874.341045
-593.685993,1000,6882.758691
-580.306534,1000,6891.067751
-579.685452,1000,6899.372676
-599.991305,1000,6907.670503
-600.0,1000,6916.189191
-599.512208,1000,6924.530579
-599.792441,1000,6932.873061
-599.968443,1000,6941.305357
-599.999999,1000,6949.822058
-590.896682,1000,6958.17559
-599.999673,1000,6966.538899
-589.052642,1000,6975.266743
-599.979326,1000,6983.644095
-599.993306,1000,6992.192168
-599.926138,1000,7000.619409
-599.660133,1000,7009.00223
-600.0,1000,7017.306185
-599.650187,1000,7025.70685
-600.0,1000,7034.192836
-599.999951,1000,7042.582368
-600.0,1000,7050.919933
-599.944034,1000,7059.456682
-581.20033,1000,7067.842597
-596.682834,1000,7076.197199
-599.481608,1000,7084.544594
-600.0,1000,7092.99498
-600.0,1000,7101.651016
-570.367146,1000,7110.315409
-599.998978,1000,7118.777675
-596.203398,1000,7127.083015
-599.625,1000,7135.424706
-599.933571,1000,7144.021959
-599.999979,1000,7152.604372
-600.0,1000,7161.201423
-599.946021,1000,7169.654538
845.053927,268,7171.42101
-599.732737,1000,7180.049933
-600.0,1000,7188.434617
-599.839794,1000,7197.016284
-599.731148,1000,7205.682904
-562.874819,1000,7214.09804
-587.426046,1000,7222.372922
-599.692638,1000,7230.706222
-593.610889,1000,7238.99687
-595.01554,1000,7247.268391
-599.999996,1000,7255.615384
-596.861612,1000,7264.173043
-599.169626,1000,7272.719917
-599.720071,1000,7281.22717
-600.0,1000,7289.639168
-599.483529,1000,7298.055995
-600.0,1000,7306.800799
-600.0,1000,7315.19378
-599.992439,1000,7323.686402
-599.823223,1000,7332.514353
-599.969268,1000,7341.18645
-598.00596,1000,7349.518035
-599.850054,1000,7358.159779
-585.134415,1000,7366.501446
-600.0,1000,7374.891059
-599.999552,1000,7383.259852
-599.929779,1000,7391.634403
-599.8148,1000,7399.968754
-599.998754,1000,7408.647336
671.541023,549,7413.622496
-599.98233,1000,7422.153866
-600.0,1000,7430.919746
-593.649177,1000,7439.307923
-599.989639,1000,7447.677077
-599.852848,1000,7456.360696
-599.464145,1000,7464.648502
-599.964796,1000,7473.366992
-600.0,1000,7481.738557
-599.276168,1000,7490.400262
-600.0,1000,7498.750941
-579.431384,1000,7507.434497
-576.143131,1000,7515.943635
-599.99933,1000,7524.595488
-600.0,1000,7533.141344
-599.999275,1000,7541.485755
-585.482705,1000,7549.881957
-600.0,1000,7558.493231
-599.999518,1000,7567.091977
-588.455755,1000,7575.540635
-599.983056,1000,7583.999099
677.210123,539,7588.24004
-570.976188,1000,7596.633886
-596.244152,1000,7604.935154
-592.027179,1000,7613.260503
-599.794516,1000,7621.834701
-590.342261,1000,7630.169661
-584.458061,1000,7638.523427
-598.327833,1000,7646.882704
-598.541715,1000,7655.574265
-597.016614,1000,7664.112375
-579.463209,1000,7672.405385
-599.785458,1000,7680.733886
-591.651401,1000,7689.069871
-591.869565,1000,7697.399117
-598.877968,1000,7705.945426
-575.580038,1000,7714.293637
-600.0,1000,7722.721181
-599.999999,1000,7731.173102
-600.0,1000,7739.536189
-600.0,1000,7748.237613
-599.996312,1000,7756.617745
-600.0,1000,7764.930728
-588.082605,1000,7773.628272
-587.359265,1000,7782.018392
-599.99633,1000,7790.358154
-598.304813,1000,7798.809572
-598.355654,1000,7807.205574
-599.275829,1000,7815.886979
-599.807508,1000,7824.34611
-596.867327,1000,7832.833989
-599.999997,1000,7841.299509
-599.999857,1000,7849.66541
-595.068888,1000,7857.991455
-599.999999,1000,7866.489794
491.29625,854,7873.847052
-596.870642,1000,7881.912325
-600.0,1000,7889.968109
-599.979937,1000,7897.999925
-599.977046,1000,7906.048855
-599.32949,1000,7914.266291
-579.58914,1000,7923.201501
-593.663063,1000,7931.471107
-595.298897,1000,7940.135975
-599.97582,1000,7948.566211
829.119141,294,7951.046075
-591.777799,1000,7959.588427
-599.644769,1000,7967.875549
-600.0,1000,7976.314849
-595.415078,1000,7984.896904
-574.459017,1000,7993.287537
-599.915507,1000,8001.507573
-585.816918,1000,8009.748565
-599.987215,1000,8017.966045
-597.475911,1000,8026.227184
-588.65521,1000,8034.74391
-587.456924,1000,8043.083966
-599.999794,1000,8051.601016
-599.999843,1000,8060.112096
-598.853271,1000,8068.68398
879.721271,205,8070.387237
-596.490922,1000,8078.749923
-599.999957,1000,8087.164171
-599.951984,1000,8095.639632
-599.855573,1000,8103.964366
-599.919173,1000,8112.32115
-599.995928,1000,8120.676477
-600.0,1000,8129.034024
-600.0,1000,8137.569418
-594.373832,1000,8145.990143
-599.684658,1000,8154.601477
-599.993648,1000,8162.939035
-599.999836,1000,8171.533198
-599.267856,1000,8179.985803
-595.036553,1000,8188.308584
-600.0,1000,8196.747765
-597.631071,1000,8205.083102
-599.934591,1000,8213.408524
-596.767962,1000,8221.725114
-599.999999,1000,8230.376976
-599.99975,1000,8238.736757
-594.004757,1000,8247.077188
-600.0,1000,8255.688772
-597.187524,1000,8264.0687
-599.999979,1000,8272.566472
-579.416494,1000,8281.229792
-580.856878,1000,8289.815498
-600.0,1000,8298.34962
-599.999427,1000,8306.713758
-599.921599,1000,8315.041345
-599.99707,1000,8323.632085
-599.898125,1000,8332.347599
-599.99976,1000,8340.767694
-595.874862,1000,8349.430384
-599.993908,1000,8357.747708
-600.0,1000,8366.108699
-599.999925,1000,8374.464349
-599.999998,1000,8382.844665
-599.991487,1000,8391.217063
-599.999973,1000,8399.567236
-595.88241,1000,8408.21532
-599.993211,1000,8416.741632
-599.041126,1000,8425.083534
-599.999845,1000,8433.870403
-599.784431,1000,8442.379236
-599.679351,1000,8450.757455
-596.22855,1000,8459.133871
-600.0,1000,8467.502735
-575.580574,1000,8475.880097
-599.76277,1000,8484.516494
-599.727047,1000,8492.954381
-599.999996,1000,8501.736454
-599.999998,1000,8510.21811
-584.034331,1000,8518.58795
907.300508,158,8519.508118
-599.987004,1000,8527.883624
-599.98011,1000,8536.370173
-599.900291,1000,8545.088697
-598.827159,1000,8553.435264
-599.835895,1000,8561.743672
-593.756679,1000,8570.372433
-599.999939,1000,8578.870492
-599.908558,1000,8587.304295
-572.058094,1000,8595.808581
-600.0,1000,8604.28332
697.190657,516,8609.391085
-599.949124,1000,8617.733822
-599.552169,1000,8626.063472
-599.760866,1000,8634.417432
-588.221286,1000,8642.723779
-595.724749,1000,8651.116229
-577.108416,1000,8659.478691
-599.999997,1000,8668.169813
-599.996592,1000,8676.650843
-592.534059,1000,8684.9933
-594.281435,1000,8693.316158
-592.702839,1000,8701.762513
-599.837285,1000,8710.491516
-599.785619,1000,8718.994213
-599.999883,1000,8727.505363
-596.124995,1000,8735.824314
-598.774332,1000,8744.208453
-600.0,1000,8752.570783
-600.0,1000,8760.884409
-595.956625,1000,8769.672937
-600.0,1000,8778.14748
-586.767501,1000,8786.762942
-599.969093,1000,8795.147321
-596.115119,1000,8803.785439
-599.901578,1000,8812.136545
-600.0,1000,8820.494523
-599.999999,1000,8829.27547
-599.999991,1000,8837.769731
-600.0,1000,8846.216523
-599.879554,1000,8854.559136
-597.459846,1000,8862.920687
-597.078016,1000,8871.678356
-599.999998,1000,8880.051702
-598.365186,1000,8888.72049
-599.936404,1000,8897.277072
-600.0,1000,8905.648105
-593.236934,1000,8914.030742
-599.997086,1000,8922.536671
-599.29824,1000,8930.886538
-600.0,1000,8939.237648
-586.983802,1000,8947.598389
-587.311139,1000,8956.00534
-598.881849,1000,8964.690314
-595.640956,1000,8973.071075
-593.580648,1000,8981.488875
-599.999952,1000,8989.929129
-599.615157,1000,8998.285177
-600.0,1000,9006.640816
-596.679171,1000,9014.975256
-595.925645,1000,9023.338866
671.200082,549,9027.580441
-565.003987,1000,9036.001631
-579.498082,1000,9044.32811
-599.995143,1000,9052.864274
-600.0,1000,9061.532813
-600.0,1000,9069.913941
-600.0,1000,9078.308569
-596.145718,1000,9086.67018
-600.0,1000,9095.01477
-599.99999,1000,9103.389663
-600.0,1000,9111.655134
-586.868762,1000,9119.997604
-599.408838,1000,9128.714144
-599.999997,1000,9137.040481
-599.958857,1000,9145.645338
-599.986295,1000,9154.151154
-599.927839,1000,9162.469558
-598.758546,1000,9170.787105
-596.31076,1000,9179.159741
-599.99847,1000,9187.691016
-600.0,1000,9196.358195
-599.475001,1000,9204.661143
-574.327139,1000,9213.202731
-599.995865,1000,9221.558314
-599.994491,1000,9229.914749
-585.10575,1000,9238.25044
-592.762215,1000,9246.584088
-598.531572,1000,9254.888848
-595.005191,1000,9263.133903
-599.918795,1000,9271.793254
-598.351932,1000,9280.39251
-599.999667,1000,9288.917583
-581.964702,1000,9297.346587
-593.659058,1000,9305.939297
-587.480418,1000,9314.243473
-599.999784,1000,9322.869822
-594.010765,1000,9331.228386
-599.891762,1000,9339.625218
-600.0,1000,9348.364902
-599.83389,1000,9356.737391
-599.999999,1000,9365.123922
-598.567468,1000,9373.725744
424.056091,961,9382.326579
-600.0,1000,9390.959098
-599.051748,1000,9399.309496
-600.0,1000,9407.896021
-599.92531,1000,9416.190016
-599.999985,1000,9424.543182
-598.984294,1000,9433.138005
-599.999981,1000,9441.784624
-599.980162,1000,9450.235312
-600.0,1000,9458.570971
-587.302564,1000,9466.894055
-599.862243,1000,9475.414204
678.40306,537,9479.654842
-596.176462,1000,9487.967075
-599.999953,1000,9496.280367
-595.270563,1000,9504.950298
-599.875837,1000,9513.596342
-599.782823,1000,9521.921976
-598.833401,1000,9530.591125
-588.099209,1000,9539.179148
-599.997079,1000,9547.539385
-597.054515,1000,9556.174678
-600.0,1000,9564.579005
-599.815027,1000,9573.202754
-598.849546,1000,9581.622527
-596.465785,1000,9590.289773
-599.905211,1000,9598.870846
-599.858066,1000,9607.336627
-599.96268,1000,9615.709441
-599.944534,1000,9624.339744
-599.999922,1000,9632.678431
-600.0,1000,9641.341961
-600.0,1000,9649.659907
412.71613,980,9657.958175
-599.971848,1000,9666.438579
-574.843531,1000,9674.736955
-599.916055,1000,9683.041967
-599.992603,1000,9691.443081
-600.0,1000,9699.850389
-599.999965,1000,9708.295669
-598.317486,1000,9716.859878
-600.0,1000,9725.402444
-597.19385,1000,9733.841814
-599.999832,1000,9742.206701
-598.529001,1000,9750.529459
-598.257504,1000,9758.853345
-599.93315,1000,9767.180309
-600.0,1000,9775.524336
-599.584297,1000,9783.894592
-594.687143,1000,9792.258348
-599.952927,1000,9800.613228
-599.999997,1000,9809.373919
-599.999736,1000,9817.806321
-600.0,1000,9826.12442
-599.958876,1000,9834.756773
-579.0657,1000,9843.043171
-599.999856,1000,9851.621299
-599.950048,1000,9860.222655
-597.396137,1000,9868.678025
-599.826174,1000,9876.991053
-600.0,1000,9885.352602
-600.0,1000,9893.685736
-599.864906,1000,9901.956601
-599.999994,1000,9910.63864
-599.999992,1000,9918.94881
-599.706275,1000,9927.286163
-597.232039,1000,9935.62103
-554.687443,1000,9943.964981
-600.0,1000,9952.268445
-598.863423,1000,9960.624825
-598.418559,1000,9968.971859
-589.886786,1000,9977.31614
581.88088,728,9983.212151
-599.999998,1000,9991.589398
-599.996623,1000,9999.980919
-599.295752,1000,10008.317872
-599.996692,1000,10016.706859
-599.117197,1000,10025.343252
-599.997607,1000,10033.686313
-600.0,1000,10042.378867
-567.943356,1000,10050.728228
-599.999815,1000,10059.131269
-599.856242,1000,10067.488809
-599.997255,1000,10075.925934
912.092258,150,10077.643115
-599.167323,1000,10086.089371
-599.463073,1000,10094.440331
-599.994768,1000,10102.7772
-599.925704,1000,10111.096852
-599.743673,1000,10119.401857
-598.414363,1000,10127.731813
-599.99303,1000,10136.077558
-600.0,1000,10144.43246
-599.60195,1000,10152.769743
-599.931173,1000,10161.139915
-583.499169,1000,10169.434713
-599.23236,1000,10177.74706
-599.997581,1000,10186.036655
-582.835254,1000,10194.385896
-599.984488,1000,10202.745238
-577.672682,1000,10211.075174
-599.999999,1000,10219.39819
-599.99986,1000,10227.742676
-599.993233,1000,10236.02621
-600.0,1000,10244.717042
-599.891662,1000,10253.061929
-599.916023,1000,10261.405903
-599.999998,1000,10269.675545
-581.656325,1000,10278.003271
-600.0,1000,10286.274717
-585.263175,1000,10294.692036
-599.9173,1000,10303.187076
-599.959998,1000,10311.496019
-599.18704,1000,10320.168562
-592.892095,1000,10328.683145
-599.835548,1000,10337.010461
-599.999993,1000,10345.284613
-599.916809,1000,10353.612765
-600.0,1000,10361.94148
-600.0,1000,10370.263374
-599.956189,1000,10378.605768
-599.998952,1000,10386.921633
-600.0,1000,10395.296807
-595.509859,1000,10403.764307
-599.999652,1000,10412.072412
-600.0,1000,10420.34773
-587.049615,1000,10428.654656
-599.935364,1000,10437.064283
-600.0,1000,10445.40738
869.38104,227,10447.159275
-599.877251,1000,10455.569315
-600.0,1000,10463.914424
-599.999957,1000,10472.261975
-600.0,1000,10480.552269
-597.880792,1000,10488.840605
-599.679808,1000,10497.173171
676.81622,540,10501.400372
-599.999852,1000,10509.710079
-600.0,1000,10518.076592
-597.629412,1000,10526.336317
-598.103889,1000,10534.645444
-600.0,1000,10542.956228
-599.967169,1000,10551.22685
-594.265551,1000,10559.730474
-599.999999,1000,10568.054287
-599.998854,1000,10576.384148
-598.271232,1000,10584.707049
-579.311016,1000,10593.015202
-599.999551,1000,10601.321436
-585.389003,1000,10609.910004
-587.924352,1000,10618.2256
-600.0,1000,10626.553593
-600.0,1000,10634.857393
-599.937062,1000,10643.391215
-599.581521,1000,10652.024041
-600.0,1000,10660.457513
-599.999999,1000,10668.854237
-599.776476,1000,10677.358668
-586.818017,1000,10685.979085
-599.999954,1000,10694.276174
-599.966353,1000,10702.61253
-598.613793,1000,10710.929577
-599.394384,1000,10719.255375
-600.0,1000,10727.583365
-599.47151,1000,10735.892593
758.675531,405,10739.235286
-592.519563,1000,10747.562135
-600.0,1000,10755.841772
-599.999999,1000,10764.118296
-600.0,1000,10772.687621
-592.622371,1000,10781.067419
-599.973731,1000,10789.412554
-599.918633,1000,10797.731055
-600.0,1000,10806.0379
-598.132203,1000,10814.321857
-599.445147,1000,10822.595939
-599.999991,1000,10830.847821
-599.999555,1000,10839.193945
-600.0,1000,10847.50147
-599.999998,1000,10855.796807
-599.590199,1000,10864.425798
-599.978742,1000,10872.739193
-600.0,1000,10880.995082
-577.64985,1000,10889.335723
-599.538397,1000,10897.687593
-599.894727,1000,10905.96943
-599.999987,1000,10914.554427
-599.538019,1000,10922.868941
-600.0,1000,10931.22789
675.44429,542,10936.168314
-599.999929,1000,10944.533898
-596.348187,1000,10952.815897
-599.778514,1000,10961.125132
-599.278009,1000,10969.400497
-598.34826,1000,10977.825739
-599.999976,1000,10986.095404
-599.886771,1000,10994.39088
822.264814,298,10996.867757
-599.487018,1000,11005.218688
-600.0,1000,11013.575779
-599.990241,1000,11022.201583
-597.733783,1000,11030.525407
-594.65446,1000,11038.829533
736.735544,448,11042.234882
-599.824227,1000,11050.553184
-599.999997,1000,11058.840514
-599.298576,1000,11067.146911
-599.999997,1000,11075.417744
-599.998524,1000,11083.757287
-599.997682,1000,11092.103704
-598.507071,1000,11100.443742
-600.0,1000,11108.780699
-599.096727,1000,11117.100087
-599.596689,1000,11125.420118
-599.930076,1000,11133.713033
-599.993733,1000,11141.949925
-599.925394,1000,11150.29067
-599.910449,1000,11158.593213
-599.995693,1000,11166.901245
-599.99966,1000,11175.23817
-599.844669,1000,11183.551696
-598.182482,1000,11191.907218
-599.999898,1000,11200.22891
-600.0,1000,11208.549269
-592.566494,1000,11216.837047
-599.99995,1000,11225.152175
-600.0,1000,11233.498732
-593.579595,1000,11241.774102
-599.804827,1000,11250.101714
-599.97402,1000,11258.369886
-597.966121,1000,11266.678112
-599.996154,1000,11274.912037
-598.021265,1000,11283.225518
-595.083583,1000,11291.485881
-596.803971,1000,11299.744544
-599.997009,1000,11308.063928
-600.0,1000,11316.299268
-598.73043,1000,11324.60051
-600.0,1000,11332.898702
-599.999996,1000,11341.217635
-600.0,1000,11349.543334
422.825279,963,11357.766811
-599.882309,1000,11366.10459
-592.799856,1000,11374.532455
-599.973848,1000,11382.820269
-600.0,1000,11391.121019
-599.999998,1000,11399.439074
-599.764087,1000,11407.661839
-591.518597,1000,11415.909257
-600.0,1000,11424.193363
-599.948025,1000,11432.403545
-599.991934,1000,11440.663555
-599.999821,1000,11448.931914
-599.966279,1000,11457.357905
-599.693009,1000,11465.616682
-599.997993,1000,11473.906829
-599.938492,1000,11482.245374
-599.859098,1000,11490.556117
-586.209954,1000,11498.766839
-594.466357,1000,11507.072751
-598.662363,1000,11515.377125
-599.441458,1000,11523.672421
-600.0,1000,11531.991913
-599.999995,1000,11540.287352
-599.987734,1000,11548.53327
-599.999998,1000,11556.782875
-600.0,1000,11565.064857
-599.978945,1000,11573.354355
-599.56808,1000,11581.68427
-599.999999,1000,11589.987299
-600.0,1000,11598.265239
-592.737367,1000,11606.57712
-599.999797,1000,11614.851579
-583.346062,1000,11623.048625
-597.933516,1000,11631.340595
-586.673631,1000,11639.565545
-595.403897,1000,11647.818834
-599.999857,1000,11656.102858
-599.999999,1000,11664.352026
-585.210256,1000,11672.662599
821.118176,302,11675.137542
-592.728927,1000,11683.396762
-599.991052,1000,11691.655981
-599.999999,1000,11699.889117
407.032657,998,11708.129593
-599.532466,1000,11716.358995
-597.130609,1000,11724.66417
-599.635438,1000,11732.983034
-581.819795,1000,11741.275804
418.003787,971,11749.512402
-600.0,1000,11757.794728
-599.999988,1000,11766.083293
-599.641442,1000,11774.302914
-592.377717,1000,11782.547124
-600.0,1000,11790.831454
-599.838137,1000,11799.068657
-589.681757,1000,11807.312142
-599.997005,1000,11815.583368
-599.999995,1000,11823.90048
-599.760377,1000,11832.18857
-574.935071,1000,11840.438517
-599.997395,1000,11848.650241
-600.0,1000,11856.905634
-599.606149,1000,11865.209502
-586.297364,1000,11873.46405
-599.999999,1000,11881.72988
-599.387532,1000,11890.000786
-600.0,1000,11898.219574
-600.0,1000,11906.475141
-600.0,1000,11914.774429
-599.992048,1000,11923.023939
-598.105401,1000,11931.346475
-600.0,1000,11939.640445
-598.525856,1000,11947.898802
-599.994426,1000,11956.213574
-600.0,1000,11964.495148
-588.397154,1000,11972.745879
-599.700141,1000,11980.99889
-600.0,1000,11989.341972
-599.999997,1000,11997.621615
-599.948259,1000,12005.909616
-599.696503,1000,12014.161936
-599.64175,1000,12022.49333
-599.999033,1000,12030.792378
-581.820196,1000,12039.107395
-599.629547,1000,12047.391758
-599.999807,1000,12055.71063
-586.278406,1000,12063.98757
-599.999747,1000,12072.312731
-599.999774,1000,12080.630598
-599.999935,1000,12088.901105
-600.0,1000,12097.200014
-599.413389,1000,12105.493721
-599.072337,1000,12113.832442
-599.931998,1000,12122.214697
-599.949263,1000,12130.515516
-599.918038,1000,12138.825006
-599.682613,1000,12147.059238
-599.96922,1000,12155.33714
-599.999989,1000,12163.656774
-600.0,1000,12171.98208
-599.84019,1000,12180.258142
-599.962624,1000,12188.580753
-587.060022,1000,12196.857104
-590.941956,1000,12205.088188
-579.568965,1000,12213.360196
-599.961119,1000,12221.645825
-599.999999,1000,12229.932281
-590.85774,1000,12238.164506
-600.0,1000,12246.487664
-599.952122,1000,12254.791751
-599.67373,1000,12263.106275
-600.0,1000,12271.454557
-600.0,1000,12279.730524
-599.949128,1000,12288.056989
-598.590551,1000,12296.376015
-599.762721,1000,12304.668021
-600.0,1000,12312.938147
-599.999982,1000,12321.209556
-598.997839,1000,12329.537714
-599.999998,1000,12337.857459
-599.457099,1000,12346.128516
-600.0,1000,12354.435455
-598.515762,1000,12362.691092
-589.420936,1000,12370.99906
-588.018275,1000,12379.227407
-599.999113,1000,12387.466863
-595.606592,1000,12395.677165
-599.699479,1000,12404.174935
-571.166275,1000,12412.436293
-599.980808,1000,12420.679779
-599.998409,1000,12428.941358
-592.682303,1000,12437.407802
-597.018555,1000,12445.640217
-599.999999,1000,12453.812317
-581.292267,1000,12462.073884
-600.0,1000,12470.321233
-599.996141,1000,12478.606973
-599.942653,1000,12486.859738
-599.999963,1000,12495.085659
-599.995919,1000,12503.363798
-599.808509,1000,12511.651891
-600.0,1000,12519.918753
-599.9986,1000,12528.126467
-600.0,1000,12536.338919
-599.994034,1000,12544.632584
-598.810204,1000,12552.867929
-593.30833,1000,12561.046173
-573.048391,1000,12569.315794
-599.95449,1000,12577.627851
-597.513618,1000,12585.90852
-591.687876,1000,12594.151754
-600.0,1000,12602.390737
-599.999177,1000,12610.768762
-600.0,1000,12618.97738
-600.0,1000,12627.303851
-599.841668,1000,12635.655534
-580.548486,1000,12643.937411
-571.506975,1000,12652.20874
-599.994056,1000,12660.479597
-600.0,1000,12668.902069
-592.526333,1000,12677.090677
-587.006868,1000,12685.380832
-582.163041,1000,12693.692326
-599.842723,1000,12702.010524
-599.99986,1000,12710.225437
-581.905911,1000,12718.42121
-599.987813,1000,12726.61246
-600.0,1000,12734.825213
-596.32748,1000,12743.031266
-592.150623,1000,12751.283962
-599.934739,1000,12759.454784
-599.995589,1000,12767.661767
-598.145608,1000,12775.879496
-599.999673,1000,12784.104873
-599.872527,1000,12792.268679
-599.998548,1000,12800.506618
-594.173449,1000,12808.700677
-599.866037,1000,12816.967067
-599.999998,1000,12825.248235
-599.769403,1000,12833.443104
-591.828673,1000,12841.700385
-599.917661,1000,12849.909003
-599.999995,1000,12858.129092
-599.991265,1000,12866.339587
-598.420254,1000,12874.537136
672.413321,547,12878.684696
-599.821166,1000,12886.925145
-599.761435,1000,12895.169869
430.360411,956,12903.309343
-600.0,1000,12911.559713
-599.974324,1000,12919.759908
-587.462823,1000,12927.995336
-600.0,1000,12936.221524
635.07688,621,12941.176666
-600.0,1000,12949.456779
-600.0,1000,12957.609581
-599.99971,1000,12965.852604
-599.976565,1000,12974.065223
-584.603617,1000,12982.253691
-599.939873,1000,12990.542115
-599.52939,1000,12998.749576
-599.903379,1000,13007.007893
-596.544218,1000,13015.279464
-599.999672,1000,13023.542025
-599.999997,1000,13031.76573
-580.611231,1000,13039.941787
-599.996036,1000,13048.211099
-578.754285,1000,13056.432608
-598.200437,1000,13064.596091
-599.122833,1000,13072.763136
-599.779466,1000,13080.965074
-599.999999,1000,13089.136169
-599.387752,1000,13097.309833
-599.819792,1000,13105.510907
-599.900272,1000,13113.718164
-598.720574,1000,13121.858954
-600.0,1000,13130.063903
-577.267059,1000,13138.246906
-599.982056,1000,13146.40575
-580.197829,1000,13154.490371
-573.396285,1000,13162.714854
-599.999243,1000,13170.883219
-598.591928,1000,13179.085906
-586.321289,1000,13187.236914
-597.501627,1000,13195.402015
-599.823929,1000,13203.589411
-598.735311,1000,13211.708483
-579.600965,1000,13219.895939
-599.998763,1000,13228.064935
-594.318711,1000,13236.227491
-600.0,1000,13244.411412
-599.99999,1000,13252.583827
-599.654335,1000,13260.741047
-591.894112,1000,13268.862713
-599.999998,1000,13277.132141
-600.0,1000,13285.2871
-599.999984,1000,13293.528884
-599.997249,1000,13301.728169
-599.999998,1000,13309.943962
-599.999979,1000,13318.141961
-600.0,1000,13326.371061
-599.990918,1000,13334.578401
-599.995088,1000,13342.776719
-592.421506,1000,13351.053545
-599.989106,1000,13359.299392
-597.603467,1000,13367.501975
-599.923632,1000,13375.6926
-600.0,1000,13383.878156
-599.897837,1000,13392.07285
-599.999427,1000,13400.259148
-599.998049,1000,13408.448151
-600.0,1000,13416.640129
-599.991238,1000,13424.856033
-585.331199,1000,13433.067192
-599.831902,1000,13441.221548
-599.746053,1000,13449.406822
-599.986643,1000,13457.602764
-599.905203,1000,13465.859244
-600.0,1000,13474.059988
-599.277937,1000,13482.227703
-599.903752,1000,13490.421185
-599.999528,1000,13498.697625
-599.999942,1000,13506.907862
-570.575568,1000,13515.187887
-599.902655,1000,13523.372644
-599.999059,1000,13531.585886
-600.0,1000,13539.841535
-599.962507,1000,13548.069113
-597.57808,1000,13556.299285
-599.478054,1000,13564.541933
-597.829162,1000,13572.796816
-599.999921,1000,13581.092031
-596.73909,1000,13589.357203
-595.355638,1000,13597.552476
-600.0,1000,13605.770835
-598.665201,1000,13614.029884
-599.946375,1000,13622.272781
-599.880196,1000,13630.551111
474.929107,884,13637.904506
-599.945033,1000,13646.210538
-599.999518,1000,13654.459943
-599.900577,1000,13662.661543
-589.277245,1000,13670.815232
-597.305211,1000,13678.981336
-581.127267,1000,13687.194553
-598.983831,1000,13695.421321
-599.95589,1000,13703.575407
-593.64986,1000,13711.726023
-600.0,1000,13719.952802
-600.0,1000,13728.160228
-598.951426,1000,13736.286154
-598.855594,1000,13744.419983
-599.999656,1000,13752.595718
516.634995,826,13759.191676
820.14327,303,13761.658942
-597.886806,1000,13769.851506
-599.800202,1000,13778.036784
-600.0,1000,13786.216969
-600.0,1000,13794.419039
-599.662713,1000,13802.555534
-599.93521,1000,13810.812725
-599.128364,1000,13818.959081
-598.993505,1000,13827.22195
-600.0,1000,13835.397324
-599.619111,1000,13843.571864
-599.999959,1000,13851.74146
-598.313495,1000,13859.894248
-597.755976,1000,13868.079125
-592.103743,1000,13876.312197
-599.999951,1000,13884.481287
-599.881276,1000,13892.665822
424.059121,961,13900.734455
-593.752803,1000,13908.932252
-588.011458,1000,13917.063547
-599.990983,1000,13925.222234
-599.998624,1000,13933.427828
-590.723239,1000,13941.593142
-599.999826,1000,13949.771043
-591.554156,1000,13957.906978
-597.86203,1000,13966.041871
-596.015902,1000,13974.224262
-591.589816,1000,13982.411644
-599.907119,1000,13990.538383
-599.999933,1000,13998.714489
-599.655352,1000,14006.841201
-599.999994,1000,14014.984288
-570.571617,1000,14023.141435
-596.632508,1000,14031.397115
-597.356818,1000,14039.524721
-592.747745,1000,14047.66868
-599.998554,1000,14055.830687
-598.968174,1000,14063.967063
-599.99455,1000,14072.118175
-599.99668,1000,14080.297173
-599.990936,1000,14088.463239
-586.171018,1000,14096.554395
-599.998815,1000,14104.716596
-599.849977,1000,14112.880652
-595.836251,1000,14121.053439
-599.776537,1000,14129.192618
-597.402494,1000,14137.381993
-596.355393,1000,14145.573061
-599.992513,1000,14153.761126
-599.999873,1000,14161.934169
-599.993312,1000,14170.100533
-600.0,1000,14178.327308
-598.743865,1000,14186.511218
-600.0,1000,14194.704525
-599.533851,1000,14202.929263
-568.240296,1000,14211.090834
-584.903981,1000,14219.216531
-599.999978,1000,14227.371725
-599.999983,1000,14235.512489
780.801982,372,14238.087504
-596.42817,1000,14246.233347
-599.754249,1000,14254.409909
-599.998074,1000,14262.556529
-599.918814,1000,14270.714067
-599.91559,1000,14278.870761
-599.99123,1000,14287.033063
-600.0,1000,14295.202331
-600.0,1000,14303.360088
-599.710258,1000,14311.529755
434.515124,982,14319.618549
-600.0,1000,14327.785155
-599.999863,1000,14335.958073
-599.901638,1000,14344.131797
-598.341153,1000,14352.28967
-600.0,1000,14360.484527
-599.999866,1000,14368.652996
-599.791021,1000,14376.844055
-600.0,1000,14385.020981
-600.0,1000,14393.281466
-599.92241,1000,14401.478695
-600.0,1000,14409.661482
-599.999999,1000,14417.864566
-585.576025,1000,14426.029602
-597.374538,1000,14434.170555
-599.978854,1000,14442.348301
-599.296303,1000,14450.540951
-576.474182,1000,14458.674607
-599.966844,1000,14466.887263
-600.0,1000,14475.058437
-600.0,1000,14483.249821
-599.998538,1000,14491.454453
-583.502428,1000,14499.652896
-597.553164,1000,14507.817898
-577.264544,1000,14515.918008
-590.616679,1000,14524.098643
-596.12717,1000,14532.205343
-584.115955,1000,14540.338227
-599.947517,1000,14548.493925
-599.274018,1000,14556.639649
-581.087205,1000,14564.71189
-587.856679,1000,14572.825267
-599.998925,1000,14580.971786
-599.999986,1000,14589.068131
-599.945104,1000,14597.220284
-596.42365,1000,14605.346755
-600.0,1000,14613.478152
-599.999389,1000,14621.575948
-600.0,1000,14629.676648
-599.998956,1000,14637.791562
-600.0,1000,14645.889276
-594.685845,1000,14653.963352
-581.804047,1000,14662.002857
-599.999997,1000,14670.126393
-580.547247,1000,14678.230939
-599.996899,1000,14686.343466
-599.999993,1000,14694.470237
-597.968672,1000,14702.571778
-585.897545,1000,14710.683553
-599.877214,1000,14718.801702
-599.900922,1000,14726.932373
-599.989507,1000,14735.064794
-584.12008,1000,14743.178397
-599.999986,1000,14751.354963
-597.899545,1000,14759.471338
-591.975101,1000,14767.586102
-599.857026,1000,14775.71285
-599.855837,1000,14783.817922
-599.885314,1000,14791.959088
-596.16995,1000,14800.027604
-595.024392,1000,14808.089538
-600.0,1000,14816.211258
-599.672931,1000,14824.291329
-599.997539,1000,14832.408573
-600.0,1000,14840.502008
-575.542107,1000,14848.60316
-599.982127,1000,14856.693527
-598.535346,1000,14864.755617
-600.0,1000,14872.794701
-599.999993,1000,14880.727772
-572.384222,1000,14888.60814
-593.514165,1000,14895.805362
-599.758695,1000,14902.900766
-599.002555,1000,14909.991199
-599.999661,1000,14917.084466
-590.182824,1000,14924.139666
-599.755945,1000,14931.251635
-596.852936,1000,14938.359151
-571.185826,1000,14945.462813
-578.300478,1000,14952.565632
-599.965715,1000,14959.650182
-600.0,1000,14966.736039
-600.0,1000,14973.833317
-599.847106,1000,14980.937714
-599.999999,1000,14988.039839
-599.977714,1000,14995.144964
-599.999954,1000,15002.243088
-599.936409,1000,15009.33048
-598.717753,1000,15016.419433
-599.999949,1000,15023.507123
807.128042,331,15025.722053
-598.918942,1000,15032.820915
-599.999772,1000,15039.915554
-581.206338,1000,15047.005566
-598.722449,1000,15054.108673
-588.65465,1000,15061.202672
-599.999029,1000,15068.275346
-592.685588,1000,15075.3644
-570.812787,1000,15082.453503
-599.998067,1000,15089.552536
-599.831481,1000,15096.682762
-600.0,1000,15103.825978
-599.918852,1000,15110.979356
-600.0,1000,15118.1511
-599.999523,1000,15125.350165
-599.964433,1000,15132.552475
-600.0,1000,15139.737272
-600.0,1000,15146.934782
-600.0,1000,15154.145462
-599.905367,1000,15161.397377
-600.0,1000,15168.640579
-599.002058,1000,15175.881658
-600.0,1000,15183.11423
-597.52868,1000,15190.326455
-598.582296,1000,15197.513174
-599.567741,1000,15204.715798
-562.912021,1000,15211.84285
-599.999998,1000,15218.915861
-599.818934,1000,15225.951895
-599.80606,1000,15232.955667
-599.29266,1000,15239.959679
-599.979347,1000,15246.981774
-599.52139,1000,15254.04277
-594.797166,1000,15261.084085
-599.923472,1000,15268.159375
-599.999387,1000,15275.244472
-599.929754,1000,15282.315273
-569.098821,1000,15289.425459
-599.783006,1000,15296.516999
-599.998997,1000,15303.614683
-599.999964,1000,15310.731698
-599.9575,1000,15317.828835
-599.504051,1000,15324.93179
-594.203034,1000,15332.029848
-572.815091,1000,15339.141442
-558.312988,1000,15346.179012
-598.387779,1000,15353.222856
-600.0,1000,15360.319178
-599.999813,1000,15367.388633
-565.317682,1000,15374.498071
-594.923245,1000,15381.586883
-600.0,1000,15388.67814
-600.0,1000,15395.778083
-595.051215,1000,15402.886714
-598.320528,1000,15409.987547
-595.113578,1000,15417.069957
-599.999899,1000,15424.14582
-599.967489,1000,15431.239294
-600.0,1000,15438.330284
-599.999998,1000,15445.427048
-577.940161,1000,15452.55466
-599.981302,1000,15459.686374
-596.723403,1000,15466.815866
-588.444329,1000,15473.953593
-583.511726,1000,15481.084265
-588.193005,1000,15488.204236
-593.902073,1000,15495.343428
-588.052332,1000,15502.516258
782.000164,377,15505.353643
-599.988026,1000,15512.583346
-594.922781,1000,15519.809441
-596.999586,1000,15527.035285
-599.87768,1000,15534.294363
-600.0,1000,15541.555138
-600.0,1000,15548.849145
-598.622846,1000,15556.142084
-573.81648,1000,15563.453749
-599.997896,1000,15570.782017
-599.999998,1000,15578.138485
-572.056147,1000,15585.504421
-599.941234,1000,15592.87303
-599.999843,1000,15600.221154
-596.121162,1000,15607.56019
-599.999956,1000,15614.677315
-569.024005,1000,15621.76399
-595.225956,1000,15628.838388
-599.7245,1000,15635.94
-579.087497,1000,15643.039847
-579.962399,1000,15650.151134
-599.915022,1000,15657.252059
-599.995562,1000,15664.380991
-594.083837,1000,15671.48579
-584.033247,1000,15678.543436
-599.711648,1000,15685.594008
-600.0,1000,15692.63588
-588.495837,1000,15699.72582
-599.99947,1000,15706.912555
-598.536608,1000,15714.085567
-565.308615,1000,15721.257302
-576.135938,1000,15728.406382
-599.995117,1000,15735.568413
-581.4918,1000,15742.728518
-573.780576,1000,15749.867713
-600.0,1000,15757.027534
-596.430722,1000,15764.156775
-599.998254,1000,15771.333185
-599.878908,1000,15778.505824
-600.0,1000,15785.685142
-592.606826,1000,15792.826479
-576.065231,1000,15799.951343
-575.989849,1000,15807.159698
-597.530823,1000,15814.37501
-600.0,1000,15821.565892
-583.817437,1000,15828.775502
-600.0,1000,15835.978098
-599.917472,1000,15843.173811
-599.184456,1000,15850.348054
-599.923114,1000,15857.545228
-599.832618,1000,15864.755685
-600.0,1000,15871.978573
-600.0,1000,15879.176116
-600.0,1000,15886.386708
-566.764812,1000,15893.607931
-600.0,1000,15900.830907
-599.64777,1000,15908.076609
-599.999997,1000,15915.296466
-600.0,1000,15922.546149
-575.556483,1000,15929.79075
-599.207704,1000,15937.048904
-599.928645,1000,15944.300623
-599.999548,1000,15951.557232
-599.474369,1000,15958.830022
-598.53604,1000,15966.072769
-580.365723,1000,15973.328531
-599.694805,1000,15980.595529
-600.0,1000,15987.854733
-599.999951,1000,15995.124398
-599.898708,1000,16002.379205
-600.0,1000,16009.643845
-599.98433,1000,16016.909219
-599.999711,1000,16024.20488
-590.133146,1000,16031.489205
-594.754225,1000,16038.786237
-600.0,1000,16046.077836
-597.95676,1000,16053.358928
-599.650918,1000,16060.631925
-600.0,1000,16067.89272
-599.977456,1000,16075.170779
-599.87357,1000,16082.452063
-600.0,1000,16089.725755
-600.0,1000,16096.986829
-599.985445,1000,16104.229714
-593.692426,1000,16111.345312
-600.0,1000,16118.496516
-600.0,1000,16125.695749
-569.303451,1000,16132.864038
-599.999626,1000,16140.028492
-599.994406,1000,16147.213295
-600.0,1000,16154.384756
-585.816962,1000,16161.534233
-559.579173,1000,16168.678104
-599.824251,1000,16175.850698
-600.0,1000,16183.021367
-577.897739,1000,16190.184155
-599.999994,1000,16197.340122
-585.197207,1000,16204.512578
-599.999997,1000,16211.697491
-599.848158,1000,16218.857777
-600.0,1000,16226.027703
-599.957385,1000,16233.186293
-599.999999,1000,16240.335544
-595.447645,1000,16247.482243
-599.957402,1000,16254.649734
-599.998922,1000,16261.808756
-600.0,1000,16268.962668
-599.975456,1000,16276.09628
-599.999968,1000,16283.231747
-599.981248,1000,16290.386207
-599.427931,1000,16297.521265
-599.052511,1000,16304.604251
-598.303424,1000,16311.706251
-595.768168,1000,16318.815197
-588.406793,1000,16325.886859
-582.584439,1000,16332.97387
-579.234888,1000,16340.086
-579.659658,1000,16347.183268
784.239316,370,16349.981433
926.127987,126,16350.848219
-582.302975,1000,16357.98223
654.151009,584,16362.232283
735.557306,453,16365.749136
862.408989,236,16367.254603
659.237936,582,16371.518018
524.107324,822,16377.246908
697.55406,509,16380.830129
499.332025,850,16387.164742
587.332395,693,16391.587524
497.691288,867,16397.957644
-588.543699,1000,16405.060771
-593.996311,1000,16412.21295
-599.707311,1000,16419.373868
-599.806205,1000,16426.539132
-557.419411,1000,16433.700368
-599.855947,1000,16440.863215
-599.395428,1000,16448.034173
779.292585,377,16450.858865
912.057081,150,16451.670036
912.528488,149,16453.039356
911.190356,151,16453.855137
917.083534,142,16455.217593
-596.882552,1000,16462.334505
-599.993844,1000,16469.538479
-599.98135,1000,16476.700988
-599.744985,1000,16483.884509
848.319045,258,16485.39462
743.483267,430,16488.865795
-598.363185,1000,16495.979795
840.883876,269,16497.517682
771.828855,386,16500.365389
676.077826,546,16504.606061
764.015894,397,16507.477045
-597.534993,1000,16514.599591
900.788358,168,16515.416117
772.387557,383,16518.257212
-598.80051,1000,16525.383782
-599.999982,1000,16532.546374
816.325879,309,16534.697857
774.943131,378,16537.532345
914.288186,145,16538.872178
-585.661607,1000,16545.982825
848.781844,257,16547.508581
891.31168,191,16548.941271
782.723131,377,16551.747694
807.17003,331,16553.943184
825.773047,303,16556.124331
875.581421,214,16557.593718
893.95389,186,16559.019221
650.139608,615,16563.328365
-574.267669,1000,16570.40755
880.144649,206,16571.83222
675.253971,559,16576.030105
946.873776,92,16576.752497
725.163352,469,16580.273464
-594.216829,1000,16587.369267
-586.886132,1000,16594.44664
726.496266,472,16597.389776
757.681626,411,16600.252493
887.767047,191,16601.668508
732.667959,458,16605.145498
-599.500195,1000,16612.274845
-586.813675,1000,16619.404104
-587.297605,1000,16626.528517
-590.880873,1000,16633.646755
-593.290233,1000,16640.756729
-598.646915,1000,16647.885374
778.229243,377,16650.69046
-595.815829,1000,16657.788765
-599.601119,1000,16664.9046
-599.937751,1000,16672.01822
801.601384,335,16674.195082
718.69623,484,16677.733208
719.031332,481,16681.253228
603.462465,678,16685.642673
801.715098,339,16688.410115
760.751058,406,16691.267615
602.530548,675,16696.181922
723.47829,474,16699.164375
791.949069,365,16701.962402
767.458768,394,16704.80248
760.423566,408,16707.667603
780.105122,374,16710.481467
-578.43609,1000,16717.618677
-599.949132,1000,16724.737889
-600.0,1000,16731.853389
-600.0,1000,16738.96301
-599.989838,1000,16746.074749
-599.999995,1000,16753.183061
473.360588,908,16759.541338
810.462848,325,16761.720439
726.296886,479,16765.23446
676.412629,562,16768.903316
760.026256,404,16772.310045
-585.298226,1000,16779.379504
716.444433,494,16782.340693
739.566378,450,16785.795925
605.142576,665,16790.710113
737.722807,443,16793.610569
-595.621225,1000,16800.679525
-593.350161,1000,16807.732402
-599.9958,1000,16814.798836
-587.307131,1000,16821.863263
-592.118524,1000,16828.922285
690.325781,541,16832.509537
724.50427,467,16836.017549
749.979724,427,16838.909145
786.166875,364,16841.703751
792.714833,351,16844.471564
780.579579,380,16846.736091
790.024212,358,16849.517168
750.998579,425,16852.402422
479.635472,892,16858.769585
574.722469,724,16863.741376
734.622188,451,16867.21012
781.058778,366,16869.448365
746.966432,427,16872.87893
773.216294,380,16875.669043
712.490467,483,16878.646721
766.983589,392,16881.477944
790.031734,351,16884.244191
795.250622,344,16886.464986
779.38823,369,16889.261966
753.152953,418,16892.133436
791.066242,359,16894.909709
792.995233,353,16897.137293
746.920806,426,16900.580523
783.771898,364,16902.818604
779.042773,371,16905.633471
781.730767,365,16908.435884
778.109903,371,16910.711915
782.459071,366,16913.508071
704.561337,496,16917.070441
770.14824,387,16919.905696
655.745901,578,16923.566771
719.002315,472,16927.078158
713.096369,484,16930.600456
-599.132853,1000,16937.646672
-598.894312,1000,16944.698799
672.432313,557,16948.865313
684.886737,536,16952.44969
776.674745,375,16955.247343
-598.273703,1000,16962.313919
759.262129,404,16965.149693
787.807419,355,16967.385244
775.897058,376,16970.188412
778.732725,375,16972.993292
774.166293,378,16975.806837
750.312146,418,16978.67892
631.915089,615,16982.968185
666.705,557,16987.160921
888.85421,187,16988.022337
607.294013,656,16992.895954
612.71725,647,16997.207033
587.970286,688,17002.112593
596.226593,674,17007.015872
614.967187,643,17011.312816
586.601179,690,17016.232525
619.715609,636,17021.071039
-595.520121,1000,17028.070662
448.254542,932,17034.42042
459.084203,913,17040.775376
636.08478,610,17045.025651
582.496285,697,17049.927749
579.593236,702,17054.872463
587.805883,688,17059.765634
588.401397,687,17064.6671
-598.080162,1000,17071.674849
-599.563978,1000,17078.6805
-598.524922,1000,17085.674993
-597.744657,1000,17092.668615
-599.766691,1000,17099.695231
-599.237467,1000,17106.712673
-597.010034,1000,17113.736549
-599.171538,1000,17120.748075
-599.484064,1000,17127.759464
-596.137044,1000,17134.815386
784.766217,362,17137.579155
-595.976896,1000,17144.612505
-598.984898,1000,17151.627187
768.169055,392,17154.431515
-599.582374,1000,17161.466254
-599.999986,1000,17168.509742
-599.960042,1000,17175.545938
-597.933834,1000,17182.557244
-598.437393,1000,17189.58592
-598.535619,1000,17196.629138
-597.844268,1000,17203.6623
-598.838556,1000,17210.670998
-578.258916,1000,17217.700727
620.668579,645,17221.987087
932.307487,114,17222.737069
708.336405,496,17226.239416
655.916415,590,17230.448989
872.030581,221,17231.915434
871.294014,219,17233.372003
736.396049,447,17236.823022
868.242739,226,17238.284807
885.410868,198,17239.709266
799.614799,340,17242.449196
869.759481,222,17243.900964
806.6216,330,17246.072891
793.200812,354,17248.829444
808.68924,326,17250.991151
884.330932,199,17252.410973
843.881322,265,17253.932491
-584.359628,1000,17260.962748
824.591009,299,17263.064019
823.723542,303,17265.196548
877.843975,211,17267.184273
909.052491,156,17267.994725
844.623286,271,17270.071237
836.844502,278,17272.168921
-586.984866,1000,17279.194899
862.935888,235,17280.655316
885.876641,196,17282.063099
-597.079929,1000,17289.07469
832.019263,288,17291.153028
892.836908,183,17292.55459
941.902432,100,17293.281037
881.044202,203,17294.711386
888.625949,192,17296.131252
869.98137,223,17297.59481
937.276246,109,17298.340764
910.426505,154,17299.148818
855.478489,248,17301.188386
902.53006,166,17302.552572
-591.622184,1000,17309.604945
833.912948,286,17311.157681
918.876623,138,17312.492079
802.157229,340,17314.675067
855.758546,247,17316.718419
918.202212,140,17317.507038
874.38402,214,17318.95863
910.701346,154,17320.315123
930.257344,119,17321.067349
860.725651,236,17322.553635
892.604018,185,17323.952686
753.139458,423,17326.814311
911.924508,152,17328.171953
841.959616,270,17330.248268
852.480771,252,17331.736969
905.700867,162,17333.114648
916.469008,142,17333.909987
890.638032,188,17335.319988
897.957069,174,17336.71074
-579.781711,1000,17343.741544
-599.688065,1000,17350.778832
850.214561,256,17352.274097
902.684124,167,17353.646547
920.598917,136,17354.423018
932.86999,116,17355.719452
897.54773,176,17356.555889
763.227759,407,17359.392406
924.925768,128,17360.710696
861.276016,237,17362.184586
891.939301,185,17363.584937
887.145324,192,17365.004399
869.188853,222,17366.457505
859.689582,239,17367.93978
-599.999521,1000,17374.989445
-599.989975,1000,17382.042215
-599.999733,1000,17389.102948
-599.270795,1000,17396.162202
838.472756,276,17398.232904
808.605666,327,17400.394463
821.51675,304,17403.08164
865.737943,229,17404.555218
821.141972,306,17406.688348
749.369762,428,17409.558169
917.477055,143,17410.910028
839.589399,273,17412.442323
923.60401,131,17413.765203
829.552113,297,17415.876712
843.342172,266,17417.398965
859.850795,239,17419.437932
935.914763,109,17420.159118
836.950786,278,17422.256389
907.493723,157,17423.069192
918.172322,139,17423.854367
892.282946,184,17425.265553
859.645256,238,17427.300279
852.635409,250,17428.80951
895.720209,177,17430.192839
919.443235,137,17430.9805
845.572924,263,17433.059086
845.662598,263,17435.132161
837.543067,276,17436.680693
886.967664,193,17438.092964
894.639461,181,17439.486248
907.964392,158,17440.851728
-597.016454,1000,17447.886301
872.284681,220,17449.320643
903.111727,165,17450.701662
887.15705,192,17451.556045
876.647464,211,17453.542853
-597.379122,1000,17460.576333
896.746692,177,17461.397954
909.584164,154,17462.758125
809.300047,323,17464.92551
916.993933,141,17465.710542
-598.045139,1000,17472.720753
935.88785,110,17473.997652
878.122376,207,17475.456597
861.096175,236,17476.935493
911.486018,151,17478.286664
877.025004,211,17479.718403
884.058441,196,17481.134348
892.084076,183,17481.991427
915.116425,144,17483.339684
921.299358,136,17484.109024
939.533674,104,17484.839534
920.070513,136,17486.164906
866.06324,229,17487.629525
928.796329,121,17488.362285
-596.809041,1000,17495.367594
-594.051374,1000,17502.367902
902.391994,168,17503.724647
920.843594,136,17504.504571
869.957514,220,17505.947442
840.776946,270,17508.033299
890.334192,191,17509.435529
937.313993,107,17510.174742
897.355364,174,17511.564966
480.445421,887,17517.881402
849.128555,257,17519.392111
882.263053,203,17520.820455
919.982484,136,17522.154527
884.726388,197,17523.574697
847.776632,259,17525.089981
-598.882672,1000,17532.105357
-596.439792,1000,17539.07815
-596.77169,1000,17546.051129
907.561027,159,17547.401128
903.324211,165,17548.232581
917.269527,144,17549.570145
-535.480974,1000,17556.542102
904.502082,164,17557.887198
863.749154,233,17559.358224
893.704332,182,17560.756492
-576.017581,1000,17567.731463
905.707236,160,17568.523528
908.568906,158,17569.88083
876.548037,213,17571.321
883.460343,198,17572.733629
901.577385,168,17574.104815
913.140286,148,17574.906435
906.672007,160,17576.250182
460.109743,915,17582.589056
915.887651,143,17583.375587
909.898843,155,17584.729686
908.6047,159,17585.535827
936.77381,109,17586.825405
-597.364477,1000,17593.802075
-597.440798,1000,17600.770648
-590.668572,1000,17607.718246
-588.522332,1000,17614.681421
-596.137812,1000,17621.633685
-599.262954,1000,17628.627285
909.902508,154,17629.433843
-599.675204,1000,17636.535221
-599.911491,1000,17643.549548
905.476368,161,17644.916063
-577.530031,1000,17651.91029
822.489321,315,17654.030385
876.061749,216,17655.479888
-566.258644,1000,17662.476764
-586.947424,1000,17669.413077
913.67809,147,17670.180775
811.554871,332,17672.878341
-578.494306,1000,17679.877245
897.351834,176,17681.253526
858.735604,242,17682.729382
-596.839117,1000,17689.742434
877.692926,212,17691.177836
-580.866529,1000,17698.131285
762.875489,409,17700.935671
-581.579609,1000,17707.891209
900.678569,172,17709.255697
-594.476362,1000,17716.272754
761.598288,405,17719.095806
836.009344,283,17721.186503
-581.127309,1000,17728.162373
-581.548516,1000,17735.105104
-581.725433,1000,17742.047551
899.257852,170,17742.84461
-580.943364,1000,17749.813534
-595.215744,1000,17756.790442
-586.534697,1000,17763.756601
-534.362779,1000,17770.726934
-586.220321,1000,17777.70447
-594.95588,1000,17784.655137
-572.518751,1000,17791.633599
896.488179,184,17793.018901
-593.710794,1000,17800.003207
-578.126002,1000,17806.984713
-596.169465,1000,17813.948078
-596.631493,1000,17820.906158
-581.488712,1000,17827.905753
-583.093004,1000,17834.8535
-566.656329,1000,17841.822425
-573.777063,1000,17848.799661
883.19551,203,17850.191803
895.510105,184,17851.575225
-598.314699,1000,17858.537504
-575.839074,1000,17865.511541
-597.617566,1000,17872.468082
-597.683686,1000,17879.39715
-589.379714,1000,17886.332187
778.341337,388,17889.108299
694.469452,531,17892.663141
-598.641563,1000,17899.676808
-545.149067,1000,17906.642986
-548.976913,1000,17913.61321
-530.635094,1000,17920.585231
-556.547799,1000,17927.542361
764.400745,421,17930.91907
-589.065551,1000,17937.932525
-593.081928,1000,17944.866125
643.91582,623,17949.094176
-582.910036,1000,17956.091333
-580.792062,1000,17963.064078
832.227718,292,17965.134837
-593.422039,1000,17972.094204
-566.216374,1000,17979.036057
-588.474371,1000,17986.025562
-588.922504,1000,17992.985808
582.724597,749,17997.941168
-587.386919,1000,18004.953583
-565.40486,1000,18011.911981
-588.481428,1000,18018.867655
-559.952737,1000,18025.831733
-569.091197,1000,18032.84631
-569.814999,1000,18039.838627
-585.882073,1000,18046.799478
-570.957703,1000,18053.803252
-585.566367,1000,18060.808603
-585.887266,1000,18067.773385
-581.152676,1000,18074.768982
-588.515942,1000,18081.737846
-569.004227,1000,18088.764488
-571.057401,1000,18095.758031
-546.458836,1000,18102.751366
-573.102297,1000,18109.728797
-536.073722,1000,18116.722823
-586.519377,1000,18123.714367
-565.126861,1000,18130.720664
-563.073576,1000,18137.712345
-597.898195,1000,18144.72187
-567.467599,1000,18151.724859
-568.73312,1000,18158.742328
-597.322561,1000,18165.746533
-599.077454,1000,18172.730313
-597.158676,1000,18179.680547
-599.910801,1000,18186.698092
-598.852942,1000,18193.684668
-599.99996,1000,18200.663156
-596.793736,1000,18207.678135
-593.694641,1000,18214.677944
-570.617227,1000,18221.621833
807.768991,334,18224.32127
-598.648328,1000,18231.298543
-592.950976,1000,18238.253253
-596.181452,1000,18245.204334
924.136866,132,18245.961946
950.959127,85,18246.651151
-578.409767,1000,18253.610166
-580.083332,1000,18260.577822
-573.453129,1000,18267.580112
-589.91504,1000,18274.590387
-599.824551,1000,18281.592979
-594.082057,1000,18288.590643
-585.875847,1000,18295.565453
-594.351285,1000,18302.570889
-598.671435,1000,18309.575692
-580.040551,1000,18316.578568
-598.465828,1000,18323.580962
-597.131915,1000,18330.596171
-593.445952,1000,18337.60973
-599.999831,1000,18344.628031
-578.957205,1000,18351.624964
-558.163796,1000,18358.608408
-580.163451,1000,18365.623576
-576.050723,1000,18372.585069
516.400699,834,18378.223631
-581.623678,1000,18385.210408
-580.210538,1000,18392.157598
949.060088,88,18392.836867
922.623181,136,18393.621508
937.011759,110,18394.36025
-579.590155,1000,18401.343418
-538.207531,1000,18408.347311
-574.703727,1000,18415.369476
-595.889161,1000,18422.388634
-599.543041,1000,18429.400311
-595.561813,1000,18436.41098
-534.034197,1000,18443.4353
-578.533089,1000,18450.427153
-599.827746,1000,18457.445554
-588.178834,1000,18464.479954
-588.687854,1000,18471.515318
-558.915039,1000,18478.576451
802.674283,352,18481.313599
-599.801155,1000,18488.35979
-593.608199,1000,18495.394
-599.758314,1000,18502.428068
-599.727172,1000,18509.456566
-596.487974,1000,18516.508219
-599.258431,1000,18523.535644
-578.950232,1000,18530.557336
-565.677147,1000,18537.585627
-566.055298,1000,18544.616619
-599.99803,1000,18551.637681
-574.409652,1000,18558.63179
-599.284451,1000,18565.676704
-569.25292,1000,18572.688694
-561.926557,1000,18579.69016
-599.838002,1000,18586.718539
-587.660569,1000,18593.756727
-596.654146,1000,18600.823674
-599.769891,1000,18607.888708
-599.626868,1000,18614.969077
-599.955117,1000,18622.037798
-590.576446,1000,18629.090972
-512.147812,1000,18636.147235
-599.991583,1000,18643.20459
-599.424481,1000,18650.268055
-599.916578,1000,18657.326753
-599.980879,1000,18664.44708
-599.574383,1000,18671.48651
-596.733558,1000,18678.496263
-598.346227,1000,18685.549771
-599.899131,1000,18692.602879
-597.683955,1000,18699.666971
-599.747213,1000,18706.721463
-599.580312,1000,18713.777226
-599.814661,1000,18720.837826
-599.374006,1000,18727.873889
-599.596462,1000,18734.956433
-577.494561,1000,18742.027066
-580.173692,1000,18749.028791
-598.510435,1000,18756.107781
-585.29972,1000,18763.166544
-583.181817,1000,18770.246666
-598.816374,1000,18777.325802
-581.068213,1000,18784.372622
-595.500079,1000,18791.463288
-592.815446,1000,18798.562229
-596.491249,1000,18805.665884
-592.762826,1000,18812.756678
-596.275151,1000,18819.803171
-581.718772,1000,18826.876696
-580.392313,1000,18833.95822
-583.910771,1000,18841.020643
-597.222188,1000,18848.047297
-575.042408,1000,18855.126902
-578.002589,1000,18862.192402
-579.179931,1000,18869.27542
-599.933323,1000,18876.376554
-584.941468,1000,18883.452736
-567.573729,1000,18890.519631
-587.406421,1000,18897.613223
-588.824042,1000,18904.656059
-580.286762,1000,18911.750894
-580.582227,1000,18918.827067
-584.520259,1000,18925.907813
-589.834943,1000,18932.962849
-586.262254,1000,18940.008793
-584.716533,1000,18947.124151
-585.750569,1000,18954.187305
-593.058563,1000,18961.269751
-584.09622,1000,18968.378996
-587.132369,1000,18975.469012
-596.915138,1000,18982.549812
-599.490204,1000,18989.617584
-580.085608,1000,18996.69715
-599.015465,1000,19003.783486
-591.880012,1000,19010.873429
-568.986583,1000,19017.957904
-599.981197,1000,19025.080795
-594.741647,1000,19032.16775
-572.038486,1000,19039.256382
-599.776366,1000,19046.323388
-584.507907,1000,19053.398802
-587.74488,1000,19060.473855
-599.834394,1000,19067.564792
-597.366006,1000,19074.672975
-599.946033,1000,19081.790818
-579.166283,1000,19088.850108
-590.364638,1000,19095.915305
-588.780844,1000,19103.019277
-579.419592,1000,19110.121995
-578.354158,1000,19117.232814
-567.036695,1000,19124.327116
-599.807636,1000,19131.434425
-566.491338,1000,19138.54171
-587.002056,1000,19145.658731
-598.613469,1000,19152.770154
-596.702089,1000,19159.833147
-560.209164,1000,19166.929217
-581.976797,1000,19174.038245
-599.995739,1000,19181.146391
-599.634192,1000,19188.265664
-558.408864,1000,19195.313573
-597.519697,1000,19202.407188
-599.687337,1000,19209.516974
-539.259205,1000,19216.656369
-574.026088,1000,19223.774612
-599.087935,1000,19230.904606
-560.134602,1000,19238.044435
-571.438258,1000,19245.161372
-564.826006,1000,19252.274524
-570.22909,1000,19259.397419
-584.106802,1000,19266.529027
-590.050188,1000,19273.666035
-583.554737,1000,19280.790228
-565.727326,1000,19287.925251
-586.770667,1000,19295.063456
-599.50885,1000,19302.198596
-549.636457,1000,19309.33142
-570.746541,1000,19316.449367
-562.490291,1000,19323.550343
-584.610089,1000,19330.667775
-553.691289,1000,19337.802474
-587.499341,1000,19344.921843
-597.17155,1000,19352.051183
-599.939827,1000,19359.176315
-599.797088,1000,19366.286952
-587.749521,1000,19373.35872
-599.999251,1000,19380.475612
-599.19274,1000,19387.592227
-564.890155,1000,19394.70169
-597.489822,1000,19401.848734
-598.114485,1000,19408.941916
-595.199975,1000,19416.057836
-584.602222,1000,19423.196171
-595.889348,1000,19430.343838
-599.933231,1000,19437.494724
-599.878266,1000,19444.651541
-593.467352,1000,19451.778223
-592.113261,1000,19458.924958
-578.173839,1000,19466.089683
-558.366862,1000,19473.220757
-592.926632,1000,19480.435627
-599.448856,1000,19487.589072
-558.241247,1000,19494.736241
-599.838877,1000,19501.87415
-598.117915,1000,19509.060491
-586.970827,1000,19516.257265
-597.61851,1000,19523.426047
-567.644839,1000,19530.600609
-573.057991,1000,19537.776659
-599.952306,1000,19544.950521
-599.957181,1000,19552.124359
-587.474983,1000,19559.305087
-566.592717,1000,19566.503466
-599.584872,1000,19573.675102
-599.993986,1000,19580.873442
-600.0,1000,19588.03836
-600.0,1000,19595.222935
-597.331749,1000,19602.422201
-600.0,1000,19609.624359
-599.997221,1000,19616.840088
-599.989435,1000,19624.022248
-599.81389,1000,19631.210966
-599.997686,1000,19638.364175
-567.818672,1000,19645.558516
-599.754407,1000,19652.748288
-599.736941,1000,19659.9164
-555.355134,1000,19667.097806
-598.582525,1000,19674.307709
-597.233613,1000,19681.503976
-596.627336,1000,19688.693226
-576.790112,1000,19695.890201
-558.512085,1000,19703.077532
-599.187688,1000,19710.260782
-555.888156,1000,19717.454025
-564.101991,1000,19724.627579
-541.164665,1000,19731.790215
-562.982771,1000,19738.968249
-548.283871,1000,19746.139313
-566.267971,1000,19753.328017
-595.202262,1000,19760.508121
-531.688334,1000,19767.6789
-590.171839,1000,19774.843781
-599.412432,1000,19782.019483
-597.749728,1000,19789.198667
-599.887392,1000,19796.371385
-599.955352,1000,19803.560452
-597.665802,1000,19810.732753
-599.491866,1000,19817.912515
-597.261042,1000,19825.098481
-598.779532,1000,19832.271376
-539.631423,1000,19839.436427
-599.998427,1000,19846.620323
-599.659779,1000,19853.764379
-598.355007,1000,19860.918933
-591.485311,1000,19868.089552
-596.693003,1000,19875.271121
-548.411987,1000,19882.456693
-599.49996,1000,19889.650349
-599.967958,1000,19896.830092
-599.947447,1000,19904.003768
-548.856635,1000,19911.198058
-582.326864,1000,19918.399261
-599.999835,1000,19925.585735
-599.503021,1000,19932.776377
-584.609269,1000,19939.968295
-599.072989,1000,19947.1659
-599.840569,1000,19954.3589
-599.292172,1000,19961.590057
-598.764918,1000,19968.812603
-557.58618,1000,19976.010099
-564.934284,1000,19983.224939
-580.275453,1000,19990.443956
-569.781267,1000,19997.660533
-571.214649,1000,20004.871304
-548.765761,1000,20012.08876
-582.407679,1000,20019.321753
-522.157196,1000,20026.552385
-599.826565,1000,20033.769337
-590.077067,1000,20040.984246
-567.748492,1000,20048.243752
-598.993449,1000,20055.498575
-580.159422,1000,20062.773238
-569.713697,1000,20070.022851
-599.132938,1000,20077.277515
-589.423357,1000,20084.536626
-598.58719,1000,20091.790173
-592.725312,1000,20099.074698
-592.312137,1000,20106.34741
-562.571461,1000,20113.608573
-599.371436,1000,20120.867545
-579.401632,1000,20128.137611
-581.17883,1000,20135.425322
-566.405305,1000,20142.70747
-599.622762,1000,20149.952426
-563.904802,1000,20157.211637
-580.446051,1000,20164.504651
-599.619436,1000,20171.760836
-599.999759,1000,20179.055148
-589.154058,1000,20186.362775
-599.937658,1000,20193.678038
-575.177801,1000,20200.938343
-599.997338,1000,20208.222525
-597.835568,1000,20215.493567
-599.633489,1000,20222.758217
-599.996227,1000,20230.045971
-594.224903,1000,20237.330153
-575.706418,1000,20244.581668
-599.814908,1000,20251.860863
-576.68602,1000,20259.150633
-565.926369,1000,20266.456246
-572.731243,1000,20273.700166
-599.691393,1000,20280.970056
-587.179673,1000,20288.237361
-599.760919,1000,20295.510973
-596.640856,1000,20302.793401
-599.844083,1000,20310.053618
-599.805482,1000,20317.336189
-595.601851,1000,20324.603851
-598.682959,1000,20331.895155
-599.861683,1000,20339.175833
-577.258976,1000,20346.494989
-568.164885,1000,20353.823056
-574.553773,1000,20361.124143
-571.673874,1000,20368.46947
-596.14079,1000,20375.476803
-584.938522,1000,20382.492955
-599.721308,1000,20389.516716
-599.587495,1000,20396.547655
-596.718624,1000,20403.630958
-599.946278,1000,20410.9055
-597.298972,1000,20418.406703
-594.556265,1000,20425.894148
-589.407759,1000,20433.385712
-594.504051,1000,20440.631567
-599.759752,1000,20447.667492
-599.990965,1000,20454.713308
-598.469644,1000,20461.756813
-598.7429,1000,20468.793325
-599.894743,1000,20475.841556
-591.728093,1000,20482.900859
-577.049041,1000,20489.913846
-599.72956,1000,20496.944295
-593.779055,1000,20503.973337
-599.562037,1000,20511.004577
-598.762142,1000,20518.043002
-597.362945,1000,20525.083621
-585.069225,1000,20532.12123
-575.044834,1000,20539.191004
-598.218516,1000,20546.243379
-569.524048,1000,20553.290471
-545.765675,1000,20560.322648
-594.290755,1000,20567.354065
-542.386013,1000,20574.403573
-595.44627,1000,20581.44774
-586.015394,1000,20588.486303
-599.602672,1000,20595.517833
-599.14756,1000,20602.542771
-591.843545,1000,20609.565106
-578.608873,1000,20616.612575
-590.108503,1000,20623.644143
-581.522509,1000,20630.669761
-578.426967,1000,20637.694393
-596.136944,1000,20644.760283
-515.097228,1000,20651.985047
-566.661979,1000,20659.355975
-598.583922,1000,20666.909999
-542.675275,1000,20674.438713
-587.47912,1000,20681.990512
-599.020813,1000,20689.519343
-576.310538,1000,20696.837034
-554.448597,1000,20704.148402
-590.942457,1000,20711.260351
-598.653135,1000,20718.308469
-518.430011,1000,20725.418477
-597.676625,1000,20732.530836
-537.436846,1000,20739.895872
-547.345729,1000,20747.231024
-594.7368,1000,20754.519543
-553.791132,1000,20761.861483
-588.543937,1000,20769.196862
-567.896712,1000,20776.406054
-562.741881,1000,20783.688478
-591.07848,1000,20790.747704
-593.723325,1000,20797.963847
-569.548435,1000,20805.109982
-576.80809,1000,20812.209275
-579.445071,1000,20819.303998
-565.645156,1000,20826.341383
-548.732986,1000,20833.402603
-571.297685,1000,20840.470808
-572.198807,1000,20847.551523
-576.994921,1000,20854.63099
-599.524402,1000,20861.715108
-599.907213,1000,20868.774628
-596.157849,1000,20875.831203
-599.555058,1000,20882.900248
-599.599967,1000,20889.96463
-598.654884,1000,20897.008836
-599.820758,1000,20904.072942
-599.860173,1000,20911.125001
-599.997224,1000,20918.182131
-599.772984,1000,20925.271785
-598.238738,1000,20932.326002
-590.511358,1000,20939.406457
-569.608827,1000,20946.45249
-583.478881,1000,20953.49985
-569.551294,1000,20960.552143
-570.496244,1000,20967.619942
-576.755091,1000,20974.685811
-599.96307,1000,20981.77762
-580.333212,1000,20988.842066
-575.402357,1000,20996.198786
-572.559054,1000,21003.782063
-581.134646,1000,21011.159469
-599.309446,1000,21018.620725
-594.061467,1000,21026.170597
-599.891886,1000,21033.613721
-579.693862,1000,21041.048771
-599.479357,1000,21048.52915
-593.078141,1000,21056.204999
-588.756793,1000,21063.662059
-598.647591,1000,21071.101854
-590.337727,1000,21078.545824
-583.635112,1000,21085.984966
-599.643869,1000,21093.443134
-599.863057,1000,21100.889823
-599.782401,1000,21108.344289
-584.440265,1000,21115.780544
-593.236126,1000,21123.215199
-598.617318,1000,21130.649588
-591.821147,1000,21138.103987
-595.617132,1000,21145.532726
-598.116517,1000,21152.958858
-598.965324,1000,21160.401691
-563.875664,1000,21167.822009
-596.321228,1000,21175.252345
-570.825633,1000,21182.672899
-598.022407,1000,21190.123358
-538.562479,1000,21197.564906
-594.079977,1000,21205.003216
-589.644719,1000,21212.443553
-596.490157,1000,21219.926592
-589.049352,1000,21227.388526
-591.568521,1000,21235.083461
-593.915186,1000,21242.545877
-589.235404,1000,21249.989511
-599.999991,1000,21257.454684
-592.38533,1000,21264.909699
-592.307665,1000,21272.360878
-599.868166,1000,21279.84619
-599.825079,1000,21287.321067
-599.543988,1000,21294.768913
-594.060356,1000,21302.231565
-590.131562,1000,21309.711079
-599.428521,1000,21317.19849
-600.0,1000,21324.659476
-599.527334,1000,21332.152911
-599.922274,1000,21339.649741
-599.999997,1000,21347.118205
-598.269906,1000,21354.594295
-599.999954,1000,21362.077166
-600.0,1000,21369.543983
-599.734243,1000,21377.023915
-599.226164,1000,21384.509428
-569.578006,1000,21392.005031
-598.839767,1000,21399.493394
-590.476721,1000,21406.955909
-598.765576,1000,21414.426256
-599.250145,1000,21421.86267
-599.856612,1000,21429.302098
-599.653466,1000,21436.762779
-599.549297,1000,21444.240439
-539.571859,1000,21451.681048
-599.999645,1000,21459.154263
-600.0,1000,21466.617578
-582.423242,1000,21474.094986
-599.909443,1000,21481.57616
-599.999953,1000,21489.041825
-600.0,1000,21496.493839
-597.377489,1000,21503.958018
-575.05934,1000,21511.434864
-587.121939,1000,21518.877477
-599.761196,1000,21526.337737
-599.633751,1000,21533.770052
-599.660313,1000,21541.201428
-588.239278,1000,21548.656871
-600.0,1000,21556.095997
-599.870424,1000,21563.554834
-599.8189,1000,21570.994575
-599.940051,1000,21578.444375
-599.760769,1000,21585.886679
-599.911597,1000,21593.294003
-599.999655,1000,21600.720716
-580.718893,1000,21608.153703
-599.999113,1000,21615.594296
-591.900748,1000,21623.030798
-599.996145,1000,21630.458718
-599.810684,1000,21637.890609
-577.944839,1000,21645.349998
-598.974396,1000,21652.795715
-575.751943,1000,21660.243174
-599.999979,1000,21667.690037
-589.443373,1000,21675.132148
-585.299771,1000,21682.600268
-585.901122,1000,21690.066404
-560.801044,1000,21697.515945
-593.787653,1000,21704.974017
-599.795283,1000,21712.424524
-597.436246,1000,21719.882109
-597.154519,1000,21727.331666
-599.786815,1000,21734.781188
-599.17364,1000,21742.24608
-599.996653,1000,21749.72838
-598.755411,1000,21757.18758
-599.99831,1000,21764.655518
-599.932003,1000,21772.14351
-599.998642,1000,21779.611974
-599.999999,1000,21787.087279
-599.971816,1000,21794.577413
-599.998025,1000,21802.042703
-590.95404,1000,21809.544145
-599.837748,1000,21817.032478
-598.663748,1000,21824.51512
-594.582213,1000,21831.999087
-599.979859,1000,21839.473451
-599.999934,1000,21846.935383
-599.996869,1000,21854.372487
-599.747119,1000,21861.827497
-599.966933,1000,21869.275722
-599.998639,1000,21876.752614
-597.274488,1000,21884.227147
-580.05009,1000,21891.697436
-597.50907,1000,21899.152171
-582.754497,1000,21906.614548
-597.649654,1000,21914.103275
-596.457387,1000,21921.585968
-599.834416,1000,21929.069118
-585.745092,1000,21936.548651
-584.386593,1000,21944.04528
-596.47171,1000,21951.530247
-598.302333,1000,21959.014404
-599.723892,1000,21966.493996
-599.968994,1000,21973.984357
-599.999898,1000,21981.475492
-600.0,1000,21988.963097
-599.952337,1000,21996.456785
-573.540638,1000,22003.943085
-585.617866,1000,22011.45165
-599.143557,1000,22018.936474
-599.280422,1000,22026.41095
-586.846314,1000,22033.883558
-595.854252,1000,22041.37925
-599.999995,1000,22048.868865
-599.999081,1000,22056.376509
-599.933104,1000,22063.866382
-598.700077,1000,22071.363794
-598.189307,1000,22078.855633
-569.87252,1000,22086.338536
-598.92536,1000,22093.815943
-527.826942,1000,22101.286239
-597.29052,1000,22108.789685
-585.831539,1000,22116.302918
-599.742553,1000,22123.798106
-598.452098,1000,22131.309169
-589.781684,1000,22138.804605
-598.244407,1000,22146.307029
-557.324165,1000,22153.808737
-599.983092,1000,22161.296872
-570.458895,1000,22168.780265
-599.833199,1000,22176.267595
-599.63233,1000,22183.743355
-596.250532,1000,22191.233986
-596.144882,1000,22198.730388
-599.819233,1000,22206.225389
-599.687063,1000,22213.721246
-599.980231,1000,22221.206391
-588.952431,1000,22228.707751
-582.145304,1000,22236.221698
-598.645471,1000,22243.73332
-599.97542,1000,22251.226798
-573.636318,1000,22258.74099
-598.801938,1000,22266.224334
-598.815644,1000,22273.722578
-594.526692,1000,22281.221309
-599.999564,1000,22288.714982
-585.088931,1000,22296.382938
-599.117543,1000,22303.885867
-598.976816,1000,22311.387384
-594.237796,1000,22318.908413
-597.177121,1000,22326.400058
-591.907818,1000,22333.907118
-599.824782,1000,22341.414256
-599.893933,1000,22348.924524
-599.856484,1000,22356.429528
-599.943682,1000,22363.952073
-600.0,1000,22371.471963
-599.99514,1000,22379.006914
-599.85264,1000,22386.523462
-599.993126,1000,22394.031683
-599.999268,1000,22401.535288
-600.0,1000,22409.043615
-599.998735,1000,22416.542253
-599.999989,1000,22424.074137
-600.0,1000,22431.604367
-599.999991,1000,22439.148263
-599.897206,1000,22446.673494
-600.0,1000,22454.197474
-599.999996,1000,22461.710125
-599.999979,1000,22469.239453
-596.316738,1000,22476.772582
-600.0,1000,22484.311981
-599.970847,1000,22491.832816
-599.996249,1000,22499.367118
-599.928826,1000,22506.901833
-599.992884,1000,22514.421431
-599.490786,1000,22521.920877
-599.990928,1000,22529.412558
-599.824633,1000,22536.935556
-599.687883,1000,22544.432064
-594.808286,1000,22551.968196
-598.912395,1000,22559.485547
-562.399417,1000,22567.006278
-599.352934,1000,22574.506444
-599.959544,1000,22582.007726
-599.999775,1000,22589.534184
-597.127754,1000,22597.064512
-588.644976,1000,22604.615005
-599.985711,1000,22612.161121
-599.98459,1000,22619.674204
-552.759896,1000,22626.811972
-598.682669,1000,22633.97014
-599.195662,1000,22641.104486
-595.211698,1000,22648.245217
-595.061999,1000,22655.396056
-597.956564,1000,22662.528047
-598.314746,1000,22669.656699
-580.213723,1000,22676.778543
-598.887284,1000,22683.910914
-599.607289,1000,22691.041286
-590.660121,1000,22698.164422
-582.168144,1000,22705.309105
-599.991151,1000,22712.45775
-593.60642,1000,22719.590498
-598.971355,1000,22726.745604
-596.538495,1000,22733.900737
-585.442922,1000,22741.06048
-560.952555,1000,22748.175425
-599.595879,1000,22755.342226
-599.614565,1000,22762.501817
-594.967414,1000,22769.64917
-593.227695,1000,22776.781057
-599.160555,1000,22783.922335
-599.607172,1000,22791.080002
-580.41976,1000,22798.202585
-599.34811,1000,22805.349914
-597.315044,1000,22812.47473
-597.174448,1000,22819.624935
-597.108762,1000,22826.774986
-585.90247,1000,22833.911933
-592.976077,1000,22841.026312
-599.486854,1000,22848.149469
-598.787227,1000,22855.276245
-599.169161,1000,22862.395619
-596.271926,1000,22869.509567
-560.302455,1000,22876.63681
-599.536506,1000,22883.791872
-553.29064,1000,22890.946602
-569.577919,1000,22898.062453
-599.324041,1000,22905.152452
-599.999265,1000,22912.291622
-599.095061,1000,22919.407295
-599.130851,1000,22926.507104
-591.115042,1000,22933.643481
-575.986166,1000,22940.7579
-598.57687,1000,22947.882495
-599.317838,1000,22954.989511
-598.615614,1000,22962.102463
-598.893326,1000,22969.233749
-598.41352,1000,22976.343909
-599.434409,1000,22983.451558
-599.190746,1000,22990.582275
-599.102243,1000,22997.67578
-599.839566,1000,23004.809704
-599.9008,1000,23011.93234
-597.481931,1000,23019.055238
-599.762293,1000,23026.192769
-599.526004,1000,23033.308002
-597.439824,1000,23040.415721
-598.332404,1000,23047.533703
-599.468651,1000,23054.658451
-596.797884,1000,23061.76806
-594.76598,1000,23068.877529
-593.997612,1000,23076.019239
-598.562337,1000,23083.17093
-599.036586,1000,23090.309948
-598.902465,1000,23097.427269
-598.029772,1000,23104.568285
-598.719459,1000,23111.722739
-599.861121,1000,23118.858749
-581.56371,1000,23125.978096
-593.128687,1000,23133.119596
-599.917712,1000,23140.247759
-599.912939,1000,23147.374347
-599.944495,1000,23154.498785
-599.595908,1000,23161.628505
-599.695305,1000,23168.762717
-599.894326,1000,23175.903745
-599.864546,1000,23183.040037
-599.924993,1000,23190.175977
-596.530819,1000,23197.311619
-599.81985,1000,23204.46355
-599.527846,1000,23211.597059
-599.931283,1000,23218.7397
-599.849238,1000,23225.88651
-599.998536,1000,23233.035773
-587.628363,1000,23240.175946
-599.928498,1000,23247.315684
-599.99072,1000,23254.477594
-579.396234,1000,23261.595161
-599.826977,1000,23268.718396
-587.347569,1000,23275.851391
-600.0,1000,23283.004904
-599.998097,1000,23290.116397
-579.735272,1000,23297.23684
-597.906511,1000,23304.362319
-573.449892,1000,23311.501293
