# {"t_start": 1599294845.1212206, "env_id": "Half-Cheetah-RM12-v0"} 
r,l,t
-554.82421,1000,9.341803
-565.526846,1000,14.44694
-593.344047,1000,19.717634
-577.946177,1000,25.002845
727.247601,473,27.62128
-599.988367,1000,32.831787
-599.999602,1000,38.000446
-593.179243,1000,43.235852
-561.632039,1000,48.413848
-591.968946,1000,53.639562
-599.998095,1000,58.844428
-579.88416,1000,64.116509
-581.885136,1000,69.316479
-599.981089,1000,74.642784
-599.999163,1000,80.065673
-599.999994,1000,85.100404
-599.931151,1000,90.475033
-599.360365,1000,95.569498
-599.999997,1000,100.981462
-599.998279,1000,106.357638
-599.950011,1000,111.803263
-599.999999,1000,116.855991
-599.384879,1000,121.991664
-596.276685,1000,127.018622
-599.999836,1000,132.175654
-586.304984,1000,137.264612
-599.266905,1000,142.325117
-599.053431,1000,147.716633
-599.842156,1000,153.164559
-599.999234,1000,158.430356
-599.992807,1000,163.852611
-599.691349,1000,169.069749
-599.27798,1000,174.500051
-598.899074,1000,179.679235
-600.0,1000,185.147134
-587.211149,1000,190.505304
-600.0,1000,195.931371
-599.71045,1000,201.336419
-599.978319,1000,206.72006
-590.659115,1000,211.71355
-599.626382,1000,216.773877
-592.788417,1000,222.14698
-599.309077,1000,227.516748
-595.912661,1000,232.910087
-597.754254,1000,238.412401
-598.724603,1000,243.838521
-586.769218,1000,249.204775
-596.256583,1000,254.579748
-599.505804,1000,259.95485
-590.702814,1000,265.25732
-599.999964,1000,270.551997
-599.999947,1000,275.845235
-599.999998,1000,281.373894
-591.279267,1000,286.573083
-596.659829,1000,291.901011
-599.999905,1000,297.303207
-599.999999,1000,302.871364
-599.734367,1000,308.165359
-599.822581,1000,313.381167
-599.983419,1000,318.761816
-600.0,1000,324.334898
-583.528197,1000,329.390131
-600.0,1000,334.563925
-589.869383,1000,339.667406
-599.999969,1000,345.163414
-599.998849,1000,350.59158
-592.105791,1000,356.061226
-599.535206,1000,362.039725
-594.656838,1000,367.674171
-599.999989,1000,373.358722
-599.954167,1000,379.347175
-581.451029,1000,385.153156
-600.0,1000,390.630942
-600.0,1000,395.919326
-599.999995,1000,401.946261
-594.439923,1000,407.227894
-599.721356,1000,413.573505
-599.836515,1000,419.997484
-600.0,1000,425.736569
-597.425187,1000,431.044057
781.081872,366,433.197132
-599.999999,1000,438.943041
-599.999694,1000,444.305176
-599.894898,1000,449.749021
-599.933624,1000,455.175261
-599.928422,1000,461.577929
-599.297274,1000,467.604508
-599.659003,1000,474.208659
-599.969031,1000,480.60391
-597.662261,1000,486.645307
-599.772519,1000,492.485483
-599.999999,1000,497.997572
-597.896047,1000,503.36298
-599.893958,1000,508.972937
-600.0,1000,515.176507
-587.779193,1000,521.926903
-589.272217,1000,528.278749
-599.97137,1000,534.705209
-600.0,1000,541.145281
-599.999511,1000,547.565508
-599.955451,1000,553.931034
-599.97487,1000,560.359031
-600.0,1000,566.615174
-599.995256,1000,573.312404
-599.999652,1000,579.611562
-599.906211,1000,585.914172
-599.99981,1000,591.842852
912.042215,148,592.577151
-588.255235,1000,599.306201
-579.192236,1000,605.726779
-599.958823,1000,612.20643
865.870432,228,613.79702
-598.742085,1000,619.797158
-599.34155,1000,626.16012
-590.626933,1000,632.911056
-600.0,1000,639.311441
-600.0,1000,646.07009
-592.099432,1000,652.379978
-599.938043,1000,658.877035
-599.707895,1000,665.083054
-599.664955,1000,671.706417
-599.58121,1000,677.842404
-600.0,1000,684.440653
-600.0,1000,689.938033
-600.0,1000,696.433399
-599.999998,1000,703.04402
-574.865403,1000,709.763083
-599.759171,1000,716.330136
-599.852886,1000,722.957629
-599.36922,1000,728.720826
-598.669637,1000,735.475953
-599.909941,1000,741.288394
-599.516469,1000,747.195297
-599.988106,1000,753.505294
-599.999607,1000,760.019742
-597.281359,1000,765.765695
-599.999968,1000,772.117129
-595.636765,1000,778.24224
-600.0,1000,784.926534
-600.0,1000,791.312269
-594.791692,1000,797.422435
-594.840798,1000,802.813088
865.384085,227,803.890086
-599.950081,1000,809.608938
-599.958691,1000,815.320804
-599.760428,1000,821.896702
-599.933033,1000,827.639352
-599.844145,1000,833.310303
-586.405892,1000,839.566317
-600.0,1000,845.646227
-588.541957,1000,851.406636
-600.0,1000,857.802382
-596.683163,1000,863.561167
-600.0,1000,869.563353
-599.46166,1000,875.112208
-585.94051,1000,881.164176
-595.3117,1000,887.506222
-600.0,1000,894.020771
-599.898098,1000,899.558225
780.423884,367,901.882615
-598.286066,1000,907.586409
-599.891043,1000,913.244646
-595.587049,1000,919.677265
-599.999668,1000,925.467724
-599.001365,1000,931.624318
-597.559079,1000,937.372362
-591.667707,1000,943.55603
-599.59139,1000,949.901361
-592.626238,1000,955.887865
-599.96918,1000,962.587098
-599.999633,1000,968.675477
-599.924966,1000,974.785928
-600.0,1000,981.305165
-600.0,1000,987.597231
-583.508264,1000,993.809865
-599.899866,1000,1000.65166
-599.999994,1000,1007.24101
-599.999995,1000,1012.991071
-599.969678,1000,1019.889191
-599.410728,1000,1026.230792
-599.999861,1000,1033.1375
-585.231144,1000,1039.757499
-599.852792,1000,1046.623435
-600.0,1000,1053.501693
-600.0,1000,1059.908447
-600.0,1000,1065.933257
-599.630357,1000,1072.61251
-597.308748,1000,1078.53531
-600.0,1000,1085.424961
-599.908653,1000,1091.218839
-599.829626,1000,1098.561529
-600.0,1000,1105.463125
-588.378173,1000,1112.679251
-575.762265,1000,1118.576641
-599.652309,1000,1125.982736
-597.538476,1000,1132.850752
-599.426977,1000,1140.167277
-599.997049,1000,1147.070229
-600.0,1000,1154.103254
-599.999714,1000,1160.732594
-599.529583,1000,1166.853503
-600.0,1000,1173.511544
-598.962501,1000,1179.987854
-588.665359,1000,1186.988936
-595.389967,1000,1194.261823
-598.963525,1000,1201.110851
-599.812689,1000,1208.146923
-587.239652,1000,1214.849751
-599.999989,1000,1222.212708
-599.999998,1000,1229.206259
-599.999981,1000,1236.418284
-599.999983,1000,1243.368569
-600.0,1000,1250.755794
768.906603,394,1253.478907
-599.660816,1000,1260.081978
-599.342918,1000,1266.067286
-600.0,1000,1272.823574
-599.999951,1000,1279.82589
-599.957781,1000,1287.00688
-599.999999,1000,1293.96549
-597.519332,1000,1301.281693
-599.988428,1000,1308.066096
-599.622411,1000,1315.306131
-600.0,1000,1322.195692
-600.0,1000,1329.673724
-599.999952,1000,1336.703233
-599.999999,1000,1344.148329
-594.479403,1000,1350.839552
-598.539837,1000,1358.349112
-599.999953,1000,1365.191288
-599.998085,1000,1372.292369
-600.0,1000,1379.078306
865.991763,228,1380.464605
-598.590171,1000,1387.792803
-599.999543,1000,1394.38675
-600.0,1000,1401.027669
-599.997022,1000,1407.702748
-596.321729,1000,1415.285029
-599.543468,1000,1422.212221
-600.0,1000,1429.235626
-593.031158,1000,1435.630699
-599.999966,1000,1443.30603
-600.0,1000,1450.422503
-599.901606,1000,1457.898676
-600.0,1000,1464.967296
-599.842331,1000,1472.385258
-599.898484,1000,1479.419898
-599.795015,1000,1487.043217
-594.857925,1000,1493.995243
-600.0,1000,1501.590266
-590.872775,1000,1508.736379
-586.521262,1000,1516.39897
-599.999963,1000,1523.537435
-591.225898,1000,1530.967907
-595.283546,1000,1537.188938
-600.0,1000,1544.732524
-597.404707,1000,1551.638467
-599.953404,1000,1559.517911
-597.467472,1000,1566.653711
-600.0,1000,1574.357139
-599.99997,1000,1581.453228
-599.656998,1000,1589.057885
-599.278145,1000,1595.644809
-599.999363,1000,1603.443854
-597.759787,1000,1610.60539
-599.998165,1000,1617.603723
-599.999413,1000,1624.757662
-599.997085,1000,1632.583172
-599.921791,1000,1639.61268
-599.889001,1000,1647.079481
-600.0,1000,1653.540289
-599.999997,1000,1661.080175
-599.757825,1000,1668.241756
-598.976844,1000,1676.044283
-599.998661,1000,1683.095957
-595.479752,1000,1690.877154
-599.869809,1000,1697.957813
-586.410581,1000,1705.693763
-596.772948,1000,1712.794302
-598.869721,1000,1720.462277
-599.999898,1000,1727.521279
-584.944861,1000,1735.316847
-584.723453,1000,1742.435294
-599.843922,1000,1750.10499
-599.835524,1000,1757.345627
-599.306152,1000,1765.035517
-599.999927,1000,1772.082069
-599.994982,1000,1779.684302
-599.914077,1000,1786.142098
-598.267032,1000,1793.975541
-599.976901,1000,1801.063714
-599.989599,1000,1808.842349
-600.0,1000,1816.095271
-600.0,1000,1823.594883
-592.128891,1000,1830.400023
-599.997457,1000,1838.120612
-599.999525,1000,1845.247976
-579.686915,1000,1853.157832
-600.0,1000,1860.483698
-599.999288,1000,1868.265378
-596.810173,1000,1874.866797
-580.978091,1000,1882.728663
-600.0,1000,1889.969639
-600.0,1000,1897.847381
-599.933018,1000,1905.156378
-599.999767,1000,1913.010127
-599.998841,1000,1920.142933
-600.0,1000,1928.095325
-600.0,1000,1934.635897
-600.0,1000,1942.534935
-599.999916,1000,1949.611812
-600.0,1000,1957.264105
-599.974863,1000,1964.33975
-599.441164,1000,1972.123487
-599.999973,1000,1979.310124
-599.996277,1000,1987.152086
-598.377903,1000,1993.910882
-599.346878,1000,2002.026104
-599.999982,1000,2009.397668
-599.981634,1000,2017.465205
-600.0,1000,2024.817129
-599.881182,1000,2032.636199
-600.0,1000,2039.795659
-599.987746,1000,2047.566392
-599.85843,1000,2054.522955
-599.907236,1000,2062.561795
-599.994519,1000,2069.200498
-598.899506,1000,2076.749038
579.343201,717,2081.862528
-599.145903,1000,2089.875937
-599.898901,1000,2096.415013
-599.999999,1000,2104.140262
-587.197654,1000,2110.718381
-600.0,1000,2118.17058
-600.0,1000,2125.499033
-592.731705,1000,2133.427159
-599.999994,1000,2140.668224
-600.0,1000,2148.750959
-599.997331,1000,2156.100501
-599.893928,1000,2164.090634
-599.93404,1000,2171.262081
-594.691543,1000,2178.805828
-599.999619,1000,2186.154506
-599.989951,1000,2194.20771
-599.949292,1000,2201.616584
837.486122,272,2203.787436
-599.659391,1000,2211.968888
-600.0,1000,2219.362056
-599.701973,1000,2227.14754
-593.551046,1000,2234.505651
-599.999948,1000,2242.373652
513.470815,830,2248.210093
-600.0,1000,2256.053907
-599.351208,1000,2263.535361
-599.202725,1000,2271.470448
-599.916062,1000,2278.818679
-599.947571,1000,2286.914965
-597.475337,1000,2293.178909
-599.999967,1000,2300.865922
-599.99999,1000,2307.605253
-596.800997,1000,2315.149048
-600.0,1000,2322.367477
-599.899431,1000,2330.291748
-599.509064,1000,2337.68366
-599.89701,1000,2345.803586
-599.708972,1000,2352.917097
-589.526305,1000,2360.955582
-599.99933,1000,2368.405111
-600.0,1000,2376.366733
-599.999988,1000,2383.711668
-599.96995,1000,2391.812937
-599.89652,1000,2399.219767
-600.0,1000,2407.348949
-600.0,1000,2413.804786
-593.797385,1000,2421.749001
-600.0,1000,2429.17655
-599.572301,1000,2437.051561
-600.0,1000,2444.408799
-599.484001,1000,2452.533302
-599.851511,1000,2459.915838
-600.0,1000,2468.136456
-599.997587,1000,2475.587419
-599.992453,1000,2483.392261
-599.994533,1000,2490.691541
-599.85654,1000,2498.308172
-599.98966,1000,2505.411895
-600.0,1000,2513.394508
-597.388514,1000,2520.823715
-598.277899,1000,2528.948215
-598.189288,1000,2536.156504
-599.946036,1000,2544.115489
-599.910117,1000,2551.484377
-599.617185,1000,2559.316594
-598.509597,1000,2566.652244
-599.901012,1000,2575.010271
-599.999964,1000,2582.414286
-600.0,1000,2590.14681
-599.364029,1000,2597.271469
-600.0,1000,2605.603671
-600.0,1000,2612.844991
-574.022822,1000,2620.806328
-599.631513,1000,2628.04281
-599.919161,1000,2636.217324
-599.663011,1000,2643.534317
-599.894072,1000,2651.635864
-599.746042,1000,2658.87
-599.999909,1000,2665.891152
-596.404637,1000,2672.46516
-599.943761,1000,2680.392282
-599.982937,1000,2687.527288
-599.905705,1000,2695.301764
767.321027,394,2698.025451
-575.154616,1000,2705.64936
-599.611572,1000,2713.817568
-598.625841,1000,2721.365524
-599.999953,1000,2729.599895
-599.992034,1000,2736.794449
-599.984057,1000,2744.806549
-598.884604,1000,2752.157181
-599.999852,1000,2760.211797
-597.284709,1000,2767.460482
-600.0,1000,2775.787641
-589.851483,1000,2782.249189
-600.0,1000,2790.438997
-600.0,1000,2797.776338
-600.0,1000,2805.298288
-599.317599,1000,2812.56679
-600.0,1000,2820.823997
-598.693427,1000,2828.168378
-594.948333,1000,2836.561366
-589.133163,1000,2844.067919
-600.0,1000,2852.450367
-592.800562,1000,2859.893083
-600.0,1000,2868.198452
-600.0,1000,2874.729293
-600.0,1000,2882.587345
-598.590553,1000,2889.769344
-600.0,1000,2897.678721
-599.946987,1000,2904.007639
-599.999129,1000,2912.251177
-595.94674,1000,2919.658161
-600.0,1000,2927.456948
-599.967841,1000,2934.746714
-600.0,1000,2942.175859
-599.999337,1000,2948.490568
-595.20697,1000,2956.122348
-600.0,1000,2963.395695
-591.386954,1000,2970.906603
-600.0,1000,2978.396352
-599.999999,1000,2986.819816
-597.467564,1000,2994.134081
-599.397346,1000,3002.494758
479.409617,893,3008.966666
-600.0,1000,3017.283935
-583.908918,1000,3024.659379
-597.234537,1000,3032.963071
-599.833256,1000,3039.519049
-600.0,1000,3046.807196
-599.999984,1000,3053.860542
-599.979953,1000,3062.183757
-599.118014,1000,3069.51946
-599.99985,1000,3077.86474
-599.997704,1000,3085.40615
-599.836931,1000,3093.344882
-596.715699,1000,3100.225704
-600.0,1000,3108.483208
-599.998552,1000,3115.751755
-593.347253,1000,3124.224677
-599.999999,1000,3131.002109
-585.524553,1000,3138.972259
-599.99964,1000,3145.900013
-590.028868,1000,3154.131879
-585.736791,1000,3161.538869
-599.99037,1000,3169.353964
-598.653884,1000,3176.493034
-599.999497,1000,3183.718873
-584.595937,1000,3190.19006
-599.897577,1000,3198.319826
-599.984296,1000,3205.501336
-599.926003,1000,3213.507648
-600.0,1000,3220.575009
-595.335941,1000,3228.420851
-599.999823,1000,3235.143461
-599.938343,1000,3243.177134
-600.0,1000,3250.739727
-600.0,1000,3259.252811
-599.998599,1000,3266.623512
-593.569766,1000,3275.078155
-588.374784,1000,3282.439742
-598.660328,1000,3290.25885
-595.899739,1000,3297.539855
-599.999993,1000,3306.115855
-599.998278,1000,3313.607518
-587.658375,1000,3321.403121
-599.89996,1000,3328.805296
-599.999996,1000,3337.173864
-599.999553,1000,3343.72077
-599.999861,1000,3351.539234
-596.047797,1000,3358.806632
-599.96979,1000,3366.913116
-598.780491,1000,3373.822092
-599.908006,1000,3382.177693
-599.108096,1000,3389.240991
-600.0,1000,3397.804897
-594.088648,1000,3405.015445
874.420429,215,3406.490737
-599.869811,1000,3415.244413
-599.999694,1000,3422.236613
-598.852294,1000,3430.646871
-599.435167,1000,3438.039373
-599.998488,1000,3446.503639
-599.999994,1000,3452.898118
-599.515143,1000,3461.023767
-599.873392,1000,3467.585209
-599.963477,1000,3475.647559
-600.0,1000,3483.039197
-599.97493,1000,3491.590022
-599.994649,1000,3498.561397
-592.686745,1000,3506.505051
-599.860866,1000,3513.482512
-598.816403,1000,3520.850964
-599.999993,1000,3527.883841
782.919875,363,3531.742735
-599.624073,1000,3538.750005
-598.604915,1000,3546.187154
-599.977383,1000,3553.562117
-597.545914,1000,3561.905877
-600.0,1000,3569.231117
-599.917782,1000,3576.754778
-599.988814,1000,3584.117665
-599.999888,1000,3591.770817
-599.193896,1000,3598.663932
-594.496629,1000,3606.588078
-594.649859,1000,3613.432537
-596.62309,1000,3621.186454
-591.607127,1000,3628.607713
-599.954634,1000,3636.530644
-597.030905,1000,3643.561225
-598.458931,1000,3651.635936
-599.999969,1000,3658.31052
-599.998474,1000,3666.856549
-597.983162,1000,3674.168637
-598.930867,1000,3681.681987
-598.565422,1000,3687.914295
-599.979723,1000,3696.243177
-599.999999,1000,3702.576953
-583.683965,1000,3710.310425
-599.977897,1000,3716.888603
-599.999666,1000,3725.329511
-586.618857,1000,3732.145761
-595.821729,1000,3740.257938
-599.999924,1000,3747.619745
740.936671,436,3750.607234
-590.391915,1000,3758.470819
-600.0,1000,3765.661861
-599.796433,1000,3774.302516
922.868158,131,3775.062753
-599.944924,1000,3782.551257
-599.999999,1000,3791.126722
-598.757854,1000,3798.414879
762.020665,399,3802.421941
-599.88286,1000,3808.965907
-600.0,1000,3817.445341
-599.783237,1000,3823.880934
-599.75105,1000,3831.448184
-599.996411,1000,3838.756883
-594.888755,1000,3847.1841
-599.898913,1000,3854.464681
-599.914839,1000,3863.026724
-599.990047,1000,3870.357045
-594.217082,1000,3878.250827
-599.246346,1000,3885.592212
559.095599,736,3891.400808
-594.393174,1000,3899.996546
780.747573,374,3902.20454
-600.0,1000,3910.745134
-600.0,1000,3918.140971
-597.712971,1000,3926.251335
-599.554635,1000,3933.297757
-599.999451,1000,3941.965108
-600.0,1000,3949.525704
-599.864805,1000,3958.054493
-596.067528,1000,3964.861808
-592.942946,1000,3973.208781
-599.959517,1000,3980.616367
-592.097495,1000,3989.162744
-599.997721,1000,3996.61853
-599.323176,1000,4005.137032
-599.986334,1000,4012.476996
-599.999841,1000,4020.373816
-599.999607,1000,4027.764992
-593.297791,1000,4036.227158
-600.0,1000,4043.624972
-599.999723,1000,4052.412256
-599.971653,1000,4059.23297
-588.42105,1000,4068.068618
-599.896286,1000,4075.657841
-599.919984,1000,4084.238434
-599.999998,1000,4091.632051
-597.337785,1000,4099.239524
-594.431237,1000,4106.608448
-600.0,1000,4114.234713
-599.982953,1000,4120.639509
-599.997627,1000,4128.357305
-591.0576,1000,4135.183542
548.82373,772,4140.957637
-599.79195,1000,4149.722383
-599.999997,1000,4157.180199
-599.592618,1000,4165.857662
705.867271,498,4169.407257
-598.117934,1000,4178.087846
-599.896087,1000,4185.56798
-600.0,1000,4194.1695
-600.0,1000,4201.751581
-600.0,1000,4210.475414
-599.999852,1000,4217.935456
-599.947018,1000,4225.945278
-593.484692,1000,4233.605565
-599.899495,1000,4242.108948
-599.61671,1000,4249.161969
-600.0,1000,4257.994174
-599.999999,1000,4265.479026
-583.408326,1000,4273.468919
-599.985408,1000,4280.466717
-599.937069,1000,4289.158197
-599.998931,1000,4296.739838
-595.335549,1000,4305.600158
-592.573308,1000,4313.190134
-599.902441,1000,4321.850133
-599.999914,1000,4328.605921
-600.0,1000,4337.372447
-600.0,1000,4344.931367
-598.477138,1000,4353.789192
-599.595674,1000,4361.22424
-600.0,1000,4369.407714
-599.953793,1000,4376.185779
-599.998227,1000,4385.09198
-597.542827,1000,4391.546331
-583.069964,1000,4399.579851
-597.425694,1000,4406.771335
-599.999783,1000,4414.448239
-599.92526,1000,4421.717747
-599.455323,1000,4430.549162
-599.999977,1000,4437.970532
-598.569556,1000,4446.102765
-595.443788,1000,4453.69489
-600.0,1000,4461.548327
-599.767306,1000,4469.131144
-599.934575,1000,4477.947149
-599.879592,1000,4485.454227
-599.993578,1000,4493.469174
-599.999988,1000,4500.731688
-600.0,1000,4509.104501
-595.509081,1000,4516.297559
776.224204,375,4519.302824
-599.940654,1000,4528.259768
-599.783779,1000,4535.8753
-599.734936,1000,4544.815187
-595.82362,1000,4552.034559
-590.062404,1000,4560.265445
-599.99115,1000,4567.470392
-586.416672,1000,4575.891886
-599.011186,1000,4583.418269
-599.407626,1000,4592.293542
-599.342084,1000,4599.648196
-577.255595,1000,4607.826755
-598.657901,1000,4614.49758
-600.0,1000,4623.199287
-599.993302,1000,4630.613009
-600.0,1000,4639.580881
-599.999855,1000,4647.17459
-596.041294,1000,4656.14583
-594.432821,1000,4663.681656
-600.0,1000,4672.132207
-599.87242,1000,4679.185709
-600.0,1000,4686.993183
-599.999746,1000,4694.019056
-599.766125,1000,4702.030135
-599.841149,1000,4708.589679
-591.269002,1000,4717.222164
-599.11603,1000,4724.776837
-599.904298,1000,4733.763503
-592.554644,1000,4741.316704
-599.916553,1000,4750.135617
-587.881651,1000,4756.816014
-599.999193,1000,4765.758233
-587.318848,1000,4772.722352
-591.019396,1000,4781.614611
-589.615119,1000,4789.157012
-599.999142,1000,4797.89788
-599.940836,1000,4805.147785
-600.0,1000,4812.802544
-599.775516,1000,4820.101439
-599.993829,1000,4828.986082
-600.0,1000,4835.814278
-598.31797,1000,4843.76332
-600.0,1000,4850.319604
-599.999999,1000,4858.773292
-598.613492,1000,4866.084681
-599.999527,1000,4874.568264
-599.999541,1000,4881.332258
-599.999999,1000,4889.440439
-599.999343,1000,4897.033186
-599.946994,1000,4904.925602
-584.378138,1000,4911.782019
-598.432992,1000,4920.513834
-599.999999,1000,4927.957854
-599.638016,1000,4936.763204
-584.607154,1000,4944.408564
-599.999535,1000,4952.976079
-599.612931,1000,4960.259588
-599.999808,1000,4968.137393
-599.994784,1000,4975.133312
-594.014978,1000,4984.056309
-599.171587,1000,4991.259478
-599.997228,1000,5000.074961
-598.835102,1000,5007.520483
-584.532453,1000,5015.897531
-590.725901,1000,5023.052861
-600.0,1000,5031.012662
-589.259037,1000,5038.762809
-599.897004,1000,5047.313927
-599.999999,1000,5054.771251
-599.990865,1000,5063.892859
-599.713258,1000,5071.398879
-585.496567,1000,5080.284021
-592.169211,1000,5087.813849
-593.170831,1000,5096.18877
-599.784633,1000,5103.935496
-599.999937,1000,5112.878905
-599.992326,1000,5120.160986
-599.367688,1000,5129.188114
-599.999907,1000,5135.69637
-592.423183,1000,5143.866255
-599.813449,1000,5151.176802
-599.90268,1000,5160.55175
-599.943224,1000,5168.048035
-595.701331,1000,5177.186274
-599.961337,1000,5184.743414
-592.967828,1000,5193.76813
-599.999854,1000,5201.382485
-599.206699,1000,5209.68419
-600.0,1000,5216.489802
-599.822391,1000,5224.864163
-599.999999,1000,5232.659436
-599.896847,1000,5240.940043
-599.103127,1000,5248.697269
-599.212357,1000,5257.662728
-581.31136,1000,5264.359157
-583.109756,1000,5272.994073
-597.637208,1000,5279.848259
-599.996561,1000,5288.296279
-583.727397,1000,5294.849104
-600.0,1000,5303.134536
-599.999892,1000,5310.006855
-599.970848,1000,5319.282599
-599.99999,1000,5326.84705
-600.0,1000,5336.026397
-599.362571,1000,5343.09859
-599.999999,1000,5352.142167
-599.716468,1000,5359.464886
-599.853444,1000,5367.967652
-599.99998,1000,5374.619912
-600.0,1000,5383.545082
-600.0,1000,5390.99061
-599.62718,1000,5399.233247
-599.963911,1000,5406.034201
-599.976582,1000,5414.011905
-599.999985,1000,5421.131975
-599.999248,1000,5429.498639
-586.292517,1000,5437.277071
-599.991446,1000,5446.395142
-600.0,1000,5453.277836
-591.536827,1000,5462.207097
-599.402204,1000,5469.739707
-599.93133,1000,5477.940226
-585.024963,1000,5484.796858
-599.999998,1000,5492.692518
-600.0,1000,5499.304614
-600.0,1000,5508.132921
-599.896961,1000,5515.087565
-600.0,1000,5524.336327
-594.103543,1000,5531.91215
-575.17654,1000,5541.177535
-599.119111,1000,5548.717919
-599.986675,1000,5556.962214
-599.939328,1000,5564.36433
-598.648037,1000,5573.642087
-599.999986,1000,5581.220359
-600.0,1000,5589.478199
-599.98522,1000,5595.89811
-599.008081,1000,5604.98507
-600.0,1000,5612.579977
-588.458136,1000,5621.802181
-599.999997,1000,5628.402168
-600.0,1000,5636.821367
-599.944224,1000,5644.611542
-600.0,1000,5653.694291
-600.0,1000,5661.360701
-599.609882,1000,5669.962845
-590.693001,1000,5677.442114
-599.999585,1000,5686.201474
-599.933563,1000,5693.030757
913.281771,147,5693.927577
-597.978993,1000,5703.181171
-600.0,1000,5710.572611
-599.999398,1000,5719.625006
-594.871496,1000,5726.658353
-600.0,1000,5735.535653
-598.951539,1000,5743.072876
-600.0,1000,5751.761405
-590.187748,1000,5759.125594
-599.993956,1000,5768.224606
-599.995816,1000,5775.012838
-597.733066,1000,5783.807962
-584.563755,1000,5790.494016
-598.623569,1000,5799.798693
-600.0,1000,5806.462216
-599.768375,1000,5815.254598
-599.253996,1000,5822.229904
-599.999948,1000,5831.174067
-584.363794,1000,5838.018977
-599.999996,1000,5846.094525
-600.0,1000,5853.564567
-600.0,1000,5862.758026
-599.883997,1000,5870.244983
-598.109232,1000,5878.898391
-599.972405,1000,5886.373765
-600.0,1000,5895.758922
-599.999648,1000,5903.503227
-593.243687,1000,5912.854022
-587.76358,1000,5919.692953
-598.903708,1000,5929.028167
-599.155227,1000,5936.211671
-599.999983,1000,5944.708482
-599.866318,1000,5952.443524
-600.0,1000,5961.730606
-599.998895,1000,5969.302988
-598.382551,1000,5978.695066
-599.999991,1000,5986.422383
-586.56178,1000,5995.650531
-599.999999,1000,6002.887872
-599.993044,1000,6012.078834
-599.999356,1000,6019.646286
-598.912757,1000,6028.257579
-599.882741,1000,6035.892259
-592.879153,1000,6044.40501
-599.952028,1000,6051.773568
-599.999987,1000,6060.893459
-599.429619,1000,6068.258976
-599.975143,1000,6076.694332
-599.999663,1000,6084.39169
-599.999382,1000,6093.789448
-592.398394,1000,6101.517859
-600.0,1000,6110.835962
-598.847649,1000,6118.356368
-599.999951,1000,6127.052521
-600.0,1000,6134.876081
-597.360948,1000,6143.492078
-599.557185,1000,6150.170595
-594.347979,1000,6159.535289
-599.583658,1000,6166.474007
-587.165686,1000,6175.659776
-598.02022,1000,6182.31198
-599.311933,1000,6191.616274
-598.469797,1000,6198.186279
-600.0,1000,6207.490659
-585.920485,1000,6214.439126
-599.940514,1000,6222.91434
-599.791852,1000,6229.409253
-599.772859,1000,6238.521762
-599.92441,1000,6246.286918
-599.999863,1000,6255.816113
-580.56384,1000,6263.564884
-599.954426,1000,6272.805413
-600.0,1000,6279.484187
-579.987145,1000,6289.005046
-597.709671,1000,6296.29915
-600.0,1000,6304.842356
-599.64913,1000,6312.529109
-599.872625,1000,6321.932773
-600.0,1000,6329.387201
-598.953297,1000,6338.255489
-598.35962,1000,6345.759375
-599.221335,1000,6355.153169
-599.999412,1000,6362.695005
-596.734579,1000,6371.456175
-599.965385,1000,6379.231937
-599.612216,1000,6388.122235
-599.454356,1000,6394.920892
-600.0,1000,6404.275437
-600.0,1000,6411.114162
-600.0,1000,6420.076889
-599.99999,1000,6427.049946
-596.638466,1000,6435.885207
-599.444572,1000,6443.527138
-600.0,1000,6452.118633
-591.533626,1000,6459.920175
-589.801301,1000,6469.375659
-599.96952,1000,6476.037966
-599.906803,1000,6485.477104
-592.107642,1000,6492.539597
-584.701753,1000,6501.532069
-600.0,1000,6508.18024
-586.31003,1000,6516.782488
-599.999159,1000,6523.66363
-599.127312,1000,6533.260556
770.168141,386,6536.091449
-599.697887,1000,6545.070407
-599.999981,1000,6552.862161
-600.0,1000,6562.104502
-587.147579,1000,6568.851886
-594.06062,1000,6578.408029
-594.964909,1000,6585.331517
-599.998826,1000,6594.37277
-599.999998,1000,6601.976791
-599.504866,1000,6610.97719
-599.764287,1000,6617.874751
-599.538409,1000,6626.766406
-599.480012,1000,6634.681035
-600.0,1000,6644.068053
-599.999989,1000,6650.890092
-599.999998,1000,6660.17226
-600.0,1000,6667.642784
-599.961327,1000,6676.529601
-599.999812,1000,6684.102337
-599.87693,1000,6693.334608
-599.998486,1000,6700.599628
644.613277,598,6705.159853
-599.996109,1000,6714.627415
-600.0,1000,6721.72518
-600.0,1000,6731.409711
-599.929723,1000,6738.681462
-600.0,1000,6747.985346
-599.624969,1000,6754.910163
-599.808692,1000,6764.701551
-600.0,1000,6771.549961
-587.617874,1000,6780.689773
-599.888217,1000,6788.35345
-599.99984,1000,6796.983125
-600.0,1000,6803.773463
-599.704714,1000,6813.093888
-599.631858,1000,6820.302234
-599.847449,1000,6829.482746
-599.99985,1000,6837.307814
-600.0,1000,6846.769093
462.911244,923,6852.894807
-599.996447,1000,6862.228429
-599.696123,1000,6869.581416
-599.220291,1000,6879.008806
-599.999812,1000,6886.654621
-581.655911,1000,6896.372313
-599.983974,1000,6903.374748
-600.0,1000,6912.355754
-599.992883,1000,6919.289443
-599.992818,1000,6928.741134
-599.999448,1000,6936.305959
-595.772585,1000,6944.852198
-600.0,1000,6951.969541
644.549604,599,6957.880236
-567.579035,1000,6964.924455
-598.743484,1000,6974.388677
-588.89129,1000,6981.424423
-599.999999,1000,6989.889876
-596.793713,1000,6997.03346
826.675427,291,6999.313677
-599.973305,1000,7009.005215
780.032245,368,7011.98944
-598.853302,1000,7021.426399
-600.0,1000,7028.203201
-599.978368,1000,7037.476227
-599.999942,1000,7045.161232
-600.0,1000,7054.690992
-599.999999,1000,7062.326344
-599.999996,1000,7071.27119
-599.87975,1000,7079.017582
-600.0,1000,7087.728555
-583.838557,1000,7095.464563
-599.999996,1000,7104.301604
-600.0,1000,7111.942048
-599.999998,1000,7121.386281
-599.879211,1000,7128.124667
-600.0,1000,7137.548481
-599.815054,1000,7144.482249
-597.436231,1000,7153.609643
-599.999741,1000,7160.287825
-599.999998,1000,7169.702055
-585.917965,1000,7177.400266
-599.921123,1000,7186.974962
-600.0,1000,7194.662114
-599.980368,1000,7203.496121
-598.032483,1000,7211.283974
-599.938947,1000,7220.165365
-599.774758,1000,7227.253281
-599.998187,1000,7236.311667
-591.426007,1000,7244.267365
-599.993743,1000,7254.106103
-600.0,1000,7261.691941
-600.0,1000,7270.575172
-599.999989,1000,7278.450618
-599.987757,1000,7287.535313
-599.978784,1000,7295.082684
-600.0,1000,7304.216525
-599.425083,1000,7311.825357
-599.943075,1000,7321.176512
-599.988901,1000,7327.875794
-600.0,1000,7336.722932
-599.751368,1000,7343.736842
-599.999998,1000,7353.621282
-598.662003,1000,7361.213748
-591.375106,1000,7370.87092
-599.999999,1000,7377.733555
-599.999958,1000,7387.069762
-595.801211,1000,7394.704128
-600.0,1000,7403.7143
-599.526698,1000,7411.083652
-599.920209,1000,7420.990567
-599.999728,1000,7428.119953
-599.855101,1000,7437.192562
-587.319791,1000,7444.019281
-599.793522,1000,7453.258137
-592.216186,1000,7460.896824
-592.150929,1000,7469.794697
-600.0,1000,7477.28177
-600.0,1000,7487.129044
-599.9963,1000,7494.736037
-600.0,1000,7503.947457
-600.0,1000,7511.050278
-593.456761,1000,7520.502471
-588.175553,1000,7527.31322
-593.708826,1000,7536.864726
-599.995562,1000,7543.780107
-599.473266,1000,7552.567801
-599.999994,1000,7560.338773
-593.128654,1000,7569.623067
-584.838452,1000,7576.824421
-599.569448,1000,7586.023587
-600.0,1000,7592.848745
-599.965107,1000,7602.517744
-599.999999,1000,7609.311969
-599.999934,1000,7619.3243
-599.933796,1000,7627.014109
-599.999998,1000,7636.530722
-599.464643,1000,7643.838539
-599.9525,1000,7652.861764
-592.677228,1000,7660.244334
-599.999999,1000,7669.206908
-596.833792,1000,7676.130877
-599.813968,1000,7685.395247
-596.526326,1000,7692.884558
-599.997517,1000,7702.672182
-599.979259,1000,7709.799088
-600.0,1000,7718.390767
-598.207135,1000,7725.651495
-587.656363,1000,7735.570678
-585.035072,1000,7743.407992
-596.426109,1000,7752.996731
-568.685925,1000,7759.909205
-596.3917,1000,7768.753221
-599.999484,1000,7775.544243
-595.218898,1000,7785.044913
-599.956392,1000,7791.808592
-599.999344,1000,7800.881301
-599.923108,1000,7807.514729
-575.292139,1000,7816.999569
-599.264836,1000,7824.183969
-600.0,1000,7832.933909
-598.582649,1000,7840.847926
-589.104449,1000,7849.886954
-599.999932,1000,7857.305995
-599.740057,1000,7866.499328
-599.99987,1000,7873.299748
-599.415487,1000,7883.364181
-599.997338,1000,7891.200683
-591.459665,1000,7901.101992
-599.999876,1000,7908.112786
-599.999435,1000,7917.058574
-599.992565,1000,7923.715023
-599.618719,1000,7933.452694
-599.309516,1000,7940.406105
838.192193,276,7942.667401
-599.883954,1000,7952.533757
-595.471643,1000,7959.778204
-599.966948,1000,7969.454696
-599.922741,1000,7976.656513
-589.835569,1000,7986.528053
-599.991906,1000,7993.643964
-584.714041,1000,8002.935986
-600.0,1000,8009.706965
911.123079,150,8010.420052
-600.0,1000,8019.815735
-599.986676,1000,8027.020249
-600.0,1000,8037.009007
-600.0,1000,8044.609188
-599.992847,1000,8054.064634
-589.843367,1000,8061.382768
-599.720229,1000,8070.461097
-594.01486,1000,8077.863225
-599.874149,1000,8086.863348
-599.725741,1000,8093.662391
-599.807145,1000,8103.252402
-599.991289,1000,8111.22726
-594.600367,1000,8120.589184
-598.08847,1000,8127.809558
-599.844531,1000,8136.944508
-598.058219,1000,8144.150663
-599.999998,1000,8153.874739
779.804858,368,8156.602641
-599.473438,1000,8164.010415
-599.413725,1000,8174.006613
-596.31644,1000,8181.151493
-599.862721,1000,8191.102491
-599.978618,1000,8198.252324
-599.481323,1000,8207.487776
-599.96717,1000,8214.41886
-598.089273,1000,8224.207819
-588.619597,1000,8231.081417
-599.99624,1000,8240.187822
-598.205401,1000,8247.037316
-599.999718,1000,8255.987082
-591.238236,1000,8263.046036
-592.135729,1000,8272.748208
-600.0,1000,8279.687154
-593.792747,1000,8288.726598
-599.999999,1000,8295.823619
-585.0947,1000,8305.842803
-600.0,1000,8312.779726
-599.724897,1000,8322.307004
-599.999498,1000,8329.296027
-599.997384,1000,8338.83647
-599.914408,1000,8345.750825
-599.999999,1000,8355.413827
-599.72909,1000,8362.141342
-598.649785,1000,8371.115516
-599.999953,1000,8378.220743
-600.0,1000,8388.109841
-591.626301,1000,8395.337422
697.895165,505,8400.856719
-599.654065,1000,8407.798605
-599.901956,1000,8416.630833
-599.665064,1000,8423.667517
-589.277089,1000,8433.576174
-599.942437,1000,8440.957395
-589.330148,1000,8450.079479
-596.432802,1000,8457.414254
-599.23067,1000,8467.164031
-599.998645,1000,8474.58971
-599.99941,1000,8483.933839
-598.452399,1000,8491.669706
-597.426727,1000,8500.776684
-599.773478,1000,8507.431741
-599.950887,1000,8516.46103
-600.0,1000,8524.298275
-600.0,1000,8534.539624
-599.694052,1000,8541.300455
-599.907559,1000,8550.440392
-600.0,1000,8557.504909
-597.749229,1000,8566.408349
-599.998135,1000,8573.440099
-594.858426,1000,8583.39038
-599.999923,1000,8591.146272
-586.224703,1000,8600.400243
-599.995925,1000,8607.210793
-599.999939,1000,8617.5309
-599.917658,1000,8624.745613
-599.999999,1000,8634.12948
-599.577965,1000,8641.358983
-599.135412,1000,8650.715725
-600.0,1000,8657.359753
-599.999997,1000,8666.395042
-599.953652,1000,8673.343888
-599.999987,1000,8682.572717
-597.390092,1000,8689.996998
-598.602981,1000,8699.417104
-599.999805,1000,8706.135887
-599.964913,1000,8715.194299
-599.993677,1000,8721.944961
-600.0,1000,8731.720191
-599.910731,1000,8738.550977
-590.289714,1000,8748.050743
-599.981221,1000,8754.857171
-599.929924,1000,8764.785526
-599.999339,1000,8772.693071
-592.975313,1000,8782.242218
-597.458721,1000,8789.841771
-599.994756,1000,8799.189533
-598.113282,1000,8806.039439
-599.980143,1000,8814.946263
-599.840789,1000,8822.556685
-597.429492,1000,8832.039628
-597.823774,1000,8839.221893
-586.662341,1000,8848.329951
-599.999973,1000,8855.15616
-600.0,1000,8864.674069
-599.953357,1000,8872.424836
-599.884998,1000,8881.636681
-599.998922,1000,8889.355133
-599.993098,1000,8899.629565
-600.0,1000,8906.912525
-599.999999,1000,8916.285895
-598.611276,1000,8923.439304
-592.453067,1000,8932.65961
-599.946993,1000,8939.44424
-600.0,1000,8949.391069
-599.999858,1000,8957.186145
-599.144146,1000,8966.615721
-599.986172,1000,8974.326977
-592.923667,1000,8983.710102
-594.903808,1000,8990.537635
-591.588529,1000,9000.323595
-599.18748,1000,9007.129927
-599.270179,1000,9016.705267
-600.0,1000,9023.620497
-599.965523,1000,9032.91383
-595.676853,1000,9039.799011
-599.915519,1000,9049.566345
-600.0,1000,9056.467813
-588.602128,1000,9065.504773
-600.0,1000,9072.175334
867.334925,224,9073.599158
-599.999751,1000,9082.966
-588.733103,1000,9090.166612
-592.443912,1000,9100.201132
-600.0,1000,9107.301155
-599.966165,1000,9116.791389
-599.998814,1000,9124.341173
-599.99945,1000,9133.458578
607.666856,666,9138.107784
-599.833166,1000,9147.741027
-598.697688,1000,9154.119932
-599.998022,1000,9163.336013
-589.309157,1000,9170.618112
-600.0,1000,9179.916092
-599.932828,1000,9187.714211
-600.0,1000,9197.642716
-594.231582,1000,9205.123863
-599.998284,1000,9214.909961
-599.934288,1000,9222.227036
-600.0,1000,9231.46654
-600.0,1000,9238.240191
-597.641203,1000,9247.898298
-599.964438,1000,9254.874444
-599.858693,1000,9264.368581
-596.38624,1000,9271.706678
-599.326551,1000,9281.018797
-599.905839,1000,9288.328369
-599.999987,1000,9297.657684
-585.837758,1000,9304.286234
-592.949624,1000,9313.611429
-592.665118,1000,9320.472948
-599.851931,1000,9329.531383
-600.0,1000,9336.312595
-595.026847,1000,9345.687089
-600.0,1000,9352.702676
-600.0,1000,9361.89245
-599.579171,1000,9368.573359
-599.999767,1000,9377.840234
-599.507145,1000,9384.572116
-599.999998,1000,9393.920123
-599.969402,1000,9400.550008
-599.538933,1000,9409.771032
-599.999875,1000,9416.967004
-599.418897,1000,9426.445884
-600.0,1000,9433.331656
-599.997447,1000,9442.997544
-599.707059,1000,9449.883595
-600.0,1000,9459.55831
-593.984538,1000,9466.713047
-598.543553,1000,9476.319359
-599.999998,1000,9483.30727
-599.999998,1000,9492.80346
-582.925238,1000,9500.146289
-599.99999,1000,9510.768222
-599.678554,1000,9518.016979
-600.0,1000,9528.285728
-599.998622,1000,9536.097961
-599.413752,1000,9545.375761
-599.999952,1000,9552.619514
-595.78687,1000,9561.946995
-599.967373,1000,9568.840534
-600.0,1000,9578.303003
-599.926866,1000,9585.331468
-599.094834,1000,9594.880876
-600.0,1000,9601.607043
-597.596152,1000,9610.701359
-599.36485,1000,9617.696082
-599.995343,1000,9628.109528
-599.993916,1000,9634.984407
-600.0,1000,9644.473928
-593.527178,1000,9651.155039
-599.999549,1000,9660.64157
-591.608182,1000,9667.529623
-599.988784,1000,9677.612482
-600.0,1000,9684.216023
-599.904064,1000,9693.834556
-599.875418,1000,9700.771272
-599.976439,1000,9709.948423
-599.443542,1000,9716.401423
-599.999999,1000,9725.811402
-591.70742,1000,9733.008162
-599.999887,1000,9742.779327
-599.999999,1000,9750.667961
-599.994141,1000,9760.245909
-600.0,1000,9767.045321
-599.999998,1000,9777.21586
-598.76624,1000,9783.875856
-597.423204,1000,9793.314401
-599.999495,1000,9800.137949
-600.0,1000,9809.585049
-599.828679,1000,9816.190736
-585.038775,1000,9826.156219
-599.956288,1000,9833.134996
-599.99944,1000,9842.704755
-599.926416,1000,9849.582375
-599.995247,1000,9859.116659
-599.979136,1000,9866.030514
-599.996526,1000,9875.680546
-599.99375,1000,9882.70333
-596.640413,1000,9892.285869
-600.0,1000,9898.965964
-594.83483,1000,9908.492868
-599.953973,1000,9915.377241
-599.992384,1000,9924.89354
-599.459438,1000,9931.76669
-599.830393,1000,9941.169881
-598.818215,1000,9947.988288
-600.0,1000,9957.351383
-600.0,1000,9964.302624
-599.892593,1000,9973.689243
-599.069417,1000,9980.503894
-599.999557,1000,9989.968448
-599.984653,1000,9996.73511
-599.99991,1000,10006.226918
-600.0,1000,10013.165754
-588.866056,1000,10022.554067
-599.753646,1000,10029.319614
-600.0,1000,10038.733273
-598.413347,1000,10045.36728
-600.0,1000,10054.53996
-600.0,1000,10061.175396
-599.999862,1000,10070.701005
-599.999993,1000,10077.721869
-596.40927,1000,10087.456379
844.369253,266,10089.390301
-599.983963,1000,10096.044615
-598.114671,1000,10106.415903
-600.0,1000,10113.57761
-599.986688,1000,10122.977722
-597.58567,1000,10129.817036
-599.999961,1000,10139.253037
-589.899337,1000,10145.821342
-597.434219,1000,10155.266549
-600.0,1000,10162.188715
-600.0,1000,10171.952999
-598.935801,1000,10178.877495
-599.98745,1000,10188.448028
-594.446492,1000,10195.28693
-600.0,1000,10204.788895
-596.122832,1000,10211.977554
-599.985228,1000,10221.36
-593.100387,1000,10228.265509
-599.93279,1000,10237.735904
-599.999901,1000,10244.635483
-598.87986,1000,10254.098725
-599.861936,1000,10260.844853
-599.999989,1000,10270.308956
-599.636153,1000,10277.051968
-594.498587,1000,10286.708299
-599.999999,1000,10293.51758
-599.970675,1000,10303.096049
-599.940873,1000,10309.932432
-600.0,1000,10319.584311
-599.999997,1000,10326.324227
-599.485849,1000,10335.857255
-599.999998,1000,10342.509336
-598.608325,1000,10351.910155
-599.999993,1000,10358.532209
-599.994358,1000,10368.557724
-599.999962,1000,10375.371686
-596.74182,1000,10385.106636
-600.0,1000,10391.901555
-600.0,1000,10401.425872
-599.999998,1000,10408.330636
-591.734993,1000,10418.07296
-600.0,1000,10424.97806
-597.651699,1000,10434.322064
-600.0,1000,10441.488889
-599.999995,1000,10450.987551
-599.999999,1000,10457.939252
-597.507248,1000,10468.011109
-597.786002,1000,10474.865591
-599.999998,1000,10484.379968
-599.999998,1000,10491.278193
-576.575082,1000,10502.006566
-599.913087,1000,10509.047142
-600.0,1000,10518.778944
-585.98002,1000,10525.756015
-577.905068,1000,10535.321293
-599.51719,1000,10542.205587
-599.247397,1000,10551.98185
-599.311203,1000,10558.744098
-599.476223,1000,10568.261788
-598.929051,1000,10575.899162
-599.999979,1000,10585.981182
-599.900762,1000,10593.290575
-599.8944,1000,10602.671137
-597.447282,1000,10609.52265
-599.999886,1000,10619.194709
-599.890721,1000,10626.242063
-599.999999,1000,10636.00267
-598.120704,1000,10642.865788
-585.253922,1000,10652.454552
-599.100908,1000,10659.503719
-594.356483,1000,10669.375186
-599.598105,1000,10676.217234
-600.0,1000,10686.25685
-599.999216,1000,10693.004704
-599.999304,1000,10702.432688
-593.85196,1000,10709.316273
-599.07622,1000,10718.839216
-591.461371,1000,10725.736943
-599.895182,1000,10735.488809
-599.966834,1000,10743.002864
-586.229461,1000,10752.672364
-599.980474,1000,10759.540441
-586.237625,1000,10769.28221
-599.414794,1000,10776.192763
-599.999969,1000,10786.017926
-584.658204,1000,10792.974424
-600.0,1000,10802.691755
-599.99913,1000,10809.319544
-599.998989,1000,10819.175956
-599.999873,1000,10826.305498
-599.623468,1000,10836.085825
-599.807605,1000,10842.971378
-584.43949,1000,10852.711029
-600.0,1000,10859.389284
-599.999999,1000,10869.070997
-595.738075,1000,10875.963624
-600.0,1000,10886.043458
-599.999427,1000,10892.946827
-584.907857,1000,10902.741952
-597.433479,1000,10909.667885
-591.744631,1000,10919.406456
-599.96232,1000,10926.224529
-599.999913,1000,10936.585734
-599.985145,1000,10943.70868
-599.995559,1000,10953.566324
-585.139365,1000,10960.547961
-599.824403,1000,10970.6835
-599.818855,1000,10977.755991
-600.0,1000,10987.461531
-598.949645,1000,10994.859266
-599.967099,1000,11004.277075
-585.728374,1000,11011.188375
-596.488861,1000,11021.1133
-592.082135,1000,11027.960856
-599.757143,1000,11037.815143
-589.793535,1000,11044.818093
-599.804679,1000,11054.694166
-600.0,1000,11061.529533
-599.942257,1000,11071.74769
706.605775,490,11074.525826
-599.980278,1000,11084.365936
-599.906725,1000,11091.262941
-600.0,1000,11100.844448
-599.999999,1000,11107.606725
-597.043051,1000,11117.327495
-599.981772,1000,11124.264412
-580.67293,1000,11134.021612
-599.999312,1000,11140.846191
-599.999612,1000,11150.601618
-596.20978,1000,11157.539743
-599.677712,1000,11167.404481
-599.999985,1000,11174.312639
-598.189378,1000,11184.114153
-600.0,1000,11190.90781
-599.900083,1000,11201.692674
-597.685831,1000,11208.587036
-599.915255,1000,11218.302845
-599.995159,1000,11225.653766
-600.0,1000,11235.293481
-595.400707,1000,11242.120521
-599.901498,1000,11251.934085
-599.965002,1000,11258.801023
-596.143084,1000,11268.644212
-599.880387,1000,11275.381448
-599.995677,1000,11285.148555
-600.0,1000,11291.95528
-586.920578,1000,11301.780112
-599.999851,1000,11308.493579
-599.999209,1000,11318.198237
-599.9493,1000,11325.434585
-599.999997,1000,11335.271918
-600.0,1000,11342.326725
-599.877491,1000,11352.188191
-598.916495,1000,11358.949942
-600.0,1000,11368.93233
-599.644832,1000,11375.918031
-599.945937,1000,11386.261396
-599.43763,1000,11393.305324
-596.586625,1000,11403.677271
-600.0,1000,11410.589962
898.843207,172,11411.924321
-599.999738,1000,11421.970781
881.365098,201,11423.354341
-600.0,1000,11430.071054
-599.958511,1000,11439.983298
-599.999953,1000,11447.024392
-599.999998,1000,11458.09217
-600.0,1000,11464.917997
-599.999962,1000,11474.794291
-599.99734,1000,11481.524418
-599.992714,1000,11491.207701
662.398757,564,11495.322168
-600.0,1000,11505.20724
-599.993165,1000,11511.973973
-599.95412,1000,11522.005651
-600.0,1000,11528.871871
787.681843,355,11530.999347
-599.773838,1000,11541.134354
-599.999999,1000,11547.972554
-599.330496,1000,11557.880663
-600.0,1000,11564.566705
-599.992575,1000,11574.741767
-599.89783,1000,11581.973467
-600.0,1000,11592.157549
-599.128377,1000,11599.625419
-591.21338,1000,11609.565826
-599.781104,1000,11616.35467
-599.999969,1000,11626.363702
-599.855363,1000,11633.258124
-599.999984,1000,11643.242277
-597.859791,1000,11650.031018
-598.929701,1000,11659.769946
-600.0,1000,11666.685152
-599.322683,1000,11676.517734
-598.612897,1000,11683.308138
-600.0,1000,11693.320713
-593.81106,1000,11700.302243
-600.0,1000,11710.299798
-599.999968,1000,11717.203689
-600.0,1000,11727.305314
-599.99948,1000,11734.02327
-599.992898,1000,11743.978294
-599.988087,1000,11750.843043
-600.0,1000,11760.893558
-596.455391,1000,11767.448108
-600.0,1000,11777.426437
-599.999965,1000,11784.350765
-599.903335,1000,11794.372762
-600.0,1000,11801.395207
-599.999818,1000,11811.267344
-597.368861,1000,11818.068982
-599.300298,1000,11828.031323
-599.948661,1000,11835.322559
-595.774523,1000,11845.354556
-599.999904,1000,11852.168957
-600.0,1000,11862.147414
-599.999971,1000,11869.087373
-600.0,1000,11878.840269
-600.0,1000,11885.736492
-584.652321,1000,11895.905002
-600.0,1000,11902.874879
-597.543034,1000,11912.919631
-599.999846,1000,11919.802537
-599.986723,1000,11930.22208
-600.0,1000,11936.992498
-599.924106,1000,11947.252879
-595.521123,1000,11954.281689
-600.0,1000,11964.285342
-599.999985,1000,11971.14062
-599.999469,1000,11981.174606
-600.0,1000,11987.952588
-600.0,1000,11997.896998
-599.87131,1000,12004.866781
-599.999994,1000,12014.814306
-599.999188,1000,12021.630688
-598.19414,1000,12031.610451
-599.819227,1000,12038.448714
-600.0,1000,12048.334816
-599.341255,1000,12055.085041
-599.999926,1000,12065.077448
-599.999162,1000,12071.909946
-599.980554,1000,12081.985566
-600.0,1000,12089.025585
-599.878386,1000,12099.378114
-596.134007,1000,12106.053952
-599.993045,1000,12115.74578
-600.0,1000,12122.65632
-599.052413,1000,12132.686515
-599.455791,1000,12139.813656
-599.992589,1000,12150.084012
-598.118181,1000,12156.943571
-599.622845,1000,12166.944088
780.494105,367,12169.613979
-597.906544,1000,12176.471616
-595.175196,1000,12186.385867
-599.999997,1000,12193.244069
-600.0,1000,12203.312724
-592.063892,1000,12210.239449
-591.54028,1000,12220.006574
-592.79485,1000,12226.67521
-597.974589,1000,12236.763569
-596.344554,1000,12243.435705
-581.415816,1000,12253.50676
-589.992682,1000,12260.511936
782.297265,364,12266.448716
-599.79986,1000,12273.47293
-597.103102,1000,12283.52092
-586.809804,1000,12290.242726
-599.876321,1000,12300.506666
-599.866336,1000,12307.917731
-589.879331,1000,12318.302073
-599.998757,1000,12325.270417
732.694727,451,12328.096045
-597.416,1000,12338.129201
-597.521509,1000,12344.84674
-600.0,1000,12354.822251
-600.0,1000,12361.773022
-599.999815,1000,12371.83485
-599.911371,1000,12378.577421
-598.015376,1000,12388.454279
-600.0,1000,12395.261955
-590.35472,1000,12405.20159
-580.801208,1000,12411.972518
-599.99997,1000,12422.020427
-600.0,1000,12428.550621
-596.335382,1000,12438.371518
-599.767462,1000,12445.149014
-599.999885,1000,12454.871891
-599.994684,1000,12461.730082
-595.855013,1000,12471.485289
-599.99809,1000,12478.286294
-599.993423,1000,12488.363099
725.042253,465,12491.761699
-599.410579,1000,12501.745857
-600.0,1000,12508.527246
-599.942156,1000,12518.691724
-599.984294,1000,12525.536976
-586.598865,1000,12535.654231
617.729754,643,12539.891108
-600.0,1000,12546.859164
-599.994055,1000,12557.879819
-597.090269,1000,12564.798045
-599.949018,1000,12574.772727
-599.580629,1000,12581.645697
-599.966288,1000,12591.811409
-599.870889,1000,12598.677571
-593.899248,1000,12608.751633
-576.108073,1000,12615.589937
-600.0,1000,12625.52742
-586.778228,1000,12632.297401
-600.0,1000,12642.394034
930.537074,117,12643.108644
-595.669356,1000,12649.887499
-599.856959,1000,12659.821516
-599.831924,1000,12666.622479
-599.766198,1000,12676.859756
-599.142679,1000,12683.804275
-598.758175,1000,12693.90848
-599.989631,1000,12700.778157
-599.904066,1000,12710.996078
-599.99752,1000,12718.000946
-600.0,1000,12728.243581
-600.0,1000,12735.087987
-599.992407,1000,12745.192739
-599.96166,1000,12752.082717
-599.999998,1000,12761.970172
-581.147512,1000,12768.87021
-600.0,1000,12778.967247
-599.841699,1000,12785.785048
-598.964251,1000,12795.910244
-599.919826,1000,12802.748471
-599.986304,1000,12812.862233
-599.999271,1000,12819.730423
-597.874763,1000,12829.917217
-600.0,1000,12836.796253
-600.0,1000,12846.932297
-599.999253,1000,12853.512714
-597.091966,1000,12863.661328
-596.097827,1000,12870.56015
-593.463894,1000,12880.742357
-600.0,1000,12887.616814
-599.999429,1000,12897.768029
-589.061267,1000,12904.606304
-599.992686,1000,12914.762348
-599.914199,1000,12921.695761
-599.999998,1000,12931.998515
-599.617335,1000,12938.903415
-600.0,1000,12949.166553
778.656186,370,12951.854003
-599.999493,1000,12961.929932
-599.9956,1000,12968.733036
-599.984097,1000,12978.985054
-599.213294,1000,12985.876689
-597.531426,1000,12996.129607
-600.0,1000,13002.982037
-599.675808,1000,13013.157902
-591.939481,1000,13019.789387
-599.890095,1000,13029.913341
-599.799662,1000,13036.716692
-591.606412,1000,13046.963061
781.030777,366,13049.67109
-599.999974,1000,13056.559831
-600.0,1000,13066.833961
-599.163889,1000,13073.773299
-599.990715,1000,13084.062578
-599.946856,1000,13091.024831
-598.82124,1000,13101.255465
-597.205358,1000,13107.995493
-590.761411,1000,13118.359772
-599.931811,1000,13125.235506
-599.999152,1000,13135.52891
-600.0,1000,13142.425884
-600.0,1000,13152.759061
-599.630487,1000,13159.715696
-599.999891,1000,13170.145428
-599.990041,1000,13177.020435
-599.142858,1000,13187.389414
-599.999616,1000,13193.925754
-600.0,1000,13204.304173
-599.876464,1000,13211.322735
778.297882,372,13213.518286
-600.0,1000,13223.680038
-596.164558,1000,13230.379773
-598.785364,1000,13240.562204
-599.983613,1000,13247.425395
-598.615283,1000,13257.670567
-596.147691,1000,13264.470779
-599.999896,1000,13274.829262
-599.722452,1000,13281.740731
-600.0,1000,13292.170814
-599.023141,1000,13299.027234
-599.817547,1000,13309.291147
-599.996555,1000,13316.217768
-583.479397,1000,13326.37838
-599.999999,1000,13333.280968
-597.952132,1000,13343.559683
-581.473551,1000,13350.471763
-600.0,1000,13360.708026
-599.999544,1000,13367.293891
-600.0,1000,13377.486503
-599.733262,1000,13384.31697
-594.252635,1000,13395.03615
-598.598283,1000,13401.982888
-594.964779,1000,13412.328538
-599.905945,1000,13419.209257
-600.0,1000,13429.476677
-599.99996,1000,13436.383719
-599.999997,1000,13446.364812
-599.99936,1000,13453.130558
-595.836879,1000,13463.533079
-599.999999,1000,13470.479743
-599.88341,1000,13480.939624
-600.0,1000,13487.865698
-600.0,1000,13498.189009
-599.700033,1000,13505.143706
-599.998825,1000,13515.360844
-600.0,1000,13522.294533
-600.0,1000,13532.526259
-600.0,1000,13539.366881
-599.544582,1000,13549.768589
-592.610556,1000,13556.610556
-597.661839,1000,13566.980385
-580.000799,1000,13573.919447
816.059622,310,13579.981982
-595.757933,1000,13586.799929
-599.897965,1000,13597.179588
-600.0,1000,13604.008034
-597.987797,1000,13614.425722
-599.906996,1000,13621.37752
-599.966842,1000,13631.509838
-598.399625,1000,13638.37661
-599.793521,1000,13648.679801
-599.999925,1000,13655.512958
-600.0,1000,13665.843754
-599.259783,1000,13672.74444
606.118732,668,13676.964938
-599.995476,1000,13687.053137
-600.0,1000,13694.085259
-599.999995,1000,13704.248578
535.706871,789,13709.688173
-599.493508,1000,13719.954928
-600.0,1000,13726.893062
-599.992725,1000,13737.440327
-599.999809,1000,13744.169207
-596.30147,1000,13754.316116
-600.0,1000,13761.013759
-583.140057,1000,13771.468059
-599.998837,1000,13778.319587
-595.959053,1000,13788.77779
-599.819986,1000,13795.588983
-600.0,1000,13806.082651
-599.999677,1000,13812.741134
-599.881992,1000,13823.124362
-594.618454,1000,13830.038849
-599.745843,1000,13840.574112
785.988047,365,13843.300358
-599.775972,1000,13853.795626
-600.0,1000,13860.50367
-599.999921,1000,13870.925904
-590.580727,1000,13877.767366
-599.842955,1000,13888.22772
-597.698809,1000,13895.131995
-599.844041,1000,13905.520879
-599.510531,1000,13912.408471
-599.81391,1000,13922.753157
-599.717213,1000,13929.543785
-600.0,1000,13940.014676
-599.992834,1000,13946.97982
-599.857152,1000,13957.445956
-599.999127,1000,13964.196059
-599.999901,1000,13974.622713
-599.841281,1000,13981.409164
-592.064971,1000,13991.835518
-599.999984,1000,13998.755883
-597.258573,1000,14009.041676
-599.996058,1000,14015.989046
-599.148415,1000,14026.309922
-596.755318,1000,14033.240926
-600.0,1000,14043.862842
-600.0,1000,14050.806798
-600.0,1000,14061.720574
-599.845899,1000,14068.749579
-600.0,1000,14079.289929
-599.990896,1000,14086.193873
-599.981486,1000,14096.773478
-592.859079,1000,14103.478211
-599.997037,1000,14113.985158
-599.66136,1000,14120.785451
-599.93059,1000,14131.326492
-599.967498,1000,14138.18589
-599.109965,1000,14148.770974
-598.93963,1000,14155.601759
-599.955835,1000,14166.15963
-597.479025,1000,14172.920295
-600.0,1000,14183.393521
-600.0,1000,14189.951314
-579.065658,1000,14200.573674
-565.776027,1000,14207.435734
-590.170025,1000,14217.705935
-597.355477,1000,14224.673064
-599.999996,1000,14235.330894
-600.0,1000,14242.020271
-599.999995,1000,14252.613647
-600.0,1000,14259.605046
-599.999999,1000,14270.164076
-599.996391,1000,14276.954192
-600.0,1000,14287.600859
-599.252676,1000,14294.585969
-600.0,1000,14305.198248
-599.572084,1000,14311.920825
-580.620567,1000,14322.480656
-586.254759,1000,14329.283335
-599.930084,1000,14339.653955
-599.661365,1000,14346.466892
-599.999955,1000,14357.080488
-600.0,1000,14363.916337
-598.895926,1000,14374.497452
-599.890062,1000,14381.382268
-599.991341,1000,14392.042137
-599.852446,1000,14398.778772
-599.910597,1000,14409.209926
-599.511226,1000,14416.019154
-600.0,1000,14426.676056
-599.646285,1000,14433.640959
-599.99967,1000,14444.312668
-595.734858,1000,14451.23754
-599.830901,1000,14461.672204
-599.419434,1000,14468.390129
-600.0,1000,14478.856274
-599.99971,1000,14485.554591
-598.531873,1000,14496.237355
-599.758507,1000,14503.228952
-599.244811,1000,14513.961371
781.707154,365,14516.149027
-600.0,1000,14523.064404
-596.503292,1000,14533.597216
-599.75151,1000,14540.564455
-599.979626,1000,14551.210252
828.726288,289,14553.308073
-587.481126,1000,14560.19578
-599.777357,1000,14570.57503
-600.0,1000,14577.290749
-554.538213,1000,14587.804788
-599.923211,1000,14594.457656
-599.999995,1000,14605.000441
-598.525943,1000,14611.90288
-599.926308,1000,14622.444383
-599.999909,1000,14629.161583
-598.252638,1000,14639.844946
-599.916414,1000,14646.74493
-599.433989,1000,14657.390736
-600.0,1000,14664.319306
-599.941334,1000,14674.966558
-599.998358,1000,14681.834132
-599.999995,1000,14692.277813
-599.994507,1000,14699.09441
-591.48739,1000,14709.704857
-599.844753,1000,14716.647193
-599.921222,1000,14727.33955
-599.975326,1000,14734.239941
-599.999688,1000,14744.951442
-600.0,1000,14751.686523
-588.852887,1000,14762.369211
-599.999914,1000,14769.316665
-599.997005,1000,14779.999884
-599.823676,1000,14786.838098
-599.998438,1000,14797.48036
-594.962883,1000,14804.325652
-599.994036,1000,14815.066272
-599.999904,1000,14821.94639
-595.964387,1000,14832.666973
-599.710715,1000,14839.60483
-597.851936,1000,14850.180146
-599.824581,1000,14857.136497
-599.929622,1000,14867.77331
-599.935485,1000,14874.526179
-594.126125,1000,14884.979012
-599.242942,1000,14891.716535
-588.916483,1000,14902.260694
-599.999656,1000,14909.091131
-595.628579,1000,14919.723745
-599.999969,1000,14926.668299
-600.0,1000,14937.487358
-600.0,1000,14944.374225
-593.932472,1000,14955.147637
-599.999995,1000,14962.109545
-594.244542,1000,14972.734275
-590.174718,1000,14979.637197
-600.0,1000,14990.167728
-592.26927,1000,14997.08224
-595.215189,1000,15007.937392
-599.934841,1000,15014.80457
-600.0,1000,15025.418234
-584.897068,1000,15032.240631
-599.945362,1000,15043.016589
-559.342907,1000,15049.925877
-599.996077,1000,15060.783428
-599.999684,1000,15067.700665
-599.784992,1000,15078.395954
-600.0,1000,15085.4016
-599.922891,1000,15096.290651
-599.999999,1000,15103.055409
-599.953922,1000,15114.169799
-600.0,1000,15120.984426
-593.423362,1000,15132.063021
-587.828073,1000,15139.188136
-587.72393,1000,15150.19069
-580.972757,1000,15157.106177
-600.0,1000,15168.011303
-599.90428,1000,15175.097668
-599.885794,1000,15186.191084
-590.92763,1000,15193.120295
-587.019069,1000,15204.015113
-599.999999,1000,15210.791497
-599.997585,1000,15221.696868
-593.904044,1000,15228.463108
-589.181843,1000,15239.650062
-599.861199,1000,15246.734915
-599.999978,1000,15258.004987
727.012594,456,15261.622067
-599.897986,1000,15273.100621
-600.0,1000,15280.253271
-599.982973,1000,15291.756661
-599.959172,1000,15298.958521
-579.119724,1000,15310.178905
-599.894732,1000,15317.387079
-598.834408,1000,15328.485576
-599.99925,1000,15335.529563
-599.192521,1000,15346.607494
-596.960263,1000,15353.610893
-599.4322,1000,15364.98625
-586.838858,1000,15372.189123
-591.119279,1000,15383.307495
492.97131,855,15389.247595
-599.993928,1000,15396.46561
-589.552698,1000,15408.004996
-595.989718,1000,15415.236151
-598.072416,1000,15426.763748
-583.918487,1000,15434.010614
-596.918113,1000,15445.516292
-599.998848,1000,15452.767398
-599.988222,1000,15464.047874
-599.998564,1000,15471.103016
-599.99751,1000,15482.315078
-599.999997,1000,15489.541721
-600.0,1000,15500.612808
-600.0,1000,15507.857821
-600.0,1000,15520.066859
-599.99962,1000,15526.732156
-599.993997,1000,15537.94735
-600.0,1000,15544.619681
-586.278404,1000,15555.838585
-581.670377,1000,15562.773276
-599.994632,1000,15573.871056
-599.93579,1000,15580.933065
-595.027295,1000,15592.212825
-599.999651,1000,15599.319129
-599.991811,1000,15610.40956
-594.12915,1000,15617.364317
-599.740701,1000,15628.323714
-599.985669,1000,15635.379086
-599.996658,1000,15646.503213
-600.0,1000,15653.580399
-600.0,1000,15664.62506
807.529018,324,15667.321124
-599.999996,1000,15678.306441
-600.0,1000,15685.295893
-599.91191,1000,15696.492329
-600.0,1000,15703.559434
-596.85237,1000,15714.591786
-599.976071,1000,15721.353975
-599.999786,1000,15732.446307
-591.05002,1000,15739.438747
-597.523763,1000,15750.428218
-599.994903,1000,15757.159142
-600.0,1000,15768.266726
-593.964452,1000,15775.365094
-599.999999,1000,15786.558091
-582.499051,1000,15793.676161
-599.998307,1000,15804.844499
-588.282523,1000,15811.566534
-599.995508,1000,15822.840631
-599.970276,1000,15829.724284
-598.082678,1000,15840.972685
-587.787207,1000,15848.004084
-599.999982,1000,15859.175374
-599.999991,1000,15866.168093
-599.999998,1000,15877.334002
-599.924695,1000,15884.131284
-599.999993,1000,15895.247226
-599.995494,1000,15902.163302
-599.945272,1000,15913.367571
-600.0,1000,15920.470398
-599.719977,1000,15931.720328
-600.0,1000,15938.7804
-600.0,1000,15949.796156
-599.692871,1000,15956.895306
-599.995392,1000,15968.375552
-596.698746,1000,15975.2378
-599.992131,1000,15986.404083
-599.480953,1000,15993.395008
878.09431,207,15994.784521
-596.630191,1000,16006.083735
-591.590208,1000,16013.151185
-599.472212,1000,16024.152094
-588.541011,1000,16030.886581
-592.45656,1000,16042.178323
-599.99999,1000,16049.003093
-600.0,1000,16060.173445
-597.706499,1000,16067.262989
-599.99813,1000,16078.356565
-599.977667,1000,16085.035407
-599.351242,1000,16095.888549
-599.78798,1000,16102.82982
-595.667237,1000,16114.019515
-592.142332,1000,16121.126543
-599.998593,1000,16132.164696
-599.125737,1000,16138.988945
-599.2318,1000,16150.141751
-600.0,1000,16156.978158
-600.0,1000,16168.280284
-599.987203,1000,16175.269591
-599.999958,1000,16186.46555
-597.841867,1000,16193.536434
-599.758648,1000,16204.621262
-593.959139,1000,16211.642354
-600.0,1000,16222.772562
-591.054167,1000,16229.630286
-599.696843,1000,16240.64977
-599.997713,1000,16247.633041
-598.221099,1000,16258.575198
-591.114628,1000,16265.487197
-600.0,1000,16276.458424
-599.941553,1000,16283.376049
-599.716532,1000,16294.321818
-600.0,1000,16301.175926
-600.0,1000,16312.135758
-597.738906,1000,16319.026566
-599.999999,1000,16330.110408
-599.949682,1000,16336.651266
-599.992407,1000,16347.603443
-599.738711,1000,16354.413533
-599.989319,1000,16365.744885
-600.0,1000,16372.576788
-600.0,1000,16383.565699
-599.998337,1000,16390.199161
-597.772205,1000,16401.415219
-599.983141,1000,16408.313688
-599.997226,1000,16419.463394
-594.019851,1000,16426.127746
-599.470086,1000,16437.246517
-600.0,1000,16444.092511
-599.998095,1000,16455.132071
-596.608018,1000,16461.700033
-593.712414,1000,16472.731214
-596.912267,1000,16479.605183
-599.941506,1000,16490.711024
-599.911205,1000,16497.570386
-579.036794,1000,16508.536717
-599.749257,1000,16515.283962
-600.0,1000,16526.362958
-599.745853,1000,16533.124677
785.832902,358,16535.165662
-599.999701,1000,16546.142424
-599.772248,1000,16552.949378
-599.956049,1000,16564.044339
739.54662,439,16567.388437
-599.999439,1000,16578.398871
-599.952198,1000,16585.265229
-599.723621,1000,16596.286316
-600.0,1000,16603.088178
-589.582716,1000,16614.15751
-599.738376,1000,16620.856906
-599.313635,1000,16631.941886
-600.0,1000,16638.83331
-574.919601,1000,16649.904295
-585.176839,1000,16656.767432
-598.351684,1000,16667.579735
-599.93719,1000,16674.120135
-599.980228,1000,16685.170779
-591.657672,1000,16691.981939
-600.0,1000,16703.14675
-599.998317,1000,16710.025209
-599.992579,1000,16721.302695
-599.996364,1000,16728.203709
-585.243359,1000,16739.335564
-591.539872,1000,16746.219322
-599.992461,1000,16757.405099
-600.0,1000,16764.233667
-599.999999,1000,16775.288926
-599.958845,1000,16782.463561
-599.999999,1000,16793.654919
-599.651813,1000,16800.398598
-599.964492,1000,16811.633379
-599.999997,1000,16818.528428
-600.0,1000,16829.689425
-594.675074,1000,16836.5684
-599.999998,1000,16848.117004
-599.92046,1000,16854.948636
934.328122,112,16855.659456
-598.108454,1000,16867.170853
-599.397142,1000,16874.010078
-599.965734,1000,16885.066047
-599.999993,1000,16891.617424
-588.038012,1000,16902.898579
-587.693533,1000,16909.811499
-599.946188,1000,16920.995833
-598.21302,1000,16927.878798
-593.375617,1000,16939.155521
-599.932216,1000,16945.735069
-595.923453,1000,16956.631889
-599.804346,1000,16963.466117
-600.0,1000,16974.694675
-599.882286,1000,16981.544686
-598.731953,1000,16992.719929
-595.70167,1000,16999.486661
-599.497122,1000,17010.278224
-600.0,1000,17016.85283
-599.759048,1000,17028.046205
-592.476059,1000,17034.79266
-599.972977,1000,17046.388868
-600.0,1000,17053.108423
-600.0,1000,17064.507156
-599.980635,1000,17071.337198
-600.0,1000,17082.451025
-593.978956,1000,17089.364709
-599.999951,1000,17100.574283
-599.072959,1000,17107.330183
-598.752322,1000,17118.667945
-600.0,1000,17125.314489
-598.363573,1000,17136.264422
-599.990026,1000,17143.125389
-600.0,1000,17154.233825
-599.999999,1000,17160.718415
-599.99991,1000,17172.062881
-600.0,1000,17178.917973
-599.842054,1000,17190.173936
429.964154,975,17196.972574
-599.570025,1000,17208.286438
-599.803666,1000,17215.182823
-588.593109,1000,17226.526713
-600.0,1000,17233.438222
-599.999603,1000,17244.696964
-598.853905,1000,17251.573833
-599.946077,1000,17262.830266
-600.0,1000,17269.341083
-599.999557,1000,17280.448177
-600.0,1000,17287.093003
-599.999999,1000,17298.307802
-600.0,1000,17305.240706
-599.999986,1000,17316.554412
-599.999998,1000,17323.466658
-591.797641,1000,17334.737883
-582.596966,1000,17341.482943
-600.0,1000,17352.6007
-597.916106,1000,17359.393816
-600.0,1000,17370.714662
-599.304137,1000,17377.541767
-589.581803,1000,17388.936012
-600.0,1000,17395.74886
-599.956583,1000,17407.04569
-600.0,1000,17413.898387
-599.993312,1000,17424.749485
-599.988834,1000,17431.607418
-591.363997,1000,17442.967205
-599.405887,1000,17449.854349
-599.977737,1000,17461.092935
-599.999917,1000,17467.664745
-600.0,1000,17478.915863
-599.998919,1000,17485.802931
-599.88585,1000,17497.157063
-578.260449,1000,17503.978693
-600.0,1000,17515.218913
-598.067688,1000,17522.082718
-599.999773,1000,17533.176576
-582.573988,1000,17539.9846
-600.0,1000,17551.23671
-600.0,1000,17558.076341
-599.890465,1000,17569.266198
-599.991553,1000,17576.146335
-600.0,1000,17587.458369
-599.93873,1000,17594.377451
-599.904929,1000,17605.780649
-599.99981,1000,17612.683682
-599.287355,1000,17624.045188
-600.0,1000,17631.043365
-599.115269,1000,17642.334517
-585.305274,1000,17649.184565
-599.951511,1000,17660.179119
-599.99999,1000,17666.924659
-599.78824,1000,17678.287433
-599.978244,1000,17685.043808
-599.735394,1000,17696.269805
-599.953208,1000,17703.077444
-599.528515,1000,17714.173746
-599.999718,1000,17720.908125
-599.999992,1000,17732.314008
-599.357404,1000,17739.198837
-577.759222,1000,17750.658703
-588.195615,1000,17757.594076
-576.746566,1000,17769.018353
-600.0,1000,17775.617585
-598.659298,1000,17786.906548
-599.980198,1000,17793.729887
-592.979816,1000,17805.115339
-600.0,1000,17811.923909
-599.960916,1000,17823.368973
-600.0,1000,17830.255928
-599.994849,1000,17841.685784
-594.183747,1000,17848.570268
-591.071479,1000,17859.958422
-599.957407,1000,17866.817298
-589.855464,1000,17878.231423
-590.734785,1000,17884.963488
-599.99517,1000,17896.302853
-599.999942,1000,17903.113989
-599.99505,1000,17914.542648
-600.0,1000,17921.31566
-599.999918,1000,17932.78558
-599.998449,1000,17939.671497
-599.999903,1000,17951.074191
-599.011522,1000,17957.964135
-586.428631,1000,17969.337224
-588.914538,1000,17976.266596
-596.251957,1000,17987.713553
-599.70988,1000,17994.542281
-584.407762,1000,18005.947839
-599.999999,1000,18012.758282
-599.999626,1000,18024.232007
-582.611186,1000,18031.167791
-599.991832,1000,18042.657644
-600.0,1000,18049.584193
-593.630743,1000,18061.031245
-598.487139,1000,18067.877731
-599.993483,1000,18079.348392
-599.899219,1000,18086.034891
-599.893081,1000,18097.523364
-589.853204,1000,18104.367541
-597.075182,1000,18116.006167
-597.24388,1000,18122.783169
-600.0,1000,18133.970543
-599.394065,1000,18140.729771
-599.996638,1000,18152.228732
-599.62094,1000,18159.125258
-584.586214,1000,18170.656686
-599.997246,1000,18177.607568
-600.0,1000,18189.116326
-599.895804,1000,18196.062038
-596.91948,1000,18207.17731
-599.624411,1000,18213.609548
-599.900226,1000,18225.191254
-582.220297,1000,18232.097697
-599.99225,1000,18243.678025
-599.659735,1000,18250.595371
-599.998608,1000,18262.273962
-599.994345,1000,18269.211346
-599.874334,1000,18280.613267
-600.0,1000,18287.289083
-599.998476,1000,18298.854917
-600.0,1000,18305.766704
-599.915662,1000,18317.556955
-599.781967,1000,18324.37859
-599.982751,1000,18336.095222
-597.532611,1000,18342.870225
-599.999528,1000,18354.477808
-585.437222,1000,18361.322701
-598.619714,1000,18372.649408
-588.709803,1000,18379.344425
-599.781241,1000,18390.863048
-599.989276,1000,18397.761867
-597.97262,1000,18409.212198
-599.999997,1000,18416.069384
903.489025,162,18416.833275
-599.993623,1000,18428.072935
-599.991009,1000,18434.952682
-599.999999,1000,18446.479866
-599.725871,1000,18453.266716
-599.347468,1000,18464.71613
-599.833126,1000,18471.588829
-597.562308,1000,18483.195368
-597.179295,1000,18490.089123
-599.479016,1000,18501.564215
-594.211181,1000,18508.285684
-599.968431,1000,18519.643896
-599.959872,1000,18526.446661
-599.637641,1000,18538.063824
-599.99999,1000,18544.843616
-599.653718,1000,18556.301566
-598.819856,1000,18563.188178
-599.003459,1000,18574.586644
-599.669275,1000,18581.325289
-599.995966,1000,18592.907656
-576.503028,1000,18599.540588
-599.999214,1000,18611.14336
-600.0,1000,18617.846282
-599.954609,1000,18629.33029
-599.861131,1000,18636.240229
906.703781,158,18637.550527
-599.222967,1000,18649.060621
-599.999983,1000,18655.824447
-599.999986,1000,18667.439159
-589.322034,1000,18674.381377
-600.0,1000,18685.984796
-599.998023,1000,18692.916924
-599.965314,1000,18704.274147
-599.9999,1000,18710.949241
-599.989911,1000,18722.565685
-599.967964,1000,18729.529855
-599.967387,1000,18741.063064
-599.99933,1000,18747.763083
-598.604892,1000,18759.149139
-599.999477,1000,18765.602695
-597.341005,1000,18777.178362
-597.220176,1000,18783.955333
-599.888467,1000,18795.47874
-596.00878,1000,18802.207239
-599.626633,1000,18813.634877
-600.0,1000,18820.300294
-599.99999,1000,18831.97121
-600.0,1000,18838.83982
-599.999974,1000,18850.600721
-600.0,1000,18857.517042
-599.573928,1000,18869.205406
-599.99951,1000,18876.076336
-600.0,1000,18887.778389
-587.481223,1000,18894.57841
-599.958995,1000,18906.621732
-600.0,1000,18913.235237
-599.998602,1000,18925.066102
-599.894275,1000,18931.746686
-600.0,1000,18943.408884
-599.998188,1000,18950.310743
-599.914943,1000,18961.629424
-599.999806,1000,18968.323832
-599.935597,1000,18979.994296
-599.077839,1000,18986.601576
-599.937369,1000,18998.016841
-599.93734,1000,19004.615523
-581.786337,1000,19016.274616
-599.981973,1000,19023.009961
-599.885427,1000,19034.663059
-599.769971,1000,19041.392062
-599.999972,1000,19053.206518
-599.901256,1000,19060.009092
-599.950398,1000,19071.752473
-596.323338,1000,19078.655197
-599.756524,1000,19090.345205
-592.249125,1000,19097.265986
-598.584017,1000,19109.046591
-600.0,1000,19115.914113
-599.865022,1000,19127.702442
-600.0,1000,19134.646568
-599.888498,1000,19146.472807
-599.900431,1000,19153.36025
-600.0,1000,19165.160521
-599.723337,1000,19172.117367
-596.926166,1000,19183.880937
-599.676891,1000,19190.824076
-599.999949,1000,19202.547485
-598.853376,1000,19209.4752
-599.96788,1000,19221.344469
-599.210767,1000,19228.311098
-598.505458,1000,19240.082293
-599.935447,1000,19247.00678
-599.99519,1000,19258.594033
-594.602591,1000,19265.48325
-569.323636,1000,19277.342579
-600.0,1000,19284.312512
-599.346563,1000,19296.103883
855.157057,245,19297.566998
-598.308443,1000,19304.290366
-599.99711,1000,19316.101245
-588.510549,1000,19323.125962
-600.0,1000,19334.792962
-599.996266,1000,19341.684095
-599.881857,1000,19353.498689
-598.64938,1000,19360.318852
-599.516607,1000,19371.820025
-598.764921,1000,19378.617579
-600.0,1000,19390.231403
-599.979262,1000,19397.106227
-600.0,1000,19408.859616
-599.89716,1000,19415.740222
-598.261268,1000,19427.458271
-592.953601,1000,19434.33238
-597.632082,1000,19446.111055
-600.0,1000,19453.007039
-599.982689,1000,19464.693307
-599.998202,1000,19471.461057
-599.98069,1000,19482.961757
-591.84276,1000,19489.6367
-595.984035,1000,19501.278196
-599.999998,1000,19507.919455
-599.959941,1000,19519.59509
-598.815668,1000,19526.494047
-599.640531,1000,19538.211686
-592.247305,1000,19544.972341
-600.0,1000,19556.70273
-599.999133,1000,19563.531006
-599.998314,1000,19575.08679
-599.53579,1000,19581.900768
-599.999995,1000,19593.552635
-599.999994,1000,19600.474295
-599.577443,1000,19612.314306
-600.0,1000,19619.166622
-600.0,1000,19630.772912
-599.997237,1000,19637.703145
-599.998412,1000,19649.571973
-599.029163,1000,19656.48005
-599.899846,1000,19668.194767
-591.943595,1000,19675.061384
-599.817862,1000,19686.830554
-596.722397,1000,19693.837336
-600.0,1000,19705.930469
-599.999989,1000,19712.926475
-600.0,1000,19725.006044
-600.0,1000,19731.939718
-588.969485,1000,19743.903153
-599.99445,1000,19750.904188
-595.703809,1000,19762.843712
-595.477123,1000,19769.859716
-599.998021,1000,19781.706017
-599.903643,1000,19788.576327
-600.0,1000,19800.411898
-582.993322,1000,19807.387826
-600.0,1000,19819.321912
-597.962818,1000,19826.312558
-598.699564,1000,19838.149166
-595.039004,1000,19845.153524
-599.89291,1000,19857.090261
-600.0,1000,19864.105371
-599.913977,1000,19876.158555
-599.999856,1000,19883.107151
-598.20593,1000,19895.1043
-594.68164,1000,19902.120044
-585.272842,1000,19914.058532
-599.739198,1000,19921.035399
-599.141457,1000,19933.037666
-599.990683,1000,19940.032197
-594.22033,1000,19952.007086
-599.905307,1000,19958.79145
-599.999741,1000,19970.783133
-599.999905,1000,19977.716165
-599.999983,1000,19989.760785
-599.999966,1000,19996.747493
-591.730044,1000,20008.56283
-599.929466,1000,20015.431145
-599.989046,1000,20027.447799
-599.997088,1000,20034.482702
-598.862989,1000,20046.397304
-599.612878,1000,20053.060696
-597.628768,1000,20065.059434
-583.349522,1000,20072.071518
-586.549504,1000,20084.079266
-600.0,1000,20091.093978
-600.0,1000,20103.185623
-599.999999,1000,20110.172113
-593.425889,1000,20122.136346
-600.0,1000,20129.053538
762.981778,404,20136.890403
-599.974323,1000,20143.743825
-597.565637,1000,20155.403378
-589.408623,1000,20162.279254
-599.998356,1000,20174.175154
-599.988804,1000,20181.057684
-599.958281,1000,20193.120127
-599.669462,1000,20200.17703
-593.4459,1000,20212.242641
-600.0,1000,20219.14854
-580.19033,1000,20231.161184
-597.798294,1000,20238.190234
-599.782163,1000,20250.317092
-599.975023,1000,20257.214224
-599.99967,1000,20269.229768
-599.869796,1000,20275.985414
722.196752,466,20279.273022
-599.97684,1000,20291.181604
-592.964248,1000,20298.157465
-593.25944,1000,20310.156317
-581.925175,1000,20317.12942
-599.99961,1000,20328.97703
-599.964904,1000,20335.873202
816.877035,315,20343.032834
-599.741752,1000,20349.92463
-599.193299,1000,20361.921797
-599.767928,1000,20368.596243
-581.267902,1000,20380.431182
-598.413362,1000,20387.270418
-597.311341,1000,20399.087549
-598.647474,1000,20405.97617
-598.754793,1000,20417.936929
-599.96353,1000,20424.819769
-597.453431,1000,20436.574895
-598.621002,1000,20443.2757
-599.98417,1000,20455.041128
-599.999998,1000,20461.410345
-600.0,1000,20473.235219
-587.530841,1000,20480.037689
-599.99809,1000,20492.118176
-599.999941,1000,20498.951164
-599.983982,1000,20510.862161
-599.999942,1000,20517.709118
-599.999992,1000,20529.734667
-590.988621,1000,20536.630062
-599.576903,1000,20548.574035
-588.239093,1000,20555.493495
-599.99484,1000,20567.432465
-599.999807,1000,20574.347416
-599.999999,1000,20586.413372
-599.911396,1000,20593.060485
-599.948781,1000,20604.685882
-600.0,1000,20611.364221
-594.948336,1000,20623.060578
-600.0,1000,20629.994095
-599.924972,1000,20642.132863
-594.310413,1000,20648.935185
-599.9526,1000,20660.916385
-600.0,1000,20667.750641
-599.999996,1000,20679.765347
-599.999965,1000,20686.515564
-599.135664,1000,20698.613153
723.727504,463,20702.005386
-599.895812,1000,20709.015548
-599.999991,1000,20721.034822
-599.406579,1000,20727.921136
-599.999995,1000,20739.947786
-599.99888,1000,20746.914205
-592.695363,1000,20758.989368
-599.861875,1000,20765.772825
-599.90035,1000,20777.795462
-598.477635,1000,20784.715811
-599.908467,1000,20796.546845
666.825367,558,20800.067084
-596.755175,1000,20812.151569
-600.0,1000,20818.946699
-599.980329,1000,20830.893576
-599.636207,1000,20837.73467
-595.627322,1000,20849.779343
-599.999905,1000,20856.690635
-599.999866,1000,20868.517473
-599.66127,1000,20875.421486
-599.99963,1000,20887.513586
-599.948921,1000,20894.420959
-599.999975,1000,20906.529061
-599.89803,1000,20913.481413
-599.999988,1000,20925.500697
-599.950401,1000,20932.391052
-599.850729,1000,20944.459243
775.583728,377,20947.2047
-599.999896,1000,20954.082772
-599.996334,1000,20966.062277
-578.771231,1000,20972.702378
-576.673897,1000,20984.879885
-599.944698,1000,20991.822272
-599.999999,1000,21003.913409
-599.926659,1000,21010.838943
-598.013866,1000,21022.990483
-556.29416,1000,21029.975004
-599.999901,1000,21042.178711
-590.11856,1000,21049.079636
-599.995521,1000,21061.233872
-599.686673,1000,21068.181925
-600.0,1000,21080.360713
-578.136439,1000,21087.358776
-599.413871,1000,21099.433082
-599.99999,1000,21106.07844
-599.99631,1000,21118.171085
-588.793922,1000,21125.02097
782.602636,369,21127.679204
-600.0,1000,21139.809255
-599.994808,1000,21146.438648
-599.99995,1000,21158.696908
-599.90191,1000,21165.630276
-599.999998,1000,21177.686385
-597.93447,1000,21184.477612
-600.0,1000,21196.615241
-582.006221,1000,21203.375591
-599.685887,1000,21215.131665
-598.863287,1000,21222.089823
-599.988345,1000,21234.043717
-597.284703,1000,21240.946847
-599.993546,1000,21253.427721
-598.841708,1000,21260.211139
-599.995576,1000,21272.497419
-589.742892,1000,21279.234099
-599.987926,1000,21291.348633
531.030063,783,21296.879047
-599.985415,1000,21308.981572
907.913672,155,21309.757923
-600.0,1000,21316.677807
-595.645275,1000,21328.911392
-600.0,1000,21335.858323
-599.999909,1000,21348.012106
-599.851482,1000,21354.659688
-600.0,1000,21366.769523
-599.780585,1000,21373.64881
-571.732114,1000,21385.457587
-584.150252,1000,21392.109387
-599.968669,1000,21404.096114
-600.0,1000,21411.047303
-599.978801,1000,21423.22901
-590.997173,1000,21430.198206
-599.999998,1000,21442.45329
-594.228125,1000,21449.42771
-599.998058,1000,21461.612428
-599.999987,1000,21468.375165
-599.999994,1000,21480.534731
-599.999999,1000,21487.319147
-594.701473,1000,21499.565464
-599.080098,1000,21506.414837
-599.999985,1000,21518.575799
-599.977954,1000,21525.522182
-579.175459,1000,21537.65247
-599.763952,1000,21544.53016
-599.999943,1000,21556.750447
-579.754571,1000,21563.694554
-599.959527,1000,21575.566051
-600.0,1000,21582.490696
-599.999592,1000,21594.672389
-600.0,1000,21601.428721
-600.0,1000,21613.61582
-599.009249,1000,21620.380799
-599.991381,1000,21632.4733
-577.535427,1000,21639.301104
-586.850306,1000,21651.649199
-587.587845,1000,21658.563778
782.284269,364,21666.578343
-599.993899,1000,21673.506977
-599.998154,1000,21685.699863
-599.966946,1000,21692.646503
776.801196,373,21695.358362
835.007085,283,21696.868623
-577.002415,1000,21709.028124
-600.0,1000,21715.562797
-599.99999,1000,21727.388695
-590.502819,1000,21734.239342
-595.473498,1000,21746.409662
-600.0,1000,21753.341957
-599.993731,1000,21765.699355
-599.999998,1000,21772.593159
-599.999954,1000,21784.852607
-598.491091,1000,21791.778757
-596.806773,1000,21804.030371
-599.90648,1000,21810.590798
-599.129733,1000,21822.93429
-593.024312,1000,21829.910849
-583.85686,1000,21842.10948
-593.565646,1000,21848.870542
-591.862574,1000,21861.191608
-591.690337,1000,21868.152887
-599.854151,1000,21880.554614
-599.999919,1000,21887.402001
-599.997517,1000,21899.655137
-599.999951,1000,21906.549738
-599.998857,1000,21918.704317
-590.99024,1000,21925.676083
-599.923652,1000,21938.11139
-599.974541,1000,21944.800929
-599.999996,1000,21957.604928
-599.566327,1000,21964.582964
-587.22513,1000,21977.13911
-598.49312,1000,21984.05614
-599.455803,1000,21996.55401
-599.999963,1000,22003.440886
-599.999884,1000,22015.700802
-599.999892,1000,22022.647618
-599.911091,1000,22034.860748
-599.999985,1000,22041.784707
730.345384,460,22050.875696
-600.0,1000,22057.775769
-599.868477,1000,22070.044762
-599.999986,1000,22076.869644
-599.99998,1000,22089.264825
-592.736164,1000,22096.068791
-600.0,1000,22108.392257
-599.996022,1000,22115.373069
-600.0,1000,22127.856473
-600.0,1000,22134.843377
-583.54526,1000,22147.112573
-599.991529,1000,22153.975805
-599.903303,1000,22166.82772
-600.0,1000,22173.844046
-600.0,1000,22186.492693
849.824707,256,22188.47956
-598.973165,1000,22195.20132
-599.999917,1000,22207.427737
-600.0,1000,22214.000049
790.019064,351,22216.174137
-600.0,1000,22228.545034
-599.656858,1000,22235.443597
-600.0,1000,22247.844248
-599.970857,1000,22254.72093
-599.963386,1000,22266.920424
-569.512233,1000,22273.745949
-599.879319,1000,22285.72364
-599.593883,1000,22292.63696
-598.336221,1000,22305.039112
-596.82842,1000,22311.993883
-596.709654,1000,22324.243837
-599.856807,1000,22331.23539
-599.992521,1000,22343.6213
-583.591535,1000,22350.564341
-599.999985,1000,22362.983161
-599.98776,1000,22369.96999
-587.16618,1000,22382.699365
-598.364216,1000,22389.69806
-600.0,1000,22402.13191
-574.011868,1000,22409.016003
-595.904891,1000,22421.480451
-591.909861,1000,22428.312837
-599.999964,1000,22440.692099
-599.999998,1000,22447.574719
-600.0,1000,22459.968464
-585.434698,1000,22466.812292
-599.999998,1000,22479.294788
-596.305456,1000,22486.247896
-599.999998,1000,22498.840101
-599.92405,1000,22505.813073
-599.999976,1000,22518.306502
-595.027875,1000,22524.911518
-599.99921,1000,22537.140512
-600.0,1000,22543.825836
-600.0,1000,22556.291418
-600.0,1000,22563.212235
-597.93342,1000,22575.557452
-600.0,1000,22582.488903
-595.750862,1000,22594.909087
-599.937282,1000,22601.827345
-594.606963,1000,22614.258774
-590.57287,1000,22621.211787
-599.587937,1000,22633.508673
-600.0,1000,22640.13612
-599.999999,1000,22652.556336
-599.985768,1000,22659.420688
-587.07726,1000,22671.850986
-599.942148,1000,22678.850673
-599.694249,1000,22691.280846
-590.579008,1000,22698.234601
-587.801856,1000,22710.764752
-600.0,1000,22717.664939
-599.480475,1000,22730.148948
-599.922572,1000,22737.098278
-599.981315,1000,22749.508152
-599.520431,1000,22756.440346
-600.0,1000,22768.920355
-599.999989,1000,22775.790672
-599.999745,1000,22788.256975
-568.014926,1000,22795.11165
755.160869,410,22803.344385
-598.829738,1000,22810.024104
-599.83508,1000,22822.501108
-599.282746,1000,22829.262966
-599.977474,1000,22841.718374
-600.0,1000,22848.680223
-599.999769,1000,22861.210181
-599.996977,1000,22868.143869
-600.0,1000,22880.399148
-599.997284,1000,22887.404185
-599.97487,1000,22900.042659
-573.881543,1000,22907.028765
-580.583024,1000,22919.46731
-600.0,1000,22926.266775
-565.235751,1000,22938.769933
-596.472794,1000,22945.509948
-598.990987,1000,22958.057279
-599.961294,1000,22964.981798
-599.4867,1000,22977.176176
-599.997526,1000,22984.178079
-600.0,1000,22996.835574
-599.875301,1000,23003.663281
-599.999651,1000,23016.190152
-600.0,1000,23023.188361
-598.57239,1000,23035.625074
-600.0,1000,23042.623234
-599.999999,1000,23055.232394
-597.118601,1000,23062.181674
-599.919993,1000,23074.741616
-599.991337,1000,23081.78517
-591.400986,1000,23094.3831
-597.200911,1000,23100.996753
-599.387146,1000,23113.450032
-600.0,1000,23120.338223
-599.90409,1000,23132.964238
-599.997675,1000,23139.869174
-600.0,1000,23152.501544
-599.885753,1000,23159.642315
-599.871837,1000,23172.310073
-599.999998,1000,23179.043235
-599.999495,1000,23191.682747
-600.0,1000,23198.566181
-599.765834,1000,23211.209459
-590.229259,1000,23218.114099
-599.999995,1000,23230.801777
-592.669539,1000,23237.706236
-600.0,1000,23250.258039
-587.329169,1000,23257.230247
-599.999996,1000,23269.766082
-600.0,1000,23276.513298
-599.939593,1000,23289.2034
-600.0,1000,23296.179121
-600.0,1000,23308.791276
-600.0,1000,23315.58912
-588.781916,1000,23328.083538
-599.996742,1000,23334.96579
-599.999998,1000,23347.584774
-599.999991,1000,23354.481957
-598.587782,1000,23366.969248
-599.873667,1000,23373.472474
-597.344151,1000,23385.733289
-600.0,1000,23392.635349
-599.896592,1000,23405.321524
-599.22659,1000,23412.232695
-599.900223,1000,23424.842273
-599.905492,1000,23431.723246
-599.999999,1000,23444.088802
-593.11612,1000,23450.908301
-596.860671,1000,23463.584037
-599.999984,1000,23470.527117
-599.972823,1000,23483.150684
-599.897502,1000,23490.112865
-599.431482,1000,23502.805048
-600.0,1000,23509.494494
-600.0,1000,23521.97113
-590.514011,1000,23528.808294
-599.283993,1000,23541.490849
-599.999999,1000,23548.408029
-597.371724,1000,23561.02636
-599.684063,1000,23567.958043
-595.360266,1000,23580.570816
-576.061541,1000,23587.408085
-588.17668,1000,23600.025739
-597.854258,1000,23606.953736
-600.0,1000,23619.557897
-600.0,1000,23626.44115
-584.858912,1000,23639.002588
-599.999923,1000,23645.926173
-585.981953,1000,23658.530856
-599.887318,1000,23665.307784
-599.996454,1000,23677.941376
-597.752969,1000,23684.814083
-599.990771,1000,23697.560443
-600.0,1000,23704.513562
-600.0,1000,23717.184276
575.89254,735,23722.059114
-585.354365,1000,23734.733623
-592.729579,1000,23741.64932
-596.585711,1000,23754.333866
-592.287498,1000,23761.19653
-599.975679,1000,23773.780083
-599.982357,1000,23780.757015
-600.0,1000,23793.471235
-598.256875,1000,23800.430665
-600.0,1000,23813.156631
-599.99998,1000,23819.922703
-599.833605,1000,23832.607519
-600.0,1000,23839.418086
-600.0,1000,23852.168635
-599.975386,1000,23859.141973
-599.996897,1000,23871.956335
-600.0,1000,23878.938336
-599.924951,1000,23891.58924
-600.0,1000,23898.601617
-599.998952,1000,23911.332887
-599.99998,1000,23918.081256
-600.0,1000,23930.893469
-599.977627,1000,23937.525995
-582.170264,1000,23950.082618
-599.031101,1000,23957.011501
-600.0,1000,23969.591535
-599.926679,1000,23976.45035
-599.626019,1000,23989.184457
-574.089287,1000,23996.042781
-599.93464,1000,24008.770019
-600.0,1000,24015.698283
-598.991038,1000,24028.503185
-599.998458,1000,24035.313866
-581.091543,1000,24047.923829
-599.997059,1000,24054.851448
-600.0,1000,24067.408707
-599.999987,1000,24074.404047
-599.955699,1000,24087.214756
-599.959774,1000,24094.089657
-599.999903,1000,24106.931856
-599.932481,1000,24113.812836
-599.935083,1000,24126.526745
-567.327693,1000,24133.476275
-600.0,1000,24146.256353
-599.866761,1000,24153.059874
-598.413736,1000,24165.695808
-581.935316,1000,24172.584684
-593.205997,1000,24185.348332
-600.0,1000,24192.243312
-599.522695,1000,24205.081521
-599.999983,1000,24212.054158
-599.946456,1000,24224.85179
-599.997848,1000,24231.846319
-599.999223,1000,24244.550335
-600.0,1000,24251.401854
-599.917794,1000,24264.315663
-599.950643,1000,24271.267844
-599.99999,1000,24284.047546
-576.170025,1000,24291.075656
-599.600279,1000,24303.893301
-599.963909,1000,24310.886245
-600.0,1000,24323.837775
833.118243,283,24325.905997
-588.755696,1000,24332.89167
-599.987506,1000,24345.653244
-599.999991,1000,24352.454534
-600.0,1000,24365.270296
-599.421328,1000,24372.033929
-600.0,1000,24384.695771
-599.308434,1000,24391.563792
-588.673214,1000,24404.219142
-591.68184,1000,24411.148077
-593.452968,1000,24423.982896
-598.253081,1000,24430.88888
-567.902262,1000,24444.038525
639.948263,611,24448.210352
-599.809139,1000,24455.066515
-599.999807,1000,24468.055591
-599.999993,1000,24474.984246
-599.999992,1000,24488.061866
-599.999504,1000,24494.979261
-599.999999,1000,24507.722012
-574.623377,1000,24514.279188
-597.414741,1000,24527.087976
-599.900278,1000,24533.994218
-600.0,1000,24546.82095
-599.269557,1000,24553.712944
-599.887321,1000,24566.207481
-596.978144,1000,24573.081271
-587.253354,1000,24586.009991
-599.999825,1000,24592.923595
-587.759482,1000,24605.656541
-599.999945,1000,24612.56184
-595.501036,1000,24625.193367
-594.172768,1000,24632.128675
-596.766851,1000,24645.039072
-599.999792,1000,24651.876884
-586.0432,1000,24664.622959
-599.986171,1000,24671.533281
-599.9917,1000,24684.30673
-599.907684,1000,24691.061678
-599.911371,1000,24703.763884
-599.999805,1000,24710.726304
931.892357,115,24717.846333
-564.765394,1000,24724.793324
-600.0,1000,24737.682022
-600.0,1000,24744.620048
-599.903313,1000,24757.465065
-599.873507,1000,24764.309544
-594.308488,1000,24777.129642
-599.850798,1000,24783.916634
-599.804733,1000,24797.221522
-596.183554,1000,24804.05323
-588.011904,1000,24817.027135
-599.996816,1000,24823.984902
-599.931101,1000,24837.049586
-593.315136,1000,24844.018214
-594.865072,1000,24856.987987
-599.999435,1000,24863.718426
-599.999994,1000,24876.687712
-600.0,1000,24883.638092
-599.87578,1000,24896.494889
-597.546295,1000,24903.41945
-595.182624,1000,24916.275915
-582.861249,1000,24922.80359
-599.992126,1000,24935.680608
-599.94509,1000,24942.429583
-597.108033,1000,24955.318886
-599.926867,1000,24962.260563
-577.35199,1000,24975.038317
-600.0,1000,24981.845242
-582.762766,1000,24994.738064
-600.0,1000,25001.538968
-599.262704,1000,25014.46633
-599.900112,1000,25021.427477
-554.360366,1000,25034.078516
-599.999985,1000,25041.025325
-599.832073,1000,25053.7246
-597.259188,1000,25060.446525
-598.592264,1000,25073.26227
-587.437146,1000,25079.941137
-599.911011,1000,25092.900522
-599.89372,1000,25099.485968
-600.0,1000,25112.528462
-578.19262,1000,25119.491754
-582.926816,1000,25132.472286
-594.994335,1000,25139.378878
-600.0,1000,25152.368105
-600.0,1000,25159.31697
-600.0,1000,25172.672584
-600.0,1000,25179.646444
-594.455823,1000,25192.696362
-599.979424,1000,25199.566195
-598.461946,1000,25212.692676
-599.996588,1000,25219.564916
-599.947048,1000,25232.518252
-599.908597,1000,25239.542218
-596.032096,1000,25252.593083
-599.999986,1000,25259.594099
-582.176905,1000,25272.878949
-600.0,1000,25279.790715
-599.999999,1000,25292.977904
-599.315814,1000,25299.78995
-600.0,1000,25312.585018
-599.90359,1000,25319.512523
