# {"t_start": 1599301502.4879262, "env_id": "Half-Cheetah-RM11-v0"} 
r,l,t
-562.016443,1000,11.244025
-589.073287,1000,15.983266
-586.300573,1000,20.731898
-562.838318,1000,25.515598
-550.50239,1000,30.31017
-564.858136,1000,35.134965
-541.043098,1000,40.039838
-581.346908,1000,44.968649
-557.557088,1000,49.878667
-576.61181,1000,54.858189
-543.13916,1000,59.845325
-551.275477,1000,64.722262
-575.404234,1000,69.677624
-551.43278,1000,74.675424
-568.590883,1000,79.616675
-596.382209,1000,84.603146
-558.80046,1000,89.509089
-547.173244,1000,94.429127
-594.954917,1000,99.464449
446.345962,1000,104.473916
-547.936006,1000,109.434378
-549.596408,1000,114.39582
-552.672332,1000,119.451973
-553.468701,1000,124.504007
-546.877943,1000,129.487156
-545.120037,1000,134.58291
-563.301855,1000,139.583569
-541.595317,1000,144.603554
-543.842761,1000,149.695933
461.961508,1000,154.880112
-536.417482,1000,160.000884
456.974685,1000,165.10425
-549.91157,1000,170.186462
-542.323512,1000,175.236581
-540.579534,1000,180.306327
-536.387306,1000,185.293397
-543.786632,1000,190.248827
-541.601319,1000,195.204094
-541.294926,1000,200.188161
-541.065231,1000,205.160761
-538.90389,1000,210.270948
-536.184503,1000,215.371973
-539.692698,1000,220.384675
-542.077243,1000,225.427287
-541.85771,1000,230.398415
-544.622606,1000,235.352015
-543.904958,1000,240.321169
-540.040173,1000,245.323524
-553.09454,1000,250.317749
-537.664759,1000,255.359553
-570.048597,1000,260.33874
-557.729802,1000,265.346198
445.779647,1000,270.377581
-556.527034,1000,275.403759
-548.068338,1000,280.446185
-565.889941,1000,285.495401
-556.834478,1000,290.545749
-540.449435,1000,295.583239
-546.02806,1000,300.636898
-552.263502,1000,305.69445
-559.683928,1000,310.832794
-563.667458,1000,315.92082
-539.576132,1000,321.104935
-545.685557,1000,326.170972
-541.51349,1000,331.369055
-541.622545,1000,336.562019
-551.677108,1000,341.679167
-551.872829,1000,346.764788
-549.32964,1000,351.845352
-563.129728,1000,356.994194
-556.866082,1000,362.074608
-554.250553,1000,367.145508
-573.832511,1000,372.236669
-561.013789,1000,377.326401
-586.366054,1000,382.42783
447.397489,1000,387.673389
-555.243157,1000,392.938734
444.807888,1000,398.113141
438.157021,1000,403.259609
445.290725,1000,408.423739
446.57196,1000,413.590292
445.128505,1000,418.685793
446.538565,1000,423.790012
1450.036152,1000,428.869981
-577.077258,1000,433.999779
450.51145,1000,439.093174
1444.607711,1000,444.25749
1440.083397,1000,449.506459
441.117271,1000,454.700147
450.705765,1000,459.81122
441.137617,1000,464.904161
446.700718,1000,470.211123
-553.26835,1000,475.468857
1458.163833,1000,480.681541
449.084795,1000,485.889351
1447.470685,1000,491.121268
450.186241,1000,496.357084
1451.306786,1000,501.644636
-539.501153,1000,506.773451
451.67155,1000,511.922354
1455.475078,1000,517.153552
441.422239,1000,522.276128
443.444935,1000,527.39093
453.165484,1000,532.522816
445.6022,1000,537.640275
446.12832,1000,542.747748
1446.14014,1000,547.981757
448.021313,1000,553.168937
431.769731,1000,558.418961
1444.00785,1000,563.708174
437.800663,1000,568.947014
433.092272,1000,574.157584
1443.084005,1000,579.379881
1446.323939,1000,584.559531
2450.750224,1000,589.698173
2451.215386,1000,594.839888
2454.153456,1000,600.008713
1437.289229,1000,605.168486
3454.750738,1000,610.35911
3450.92087,1000,615.527924
2448.918217,1000,620.741306
3456.267988,1000,625.974046
3461.558449,1000,631.20821
3454.15316,1000,636.386141
3452.846362,1000,641.709646
455.714565,1000,646.987647
435.489281,1000,652.209526
3449.309294,1000,657.49769
1450.88015,1000,662.789546
3453.647952,1000,668.148315
3450.675476,1000,673.462183
3459.111592,1000,678.725325
4452.354986,1000,683.969453
3454.978631,1000,689.200542
3457.464067,1000,694.422654
3455.460714,1000,699.640751
3460.624258,1000,704.87103
1444.084565,1000,710.15811
3466.066521,1000,715.407347
3460.745323,1000,720.756989
3462.033728,1000,726.105401
4456.932793,1000,731.465382
3462.143539,1000,736.814982
2461.040832,1000,742.102242
2462.063166,1000,747.41947
3457.087187,1000,752.763537
4462.889193,1000,758.171327
4465.665683,1000,763.560481
3460.483252,1000,768.964409
3460.407305,1000,774.321954
2471.934139,1000,779.603543
3468.626859,1000,785.050137
3457.802868,1000,790.462124
4459.609161,1000,795.912831
4456.589089,1000,801.359205
4453.120315,1000,806.790085
4457.94537,1000,812.293236
437.237468,1000,817.704087
4449.599738,1000,823.258917
3457.707005,1000,828.821833
3460.177378,1000,834.345736
2455.479202,1000,839.721537
5450.71879,1000,845.220355
4455.112191,1000,850.604063
4450.937428,1000,856.055211
2433.198044,1000,861.460403
4455.088782,1000,866.887514
4449.695312,1000,872.380208
4456.851619,1000,877.812711
2453.568974,1000,883.305356
4460.575501,1000,888.964898
4451.078833,1000,894.59364
3455.609295,1000,900.13189
4456.424087,1000,905.696569
4455.400904,1000,911.252515
4452.866202,1000,916.807458
4457.883184,1000,922.361861
4461.529218,1000,927.884042
5460.044524,1000,933.52626
4462.366775,1000,939.14072
4461.571802,1000,944.650786
5459.818133,1000,950.122182
4461.653551,1000,955.580923
4458.43812,1000,961.067095
4458.78546,1000,966.512517
4463.830788,1000,971.987349
5455.363461,1000,977.458356
5452.225675,1000,982.980635
5465.980202,1000,988.438566
5460.393785,1000,993.879386
4461.148967,1000,999.373458
4453.929569,1000,1004.953593
5443.173844,1000,1010.597394
5458.656921,1000,1016.253813
5455.730863,1000,1021.781854
5456.090692,1000,1027.248165
4457.260115,1000,1032.880312
4457.589036,1000,1038.473851
4460.363514,1000,1044.092914
4461.579087,1000,1049.747336
2461.190778,1000,1055.39089
5454.587841,1000,1060.989409
5455.10154,1000,1066.545735
5461.33652,1000,1072.088722
5456.102365,1000,1077.633897
4453.69361,1000,1083.237122
4454.887955,1000,1088.755531
4458.97451,1000,1094.289724
4451.611918,1000,1099.846539
4462.730621,1000,1105.401347
5455.445709,1000,1110.947848
5453.05701,1000,1116.493357
5444.773048,1000,1122.041562
4451.130025,1000,1127.695155
5447.693937,1000,1133.333765
5453.936432,1000,1138.916131
4454.742372,1000,1144.454391
4456.192808,1000,1150.093209
4461.242582,1000,1155.859703
5450.674179,1000,1161.582037
5459.687009,1000,1167.342532
5452.228429,1000,1173.089887
4442.703572,1000,1178.790447
5457.22329,1000,1184.498134
5456.189654,1000,1190.189231
5452.805866,1000,1195.909026
5460.565424,1000,1201.68439
4463.077206,1000,1207.493594
5457.048959,1000,1213.203292
5456.427451,1000,1218.939362
5468.071763,1000,1224.683507
5454.402719,1000,1230.483828
5462.391134,1000,1236.238104
4460.66232,1000,1241.987746
5456.207322,1000,1247.820333
5462.350793,1000,1253.606765
5452.065852,1000,1259.373965
4461.887291,1000,1265.216076
5458.650941,1000,1271.006514
5455.287239,1000,1276.915098
5458.972867,1000,1282.728467
5459.280724,1000,1288.530967
5449.821414,1000,1294.277153
5450.992177,1000,1300.090374
5462.320395,1000,1305.934822
6451.351511,1000,1311.750073
5461.758743,1000,1317.572061
5457.745132,1000,1323.326602
6457.934296,1000,1329.099017
6453.970907,1000,1334.854711
5455.538313,1000,1340.694572
4459.385934,1000,1346.511249
5460.213273,1000,1352.233582
5460.309209,1000,1358.004613
5458.169886,1000,1363.727114
5452.877125,1000,1369.461464
4469.336809,1000,1375.172196
5460.120583,1000,1380.951764
5466.633758,1000,1386.677992
5460.522104,1000,1392.46184
6453.186851,1000,1398.235004
5458.787467,1000,1403.98398
5459.107841,1000,1409.91187
5458.971755,1000,1415.794838
5453.393048,1000,1421.721109
5463.430764,1000,1427.598365
5459.387107,1000,1433.486918
5457.159107,1000,1439.361169
4453.071149,1000,1445.28047
5452.253759,1000,1451.201987
5459.914244,1000,1457.140064
5458.295296,1000,1462.998827
5456.865262,1000,1468.88114
5454.938263,1000,1474.701239
5459.171296,1000,1480.648779
5457.764955,1000,1486.637852
5464.003042,1000,1492.60315
5460.671985,1000,1498.538872
5462.951511,1000,1504.425089
5456.555443,1000,1510.378278
5455.265513,1000,1516.295472
5459.081268,1000,1522.153002
6459.156008,1000,1527.993193
5460.727258,1000,1533.906833
5458.930226,1000,1539.882807
5455.139412,1000,1545.777447
5456.739532,1000,1551.624059
5463.769974,1000,1557.459293
5458.508705,1000,1563.288204
5455.937113,1000,1569.169012
5462.266696,1000,1575.052144
5461.35404,1000,1580.934445
5459.930031,1000,1586.802579
5457.743966,1000,1592.64449
5454.248536,1000,1598.485358
5464.289423,1000,1604.373586
4460.585231,1000,1610.196207
5469.220726,1000,1616.042528
5465.934628,1000,1622.063751
5459.690703,1000,1628.139824
5458.374107,1000,1634.106459
5458.791639,1000,1640.078271
5463.455988,1000,1646.086378
5464.038402,1000,1652.074736
6456.607639,1000,1658.010679
5465.494158,1000,1664.018962
5459.933226,1000,1670.033216
5457.856169,1000,1676.062446
5461.064683,1000,1682.06357
6460.800435,1000,1688.077697
6462.308907,1000,1694.052244
5465.090687,1000,1699.974084
5456.01795,1000,1705.934065
5464.160527,1000,1711.838458
5451.680979,1000,1717.775079
6459.661375,1000,1723.689371
5460.68081,1000,1729.617829
5455.348596,1000,1735.595297
5455.411315,1000,1741.525132
5466.620395,1000,1747.429833
5457.869716,1000,1753.347836
5454.494393,1000,1759.256052
5460.96224,1000,1765.185652
5458.072146,1000,1771.191489
5458.842766,1000,1777.267192
5452.231848,1000,1783.260689
5445.464425,1000,1789.213372
5451.860697,1000,1795.107576
5462.443001,1000,1801.02418
5457.395944,1000,1806.981136
5456.967839,1000,1812.902035
5454.348099,1000,1818.818756
5452.32872,1000,1824.775423
5450.077427,1000,1830.838025
6456.047735,1000,1836.946169
5455.552897,1000,1842.984223
5464.544954,1000,1849.071908
6458.553603,1000,1855.171774
6462.063595,1000,1861.217251
6458.164837,1000,1867.23924
6463.347236,1000,1873.214888
6458.613439,1000,1879.187389
6449.828445,1000,1885.111892
6454.22823,1000,1891.10259
5458.459699,1000,1897.172527
5457.131689,1000,1903.153314
6456.949052,1000,1909.077788
6454.109968,1000,1915.021617
6449.896545,1000,1920.934678
6458.916234,1000,1926.921644
5456.557929,1000,1932.900723
5464.024406,1000,1938.828373
6453.661667,1000,1944.755507
6452.473216,1000,1950.707422
6465.538721,1000,1956.659457
5464.397622,1000,1962.606195
6455.374106,1000,1968.567611
5463.872941,1000,1974.522359
5460.824544,1000,1980.500334
6460.221241,1000,1986.447543
6462.898235,1000,1992.403517
5461.495508,1000,1998.407156
5460.610255,1000,2004.516797
6454.594477,1000,2010.61938
6456.9254,1000,2016.619153
6459.652369,1000,2022.73041
5457.952155,1000,2028.767349
5465.837206,1000,2034.812257
5460.691501,1000,2040.792265
5459.675094,1000,2046.741415
5465.099119,1000,2052.742901
5465.708282,1000,2058.69946
6458.627868,1000,2064.803296
6463.797904,1000,2070.972415
6460.688205,1000,2077.139758
6464.89786,1000,2083.222039
6458.63254,1000,2089.358043
5455.19449,1000,2095.439714
5461.726043,1000,2101.720455
5453.367781,1000,2107.796318
5461.422424,1000,2113.808
5466.735811,1000,2119.790121
5453.477057,1000,2125.928003
5461.322524,1000,2131.980092
5460.518423,1000,2138.130232
5464.248268,1000,2144.323957
5472.61823,1000,2150.522591
5460.849375,1000,2156.665673
6466.426147,1000,2162.832791
5461.271197,1000,2168.944306
5461.305549,1000,2175.035447
5468.342577,1000,2181.07322
5462.609443,1000,2187.109183
6465.3369,1000,2193.183121
6470.024105,1000,2199.296561
5465.323548,1000,2205.469984
5473.002017,1000,2211.601958
5471.696236,1000,2217.63371
5463.580461,1000,2223.666166
5457.023598,1000,2229.685476
5461.592477,1000,2235.709413
5472.216669,1000,2241.715128
6462.471272,1000,2247.781605
6463.987887,1000,2253.829658
6464.806533,1000,2259.913255
5467.188845,1000,2265.948901
6464.052574,1000,2272.014317
5467.503188,1000,2278.074958
5459.921133,1000,2284.154157
4466.03017,1000,2290.201935
5464.549105,1000,2296.292301
5477.435018,1000,2302.329844
5464.633297,1000,2308.341336
5461.197684,1000,2314.395321
6460.321956,1000,2320.47771
6460.838292,1000,2326.563008
5463.143079,1000,2332.687462
5474.934561,1000,2338.813121
6460.7831,1000,2344.900528
6459.15818,1000,2350.943938
5467.046647,1000,2357.07718
6457.420513,1000,2363.322546
6475.50402,1000,2369.532281
5463.24766,1000,2375.74468
5471.680792,1000,2381.92072
6468.400259,1000,2388.092926
5463.497505,1000,2394.303707
5476.308788,1000,2400.486511
6468.518686,1000,2406.614437
6466.285908,1000,2412.670696
6476.144816,1000,2418.915235
5471.51155,1000,2425.166049
5463.073812,1000,2431.38014
5463.510582,1000,2437.530296
5470.330907,1000,2443.726624
5466.913752,1000,2449.939126
5462.400793,1000,2456.14885
6467.965935,1000,2462.283815
6465.505445,1000,2468.454744
6469.494375,1000,2474.623422
6475.727825,1000,2480.861913
6473.013642,1000,2486.951154
6473.476384,1000,2493.138726
6473.601893,1000,2499.313929
6460.851416,1000,2505.520394
6461.978803,1000,2511.638299
6469.472595,1000,2517.83519
6465.247597,1000,2523.997162
6472.830157,1000,2530.150206
5468.630478,1000,2536.383646
1466.424868,1000,2542.532239
6461.419659,1000,2548.671285
6469.28668,1000,2554.828797
6469.939838,1000,2560.970488
6457.776806,1000,2567.18692
6461.15626,1000,2573.383807
5458.325048,1000,2579.589697
6469.948218,1000,2585.674888
6466.037998,1000,2591.782861
5469.816109,1000,2598.017575
5470.20112,1000,2604.241815
5468.821631,1000,2610.421311
5468.285412,1000,2616.636123
5473.332594,1000,2622.858731
5459.401682,1000,2629.024024
6466.392382,1000,2635.254336
6468.590349,1000,2641.372311
5478.029993,1000,2647.612049
5465.154867,1000,2653.740825
5473.912335,1000,2659.899373
5466.077334,1000,2666.142963
6469.109516,1000,2672.340022
6461.560076,1000,2678.533199
6466.123808,1000,2684.725425
6470.898371,1000,2690.888369
6472.351519,1000,2697.119829
6465.929512,1000,2703.366843
6464.746632,1000,2709.540166
5458.885507,1000,2715.826135
5482.347731,1000,2722.083765
6464.035965,1000,2728.38785
6468.773212,1000,2734.539293
6466.567012,1000,2740.748507
6467.417431,1000,2747.004322
6474.888157,1000,2753.217485
6462.886096,1000,2759.39671
6471.089483,1000,2765.568077
6467.098063,1000,2771.691022
3449.582989,1000,2777.914433
6472.21883,1000,2784.131162
6465.496512,1000,2790.360883
6465.296573,1000,2796.627265
5470.974772,1000,2802.889349
5470.518141,1000,2809.081985
5477.443327,1000,2815.29634
5465.607511,1000,2821.55484
5467.147883,1000,2827.781661
6473.9811,1000,2833.889122
6465.993204,1000,2840.022119
6475.171753,1000,2846.077652
5478.37539,1000,2852.208643
6470.69143,1000,2858.308406
6473.61583,1000,2864.397537
6468.234852,1000,2870.475575
6469.596028,1000,2876.58554
5460.813848,1000,2882.679856
5461.264225,1000,2888.758524
5477.886204,1000,2894.862236
5464.174962,1000,2900.949395
5466.546549,1000,2907.07523
5470.182681,1000,2913.151735
5465.883349,1000,2919.309432
5470.471873,1000,2925.572811
5479.732504,1000,2931.715206
5471.499677,1000,2937.786552
5465.675892,1000,2943.91424
5468.816926,1000,2950.101748
5464.876823,1000,2956.349893
6464.618364,1000,2962.59809
6457.554813,1000,2968.834812
5463.258454,1000,2975.101195
5467.224272,1000,2981.302026
5464.514363,1000,2987.4722
5477.67811,1000,2993.671788
5473.801146,1000,2999.994701
5469.259125,1000,3006.266435
5463.983572,1000,3012.532404
5463.243675,1000,3018.68268
6460.43313,1000,3024.931145
6466.849474,1000,3031.134066
5470.040747,1000,3037.24495
5457.358182,1000,3043.39053
5468.570939,1000,3049.529765
6468.523918,1000,3055.62312
6469.105212,1000,3061.736501
6461.644598,1000,3067.85436
5476.886472,1000,3074.056174
6465.500331,1000,3080.333654
6452.714993,1000,3086.593433
5460.808882,1000,3092.869257
5478.152421,1000,3099.066078
5465.159326,1000,3105.18012
5467.366569,1000,3111.352365
6462.125659,1000,3117.455699
6476.248452,1000,3123.676517
6470.361427,1000,3129.908173
6471.400418,1000,3136.209315
6469.654437,1000,3142.455338
6465.692319,1000,3148.741627
6463.874217,1000,3154.864278
6467.95089,1000,3160.998357
6463.234775,1000,3167.069172
6456.794483,1000,3173.205496
6468.529362,1000,3179.296492
6473.989377,1000,3185.471661
6468.272456,1000,3191.57813
6471.269098,1000,3197.700899
6472.678123,1000,3203.847385
6468.504636,1000,3209.94911
6464.390669,1000,3216.012704
6467.319119,1000,3222.137016
5473.092832,1000,3228.412694
6464.371947,1000,3234.662316
5474.322513,1000,3240.918214
5474.758992,1000,3247.055166
5472.694861,1000,3253.188335
6471.362228,1000,3259.311447
6471.108364,1000,3265.459061
5476.70547,1000,3271.61695
6477.257236,1000,3277.833298
6467.23306,1000,3284.093701
6467.039164,1000,3290.398029
6467.295054,1000,3296.614439
6474.665991,1000,3302.855589
6466.510827,1000,3309.089389
6463.121594,1000,3315.271438
6470.059252,1000,3321.470641
6460.999887,1000,3327.658075
6472.113743,1000,3333.76544
5470.688952,1000,3340.054945
5471.087057,1000,3346.333734
6483.852092,1000,3352.588368
6469.708919,1000,3358.735677
6469.448455,1000,3365.010335
6470.438181,1000,3371.254438
6468.975784,1000,3377.423988
6469.345072,1000,3383.540128
5475.872188,1000,3389.663279
6467.014354,1000,3395.79691
6469.333173,1000,3401.964244
6468.174468,1000,3408.089452
6453.556191,1000,3414.183921
6468.97595,1000,3420.297364
5475.469379,1000,3426.409874
6470.07037,1000,3432.517143
6469.251447,1000,3438.633734
6476.097095,1000,3444.766149
6465.732858,1000,3451.042658
6467.244781,1000,3457.269529
6473.221173,1000,3463.529695
6466.485489,1000,3469.763394
6476.788222,1000,3476.013682
6466.519246,1000,3482.252833
6471.044927,1000,3488.49174
6468.940106,1000,3494.592086
6471.265842,1000,3500.814082
6471.08588,1000,3507.066456
6466.598764,1000,3513.308363
6467.166105,1000,3519.537636
7467.699313,1000,3525.781665
6473.753621,1000,3531.969947
5458.902689,1000,3538.258597
6472.709558,1000,3544.455009
6473.338075,1000,3550.569487
6473.623771,1000,3556.654482
6474.481931,1000,3562.770162
6464.464902,1000,3568.958837
6467.880887,1000,3575.088908
6467.824539,1000,3581.208002
6479.257239,1000,3587.366966
6466.555809,1000,3593.499418
6477.579572,1000,3599.641094
6469.904304,1000,3605.774134
6467.757826,1000,3611.943761
6473.642445,1000,3618.082711
6468.649137,1000,3624.16914
5463.9061,1000,3630.262677
5478.164824,1000,3636.460205
6470.654595,1000,3642.547094
6472.472168,1000,3648.66045
6469.398069,1000,3654.773341
6487.130417,1000,3660.869273
6467.504312,1000,3666.995232
6465.84109,1000,3673.102327
6475.906989,1000,3679.219816
6469.080829,1000,3685.329889
6471.706921,1000,3691.447985
6477.226518,1000,3697.535482
6474.957633,1000,3703.638075
6469.12275,1000,3709.775269
6471.031528,1000,3715.94375
6473.16749,1000,3722.079
6473.809728,1000,3728.290977
6475.861042,1000,3734.508237
6477.829863,1000,3740.760415
6477.187976,1000,3747.006215
6469.581507,1000,3753.149724
6473.84976,1000,3759.289243
6467.810966,1000,3765.397599
6474.627807,1000,3771.517387
6479.123873,1000,3777.635102
6487.267289,1000,3783.72674
6478.78162,1000,3789.83345
6463.984051,1000,3795.930689
6477.56281,1000,3802.13918
6477.068119,1000,3808.345318
6465.931561,1000,3814.544672
6474.813763,1000,3820.733874
5475.26083,1000,3826.980077
6477.721106,1000,3833.181815
6481.439574,1000,3839.375231
6469.441429,1000,3845.554111
5472.07061,1000,3851.815924
6470.003063,1000,3858.012962
6475.991846,1000,3864.23517
6477.282986,1000,3870.321914
6474.742534,1000,3876.598328
6474.145812,1000,3882.864848
5482.06919,1000,3889.119492
5472.840197,1000,3895.352829
6470.222481,1000,3901.657687
6473.90187,1000,3907.832769
6472.818934,1000,3914.0887
6482.495631,1000,3920.33324
6475.797423,1000,3926.584291
6465.359721,1000,3932.786287
6474.671732,1000,3938.959101
6477.764401,1000,3945.163526
5485.047548,1000,3951.329715
6470.493728,1000,3957.63341
6475.546333,1000,3963.978063
5481.891378,1000,3970.300416
5472.51159,1000,3976.58506
6470.49771,1000,3982.797801
6478.446604,1000,3989.009452
6477.524126,1000,3995.164016
6470.079218,1000,4001.294886
6469.951104,1000,4007.502322
7465.389153,1000,4013.742459
6472.547921,1000,4019.979301
6470.959615,1000,4026.290846
6482.15733,1000,4032.483745
6476.085722,1000,4038.740955
6470.25048,1000,4045.001518
5483.009953,1000,4051.241627
6478.198048,1000,4057.437655
6490.739185,1000,4063.571354
6471.456393,1000,4069.699925
6474.253057,1000,4075.830029
6480.746805,1000,4081.959526
6471.64587,1000,4088.178182
6479.424159,1000,4094.323635
6479.463881,1000,4100.449093
6475.60005,1000,4106.72948
6473.444335,1000,4112.863438
6479.039166,1000,4119.020934
6475.256566,1000,4125.217536
6475.552422,1000,4131.390384
6469.049987,1000,4137.583211
5485.366195,1000,4143.709567
6468.703126,1000,4149.848073
6481.70723,1000,4155.984529
6477.874391,1000,4162.104507
5478.698542,1000,4168.242199
5478.003725,1000,4174.433133
5478.574164,1000,4180.584729
5472.545246,1000,4186.917523
6474.94663,1000,4193.201606
6472.342854,1000,4199.467202
6480.680042,1000,4205.693351
6477.740518,1000,4211.830785
-569.530584,1000,4217.935463
6478.551469,1000,4224.291413
6484.349494,1000,4230.582275
6477.715557,1000,4236.833531
6478.214226,1000,4243.129599
6466.202565,1000,4249.375737
6481.202417,1000,4255.59209
6474.033566,1000,4261.842206
6474.715068,1000,4268.056595
6478.111239,1000,4274.163779
5477.332927,1000,4280.30884
5481.704855,1000,4286.477704
5492.471421,1000,4292.796969
6477.774541,1000,4299.101517
6476.377511,1000,4305.388285
6480.369257,1000,4311.651179
6480.094882,1000,4317.932719
6477.340507,1000,4324.14136
6481.920501,1000,4330.372083
6467.56635,1000,4336.653789
6476.269473,1000,4342.909714
6483.64276,1000,4349.073107
6471.281737,1000,4355.164097
6469.140098,1000,4361.326339
6485.130873,1000,4367.471925
6469.256071,1000,4373.603112
5473.625272,1000,4379.674181
5473.468506,1000,4385.813177
6465.512802,1000,4391.951173
5483.130855,1000,4398.091607
6469.644639,1000,4404.304626
6480.409342,1000,4410.535872
6474.877371,1000,4416.722989
6479.739778,1000,4422.917439
6474.010839,1000,4429.072619
6478.616006,1000,4435.205954
6470.496973,1000,4441.364626
6484.320973,1000,4447.460874
6479.401462,1000,4453.585523
6482.032962,1000,4459.720586
5467.359458,1000,4465.887052
5485.939384,1000,4472.156131
6466.171032,1000,4478.448244
6474.644316,1000,4484.728248
6475.511129,1000,4490.946729
6478.570737,1000,4497.141436
6478.355808,1000,4503.438861
6474.691769,1000,4509.712319
7470.756473,1000,4515.897262
6476.070776,1000,4522.206965
5484.486793,1000,4528.470128
5481.048289,1000,4534.800367
6472.069445,1000,4541.083233
6470.041568,1000,4547.329135
5474.249156,1000,4553.575082
5474.083296,1000,4559.874094
6480.803209,1000,4566.106219
6480.876969,1000,4572.341827
5480.766665,1000,4578.551435
6469.510383,1000,4584.789033
6482.406323,1000,4590.995663
5475.109781,1000,4597.145468
6479.20388,1000,4603.307287
6481.157783,1000,4609.436445
6470.931634,1000,4615.577207
6481.84535,1000,4621.723237
5476.23758,1000,4627.877103
6473.28168,1000,4634.05471
6482.648638,1000,4640.177865
5474.661355,1000,4646.308476
5484.326567,1000,4652.419997
6476.42659,1000,4658.61112
6481.193916,1000,4664.871847
6484.00133,1000,4671.191175
5479.976174,1000,4677.438605
6478.884291,1000,4683.687548
5476.35831,1000,4689.902233
5477.30394,1000,4696.151579
6473.338746,1000,4702.389539
6472.821461,1000,4708.657217
5485.934444,1000,4714.962282
6474.36482,1000,4721.220097
6479.421976,1000,4727.38314
6474.996547,1000,4733.522199
6491.333671,1000,4739.66178
6482.638379,1000,4745.821566
5486.726102,1000,4751.979659
6474.036783,1000,4758.138597
6480.832808,1000,4764.265418
6482.81606,1000,4770.397221
6474.885826,1000,4776.577525
5474.489345,1000,4782.814123
5471.931608,1000,4789.055619
6487.226522,1000,4795.392454
7477.686866,1000,4801.641576
6483.733828,1000,4807.902829
5472.54257,1000,4814.169566
5480.898761,1000,4820.497144
5476.302134,1000,4826.740662
6475.882871,1000,4832.953743
6472.910481,1000,4839.105875
6489.068401,1000,4845.265578
6484.640178,1000,4851.411038
6493.157307,1000,4857.560823
6479.479928,1000,4863.76981
6482.159798,1000,4869.912969
6481.346773,1000,4876.171246
5482.127265,1000,4882.368193
5475.813573,1000,4888.506621
6482.337212,1000,4894.716918
6479.218774,1000,4900.983016
6476.333005,1000,4907.256806
6498.898179,1000,4913.388129
6480.192476,1000,4919.534909
6469.580999,1000,4925.828178
6486.271226,1000,4932.146124
6469.966845,1000,4938.374279
6475.931692,1000,4944.683594
6486.920773,1000,4950.919574
6489.715327,1000,4957.156018
6478.591805,1000,4963.452574
6485.905384,1000,4969.721164
6480.626004,1000,4976.030178
5489.508537,1000,4982.290397
6480.095868,1000,4988.595145
6482.142324,1000,4994.826183
6475.118687,1000,5001.084224
6480.374671,1000,5007.361998
6482.554118,1000,5013.661855
6486.749551,1000,5019.972235
6479.040026,1000,5026.283973
6472.193303,1000,5032.553677
6483.115232,1000,5038.85814
6489.904027,1000,5045.141965
5489.210577,1000,5051.422531
5487.602341,1000,5057.704758
5479.814179,1000,5064.021043
6479.612085,1000,5070.302896
6475.766375,1000,5076.598016
5478.321823,1000,5082.851176
5476.862958,1000,5089.038866
6484.648508,1000,5095.407585
6479.824621,1000,5101.693146
6481.461178,1000,5107.904752
6470.834285,1000,5114.111778
6478.050898,1000,5120.276886
6484.133496,1000,5126.510717
6489.42257,1000,5132.70711
6484.791493,1000,5138.904388
6482.343754,1000,5145.095888
5485.595841,1000,5151.266749
6482.448496,1000,5157.426682
6476.947469,1000,5163.628051
5482.79898,1000,5169.774807
6478.422754,1000,5176.051036
6494.952575,1000,5182.342728
5480.473689,1000,5188.533121
5472.292515,1000,5194.78248
5480.791304,1000,5200.956689
6498.245909,1000,5207.137891
6476.592043,1000,5213.271887
5476.16293,1000,5219.459961
5490.150164,1000,5225.739497
5483.649552,1000,5231.870652
5483.03168,1000,5238.061171
6485.845918,1000,5244.417868
7486.658302,1000,5250.730651
6487.824338,1000,5257.013752
6481.324554,1000,5263.283739
5484.286114,1000,5269.638061
5474.019278,1000,5275.963082
6484.518257,1000,5282.223225
6478.928375,1000,5288.532259
5481.762663,1000,5294.825723
5483.353274,1000,5301.168454
6485.932294,1000,5307.456861
6483.51476,1000,5313.821956
5476.995031,1000,5320.056036
5475.732052,1000,5326.308082
6488.112217,1000,5332.644461
6485.68083,1000,5338.963271
6479.061535,1000,5345.21571
5492.0011,1000,5351.462125
6487.340368,1000,5357.731692
6483.569191,1000,5364.031453
5489.046384,1000,5370.219586
5486.265664,1000,5376.517607
6482.707988,1000,5382.71091
6484.058123,1000,5388.859789
6482.412974,1000,5395.007541
6480.76151,1000,5401.248686
6481.32268,1000,5407.419297
5489.456185,1000,5413.581996
6486.535081,1000,5419.768536
6489.104218,1000,5425.96209
6481.719084,1000,5432.194329
6481.66961,1000,5438.509921
6470.485003,1000,5444.780354
5481.662799,1000,5451.07911
6482.038062,1000,5457.307245
6485.578027,1000,5463.61276
6479.13159,1000,5469.790888
6483.016025,1000,5475.947004
6495.298293,1000,5482.136305
6471.414682,1000,5488.367586
6489.439582,1000,5494.572578
6484.972873,1000,5500.90883
6488.863238,1000,5507.194968
6480.320462,1000,5513.469147
5472.682745,1000,5519.752583
5483.348108,1000,5525.960909
6484.798884,1000,5532.209798
6474.530456,1000,5538.614596
6481.185467,1000,5544.868331
6488.515192,1000,5551.019953
6487.419736,1000,5557.259841
5485.454706,1000,5563.487006
5490.341456,1000,5569.680311
6485.56497,1000,5575.875866
6485.180915,1000,5582.07004
6474.119667,1000,5588.333186
6488.719504,1000,5594.516145
6484.565758,1000,5600.726276
6480.456271,1000,5606.887712
6488.258982,1000,5613.211661
6486.368316,1000,5619.554073
6492.290754,1000,5625.87782
6486.980981,1000,5632.183131
6478.150091,1000,5638.464573
6484.804289,1000,5644.729217
6480.188752,1000,5651.019083
6486.621832,1000,5657.337275
6476.161504,1000,5663.567118
6481.12733,1000,5669.859503
6486.837093,1000,5676.176795
6482.212538,1000,5682.527744
6481.283346,1000,5688.802197
5497.708988,1000,5695.096662
6479.32635,1000,5701.648622
5496.568419,1000,5707.87819
5487.013716,1000,5714.037704
6483.396099,1000,5720.255577
6495.765912,1000,5726.511031
6490.922438,1000,5732.79112
6487.098275,1000,5738.998575
6485.998171,1000,5745.343447
5474.838669,1000,5751.630093
5483.022849,1000,5757.877253
6485.506565,1000,5764.145633
6491.540415,1000,5770.477666
6477.665693,1000,5776.864435
6483.511539,1000,5783.113358
6485.601492,1000,5789.383618
6481.639931,1000,5795.790332
6484.844824,1000,5802.122535
5487.422516,1000,5808.470265
6491.75107,1000,5814.74488
6496.689643,1000,5821.009949
6493.196608,1000,5827.262039
6486.821613,1000,5833.55836
6499.906126,1000,5839.871004
6493.10369,1000,5846.144869
6485.049387,1000,5852.48471
6481.959786,1000,5858.825734
6487.208355,1000,5865.094867
6478.268315,1000,5871.488064
6487.289736,1000,5877.835574
6487.327195,1000,5884.14648
5490.944493,1000,5890.455103
6489.226774,1000,5896.790098
6487.902823,1000,5903.176535
6490.789293,1000,5909.46358
6490.186499,1000,5915.716867
6489.127515,1000,5921.964468
6488.562932,1000,5928.166876
6480.438214,1000,5934.360679
6490.695132,1000,5940.565737
6491.807469,1000,5946.746051
6483.186375,1000,5952.940813
6486.412381,1000,5959.111524
6480.096006,1000,5965.302497
6482.095355,1000,5971.492702
6482.299738,1000,5977.72113
5485.26157,1000,5983.961457
5486.835585,1000,5990.155424
6476.543312,1000,5996.428412
6487.407895,1000,6002.778124
5486.01492,1000,6009.15933
5489.445569,1000,6015.43505
6497.632029,1000,6021.717414
6479.182928,1000,6028.120013
6477.38769,1000,6034.449273
6473.107935,1000,6040.806665
6477.898997,1000,6047.149236
6486.81728,1000,6053.550176
6494.605942,1000,6059.914946
5494.263662,1000,6066.212776
5489.767615,1000,6072.570508
6474.741524,1000,6078.894553
6495.137258,1000,6085.226371
5485.832271,1000,6091.49826
6487.3638,1000,6097.78197
6483.297477,1000,6103.989802
6476.663887,1000,6110.342173
6481.475807,1000,6116.772007
6487.226785,1000,6123.140265
6484.290527,1000,6129.449698
6483.154544,1000,6135.809717
6490.181687,1000,6142.159967
6496.553827,1000,6148.447078
6491.287818,1000,6154.659624
6495.827379,1000,6160.898668
6482.869306,1000,6167.149127
6496.917992,1000,6173.373637
6484.502881,1000,6179.642545
6496.129934,1000,6185.892872
6485.583386,1000,6192.107237
6485.270018,1000,6198.385019
5490.337571,1000,6204.600866
5489.371544,1000,6210.801289
6492.394225,1000,6217.065427
6490.015627,1000,6223.309688
5498.114129,1000,6229.550894
5488.246488,1000,6235.806447
6493.472748,1000,6242.002398
6495.781409,1000,6248.287015
6484.689231,1000,6254.529298
5493.226133,1000,6260.772592
6474.942764,1000,6267.008541
6481.283111,1000,6273.259578
6482.235027,1000,6279.482997
6489.868146,1000,6285.744102
6476.319494,1000,6291.985155
6497.137586,1000,6298.198899
5490.318287,1000,6304.423476
6492.717921,1000,6310.645395
6483.171021,1000,6316.897204
6480.895128,1000,6323.078764
6485.46822,1000,6329.328767
5486.511071,1000,6335.604939
5495.71926,1000,6341.838402
5485.668582,1000,6348.059896
6500.124576,1000,6354.284883
6495.643016,1000,6360.524869
6485.879738,1000,6366.788705
6487.168615,1000,6373.06225
6491.580112,1000,6379.321402
6482.285236,1000,6385.633062
6482.350642,1000,6391.885899
6498.779115,1000,6398.11372
6481.50258,1000,6404.444051
6486.806865,1000,6410.675883
6479.149765,1000,6416.940713
6475.328571,1000,6423.160255
5494.608901,1000,6429.399383
6490.023903,1000,6435.718878
6483.80996,1000,6442.125538
6482.936838,1000,6448.496164
6488.45838,1000,6454.856925
6493.834529,1000,6461.3037
6485.673164,1000,6467.595837
6491.967512,1000,6473.990499
5483.798323,1000,6480.364707
5485.900024,1000,6486.720646
5501.538832,1000,6493.099892
6489.976931,1000,6499.412442
6485.398294,1000,6505.645387
6497.27017,1000,6511.897978
5506.154262,1000,6518.125435
6492.273629,1000,6524.44476
6491.25885,1000,6530.72582
5490.642372,1000,6536.984877
5496.547796,1000,6543.376328
5491.588386,1000,6549.666674
6491.797513,1000,6556.005554
6480.938092,1000,6562.345949
6477.712557,1000,6568.699512
6486.679608,1000,6574.913835
6495.435498,1000,6581.1714
6486.390473,1000,6587.408647
6476.597499,1000,6593.615668
6480.698829,1000,6599.833326
5487.735735,1000,6606.095214
6492.633267,1000,6612.332351
6489.559954,1000,6618.700317
6487.470727,1000,6624.952075
6487.491409,1000,6631.157125
6508.5166,1000,6637.410429
5497.438417,1000,6643.634913
5482.271547,1000,6649.844905
5504.220975,1000,6656.05037
6484.802043,1000,6662.292861
6494.304525,1000,6668.700992
6502.613803,1000,6675.054977
6495.071279,1000,6681.282311
6492.596655,1000,6687.582849
6489.084506,1000,6693.902992
6481.502271,1000,6700.193459
6486.705063,1000,6706.42364
5498.314674,1000,6712.639702
6485.943302,1000,6718.894408
6489.071101,1000,6725.257547
6504.105752,1000,6731.627649
6496.541037,1000,6738.032356
5497.773796,1000,6744.384597
5486.802168,1000,6750.7585
5513.787106,1000,6757.161498
6494.524557,1000,6763.484086
6488.354764,1000,6769.811218
5497.826371,1000,6776.207615
6483.731284,1000,6782.590453
6505.155801,1000,6788.977804
6481.074611,1000,6795.303845
5486.10455,1000,6801.66333
5498.907307,1000,6807.913667
6503.347294,1000,6814.215197
6504.98945,1000,6820.492236
6489.245292,1000,6826.762201
6499.638186,1000,6833.147324
6498.388399,1000,6839.547156
6496.244036,1000,6845.899248
6478.17502,1000,6852.158645
6494.290291,1000,6858.526171
6503.309898,1000,6864.870998
6500.265372,1000,6871.184451
5502.122375,1000,6877.491976
6492.515736,1000,6883.836758
6498.05649,1000,6890.162586
6486.818182,1000,6896.481948
6474.836068,1000,6902.838369
6489.784139,1000,6909.254263
6497.733796,1000,6915.66251
6487.646563,1000,6921.918605
6490.403886,1000,6928.302315
6489.478207,1000,6934.766758
6487.692612,1000,6941.220904
6490.476556,1000,6947.558907
6490.364124,1000,6953.924826
5488.930604,1000,6960.298423
6490.055851,1000,6966.542773
6489.56129,1000,6972.771838
6495.522281,1000,6979.07947
5485.818626,1000,6985.421941
6493.086956,1000,6991.654814
6493.614882,1000,6997.887859
6490.82808,1000,7004.138982
6491.111344,1000,7010.368177
6487.184275,1000,7016.630423
6504.237784,1000,7022.910254
5486.816385,1000,7029.169934
6489.02006,1000,7035.375169
6493.867763,1000,7041.77483
6502.354105,1000,7048.164283
6484.355427,1000,7054.537585
6485.949571,1000,7060.914994
6490.905152,1000,7067.274479
6488.349591,1000,7073.560022
6508.175391,1000,7079.979558
6496.696258,1000,7086.352479
6494.401219,1000,7092.73419
6482.307796,1000,7099.140172
6496.196621,1000,7105.46372
6500.652283,1000,7111.795017
6507.376442,1000,7118.176156
6486.478001,1000,7124.61839
5488.230818,1000,7131.030844
5506.938871,1000,7137.474887
6492.807631,1000,7143.867929
6499.298154,1000,7150.342505
6486.761701,1000,7156.733783
6496.010015,1000,7163.137124
5492.473451,1000,7169.532088
6492.98938,1000,7175.939605
6508.936787,1000,7182.334191
6497.495091,1000,7188.716472
6494.567865,1000,7195.109536
6494.689482,1000,7201.447986
6489.360019,1000,7207.819477
6494.014735,1000,7214.160605
6499.496884,1000,7220.416077
6497.290087,1000,7226.804828
6493.2326,1000,7233.288463
6501.76047,1000,7239.697199
5499.027668,1000,7245.978818
6490.092999,1000,7252.281966
6495.290508,1000,7258.545053
6493.393897,1000,7264.851111
6508.655723,1000,7271.118039
6509.679909,1000,7277.402834
6494.28963,1000,7283.675346
6497.014831,1000,7289.976658
6496.663019,1000,7296.406296
6485.517772,1000,7302.788042
6501.312889,1000,7309.17708
5494.069271,1000,7315.577569
6485.402006,1000,7321.993378
6486.143617,1000,7328.386718
6490.935245,1000,7334.768226
6483.819181,1000,7341.206676
5492.975106,1000,7347.531852
5493.287043,1000,7354.049178
5505.445965,1000,7360.483988
6487.851372,1000,7366.925478
6506.267888,1000,7373.373865
6498.033992,1000,7379.755637
6489.178161,1000,7386.07466
6491.734867,1000,7392.433865
6495.463119,1000,7398.78677
6492.466484,1000,7405.14599
6497.395156,1000,7411.504319
6485.822263,1000,7417.797492
6491.591431,1000,7424.093698
7494.739562,1000,7430.397411
6508.52102,1000,7436.690891
5493.632462,1000,7442.974916
6495.701148,1000,7449.265412
6496.96419,1000,7455.680206
6495.631768,1000,7461.977014
6499.531876,1000,7468.263352
6505.326976,1000,7474.512103
5488.03522,1000,7480.759165
5489.848849,1000,7487.019781
5488.925235,1000,7493.286115
6501.58048,1000,7499.56526
6475.737428,1000,7505.912669
6487.862325,1000,7512.308154
6485.491968,1000,7518.707765
6500.955264,1000,7525.202022
6494.759574,1000,7531.625304
6485.57202,1000,7538.011172
6507.187086,1000,7544.360016
6490.909203,1000,7550.640442
6492.157937,1000,7556.928751
6497.06134,1000,7563.223943
6493.305464,1000,7569.558596
6492.291773,1000,7575.878568
6494.095836,1000,7582.223231
6502.005078,1000,7588.51964
6498.876271,1000,7594.839761
6499.908944,1000,7601.144533
6505.25627,1000,7607.475989
6505.337248,1000,7613.801432
6505.526531,1000,7620.242971
6497.643456,1000,7626.64297
6496.872944,1000,7633.094659
5507.98519,1000,7639.498279
6504.585577,1000,7645.872107
6501.948921,1000,7652.161721
6504.404668,1000,7658.482363
6492.202115,1000,7664.758828
6491.474492,1000,7671.073542
6489.493502,1000,7677.397097
5492.290501,1000,7683.72725
6490.465494,1000,7690.010785
6487.640303,1000,7696.299234
6502.32634,1000,7702.634619
6488.561951,1000,7709.029757
6498.158407,1000,7715.380639
6489.195813,1000,7721.712915
6499.072847,1000,7728.096898
6499.059475,1000,7734.522052
6503.14613,1000,7741.020571
5502.618432,1000,7747.317855
5501.509817,1000,7753.658149
5497.352384,1000,7759.984462
6498.719495,1000,7766.253664
6498.174205,1000,7772.586873
6481.229824,1000,7778.900671
6503.697949,1000,7785.187068
6504.839637,1000,7791.477602
6494.967298,1000,7797.867338
6496.640297,1000,7804.311969
6487.950458,1000,7810.654425
6489.837045,1000,7817.053119
6487.819729,1000,7823.326461
5498.989237,1000,7829.645226
5496.463068,1000,7835.948582
6507.366172,1000,7842.26051
6488.998569,1000,7848.605566
6500.813821,1000,7854.907118
6489.96057,1000,7861.304601
5496.476116,1000,7867.720443
6489.803145,1000,7874.263915
6491.328079,1000,7880.73222
6493.252857,1000,7887.214492
5508.359544,1000,7893.687754
6501.162737,1000,7900.113036
6499.428832,1000,7906.424488
6503.401217,1000,7912.852963
6491.431539,1000,7919.224668
6499.111184,1000,7925.610399
5499.58243,1000,7931.877112
6500.6802,1000,7938.199419
6501.24312,1000,7944.530272
6496.404567,1000,7950.855644
6498.43127,1000,7957.212674
6505.804719,1000,7963.663283
6506.124641,1000,7970.090296
6489.114447,1000,7976.367224
6496.791145,1000,7982.677429
6500.919091,1000,7988.949481
5498.603092,1000,7995.217702
6498.351932,1000,8001.618094
6502.274355,1000,8008.10256
6488.213915,1000,8014.487967
5507.969247,1000,8020.749279
6502.54164,1000,8027.065141
6502.954448,1000,8033.384234
-557.972466,1000,8039.573648
6490.659707,1000,8045.857139
6498.247818,1000,8052.211038
6485.410475,1000,8058.527151
6501.567035,1000,8064.945237
6503.326055,1000,8071.429753
6504.182612,1000,8077.922657
6491.891176,1000,8084.351537
5494.479119,1000,8090.753333
6507.882794,1000,8097.151827
6497.869086,1000,8103.545645
6504.473979,1000,8110.02292
6491.906075,1000,8116.422095
6498.421728,1000,8122.875303
6492.177669,1000,8129.294376
6499.74411,1000,8135.728924
6491.2934,1000,8142.123921
6489.259133,1000,8148.516661
6496.914944,1000,8154.840495
5502.629551,1000,8161.120633
6489.580049,1000,8167.427984
6494.716035,1000,8173.816677
6495.197598,1000,8180.273174
6503.590327,1000,8186.706153
6506.932355,1000,8193.13416
6485.214101,1000,8199.545945
6496.828964,1000,8205.997529
6499.133975,1000,8212.508298
5500.56865,1000,8218.984749
5504.163715,1000,8225.392
6503.212761,1000,8231.866371
6490.393633,1000,8238.255736
5505.789766,1000,8244.569221
5496.119246,1000,8250.91013
3456.883057,1000,8257.187711
6503.033568,1000,8263.461149
6498.29392,1000,8269.799771
6502.302935,1000,8276.123094
6494.999551,1000,8282.611655
6494.817679,1000,8289.005128
6484.449869,1000,8295.47568
6503.648207,1000,8301.913069
6497.33428,1000,8308.371966
5505.810116,1000,8314.815201
6496.283436,1000,8321.270869
6498.23102,1000,8327.590279
6496.249252,1000,8333.991251
6507.761984,1000,8340.430379
6499.11292,1000,8346.870325
5510.313271,1000,8353.301517
5503.67496,1000,8359.765782
5488.512037,1000,8366.154985
6500.870275,1000,8372.532282
6501.261084,1000,8378.996505
6494.855709,1000,8385.417981
6498.530401,1000,8391.812442
6495.962386,1000,8398.219667
6489.986971,1000,8404.669721
6487.079961,1000,8411.095085
6501.428676,1000,8417.585851
6503.731142,1000,8424.043005
6496.959547,1000,8430.45531
6500.864425,1000,8436.902335
6496.293076,1000,8443.325541
6490.132048,1000,8449.780285
5514.154226,1000,8456.206478
6493.648459,1000,8462.619326
6501.900512,1000,8469.04158
6496.965515,1000,8475.404574
6504.694292,1000,8481.714462
5498.884969,1000,8488.042868
6501.949416,1000,8494.441924
6499.623123,1000,8500.921955
6503.171384,1000,8507.450822
5494.504026,1000,8513.93161
6508.818771,1000,8520.433575
6490.558768,1000,8526.908119
6496.774692,1000,8533.315931
6504.679393,1000,8539.647233
6496.94864,1000,8546.030954
6501.187706,1000,8552.384671
7499.839267,1000,8558.720345
6487.942488,1000,8565.052392
5494.544245,1000,8571.326766
6495.236686,1000,8577.599504
6502.86568,1000,8583.912827
5500.988709,1000,8590.253311
6501.238928,1000,8596.565109
6490.653045,1000,8602.938829
6506.753755,1000,8609.269667
6501.306514,1000,8615.541203
6483.132256,1000,8622.03333
6505.769299,1000,8628.391849
6485.456943,1000,8634.704303
6493.984963,1000,8640.987424
6507.806483,1000,8647.331257
6504.641741,1000,8653.671052
6497.561872,1000,8660.156305
6485.559408,1000,8666.600086
6493.62859,1000,8673.028601
6497.175848,1000,8679.457102
6495.716856,1000,8685.93342
6498.993408,1000,8692.33841
6496.115182,1000,8698.656522
6491.02688,1000,8704.997824
6494.266487,1000,8711.298183
6497.6722,1000,8717.65954
6499.857869,1000,8723.983458
6496.80385,1000,8730.28998
5502.397294,1000,8736.682254
6501.992975,1000,8743.118841
6498.172224,1000,8749.472193
6494.244598,1000,8755.884013
6497.880099,1000,8762.287996
5491.902273,1000,8768.711051
6484.33979,1000,8775.137205
7489.886544,1000,8781.547551
6497.028931,1000,8787.866958
6502.290899,1000,8794.206755
6503.243618,1000,8800.573995
6496.136362,1000,8806.952078
6488.867465,1000,8813.466947
6494.673041,1000,8820.024846
6496.940003,1000,8826.462188
6485.661902,1000,8832.961416
6493.65975,1000,8839.394084
6503.716302,1000,8845.760899
6505.944563,1000,8852.106218
6500.8518,1000,8858.403375
6503.499427,1000,8864.735127
6503.350998,1000,8871.09987
6500.034499,1000,8877.583494
6486.311886,1000,8884.090126
6497.736816,1000,8890.502352
6498.491586,1000,8896.980179
6499.790415,1000,8903.331383
6498.914838,1000,8909.803997
5506.392568,1000,8916.209342
6493.253604,1000,8922.587865
6505.316084,1000,8928.882936
6500.564104,1000,8935.309365
6502.39008,1000,8941.84148
6494.330926,1000,8948.328977
5499.899719,1000,8954.753558
6505.925324,1000,8961.194305
6512.673301,1000,8967.559447
6500.228971,1000,8973.893006
6501.969827,1000,8980.285966
6498.087532,1000,8986.744913
5503.113284,1000,8993.069883
5506.671576,1000,8999.406914
5505.684151,1000,9005.776198
5509.029087,1000,9012.181
5501.397083,1000,9018.554629
5496.001473,1000,9024.892955
5501.424204,1000,9031.330233
6500.374713,1000,9037.798647
6489.937483,1000,9044.158431
6495.903332,1000,9050.503493
6499.700073,1000,9056.91795
6506.205435,1000,9063.422906
6519.764557,1000,9069.83702
6504.047786,1000,9076.297906
6500.810239,1000,9082.741079
6500.169304,1000,9089.187295
6507.977432,1000,9095.695897
6507.836202,1000,9102.129603
6508.471165,1000,9108.624586
6509.311442,1000,9115.057816
6502.181998,1000,9121.569805
6494.828381,1000,9127.999639
6504.477292,1000,9134.507944
6496.948696,1000,9140.966871
6511.318344,1000,9147.40133
6501.171861,1000,9153.901831
6501.345419,1000,9160.389283
5502.120934,1000,9166.87183
6505.661646,1000,9173.329286
6502.538831,1000,9179.856621
6497.337539,1000,9186.35573
5498.927559,1000,9192.818631
6500.197609,1000,9199.330157
6500.270084,1000,9205.8113
6506.650618,1000,9212.195919
6499.614381,1000,9218.675106
5501.39549,1000,9225.142062
6499.624867,1000,9231.606449
6499.63764,1000,9238.136583
6500.753727,1000,9244.645652
6496.857292,1000,9251.142698
6507.214296,1000,9257.608258
6507.013021,1000,9264.096203
6498.430059,1000,9270.595382
6498.011904,1000,9277.111319
6500.376256,1000,9283.653578
6502.753628,1000,9290.093865
6497.803183,1000,9296.583003
6496.771613,1000,9303.23276
6498.588003,1000,9309.686409
6493.815028,1000,9316.192099
6512.056401,1000,9322.640986
6495.754279,1000,9329.216935
6505.673388,1000,9335.71826
6499.899534,1000,9342.236959
5500.217623,1000,9348.758553
6500.561712,1000,9355.326532
6496.31235,1000,9361.830903
6495.947625,1000,9368.354767
6493.335445,1000,9374.876634
6502.613187,1000,9381.324769
6497.934446,1000,9387.884349
6502.690173,1000,9394.372743
6500.32325,1000,9400.75548
6502.588069,1000,9407.147241
6507.693857,1000,9413.567855
6503.502648,1000,9420.037129
6514.563267,1000,9426.512986
6504.206377,1000,9432.890149
6504.547405,1000,9439.283902
6500.233604,1000,9445.690348
6494.229714,1000,9452.067897
6504.158682,1000,9458.470266
6510.15008,1000,9464.832551
6497.205452,1000,9471.292945
5511.631023,1000,9477.65762
6501.894205,1000,9484.067515
6497.580117,1000,9490.452458
6501.681148,1000,9496.83057
6496.712087,1000,9503.229037
6493.772524,1000,9509.607652
6497.899609,1000,9516.003507
6501.461361,1000,9522.397515
6511.692193,1000,9528.90544
6492.008971,1000,9535.487558
6499.119863,1000,9541.930165
6496.145496,1000,9548.385307
6498.414545,1000,9554.814782
6492.906634,1000,9561.270019
5498.855045,1000,9567.695499
6493.541099,1000,9574.225405
6496.811226,1000,9580.76181
6487.100363,1000,9587.107566
6498.644803,1000,9593.517911
6496.497602,1000,9599.910904
6498.169221,1000,9606.27556
6497.47288,1000,9612.660745
6490.27953,1000,9619.065452
6502.832903,1000,9625.447442
6500.879172,1000,9631.795717
6501.588059,1000,9638.183746
6498.046122,1000,9644.556476
6498.175516,1000,9650.95369
6504.824175,1000,9657.361154
6505.127203,1000,9663.743732
6498.432097,1000,9670.130687
6502.393042,1000,9676.517261
6497.654446,1000,9682.882634
6496.730135,1000,9689.257106
6492.663532,1000,9695.638245
6499.093583,1000,9702.055107
6506.13172,1000,9708.467839
7502.305302,1000,9714.901915
6513.320516,1000,9721.382951
6505.999207,1000,9727.778395
6499.364883,1000,9734.187119
6497.246011,1000,9740.609685
6505.83573,1000,9747.031277
6504.348806,1000,9753.488406
6502.504739,1000,9759.985294
6498.032303,1000,9766.560158
6502.148704,1000,9773.144881
6503.48566,1000,9779.648157
5494.768054,1000,9786.160479
6503.884482,1000,9792.59742
5497.412508,1000,9799.13251
6507.248648,1000,9805.6275
6496.678726,1000,9812.084582
5491.253059,1000,9818.626806
6507.76586,1000,9825.175248
6503.594681,1000,9831.59054
6506.102176,1000,9838.010961
6495.819392,1000,9844.43806
5504.325683,1000,9851.050123
6496.461944,1000,9857.57339
7502.763782,1000,9864.15489
6507.22548,1000,9870.64866
6506.791391,1000,9877.180769
6506.342795,1000,9883.670944
6502.164634,1000,9890.142684
6513.183535,1000,9896.628307
6499.408062,1000,9903.017639
6497.840741,1000,9909.451751
5522.091382,1000,9915.903385
6506.876938,1000,9922.284221
6499.760165,1000,9928.731788
6510.178552,1000,9935.280021
6496.723462,1000,9941.833596
6504.383664,1000,9948.348506
6499.420098,1000,9954.770782
6510.17285,1000,9961.209775
6511.059192,1000,9967.605164
6499.876172,1000,9974.033634
6506.89409,1000,9980.475847
6505.369155,1000,9986.857071
6495.688967,1000,9993.288795
6500.426815,1000,9999.795132
5497.464269,1000,10006.372283
5509.041068,1000,10012.906708
5511.790396,1000,10019.463514
6504.114141,1000,10026.010181
6498.89871,1000,10032.491836
6501.263823,1000,10038.985492
6504.002172,1000,10045.54127
6506.560655,1000,10052.082749
6498.312639,1000,10058.664895
6496.519363,1000,10065.227923
6501.296064,1000,10071.694412
6496.265984,1000,10078.123178
6507.124613,1000,10084.607785
6505.681014,1000,10091.069375
6505.878568,1000,10097.556698
6506.726185,1000,10104.135643
6495.024823,1000,10110.714031
7501.150011,1000,10117.267208
6501.108673,1000,10123.83824
6504.616163,1000,10130.353228
6498.877507,1000,10136.845494
6509.017957,1000,10143.373827
6501.865695,1000,10149.972262
6493.003534,1000,10156.49334
6495.753562,1000,10162.970293
5502.364397,1000,10169.458797
5503.41386,1000,10175.932502
6505.452919,1000,10182.526403
6494.351199,1000,10189.057538
6504.849296,1000,10195.572537
6494.655893,1000,10202.067564
6503.76815,1000,10208.529021
6499.942187,1000,10215.003237
6500.648025,1000,10221.437209
6498.291637,1000,10227.855443
6498.829738,1000,10234.297657
6499.597982,1000,10240.757738
6503.637604,1000,10247.201225
6505.10154,1000,10253.672995
6502.916132,1000,10260.156629
5501.124773,1000,10266.58363
6498.634983,1000,10273.059413
6492.65277,1000,10279.508801
6493.01988,1000,10286.119245
6499.112084,1000,10292.724008
6507.177572,1000,10299.3368
6503.496129,1000,10305.90152
6508.5841,1000,10312.422838
6499.675624,1000,10318.894573
6501.060599,1000,10325.328258
6508.694845,1000,10331.782181
6495.705766,1000,10338.190807
6497.824164,1000,10344.641609
6498.049511,1000,10351.217572
6498.004952,1000,10357.81416
6504.880202,1000,10364.369306
6497.158554,1000,10370.814382
6497.635563,1000,10377.40868
6495.612927,1000,10383.914953
6504.239641,1000,10390.470885
6500.65854,1000,10397.060374
6495.645677,1000,10403.6477
6498.166021,1000,10410.135037
6505.499828,1000,10416.619794
6498.5896,1000,10423.135402
6499.743772,1000,10429.583434
6489.846325,1000,10436.174755
7499.017187,1000,10442.777356
6509.893171,1000,10449.395674
6499.809128,1000,10456.036774
6498.229673,1000,10462.617223
6501.825782,1000,10469.184319
6503.782197,1000,10475.734175
6499.734734,1000,10482.28944
6511.163683,1000,10488.935907
6499.267768,1000,10495.575684
6493.063525,1000,10502.108106
6499.728104,1000,10508.640478
6509.138569,1000,10515.135797
5503.595736,1000,10521.59688
6497.5858,1000,10528.01762
6491.076971,1000,10534.529005
6493.673997,1000,10541.003541
6510.565232,1000,10547.49868
6496.294831,1000,10554.039312
6499.722421,1000,10560.575329
6503.268797,1000,10567.084838
6504.320948,1000,10573.558117
6497.277044,1000,10580.040713
6506.807765,1000,10586.493373
6493.602215,1000,10592.939213
6498.643479,1000,10599.461512
6498.526214,1000,10606.095395
6499.680054,1000,10612.60077
6504.072346,1000,10619.233619
6496.638748,1000,10625.793128
6507.034071,1000,10632.349045
6498.932791,1000,10638.907623
6504.741085,1000,10645.546135
6507.336922,1000,10652.102971
6496.641603,1000,10658.69566
6511.096086,1000,10665.296538
6501.036748,1000,10671.764443
6497.026461,1000,10678.223405
6496.479865,1000,10684.671236
6490.096176,1000,10691.179462
6498.69881,1000,10697.622928
6494.626784,1000,10704.096988
6509.449071,1000,10710.610018
6491.953773,1000,10717.195121
6495.701583,1000,10723.805675
7494.469514,1000,10730.462336
7490.099917,1000,10737.101074
6490.553025,1000,10743.714376
6494.781346,1000,10750.316941
6493.663821,1000,10756.93727
6495.85895,1000,10763.510922
6492.618131,1000,10770.085896
6494.530173,1000,10776.603997
6497.192032,1000,10783.094565
6490.078573,1000,10789.585176
6493.557136,1000,10796.24245
6511.667837,1000,10802.814069
6503.857187,1000,10809.337121
6497.834156,1000,10815.964185
6499.943134,1000,10822.570607
6486.698145,1000,10829.155255
6494.843794,1000,10835.63956
6495.70393,1000,10842.238379
6496.495204,1000,10848.822965
6494.050916,1000,10855.350098
6502.543945,1000,10861.821091
6496.988252,1000,10868.295518
7491.358586,1000,10874.770348
6494.679369,1000,10881.295893
5504.330278,1000,10887.789061
6500.599296,1000,10894.278309
6513.064389,1000,10900.784742
6508.972437,1000,10907.224847
6496.245859,1000,10913.749299
6490.205509,1000,10920.213075
5503.370726,1000,10926.658677
6503.993584,1000,10933.147579
7505.641221,1000,10939.594836
6502.314784,1000,10946.13894
6496.748955,1000,10952.620853
6489.080856,1000,10959.13772
5498.323523,1000,10965.636769
6505.440493,1000,10972.099794
6500.426878,1000,10978.587117
7499.154704,1000,10985.074803
6499.538418,1000,10991.526928
6495.412347,1000,10998.027831
6492.373718,1000,11004.509104
6504.391557,1000,11011.116225
6496.38292,1000,11017.705748
6496.304466,1000,11024.332067
6515.174986,1000,11030.992276
6493.784397,1000,11037.563282
6490.483796,1000,11044.198064
6502.661515,1000,11050.838454
7492.042206,1000,11057.456208
7508.916334,1000,11064.00863
6493.922278,1000,11070.612563
6499.750609,1000,11077.216945
6500.552955,1000,11083.861609
6505.169464,1000,11090.458853
6506.253876,1000,11097.073973
6502.07317,1000,11103.585548
6502.557306,1000,11110.09624
6493.089773,1000,11116.561354
6492.967229,1000,11123.017354
7494.465879,1000,11129.496775
6497.900322,1000,11136.013298
6502.798129,1000,11142.451739
6497.683132,1000,11148.956313
6498.971952,1000,11155.489086
5496.811699,1000,11162.015665
6495.640456,1000,11168.479397
6506.913376,1000,11174.990747
6497.621411,1000,11181.674386
6491.041665,1000,11188.31666
6494.687256,1000,11194.895563
6499.750569,1000,11201.444588
6494.528499,1000,11208.048066
6498.558822,1000,11214.672598
6497.824449,1000,11221.141893
6502.069576,1000,11227.684215
6500.483702,1000,11234.3217
6504.724557,1000,11240.972062
6497.345039,1000,11247.57199
6495.273773,1000,11254.187837
6505.55943,1000,11260.776239
5494.006199,1000,11267.351003
6502.788684,1000,11273.920998
6509.256461,1000,11280.503335
7499.045799,1000,11287.109081
6497.939332,1000,11293.675763
6505.246703,1000,11300.250339
6500.954921,1000,11306.867893
6504.986301,1000,11313.412708
6497.793402,1000,11320.020838
6501.035403,1000,11326.662042
6497.818632,1000,11333.214092
6502.156495,1000,11339.779382
6500.169113,1000,11346.384488
6500.161148,1000,11352.970864
6496.970914,1000,11359.593655
6500.881259,1000,11366.188544
6499.489627,1000,11372.77222
6498.142749,1000,11379.38011
7495.759257,1000,11385.935651
6506.064501,1000,11392.565588
6499.056473,1000,11399.12007
6499.153634,1000,11405.736866
6490.494723,1000,11412.306539
6494.066882,1000,11418.92995
6496.66389,1000,11425.509801
6492.998017,1000,11431.988157
6504.417548,1000,11438.501395
6501.869895,1000,11445.017305
7494.679235,1000,11451.528358
6499.137441,1000,11458.138168
6506.457164,1000,11464.755277
7497.840758,1000,11471.365518
6506.721438,1000,11477.969307
6503.545493,1000,11484.520721
6499.967647,1000,11491.092502
5502.897755,1000,11497.735603
6504.695347,1000,11504.322002
6498.712237,1000,11510.90057
5502.732916,1000,11517.553099
6506.364056,1000,11524.109199
6506.773533,1000,11530.668509
6499.664156,1000,11537.279365
6499.991263,1000,11543.944124
6505.115405,1000,11550.502263
6511.223598,1000,11557.110463
6507.967717,1000,11563.677022
6497.148562,1000,11570.250034
6498.702449,1000,11576.837826
6511.596516,1000,11583.424197
6506.915689,1000,11590.020361
6501.756172,1000,11596.619135
6498.135802,1000,11603.210251
5508.298117,1000,11609.863001
5492.189323,1000,11616.501989
6504.625286,1000,11623.061221
6505.701435,1000,11629.768153
6496.859754,1000,11636.328622
6499.655561,1000,11642.952772
6500.715878,1000,11649.53304
6495.291414,1000,11656.158153
6496.214223,1000,11662.778768
6501.071941,1000,11669.383147
6500.194889,1000,11675.982006
6498.376866,1000,11682.65134
6503.535571,1000,11689.204417
6498.449239,1000,11695.76326
6499.165273,1000,11702.371569
6500.29265,1000,11709.024237
6502.249124,1000,11715.638681
7505.65202,1000,11722.246236
6506.522296,1000,11728.888829
6504.531185,1000,11735.464864
6502.683206,1000,11742.07886
6500.464666,1000,11748.620222
6494.510649,1000,11755.188825
6499.806255,1000,11761.773777
6503.264848,1000,11768.369296
6502.806031,1000,11774.899717
6504.561117,1000,11781.488102
6504.787395,1000,11788.040686
6500.493144,1000,11794.639584
6496.128379,1000,11801.245929
7496.094031,1000,11807.834597
7501.331089,1000,11814.396087
6500.218239,1000,11821.02221
6510.164987,1000,11827.653171
6503.204916,1000,11834.268855
6502.37165,1000,11840.909022
6494.251882,1000,11847.481415
5500.155376,1000,11854.0466
6506.41863,1000,11860.707865
6506.740289,1000,11867.274327
6507.979276,1000,11873.836752
6502.800816,1000,11880.491311
6502.205338,1000,11887.14636
6502.11868,1000,11893.737139
6501.157397,1000,11900.340579
6503.526718,1000,11906.941751
7507.366284,1000,11913.54468
6509.517496,1000,11920.13537
6505.759895,1000,11926.823356
6512.50135,1000,11933.420475
6508.000534,1000,11940.046296
6513.279641,1000,11946.672887
6497.480078,1000,11953.322988
6510.203439,1000,11959.907969
5510.206511,1000,11966.496923
6516.496318,1000,11973.119828
6502.164475,1000,11979.722802
6504.133745,1000,11986.354076
6509.580066,1000,11993.018235
6507.286992,1000,11999.664025
6520.614409,1000,12006.308047
6509.246952,1000,12012.948347
6511.684009,1000,12019.613137
6500.859736,1000,12026.269246
7513.62975,1000,12032.895703
6512.246675,1000,12039.561121
6504.142017,1000,12046.226031
6505.049108,1000,12052.830017
6501.296236,1000,12059.490815
5519.709505,1000,12066.169193
5499.207438,1000,12072.79237
6504.059339,1000,12079.40426
6513.062459,1000,12085.939492
6506.114111,1000,12092.49762
6507.975963,1000,12099.077091
6506.185499,1000,12105.666298
6508.417399,1000,12112.330382
6508.957535,1000,12118.937847
6509.560515,1000,12125.604893
6501.321307,1000,12132.266932
6503.679959,1000,12138.904111
5506.975832,1000,12145.595584
6511.23377,1000,12152.197186
6515.119921,1000,12158.808596
6500.742699,1000,12165.473019
6505.702151,1000,12172.097841
6505.242662,1000,12178.7874
6510.374415,1000,12185.432151
6507.455511,1000,12192.063272
6506.590116,1000,12198.696314
6503.638927,1000,12205.352834
6495.919337,1000,12212.003821
6505.589702,1000,12218.6446
6506.523407,1000,12225.298959
6512.753106,1000,12231.979104
6501.121859,1000,12238.650307
6509.628429,1000,12245.292006
6504.970319,1000,12251.980776
6510.884845,1000,12258.592505
6508.604645,1000,12265.224895
6503.975477,1000,12271.85782
6507.540817,1000,12278.52153
6506.40982,1000,12285.17065
6506.180771,1000,12291.853092
6510.886373,1000,12298.499458
6510.237604,1000,12305.103208
7503.781054,1000,12311.76804
6513.347047,1000,12318.425293
6509.824244,1000,12325.064242
6508.3488,1000,12331.710548
5511.067864,1000,12338.330652
6508.875446,1000,12344.982125
6500.09288,1000,12351.658977
6499.64709,1000,12358.30187
6500.669758,1000,12364.965028
6498.726123,1000,12371.573975
6512.355121,1000,12378.210404
6505.958132,1000,12384.866296
6512.525704,1000,12391.502035
6510.363033,1000,12398.092961
6513.497995,1000,12404.695991
6514.052724,1000,12411.294991
6501.616227,1000,12417.944712
6497.43482,1000,12424.540493
6508.007244,1000,12431.191847
6504.716619,1000,12437.853918
6504.168294,1000,12444.504406
6511.366253,1000,12451.211947
6495.085049,1000,12457.891737
6498.565861,1000,12464.561904
6506.549966,1000,12471.21991
6509.479119,1000,12477.85948
6509.58789,1000,12484.481371
6501.306105,1000,12491.166579
6517.594816,1000,12497.786452
6500.556999,1000,12504.555839
6509.243286,1000,12511.296702
6510.843123,1000,12518.007707
7502.697403,1000,12524.722401
6513.083834,1000,12531.476599
6509.171155,1000,12538.182989
6501.889921,1000,12544.895234
6496.657482,1000,12551.565695
6506.359253,1000,12558.234509
6505.886931,1000,12564.957687
6501.039562,1000,12571.643349
6506.337473,1000,12578.34672
6511.391009,1000,12584.988566
6500.498421,1000,12591.651966
6511.801637,1000,12598.292841
5508.645573,1000,12604.961479
6508.065592,1000,12611.722753
6508.408115,1000,12618.387245
6506.110828,1000,12625.017352
6508.777635,1000,12631.632755
6510.115562,1000,12638.248976
6507.611867,1000,12644.880998
7497.451727,1000,12651.520096
419.460975,1000,12658.016993
6496.345653,1000,12664.606878
5501.239537,1000,12671.123828
6507.729169,1000,12677.609298
7501.466279,1000,12684.148823
7501.321815,1000,12690.658857
6507.752535,1000,12697.162748
6510.057165,1000,12703.683091
6511.722947,1000,12710.220464
5508.542256,1000,12716.736419
6506.379405,1000,12723.331687
7508.04534,1000,12730.011705
7501.71213,1000,12736.705871
6500.80564,1000,12743.341496
6502.40217,1000,12749.964343
6502.875318,1000,12756.594112
6502.859659,1000,12763.213702
6502.315233,1000,12769.855933
5518.399846,1000,12776.531948
6508.915322,1000,12783.25592
6503.898397,1000,12790.010281
6510.430784,1000,12796.687923
6510.59839,1000,12803.351319
6508.779206,1000,12810.027492
7510.914862,1000,12816.642041
6502.747184,1000,12823.316399
6498.955421,1000,12829.965494
6498.20055,1000,12836.620799
7513.377479,1000,12843.244614
6503.877375,1000,12849.854383
7510.280142,1000,12856.438228
6512.827219,1000,12863.010452
6512.056172,1000,12869.62854
6507.212095,1000,12876.286089
6510.372958,1000,12882.921422
6512.460037,1000,12889.578749
5500.929292,1000,12896.237511
6507.02206,1000,12903.16222
6508.233862,1000,12909.801979
6510.149037,1000,12916.430718
6506.456963,1000,12923.13555
6509.40051,1000,12929.823506
6509.355493,1000,12936.52399
6513.206532,1000,12943.230881
6499.857055,1000,12949.904444
7501.108031,1000,12956.542519
6513.45414,1000,12963.231615
6504.326178,1000,12969.901245
7507.687609,1000,12976.548412
7504.620784,1000,12983.208074
6504.147099,1000,12989.855028
6508.091679,1000,12996.529789
6510.853016,1000,13003.157067
6509.655162,1000,13009.817607
6502.419076,1000,13016.481441
5505.967167,1000,13023.152931
6506.508226,1000,13029.80294
7505.722471,1000,13036.547358
6500.1636,1000,13043.265892
6517.724895,1000,13049.989271
6510.455661,1000,13056.64489
6502.687881,1000,13063.334922
6505.492581,1000,13070.075246
6504.446125,1000,13076.751811
6503.787165,1000,13083.422947
6511.027604,1000,13090.08733
6500.148067,1000,13096.772421
6505.061373,1000,13103.495793
6512.71971,1000,13110.172447
6497.252955,1000,13116.854677
6511.663715,1000,13123.48151
6511.007749,1000,13130.206217
6509.732555,1000,13136.911496
6505.964804,1000,13143.566245
6509.898016,1000,13150.215987
6507.878943,1000,13156.926361
6506.647164,1000,13163.580793
6508.274393,1000,13170.25366
6501.583272,1000,13176.965428
6504.741047,1000,13183.59059
6515.114203,1000,13190.277655
6505.582666,1000,13196.966356
6512.124305,1000,13203.660663
6499.871064,1000,13210.344605
7501.988766,1000,13217.044376
6520.786551,1000,13223.685833
6498.062974,1000,13230.365842
5513.096338,1000,13237.086733
6508.289685,1000,13243.764196
6506.743506,1000,13250.41902
5502.149292,1000,13257.084656
6497.333971,1000,13263.762047
6505.108408,1000,13270.3914
6504.784561,1000,13276.991329
7505.559733,1000,13283.555851
6517.434251,1000,13290.107604
6515.412453,1000,13296.623913
5517.207497,1000,13303.1531
6508.493529,1000,13309.736961
6500.814582,1000,13316.399686
6506.247974,1000,13323.083162
6505.844827,1000,13329.713731
6503.49907,1000,13336.407073
5504.628793,1000,13343.079953
6506.316065,1000,13349.739719
6515.735411,1000,13356.40903
6508.365335,1000,13363.105307
6508.917929,1000,13369.740267
6498.03036,1000,13376.467925
6509.219227,1000,13383.153259
6509.025905,1000,13389.817888
5511.743102,1000,13396.516937
6513.947654,1000,13403.18744
6507.751352,1000,13409.843838
6508.554556,1000,13416.472882
6512.393468,1000,13423.151144
6496.205362,1000,13429.830026
6507.757989,1000,13436.518747
6505.863711,1000,13443.214252
6511.611026,1000,13449.785534
6515.719691,1000,13456.355075
6511.599699,1000,13462.904221
6504.679969,1000,13469.524914
6516.697686,1000,13476.034604
6501.490802,1000,13482.562329
5516.008049,1000,13489.088121
6496.621874,1000,13495.739677
6510.217522,1000,13502.476154
5504.180374,1000,13509.094171
6503.300651,1000,13515.753238
6500.150553,1000,13522.432071
5503.602686,1000,13529.088056
6516.899938,1000,13535.790942
6507.072031,1000,13542.437319
5504.609296,1000,13549.067722
5507.076175,1000,13555.74566
5511.050007,1000,13562.427824
6506.018172,1000,13569.082596
6500.225146,1000,13575.770799
5513.66096,1000,13582.507544
6512.273546,1000,13589.155569
6522.871881,1000,13595.830592
6509.334187,1000,13602.521847
6510.999525,1000,13609.139782
6509.657827,1000,13615.796973
6512.491933,1000,13622.504598
6508.422048,1000,13629.165125
6511.309594,1000,13635.795987
6518.856891,1000,13642.445109
6509.506484,1000,13649.068886
7507.151432,1000,13655.660445
6513.290415,1000,13662.351943
6505.002298,1000,13669.0409
6507.002719,1000,13675.772738
6502.929239,1000,13682.465618
6511.592991,1000,13689.203126
6499.604939,1000,13695.845649
6508.690397,1000,13702.524881
6504.694113,1000,13709.235045
6502.318449,1000,13715.872877
6501.641477,1000,13722.549931
6505.258623,1000,13729.271954
6502.948448,1000,13735.991627
5507.720063,1000,13742.627992
5508.786191,1000,13749.281143
6513.700558,1000,13755.987883
6498.301384,1000,13762.653469
6499.652883,1000,13769.340165
6506.387257,1000,13776.004255
6501.903393,1000,13782.709998
7506.97605,1000,13789.410576
6509.471635,1000,13796.104433
6505.155782,1000,13802.770775
6509.145059,1000,13809.427319
6516.346388,1000,13816.10066
6504.553093,1000,13822.808324
6508.356782,1000,13829.466802
6507.371801,1000,13836.122004
6507.330093,1000,13842.773358
6508.977483,1000,13849.339031
6503.89613,1000,13855.865685
7514.117768,1000,13862.435613
6508.341495,1000,13869.09897
6500.871659,1000,13875.750715
6503.978367,1000,13882.292682
6498.651353,1000,13888.96665
6504.970152,1000,13895.66101
6503.52533,1000,13902.366123
6507.834954,1000,13908.988679
5497.057945,1000,13915.66469
6502.063896,1000,13922.275723
7500.720732,1000,13928.846924
6509.165917,1000,13935.388645
6503.49988,1000,13941.927728
6503.954426,1000,13948.67789
6505.424539,1000,13955.365057
6504.092614,1000,13962.023277
6503.619098,1000,13968.695235
6512.198756,1000,13975.353095
6510.918098,1000,13982.015017
5493.176326,1000,13988.636286
6505.256407,1000,13995.318825
6501.749509,1000,14002.002503
6502.553409,1000,14008.68192
6510.633453,1000,14015.35153
6496.599971,1000,14022.122178
6512.995894,1000,14028.817854
6504.586818,1000,14035.504336
6505.856303,1000,14042.231323
6509.965246,1000,14048.921042
6509.499977,1000,14055.521031
6510.580886,1000,14062.099946
6507.461655,1000,14068.645663
6508.163813,1000,14075.187743
6507.110221,1000,14081.704246
6501.627327,1000,14088.229508
6503.095525,1000,14094.796298
6506.545977,1000,14101.355846
6510.459387,1000,14107.859936
6500.556246,1000,14114.407534
6500.602892,1000,14120.974706
6507.316617,1000,14127.529636
6505.438216,1000,14134.082497
6514.883174,1000,14140.609079
6504.845062,1000,14147.16384
5510.77301,1000,14153.727817
6501.425919,1000,14160.287792
6498.926418,1000,14166.860189
6511.091786,1000,14173.561326
6501.477081,1000,14180.313079
6505.460826,1000,14187.022353
6502.044108,1000,14193.720666
6509.579165,1000,14200.356291
5498.993204,1000,14207.019197
5507.286164,1000,14213.640553
6500.35586,1000,14220.308629
6500.900073,1000,14226.948677
6509.870782,1000,14233.646133
6503.151496,1000,14240.314049
6497.373533,1000,14247.001758
6493.277397,1000,14253.734279
6493.411569,1000,14260.374818
6510.217601,1000,14267.017508
6508.310609,1000,14273.695314
6499.806573,1000,14280.370812
6505.146799,1000,14287.101101
6508.540845,1000,14293.736208
6509.23753,1000,14300.439631
6510.747449,1000,14307.091233
5514.71253,1000,14313.7389
6500.858903,1000,14320.45237
6511.918375,1000,14327.146975
6508.555227,1000,14333.768941
6505.799805,1000,14340.307424
5519.147236,1000,14346.901588
6505.990669,1000,14353.467625
6508.180506,1000,14360.049995
6506.542664,1000,14366.63798
6499.83939,1000,14373.310748
6503.118376,1000,14379.937736
6501.990856,1000,14386.561516
6510.717533,1000,14393.228605
7510.305707,1000,14399.915009
6504.995201,1000,14406.546609
5501.631571,1000,14413.208233
6501.402456,1000,14419.862722
6509.898386,1000,14426.544062
5504.64388,1000,14433.210053
5499.095901,1000,14439.878389
6505.256324,1000,14446.547747
6509.944989,1000,14453.215168
6503.294848,1000,14459.877147
7505.653048,1000,14466.564609
6507.544726,1000,14473.255559
6499.88199,1000,14479.873722
6509.2622,1000,14486.552755
6505.543957,1000,14493.204034
6503.504554,1000,14499.855064
6504.595069,1000,14506.417894
6508.416596,1000,14513.079992
6510.822705,1000,14519.824186
6495.845738,1000,14526.490223
6510.725894,1000,14533.160176
6509.600556,1000,14539.860063
6509.23487,1000,14546.537016
6510.781708,1000,14553.229449
6513.669617,1000,14559.930444
6503.144638,1000,14566.605416
5501.596179,1000,14573.297174
6507.017074,1000,14580.000945
6517.197928,1000,14586.695893
6509.625692,1000,14593.332983
6502.335402,1000,14599.993722
7507.402318,1000,14606.67277
6509.178492,1000,14613.379134
6508.62274,1000,14620.008287
6506.632673,1000,14626.647614
5499.522532,1000,14633.233924
6502.299696,1000,14639.857862
7508.137588,1000,14646.498223
7513.436518,1000,14653.196117
6509.265393,1000,14659.854585
6501.837481,1000,14666.545642
6500.141815,1000,14673.165818
6503.960676,1000,14679.839788
6500.891131,1000,14686.489569
7515.301763,1000,14693.081079
6507.992741,1000,14699.755478
6509.689175,1000,14706.438956
6505.570541,1000,14713.163219
6506.507475,1000,14719.808834
6500.380753,1000,14726.479203
6501.802778,1000,14733.175878
6505.300556,1000,14739.861878
6508.243465,1000,14746.565957
6505.609983,1000,14753.23112
7510.176602,1000,14759.878048
7507.430853,1000,14766.524497
6508.635304,1000,14773.229723
6503.314357,1000,14779.884742
7505.632723,1000,14786.569364
6509.128242,1000,14793.183796
6502.618401,1000,14799.888479
6498.371221,1000,14806.567618
6499.909827,1000,14813.267827
6507.173378,1000,14819.940477
6507.61281,1000,14826.583241
6508.187343,1000,14833.221589
6515.680859,1000,14839.906852
7506.74389,1000,14846.638419
6501.404772,1000,14853.323053
6501.77626,1000,14859.937607
6506.581697,1000,14866.666759
6499.571405,1000,14873.277935
6508.377415,1000,14879.946895
6502.25279,1000,14886.656545
6502.950857,1000,14893.263017
6501.835043,1000,14899.959656
6504.047888,1000,14906.534827
6501.374707,1000,14913.216233
6512.569888,1000,14919.949562
6498.224625,1000,14926.577805
6499.871408,1000,14933.099335
6503.826488,1000,14939.659502
6509.111316,1000,14946.205691
6506.715295,1000,14952.79932
6501.560484,1000,14959.36538
6504.525503,1000,14965.91166
6505.940237,1000,14972.559282
7506.290995,1000,14979.226895
6500.017619,1000,14985.894206
6503.88955,1000,14992.470132
6508.92702,1000,14999.056245
6509.553,1000,15005.749818
7509.769016,1000,15012.394886
6519.274662,1000,15019.123685
6499.440238,1000,15025.883708
6502.316365,1000,15032.592736
6506.522578,1000,15039.271204
6504.901533,1000,15045.946461
6504.685054,1000,15052.629195
6505.74017,1000,15059.328573
6503.612343,1000,15065.978441
6510.768272,1000,15072.608077
7509.422751,1000,15079.235993
6503.47942,1000,15085.79597
6515.789263,1000,15092.316395
6503.274126,1000,15098.837103
6503.216407,1000,15105.394189
6509.9724,1000,15111.950629
7507.1125,1000,15118.49428
6509.110158,1000,15125.039368
6513.141055,1000,15131.724033
6506.653135,1000,15138.422936
6502.801174,1000,15145.177961
6511.423418,1000,15151.907155
7506.13934,1000,15158.550082
6502.926714,1000,15165.230136
6503.949392,1000,15171.93908
6504.95411,1000,15178.677065
6510.482518,1000,15185.339624
6516.517595,1000,15191.988374
6503.364238,1000,15198.692973
7507.328714,1000,15205.380095
7504.47985,1000,15212.042693
6511.060103,1000,15218.770457
6501.572698,1000,15225.47657
6511.645675,1000,15232.156956
6510.537928,1000,15238.8744
6509.623181,1000,15245.529924
6509.278154,1000,15252.218807
6500.689258,1000,15258.849285
6511.809336,1000,15265.57155
6512.851279,1000,15272.162856
6513.056742,1000,15278.781177
6509.253113,1000,15285.338022
6509.137819,1000,15291.913947
6510.7053,1000,15298.448706
6512.834592,1000,15305.038828
5507.614747,1000,15311.731915
6511.221422,1000,15318.36711
7508.823281,1000,15324.949083
6497.071852,1000,15331.657223
7507.790141,1000,15338.37312
6509.021858,1000,15345.001493
6509.029274,1000,15351.685584
6510.107218,1000,15358.375702
6507.818465,1000,15365.043575
6510.184999,1000,15371.74812
6510.744151,1000,15378.48984
6502.479177,1000,15385.122444
6503.677459,1000,15391.821625
6501.615401,1000,15398.48074
6519.940056,1000,15405.13017
6511.958857,1000,15411.870488
6510.415613,1000,15418.613409
5516.842147,1000,15425.337281
6505.15929,1000,15431.986375
7509.057814,1000,15438.719141
6509.850823,1000,15445.426327
6512.037747,1000,15452.165213
5511.478787,1000,15458.89534
6499.666116,1000,15465.595724
6509.539282,1000,15472.276039
6509.113946,1000,15479.016419
6508.419541,1000,15485.724077
5504.99155,1000,15492.449146
6516.805626,1000,15499.164639
6513.947373,1000,15505.863029
6514.75062,1000,15512.50297
6515.535184,1000,15519.179464
6512.989625,1000,15525.887081
7504.601628,1000,15532.615754
6509.944997,1000,15539.274878
6511.10925,1000,15545.986312
7509.632731,1000,15552.723497
6510.941651,1000,15559.479007
6504.222818,1000,15566.132947
6506.997935,1000,15572.768486
6509.679647,1000,15579.448304
6511.192583,1000,15586.152808
6509.905273,1000,15592.929902
6505.106601,1000,15599.68271
6513.589718,1000,15606.402542
6510.978677,1000,15613.121643
6506.744117,1000,15619.918289
6507.125743,1000,15626.590576
7504.783023,1000,15633.236041
6504.843268,1000,15639.820854
6503.990499,1000,15646.41951
6511.659209,1000,15653.035495
6514.786832,1000,15659.602489
5512.175015,1000,15666.197241
6504.676415,1000,15672.803385
6510.351504,1000,15679.39472
6495.524206,1000,15686.007642
6511.772524,1000,15692.591917
6509.141853,1000,15699.167213
6509.670649,1000,15705.779164
6499.415671,1000,15712.354955
6498.107426,1000,15719.065299
6509.222918,1000,15725.800007
6518.076318,1000,15732.53307
6509.037625,1000,15739.218769
7510.597291,1000,15745.960263
7509.086585,1000,15752.655079
6510.829515,1000,15759.344764
6514.688826,1000,15766.074575
6506.196053,1000,15772.747884
6517.991878,1000,15779.475734
6506.3337,1000,15786.183678
6510.987241,1000,15792.922966
7507.943573,1000,15799.628983
6516.265127,1000,15806.332126
6508.858804,1000,15813.003623
6509.071884,1000,15819.720762
6511.94029,1000,15826.403454
7510.732436,1000,15833.152421
6504.730512,1000,15839.886539
6520.664281,1000,15846.593171
6503.921445,1000,15853.316642
6507.578798,1000,15860.000356
6510.52557,1000,15866.771696
6513.958559,1000,15873.507817
6502.297155,1000,15880.23003
6500.876661,1000,15886.860782
6512.810344,1000,15893.45128
7512.934724,1000,15900.060711
6514.596563,1000,15906.727943
6512.955873,1000,15913.400433
6507.080671,1000,15920.192371
6508.950211,1000,15926.951967
6519.059509,1000,15933.67822
6518.919347,1000,15940.403891
6510.359473,1000,15947.086145
6511.100935,1000,15953.835488
7508.261426,1000,15960.584536
6512.578191,1000,15967.32548
6513.753524,1000,15974.043308
6514.588782,1000,15980.816606
6515.937214,1000,15987.548274
6511.926229,1000,15994.309465
6514.683396,1000,16001.03141
6515.832066,1000,16007.77712
6518.847883,1000,16014.495171
6511.258366,1000,16021.175663
6520.502839,1000,16027.870853
6501.544437,1000,16034.474524
6513.598247,1000,16041.19749
6515.696428,1000,16047.860868
6515.745458,1000,16054.501598
7518.01462,1000,16061.101704
7512.212721,1000,16067.715897
7513.729775,1000,16074.41264
6514.397943,1000,16081.222996
5512.783341,1000,16087.971491
6511.207575,1000,16094.705971
6520.805684,1000,16101.48871
6510.014134,1000,16108.213841
6510.242574,1000,16114.953762
6507.57617,1000,16121.688465
6506.921922,1000,16128.350039
5517.606098,1000,16135.066004
6522.357182,1000,16141.745596
6515.860615,1000,16148.433884
6513.391127,1000,16155.086988
7515.156203,1000,16161.822603
6514.718695,1000,16168.548876
6515.128777,1000,16175.27967
6517.208257,1000,16182.057322
6511.970043,1000,16188.810683
6507.727987,1000,16195.523471
7512.58227,1000,16202.294647
7512.938395,1000,16209.041154
6511.300159,1000,16215.796569
6509.345595,1000,16222.553795
7509.934607,1000,16229.298658
6512.883057,1000,16235.989909
6515.878426,1000,16242.687184
6517.505971,1000,16249.441173
6519.220913,1000,16256.194832
6513.313694,1000,16262.904221
6517.189907,1000,16269.645644
6505.12809,1000,16276.334888
6510.87743,1000,16283.110096
6519.771394,1000,16289.826737
6503.195084,1000,16296.559737
6515.141979,1000,16303.281397
6505.923286,1000,16310.028884
6511.127828,1000,16316.771196
7516.119008,1000,16323.519795
6511.01205,1000,16330.242323
6510.434244,1000,16337.006416
6511.038649,1000,16343.713462
6508.273036,1000,16350.393893
6515.050238,1000,16357.142829
6507.768282,1000,16363.859398
7512.830678,1000,16370.553367
6501.734218,1000,16377.308327
6512.877336,1000,16384.034039
6516.554907,1000,16390.794642
7516.775875,1000,16397.463204
7517.726944,1000,16404.226335
7502.901225,1000,16410.930064
6508.477282,1000,16417.735214
6513.554446,1000,16424.531972
6515.65769,1000,16431.273526
6515.158266,1000,16438.022818
6509.416789,1000,16444.792701
6507.324176,1000,16451.496356
6512.805192,1000,16458.301199
6525.160624,1000,16465.020112
7512.602018,1000,16471.744264
6514.26524,1000,16478.426513
6513.34714,1000,16485.253257
6514.428228,1000,16491.941378
6512.842434,1000,16498.7378
6508.528649,1000,16505.650414
6522.045445,1000,16512.425867
7509.598735,1000,16519.223894
6514.193094,1000,16525.985579
6513.957314,1000,16532.681887
6519.765618,1000,16539.464267
6507.816038,1000,16546.223944
6508.083314,1000,16552.938987
6518.576037,1000,16559.682184
7507.055214,1000,16566.42669
6519.830885,1000,16573.1259
6512.990378,1000,16579.892911
6505.635518,1000,16586.619974
7516.87832,1000,16593.369655
6514.85231,1000,16600.061994
6512.374931,1000,16606.800344
6510.682726,1000,16613.558947
6519.464505,1000,16620.318674
6508.386612,1000,16627.075634
6508.141818,1000,16633.802532
6520.743787,1000,16640.487245
6516.777419,1000,16647.152963
6520.644565,1000,16653.937063
6513.856136,1000,16660.690444
6519.112307,1000,16667.401875
6520.681445,1000,16674.119944
6507.216397,1000,16680.837522
6513.701426,1000,16687.622125
6514.482481,1000,16694.374732
5505.411226,1000,16701.20044
6507.81561,1000,16707.957031
6510.24331,1000,16714.750451
6516.283342,1000,16721.479004
7510.378298,1000,16728.293394
7506.31061,1000,16734.991821
6506.547258,1000,16741.739527
6504.26366,1000,16748.468865
7516.578757,1000,16755.17394
7516.12463,1000,16761.954953
7509.61884,1000,16768.669683
6516.630469,1000,16775.471242
6515.353436,1000,16782.206198
6514.972953,1000,16788.894027
6510.938039,1000,16795.701036
6517.617386,1000,16802.361259
6510.28506,1000,16809.171616
6506.691889,1000,16815.806207
6507.672563,1000,16822.434106
6513.601303,1000,16829.037502
6507.390878,1000,16835.64316
7506.917319,1000,16842.377644
6518.465592,1000,16848.983905
5514.991385,1000,16855.600649
6512.320216,1000,16862.245768
7507.939047,1000,16868.918911
7512.434217,1000,16875.661206
6516.29466,1000,16882.269779
6504.539537,1000,16888.907918
6512.516131,1000,16895.508115
6520.052924,1000,16902.141473
6509.815506,1000,16908.743304
7515.26801,1000,16915.343453
6510.677615,1000,16921.943132
6516.262597,1000,16928.568752
6512.327356,1000,16935.163667
6501.923243,1000,16941.790352
7510.688137,1000,16948.506411
7502.046757,1000,16955.238569
7511.071646,1000,16962.00456
6502.574954,1000,16968.810702
6504.122948,1000,16975.562276
7514.493378,1000,16982.357178
6518.896298,1000,16989.085664
6509.961833,1000,16995.84642
6518.560589,1000,17002.607596
7510.201163,1000,17009.468324
7507.110132,1000,17016.15906
6508.993467,1000,17022.885051
6516.413193,1000,17029.655289
6513.074902,1000,17036.456101
6514.304522,1000,17043.209661
7512.196151,1000,17049.959509
7514.813828,1000,17056.696792
7523.32265,1000,17063.476372
6514.000821,1000,17070.252013
6511.235967,1000,17077.051394
7518.015212,1000,17083.777305
6514.83417,1000,17090.483229
6514.569706,1000,17097.251872
6507.038003,1000,17104.027848
6512.255269,1000,17110.809005
6512.555548,1000,17117.577269
7511.490536,1000,17124.345476
7502.473816,1000,17131.20092
6509.935503,1000,17137.886357
6506.107821,1000,17144.734885
7510.447397,1000,17151.495628
7506.461629,1000,17158.164211
6512.006188,1000,17164.90533
6505.985659,1000,17171.622418
6509.520757,1000,17178.361315
6511.414685,1000,17185.098194
7518.870266,1000,17191.759024
6510.549515,1000,17198.461672
6517.480574,1000,17205.119984
6514.26756,1000,17211.773419
6510.27176,1000,17218.384589
6504.324916,1000,17224.9913
6507.128134,1000,17231.621709
6515.585939,1000,17238.261956
6513.677916,1000,17244.946695
7516.741559,1000,17251.620454
7509.6247,1000,17258.287519
6505.030894,1000,17264.932287
6507.129248,1000,17271.529353
6521.067631,1000,17278.151972
6506.82378,1000,17284.752547
6510.202507,1000,17291.396165
6512.372551,1000,17298.039405
6507.834279,1000,17304.685749
6510.91313,1000,17311.361471
7502.784028,1000,17317.984858
7517.3591,1000,17324.605409
6515.450091,1000,17331.223045
6504.799948,1000,17337.999628
6509.677236,1000,17344.79144
6512.098603,1000,17351.467837
6511.660284,1000,17358.096062
6511.209105,1000,17364.749395
6513.011599,1000,17371.441856
7514.266822,1000,17378.09465
6503.695381,1000,17384.823274
7508.569798,1000,17391.53372
6511.659266,1000,17398.356605
6514.206005,1000,17405.134476
6510.999717,1000,17411.866486
6511.028657,1000,17418.632373
6507.58236,1000,17425.426514
6502.281,1000,17432.175828
7509.294139,1000,17438.919526
6517.874236,1000,17445.73065
6517.823627,1000,17452.482435
6506.9698,1000,17459.165019
6515.05989,1000,17465.93011
6513.381414,1000,17472.738378
6510.275418,1000,17479.496127
6507.305097,1000,17486.259855
6508.792834,1000,17493.044103
7507.020514,1000,17499.856212
6520.177017,1000,17506.618706
6520.266103,1000,17513.422507
7506.524918,1000,17520.204511
7519.190657,1000,17527.008847
7520.507935,1000,17533.787907
6513.070885,1000,17540.520402
6519.566827,1000,17547.279916
6511.170241,1000,17554.071973
6514.289849,1000,17560.812008
6503.988923,1000,17567.569611
6512.309719,1000,17574.315036
6513.743488,1000,17581.126896
6510.020126,1000,17587.957375
6516.128703,1000,17594.762523
6507.45457,1000,17601.481244
6518.946848,1000,17608.303634
6504.506824,1000,17615.09409
6510.792163,1000,17621.900139
7514.306798,1000,17628.747605
6507.816654,1000,17635.542738
6511.973667,1000,17642.309886
6511.069587,1000,17649.08414
6520.838635,1000,17655.872712
6507.736867,1000,17662.672911
6513.187667,1000,17669.330723
3463.50617,1000,17675.949603
6507.381618,1000,17682.58497
6515.297608,1000,17689.25577
7514.017144,1000,17696.048326
6511.489837,1000,17702.685435
6517.711855,1000,17709.442476
6519.569107,1000,17716.168651
6515.833311,1000,17722.78995
6511.019695,1000,17729.512099
6522.045097,1000,17736.177017
6520.682413,1000,17742.831105
6509.751335,1000,17749.513347
6519.837946,1000,17756.173036
6507.349516,1000,17762.850727
6516.167107,1000,17769.494737
5513.265664,1000,17776.173485
6511.585657,1000,17782.840322
6513.7769,1000,17789.539044
6505.789885,1000,17796.339683
7514.15769,1000,17803.054876
6508.948261,1000,17809.6601
6512.889895,1000,17816.252758
6514.503267,1000,17822.914318
6512.448346,1000,17829.537351
7518.268746,1000,17836.298288
6514.422646,1000,17843.057155
5519.167247,1000,17849.777391
6515.59499,1000,17856.594018
7510.021385,1000,17863.422161
6514.156041,1000,17870.214844
6518.35013,1000,17877.022423
7514.844682,1000,17883.8265
6508.844168,1000,17890.55602
6506.009612,1000,17897.298627
6517.428305,1000,17904.012664
6509.213272,1000,17910.769002
6517.454478,1000,17917.513996
6516.358348,1000,17924.301025
6517.257435,1000,17931.067955
7508.343407,1000,17937.806032
6511.925087,1000,17944.655888
6510.363882,1000,17951.433975
6505.859196,1000,17958.281731
6507.530914,1000,17965.013314
6513.902529,1000,17971.825199
6512.50455,1000,17978.599668
6508.422844,1000,17985.386012
6510.500511,1000,17992.146684
6508.035423,1000,17998.911774
6526.53929,1000,18005.703482
6521.328521,1000,18012.430009
6515.174258,1000,18019.203677
6517.919209,1000,18025.995409
6515.361709,1000,18032.645807
6520.368184,1000,18039.272123
6519.936558,1000,18046.002834
6510.942398,1000,18052.81643
6513.927634,1000,18059.678483
6516.7878,1000,18066.514352
6512.509314,1000,18073.285677
7517.694803,1000,18080.050864
7515.011728,1000,18086.90925
7512.306719,1000,18093.713462
6517.890721,1000,18100.511925
6516.319056,1000,18107.313722
6515.41748,1000,18114.081121
6512.556933,1000,18120.875961
7514.147884,1000,18127.656102
6518.683575,1000,18134.435799
6512.203221,1000,18141.181709
6514.860897,1000,18147.951408
6513.199575,1000,18154.75675
6520.410175,1000,18161.504862
6518.004038,1000,18168.310641
6516.454378,1000,18175.078054
6514.576071,1000,18181.86525
6509.184899,1000,18188.662784
6524.523538,1000,18195.432175
6519.18865,1000,18202.16063
6510.866403,1000,18208.784201
6509.955203,1000,18215.407104
6513.267077,1000,18222.216622
6519.761868,1000,18229.028114
6499.190822,1000,18235.825813
6514.074198,1000,18242.572124
7514.574585,1000,18249.33235
6516.749538,1000,18256.112753
6512.999108,1000,18262.867512
6507.566794,1000,18269.627904
6523.260043,1000,18276.401102
6516.621665,1000,18283.194269
7516.140133,1000,18290.000972
6511.28304,1000,18296.772059
7505.204007,1000,18303.557201
6506.8679,1000,18310.32069
427.06102,1000,18317.014568
6514.315931,1000,18323.816221
6513.446004,1000,18330.600245
6513.320339,1000,18337.376352
6518.132579,1000,18344.122355
6506.214999,1000,18350.865297
6505.800843,1000,18357.650434
6510.118532,1000,18364.383326
6513.321153,1000,18371.193084
6516.996635,1000,18378.006873
6517.971263,1000,18384.833924
6509.856741,1000,18391.574281
6509.259573,1000,18398.329509
6516.435757,1000,18405.081787
6510.478699,1000,18411.848507
6513.407182,1000,18418.658195
6512.436889,1000,18425.480613
6513.793606,1000,18432.24046
6517.938578,1000,18438.996863
6508.062357,1000,18445.663311
6508.614521,1000,18452.306798
6511.126724,1000,18459.056485
6506.01392,1000,18465.891124
6518.528568,1000,18472.671084
6506.726853,1000,18479.413263
6510.931343,1000,18486.184443
6510.559174,1000,18493.001977
7511.28783,1000,18499.681642
7508.192772,1000,18506.411045
6506.158669,1000,18513.041927
6514.366703,1000,18519.692741
6507.130899,1000,18526.325385
6506.310039,1000,18532.962851
6506.630831,1000,18539.644037
6507.7372,1000,18546.277867
6502.084604,1000,18552.936731
6509.544961,1000,18559.556011
6508.6996,1000,18566.223705
6508.892796,1000,18573.024145
6516.492508,1000,18579.778456
7505.067553,1000,18586.537453
6516.953967,1000,18593.345016
6505.06791,1000,18600.14898
6513.979046,1000,18606.82335
5518.182125,1000,18613.513199
5512.485307,1000,18620.155675
6512.049194,1000,18626.79533
6513.519508,1000,18633.403274
6515.316798,1000,18640.035377
6509.679271,1000,18646.662584
5510.630244,1000,18653.285221
6514.930664,1000,18660.008161
6511.408649,1000,18666.667323
6513.866544,1000,18673.323586
6517.820537,1000,18679.995733
6509.081311,1000,18686.811124
6505.152675,1000,18693.664341
6513.891773,1000,18700.451788
6509.102546,1000,18707.244222
6513.382558,1000,18714.06095
7516.926572,1000,18720.763257
6520.190339,1000,18727.470822
6514.794168,1000,18734.124239
6510.850386,1000,18740.773041
6507.817919,1000,18747.425407
6513.97481,1000,18754.05838
6516.788926,1000,18760.666853
6513.629087,1000,18767.315028
6511.393143,1000,18773.971394
6510.686302,1000,18780.60014
6502.554075,1000,18787.265765
6510.66569,1000,18793.950735
6512.627336,1000,18800.594073
6512.074655,1000,18807.231705
6507.655984,1000,18813.905843
6513.557148,1000,18820.745119
6507.297293,1000,18827.456419
6510.938956,1000,18834.21734
6511.300098,1000,18841.014866
7502.574952,1000,18847.809244
6511.958427,1000,18854.602883
6499.978136,1000,18861.426164
6507.427094,1000,18868.223834
6509.287793,1000,18875.040084
6510.367819,1000,18881.802377
6506.10272,1000,18888.546105
6509.08924,1000,18895.292959
6514.578942,1000,18902.151554
7505.579928,1000,18908.934872
6513.414322,1000,18915.676661
6505.987789,1000,18922.527786
7500.826831,1000,18929.319588
6518.063007,1000,18936.126427
6514.22128,1000,18942.904108
6511.272484,1000,18949.67764
6510.33299,1000,18956.476496
6515.725709,1000,18963.165905
6505.032629,1000,18969.814981
6514.664257,1000,18976.4691
6506.932011,1000,18983.159528
7510.252565,1000,18989.788172
6515.443006,1000,18996.387602
6506.542973,1000,19003.043483
6514.378702,1000,19009.715351
6511.998506,1000,19016.386566
6509.30168,1000,19023.100772
6516.659799,1000,19029.881316
6513.528066,1000,19036.70531
6511.36147,1000,19043.507254
5508.929856,1000,19050.368308
6512.332248,1000,19057.182789
6518.629167,1000,19064.002113
6516.288344,1000,19070.774165
6518.007959,1000,19077.612589
6514.128391,1000,19084.36471
3461.882391,1000,19091.108374
