# {"t_start": 1614250979.0759425, "env_id": "Half-Cheetah-RM1-v0"} 
r,l,t
-580.523314,1000,7.632895
-549.627895,1000,12.515292
-555.128752,1000,17.091385
-562.243442,1000,21.898951
-581.422313,1000,26.832366
-564.70025,1000,31.879232
-584.349404,1000,36.995154
-512.870153,1000,42.170655
-448.349938,1000,47.735723
-523.96986,1000,52.911008
-599.51479,1000,58.193778
-547.197612,1000,63.843367
-581.659452,1000,69.788587
-562.589574,1000,75.589157
-579.787286,1000,80.913923
-585.653719,1000,86.195041
-565.796698,1000,91.561639
-520.419911,1000,97.173513
-541.446688,1000,103.15981
-580.755168,1000,109.012288
-590.753961,1000,114.671715
-580.942378,1000,120.472561
-580.922338,1000,125.931102
-596.477307,1000,131.544231
-597.086342,1000,137.195101
-564.875435,1000,142.935481
-599.151178,1000,148.528147
-592.591851,1000,154.036306
-592.734064,1000,159.582214
-574.380862,1000,165.28228
-568.86824,1000,170.744804
-565.48479,1000,176.283522
-560.944023,1000,181.825907
-578.701926,1000,187.33464
-599.046482,1000,193.212165
-598.462222,1000,199.051095
-578.031721,1000,204.823264
-581.895023,1000,210.678958
-586.260132,1000,216.523334
-587.349646,1000,222.277885
-599.621793,1000,228.052533
-559.71154,1000,233.760348
-597.47857,1000,239.501639
-545.664237,1000,245.18726
-599.991949,1000,251.032252
-596.601605,1000,256.715005
-597.351484,1000,262.79124
-556.263726,1000,268.845832
-599.939551,1000,274.747369
-564.204382,1000,280.873053
-599.955009,1000,287.221027
-599.140551,1000,293.12784
-599.800651,1000,299.271723
-599.99615,1000,305.619742
-599.988173,1000,311.713527
-599.999823,1000,317.632416
-599.881943,1000,323.702725
-591.750594,1000,329.453572
-598.56799,1000,335.51055
-599.959949,1000,341.702881
-599.994889,1000,347.626298
-599.998172,1000,353.592829
-599.99917,1000,359.735219
-599.99949,1000,365.713873
-588.590709,1000,372.205111
-599.99434,1000,377.914824
-599.982875,1000,384.322017
-599.99881,1000,390.722533
-598.63975,1000,396.502556
-599.999669,1000,402.351611
-599.996507,1000,408.32099
-579.132228,1000,414.478265
-586.432623,1000,421.280952
-600.0,1000,428.353926
-599.967127,1000,434.262358
-599.994821,1000,439.953946
-599.999999,1000,445.860574
-599.999998,1000,451.636332
-599.995294,1000,457.611966
-599.753102,1000,463.776809
-600.0,1000,469.866971
-599.999981,1000,475.814141
-599.999992,1000,482.319515
-599.999799,1000,488.502315
-577.196752,1000,495.964061
-573.800377,1000,503.161032
-600.0,1000,509.297416
-599.998374,1000,515.086406
-593.457751,1000,521.219867
-600.0,1000,527.241211
-599.999999,1000,533.735401
-596.148388,1000,539.671838
-582.141005,1000,546.172457
-599.998452,1000,552.623207
-599.99973,1000,559.311501
-599.990689,1000,565.792439
-578.120972,1000,572.16685
-599.999969,1000,578.335685
-599.325684,1000,584.636166
-599.333856,1000,590.776136
-597.709716,1000,597.03734
-594.912065,1000,603.010702
-599.986165,1000,609.208667
-594.363287,1000,615.089647
-598.935592,1000,621.315326
-599.999377,1000,627.304965
-599.999871,1000,633.665891
-596.406068,1000,639.967086
-599.999856,1000,646.208684
-565.750731,1000,653.058341
-586.750928,1000,659.545211
-599.999999,1000,665.834174
-599.445957,1000,672.131926
-595.640356,1000,678.592649
-599.821508,1000,685.079051
-599.99965,1000,691.485344
-600.0,1000,698.105942
-599.992038,1000,704.39174
-599.999826,1000,710.701612
-599.983846,1000,716.752019
-599.999377,1000,723.195088
-599.99181,1000,729.824215
-599.827252,1000,736.381426
-598.787499,1000,742.439492
-600.0,1000,749.375093
-599.999953,1000,755.993151
-600.0,1000,762.353435
-599.999999,1000,768.626145
-599.92555,1000,775.206869
-597.853694,1000,781.797385
-599.700224,1000,788.147546
-598.37643,1000,794.30846
-599.945396,1000,801.274896
-573.104833,1000,807.587838
-600.0,1000,814.18327
-599.712224,1000,820.615167
-599.999997,1000,827.200554
-568.563924,1000,833.437012
-599.999985,1000,840.296418
-581.384933,1000,846.808372
-600.0,1000,853.678394
-599.99971,1000,860.330315
-599.530835,1000,867.572878
-599.52522,1000,874.807591
-599.467535,1000,882.423007
-599.93609,1000,889.118869
-568.789795,1000,896.133881
-598.676888,1000,903.210114
-590.711829,1000,910.135277
-599.283928,1000,916.930035
-599.991688,1000,924.160546
-539.101782,1000,931.079731
-555.817585,1000,938.537874
-599.997158,1000,945.434147
-599.999964,1000,952.857576
-582.571323,1000,960.073023
-577.0356,1000,967.476903
-599.706403,1000,974.234809
-599.825828,1000,981.639832
-596.922557,1000,988.965364
-599.996216,1000,996.758129
-572.298034,1000,1004.140015
-593.971899,1000,1011.621942
-590.061172,1000,1018.429985
-578.702478,1000,1026.187242
-579.699122,1000,1033.445925
-555.747736,1000,1040.656615
-599.999036,1000,1047.686754
-570.396233,1000,1055.606797
-599.934001,1000,1062.689909
-581.106281,1000,1070.460488
-599.693492,1000,1078.024589
-599.820004,1000,1086.010982
-599.999809,1000,1093.577351
-598.775398,1000,1100.932526
-599.955474,1000,1108.114947
-599.969321,1000,1115.58444
-587.113224,1000,1123.213587
-599.999286,1000,1130.619464
-576.159432,1000,1138.073746
-599.981172,1000,1145.40354
-599.769074,1000,1152.942984
-593.010635,1000,1160.79694
-599.99998,1000,1168.02771
-582.725663,1000,1176.060003
-599.999995,1000,1183.320667
-598.78933,1000,1190.999111
-591.459292,1000,1198.050526
-598.282189,1000,1205.856746
-586.395009,1000,1213.65867
-597.301615,1000,1221.681913
-599.999877,1000,1228.770188
-599.996231,1000,1236.12934
-593.265657,1000,1243.262077
-599.979917,1000,1250.872573
-596.726319,1000,1257.99008
-592.748316,1000,1265.606233
-599.917043,1000,1272.696393
-599.902639,1000,1280.124572
-599.919404,1000,1287.234209
-565.517523,1000,1294.704758
-572.92492,1000,1302.343164
-596.117566,1000,1310.283675
-589.289711,1000,1318.519603
-599.897186,1000,1326.724494
-587.086918,1000,1334.588266
-599.999956,1000,1342.303523
-559.975396,1000,1349.565247
-599.989635,1000,1357.703491
-599.999999,1000,1365.300533
-591.288675,1000,1373.142117
-530.621629,1000,1380.479767
-599.694826,1000,1388.339106
-599.710819,1000,1396.366711
-599.90309,1000,1404.580574
-599.99129,1000,1411.88218
-596.11278,1000,1419.859181
-599.998608,1000,1427.326658
-596.751768,1000,1435.193005
-598.274468,1000,1442.671923
-595.733781,1000,1450.419884
-599.743207,1000,1457.898147
-599.840981,1000,1465.87821
-598.670004,1000,1473.758816
-597.091477,1000,1481.681869
-543.816109,1000,1489.196018
-561.069584,1000,1496.909805
-520.489203,1000,1504.109604
-599.768703,1000,1511.927565
-598.009454,1000,1519.452301
-580.857448,1000,1527.570511
-578.27989,1000,1534.917159
-552.913556,1000,1543.006884
-558.666811,1000,1550.188573
-548.360366,1000,1557.842422
-585.870231,1000,1565.028769
-564.986591,1000,1572.6643
-566.772589,1000,1580.021888
-593.0518,1000,1587.826421
-599.999939,1000,1595.202512
-599.998052,1000,1602.923206
-599.999903,1000,1610.13698
-599.994933,1000,1617.760986
-599.997213,1000,1624.899932
-599.997825,1000,1632.534745
-599.999158,1000,1639.818753
-600.0,1000,1647.525935
-543.857326,1000,1656.037789
-600.0,1000,1664.017437
-600.0,1000,1671.487652
-599.999996,1000,1679.044815
-581.946897,1000,1686.219657
-599.999992,1000,1693.885253
-599.980843,1000,1701.052509
-579.330881,1000,1708.746149
-599.99787,1000,1716.524871
-599.349955,1000,1724.424901
-579.926304,1000,1731.490763
-597.362075,1000,1739.207318
-598.237159,1000,1746.436203
-597.911082,1000,1754.847103
-599.858075,1000,1763.465853
-599.987846,1000,1772.679258
-597.170564,1000,1780.558421
-599.999999,1000,1788.818486
-596.721118,1000,1796.716094
-590.451158,1000,1804.785714
-596.016119,1000,1811.884192
-599.999495,1000,1819.525524
-573.985743,1000,1826.656697
-586.96342,1000,1834.413379
-599.991704,1000,1841.700405
-599.999551,1000,1849.508558
-596.466419,1000,1856.720704
-588.413918,1000,1864.722951
-556.4011,1000,1872.582758
-586.25131,1000,1880.979453
-597.755465,1000,1889.216011
-565.368133,1000,1897.208199
-600.0,1000,1904.41552
-599.981211,1000,1912.383856
-599.999809,1000,1919.62309
-577.052599,1000,1927.781442
-599.999876,1000,1935.122168
-599.937796,1000,1942.88412
-568.906567,1000,1950.159601
-594.76323,1000,1958.264323
-567.308372,1000,1965.519528
-600.0,1000,1973.309412
-600.0,1000,1980.459946
-599.906075,1000,1988.311804
-600.0,1000,1995.507245
-599.686519,1000,2003.291509
-599.999971,1000,2010.51956
-565.879426,1000,2018.296203
-599.999999,1000,2025.493963
-599.999072,1000,2033.101533
-597.87042,1000,2040.109925
-599.10901,1000,2047.806098
-592.4058,1000,2054.856548
-599.999991,1000,2062.645117
-599.969333,1000,2070.075904
-599.995425,1000,2077.692295
-599.976141,1000,2085.116288
-571.80725,1000,2093.094523
-593.781973,1000,2100.144263
-577.294972,1000,2107.967493
-599.998169,1000,2114.946899
-596.722318,1000,2122.615475
-599.998857,1000,2129.604972
-599.996746,1000,2137.492408
-599.999665,1000,2145.195602
-564.594637,1000,2153.351413
-538.456584,1000,2160.395937
-593.994217,1000,2168.18459
-599.999791,1000,2175.185565
-599.999998,1000,2182.833809
-597.135583,1000,2190.023204
-570.310959,1000,2198.07136
-600.0,1000,2205.2964
-569.690583,1000,2213.12678
-556.892118,1000,2220.303079
-599.9996,1000,2228.017371
-599.993772,1000,2235.038887
-599.606658,1000,2243.168494
-599.999458,1000,2251.642362
-599.974926,1000,2259.720621
-599.985854,1000,2266.922539
-599.17135,1000,2274.898613
-599.999988,1000,2282.157142
-599.564026,1000,2290.539559
-598.445825,1000,2298.362256
-598.991142,1000,2306.830426
-599.887933,1000,2314.146315
-599.66237,1000,2321.96795
-578.05567,1000,2329.1491
-599.736757,1000,2337.160399
-591.969704,1000,2344.428441
-599.988546,1000,2352.524052
-599.832493,1000,2360.036448
-599.995681,1000,2368.008374
-580.535622,1000,2375.716535
-599.999999,1000,2384.255762
-599.982337,1000,2392.079476
-591.248448,1000,2399.942213
-576.394795,1000,2407.146163
-570.318382,1000,2414.971206
-599.999998,1000,2422.185066
-599.55973,1000,2430.068337
-599.997149,1000,2437.410461
-599.999848,1000,2445.804773
-599.98035,1000,2452.981027
-598.072199,1000,2460.937337
-575.776138,1000,2468.137398
-599.998739,1000,2476.253134
-599.997104,1000,2483.686117
-599.714452,1000,2491.791209
-598.955728,1000,2499.033412
-593.053576,1000,2507.172926
-599.966364,1000,2514.858187
-566.746899,1000,2523.450341
-598.358932,1000,2530.796451
-594.555092,1000,2538.728122
-599.999695,1000,2546.036863
-597.183409,1000,2553.894341
-599.999753,1000,2561.023844
-599.795413,1000,2569.000364
-599.989653,1000,2576.38081
-599.762569,1000,2584.296559
-600.0,1000,2591.698951
-600.0,1000,2599.526652
-600.0,1000,2606.862386
-599.999999,1000,2614.850791
-600.0,1000,2622.400306
-599.997913,1000,2630.69175
-599.916032,1000,2638.120473
-599.441724,1000,2646.418707
-599.99999,1000,2654.213861
-599.712025,1000,2662.86826
-598.712572,1000,2670.614148
-594.776954,1000,2679.13152
-593.148944,1000,2686.539399
-599.679329,1000,2694.563601
-599.519451,1000,2701.871274
-599.999916,1000,2710.187954
-599.058024,1000,2717.658652
-599.999998,1000,2725.658828
-599.787132,1000,2732.747169
-599.998299,1000,2740.657675
-599.999999,1000,2748.195942
-599.908827,1000,2756.727536
-599.990247,1000,2764.656828
-571.153714,1000,2773.228532
-599.999884,1000,2781.017551
-599.999999,1000,2789.627474
-600.0,1000,2797.483335
-600.0,1000,2806.125084
-599.868722,1000,2813.332088
-600.0,1000,2821.340007
-599.950699,1000,2828.565876
-600.0,1000,2836.983879
-599.999999,1000,2844.375084
-600.0,1000,2852.461716
-598.611914,1000,2860.470656
-600.0,1000,2869.098676
-600.0,1000,2876.301416
-600.0,1000,2884.690877
-599.824919,1000,2891.953642
-600.0,1000,2900.017556
-600.0,1000,2907.372052
-600.0,1000,2915.368759
-599.999999,1000,2922.717739
-599.771149,1000,2930.847655
-600.0,1000,2938.524623
-569.440306,1000,2947.780781
-600.0,1000,2955.078996
-600.0,1000,2963.258965
-599.994531,1000,2970.353894
-600.0,1000,2978.410709
-599.998817,1000,2985.54071
-600.0,1000,2993.464107
-600.0,1000,3000.872832
-599.994992,1000,3009.41051
-599.995252,1000,3017.204338
-582.733745,1000,3025.631116
-599.998801,1000,3033.55619
-585.157029,1000,3041.780028
-600.0,1000,3048.992814
-599.989341,1000,3056.965422
-599.149154,1000,3064.774118
-600.0,1000,3073.159926
-599.999998,1000,3080.307355
-599.99746,1000,3088.369806
-599.998338,1000,3095.793968
-600.0,1000,3103.977787
-599.999998,1000,3111.569568
-599.482393,1000,3119.869762
-599.974861,1000,3127.298051
-600.0,1000,3135.306026
-597.271331,1000,3142.536747
-599.552544,1000,3150.699324
-599.657813,1000,3157.994208
-597.325001,1000,3166.249827
-599.941403,1000,3173.522766
-599.999999,1000,3181.701419
-598.554623,1000,3188.927182
-562.720839,1000,3197.447823
-598.420561,1000,3204.613221
-586.489902,1000,3212.92334
-595.058802,1000,3220.178792
-598.321213,1000,3228.470121
-562.031958,1000,3235.586864
-583.560165,1000,3243.694576
-599.973545,1000,3250.883067
-599.99833,1000,3259.001589
-599.8383,1000,3266.275472
-599.17092,1000,3274.375568
-599.984846,1000,3281.469454
-599.996256,1000,3289.461182
-599.999973,1000,3296.536052
-599.827596,1000,3304.634146
-599.999995,1000,3312.125291
-599.999999,1000,3320.771927
-599.986763,1000,3327.904267
-599.959208,1000,3335.996285
-600.0,1000,3343.572822
-599.999881,1000,3351.853496
-588.736797,1000,3358.903727
-579.065619,1000,3367.614562
-600.0,1000,3375.101629
-565.458846,1000,3383.244805
-600.0,1000,3390.609209
-600.0,1000,3398.775856
-583.339658,1000,3406.005132
-599.866282,1000,3414.073098
-599.84238,1000,3421.331115
-599.999983,1000,3429.719239
-600.0,1000,3437.020166
-600.0,1000,3445.397512
-599.994529,1000,3452.568348
-599.228568,1000,3461.073547
-599.601273,1000,3468.807005
-599.917433,1000,3476.99372
-599.917941,1000,3484.045533
-562.813995,1000,3492.107748
-574.385602,1000,3499.174727
-600.0,1000,3507.279591
-599.564364,1000,3514.400792
-600.0,1000,3522.818952
-599.532873,1000,3530.348979
-581.017621,1000,3538.894584
-600.0,1000,3545.945316
-596.832677,1000,3554.071811
-599.999998,1000,3561.254556
-599.998331,1000,3569.320752
-599.937218,1000,3577.084398
-580.255548,1000,3586.490193
-599.979016,1000,3593.759889
-585.059209,1000,3602.352767
-599.999983,1000,3609.65521
-599.999999,1000,3617.669149
-600.0,1000,3624.847372
-600.0,1000,3633.314754
-598.083112,1000,3640.281473
-599.999957,1000,3648.453429
-593.761916,1000,3655.616507
-599.999979,1000,3664.809621
-600.0,1000,3671.801898
-586.619695,1000,3679.854119
-599.899245,1000,3686.846984
-599.999042,1000,3695.125059
-599.999141,1000,3702.141813
-599.999605,1000,3710.327071
-599.999941,1000,3717.389071
-597.203163,1000,3725.363697
-599.999379,1000,3732.43162
-599.999845,1000,3740.538376
-599.999999,1000,3747.561425
-599.950155,1000,3756.213801
-576.269358,1000,3763.929305
-600.0,1000,3772.044974
-542.739203,1000,3779.006743
-599.994652,1000,3786.987484
-600.0,1000,3794.018329
-599.999999,1000,3802.241702
-599.995771,1000,3809.366031
-599.999851,1000,3817.573969
-572.091622,1000,3824.772689
-600.0,1000,3833.352554
-598.911851,1000,3840.997486
-599.527622,1000,3849.608989
-599.968161,1000,3856.807111
-600.0,1000,3865.666335
-597.624024,1000,3873.294034
-599.934836,1000,3881.433881
-599.273287,1000,3888.423573
-600.0,1000,3896.480694
-599.934596,1000,3903.584284
-575.353663,1000,3911.798481
-599.382214,1000,3918.772168
-599.999997,1000,3927.041423
-599.999976,1000,3934.278337
-599.436404,1000,3942.997044
-599.831551,1000,3950.118934
-599.999421,1000,3958.180262
-599.964772,1000,3965.345957
-584.779582,1000,3973.898482
-599.961427,1000,3981.038752
-599.548832,1000,3989.224252
-599.999996,1000,3996.416363
-600.0,1000,4004.528353
-599.999846,1000,4011.630999
-599.960042,1000,4019.9138
-600.0,1000,4027.409545
-584.015478,1000,4035.720879
-599.99716,1000,4042.851151
-599.952319,1000,4051.120862
-551.583053,1000,4058.515555
-599.999587,1000,4066.930572
-600.0,1000,4074.185524
-600.0,1000,4082.622693
-599.9731,1000,4089.923281
-600.0,1000,4098.538724
-599.999686,1000,4106.287916
-599.330141,1000,4115.101977
-599.998969,1000,4122.660372
-599.90596,1000,4131.342291
-599.984886,1000,4139.040101
-598.778912,1000,4148.197982
-600.0,1000,4155.899599
-598.36518,1000,4164.810037
-600.0,1000,4172.349782
-600.0,1000,4180.916395
-599.999998,1000,4188.575383
-600.0,1000,4197.398208
-599.889802,1000,4205.501363
-599.993628,1000,4214.823252
-597.621664,1000,4223.000027
-599.973371,1000,4231.814143
-585.5576,1000,4239.944539
-600.0,1000,4248.755693
-593.725526,1000,4256.630415
-577.225347,1000,4265.899856
-600.0,1000,4273.321804
-599.68329,1000,4282.058448
-599.998464,1000,4289.962194
-593.451027,1000,4299.058393
-590.7247,1000,4306.622652
-594.186256,1000,4315.914689
-599.759048,1000,4323.787958
-599.924323,1000,4333.409073
-598.37538,1000,4342.00304
-599.837763,1000,4351.350534
-600.0,1000,4359.674791
-599.999491,1000,4368.564485
-600.0,1000,4376.129305
-599.9993,1000,4385.199265
-590.313969,1000,4393.326545
-575.394677,1000,4402.726721
-596.4927,1000,4410.634524
-600.0,1000,4419.332326
-599.99993,1000,4426.830919
-600.0,1000,4435.644478
-599.992265,1000,4443.328361
-599.620868,1000,4452.076908
-600.0,1000,4459.548855
-599.962525,1000,4468.344463
-600.0,1000,4475.895977
-599.740697,1000,4484.688181
-596.397728,1000,4492.559981
-599.992533,1000,4501.33239
-600.0,1000,4508.858985
-600.0,1000,4518.146245
-594.274036,1000,4526.043694
-600.0,1000,4535.439605
-599.99952,1000,4543.440413
-600.0,1000,4552.325402
-599.999919,1000,4560.050656
-595.952212,1000,4569.001245
-587.864072,1000,4576.717543
-599.99242,1000,4585.62823
-599.999819,1000,4593.175358
-595.799053,1000,4602.032708
-599.67677,1000,4609.88937
-600.0,1000,4619.106299
-599.99973,1000,4626.722793
-578.782965,1000,4636.20558
-600.0,1000,4644.396405
-599.620317,1000,4653.316201
-599.999741,1000,4661.00906
-600.0,1000,4669.856779
-600.0,1000,4677.471187
-577.721965,1000,4686.409484
-599.999307,1000,4694.064452
-600.0,1000,4703.074954
-600.0,1000,4710.812808
-600.0,1000,4719.891605
-599.999953,1000,4727.929434
-599.999999,1000,4737.074283
-572.479217,1000,4744.716293
-600.0,1000,4753.686385
-599.99977,1000,4761.390064
-599.985179,1000,4770.266909
-599.447437,1000,4778.028072
-599.999769,1000,4787.765802
-599.861479,1000,4795.548539
-600.0,1000,4804.57266
-598.758342,1000,4812.394071
-600.0,1000,4821.462094
-599.947551,1000,4829.221792
-599.753672,1000,4838.649191
-599.999978,1000,4846.722885
-599.890959,1000,4855.770071
-599.917571,1000,4863.56725
-599.922516,1000,4872.742796
-600.0,1000,4880.915079
-599.467444,1000,4890.24383
-599.528615,1000,4898.182213
-575.221523,1000,4907.369711
-599.958994,1000,4915.313802
-598.559779,1000,4924.459965
-600.0,1000,4932.734197
-599.996272,1000,4941.953273
-599.923687,1000,4950.055004
-600.0,1000,4959.393242
-599.999992,1000,4967.566009
-599.999998,1000,4977.078457
-593.258723,1000,4984.895094
-600.0,1000,4994.496551
-587.813701,1000,5002.503034
-600.0,1000,5012.406577
-600.0,1000,5020.666307
-599.494789,1000,5030.011567
-600.0,1000,5038.574972
-599.999905,1000,5048.426106
-584.571666,1000,5056.652484
-600.0,1000,5066.245389
-567.772927,1000,5074.222543
-562.001647,1000,5083.530716
-592.271775,1000,5091.884292
-599.999915,1000,5101.340016
-599.987886,1000,5109.272672
-600.0,1000,5118.482326
-599.997663,1000,5126.535323
-599.998346,1000,5135.889898
-599.948327,1000,5143.877687
-599.877993,1000,5153.097673
-600.0,1000,5161.003919
-599.919046,1000,5170.448049
-599.829112,1000,5178.283699
-599.999998,1000,5187.687328
-600.0,1000,5195.66404
-600.0,1000,5204.974598
-599.999972,1000,5213.075535
-599.99585,1000,5222.894951
-594.050942,1000,5230.79134
-599.999275,1000,5240.066346
-600.0,1000,5247.92324
-599.898962,1000,5257.268965
-599.999982,1000,5265.454442
-600.0,1000,5275.371995
-600.0,1000,5283.88996
-599.999999,1000,5293.884094
-599.92003,1000,5302.333877
-599.622398,1000,5311.682295
-599.755005,1000,5319.995096
-598.737362,1000,5329.450019
-552.644317,1000,5337.440456
-599.999915,1000,5346.780295
-599.651742,1000,5354.733955
-600.0,1000,5364.061768
-599.993703,1000,5372.118801
-599.99978,1000,5381.629279
-599.998831,1000,5389.573931
-578.371514,1000,5399.674614
-598.221298,1000,5408.243366
-599.999996,1000,5418.215144
-599.320575,1000,5426.738784
-599.999965,1000,5436.573459
-598.74029,1000,5444.674067
-599.149903,1000,5454.25707
-599.999998,1000,5462.367763
-600.0,1000,5471.684933
-579.73705,1000,5479.534206
-599.999999,1000,5488.924188
-599.999967,1000,5496.808891
-600.0,1000,5506.063435
-592.748898,1000,5514.001267
-599.605986,1000,5523.299061
-600.0,1000,5531.314308
-599.989775,1000,5540.753792
-588.671544,1000,5548.762164
-599.540162,1000,5558.130426
-599.999982,1000,5565.996244
-600.0,1000,5575.669915
-599.463927,1000,5583.826108
-598.365462,1000,5593.34347
-600.0,1000,5601.554049
-599.998478,1000,5610.949995
-599.287954,1000,5619.020694
-599.765292,1000,5628.33942
-548.775559,1000,5636.433448
-599.999954,1000,5646.04622
-598.150761,1000,5654.290027
-600.0,1000,5664.300201
-599.994057,1000,5672.634825
-599.999998,1000,5683.171999
-597.299987,1000,5691.538977
-600.0,1000,5700.890594
-599.999998,1000,5709.253933
-600.0,1000,5719.116696
-600.0,1000,5727.586115
-599.994257,1000,5737.579196
-600.0,1000,5745.530461
-599.999702,1000,5754.890604
-599.999742,1000,5762.844919
-600.0,1000,5772.555644
-599.990655,1000,5780.700899
-599.650314,1000,5790.074309
-599.516001,1000,5797.942362
-599.994707,1000,5807.466458
-599.981709,1000,5815.908172
-600.0,1000,5825.881723
-600.0,1000,5833.854877
-600.0,1000,5843.338174
-599.98614,1000,5851.395907
-599.999996,1000,5861.559988
-599.999959,1000,5869.746471
-600.0,1000,5879.055402
-599.990764,1000,5887.006361
-581.169678,1000,5896.592839
-599.766799,1000,5904.836389
-597.230582,1000,5914.227025
-600.0,1000,5922.327105
-600.0,1000,5931.78084
-599.988043,1000,5939.719057
-599.988915,1000,5949.092413
-599.999828,1000,5957.063758
-600.0,1000,5966.483624
-600.0,1000,5974.449355
-592.346528,1000,5983.934201
-599.692872,1000,5991.887152
-599.795971,1000,6001.408749
-599.823398,1000,6009.733468
-599.995798,1000,6019.272442
-599.999989,1000,6027.406227
-564.350601,1000,6037.036979
-599.999997,1000,6044.930725
-599.785328,1000,6054.659524
-597.059933,1000,6062.713905
-600.0,1000,6072.471878
-599.999014,1000,6080.273955
-599.999897,1000,6090.010212
-600.0,1000,6098.46274
-599.999997,1000,6108.113812
-600.0,1000,6116.018501
-599.913635,1000,6125.786502
-600.0,1000,6134.36986
-599.778788,1000,6144.341135
-599.701434,1000,6152.628482
-599.99956,1000,6162.605496
-578.931815,1000,6170.650331
-599.76764,1000,6180.219931
-594.588905,1000,6188.474167
-599.985351,1000,6198.127108
-600.0,1000,6206.412459
-600.0,1000,6216.573817
-600.0,1000,6224.50034
-580.621211,1000,6234.030902
-600.0,1000,6241.966815
-599.856512,1000,6251.510113
-600.0,1000,6259.370928
-600.0,1000,6268.996882
-600.0,1000,6277.025721
-599.999105,1000,6286.547384
-599.997021,1000,6294.749241
-599.999955,1000,6304.808877
-599.999979,1000,6312.591908
-599.931991,1000,6322.152123
-582.942776,1000,6330.066852
-600.0,1000,6339.718893
-572.207413,1000,6347.568203
-591.885077,1000,6357.624475
-599.999997,1000,6366.100378
-599.177168,1000,6375.891805
-600.0,1000,6383.876008
-599.999431,1000,6393.516668
-598.154249,1000,6401.660818
-600.0,1000,6411.325404
-599.999347,1000,6419.790387
-599.996704,1000,6429.611453
-600.0,1000,6437.482705
-599.999999,1000,6446.992959
-599.999759,1000,6454.864214
-600.0,1000,6464.629512
-599.994156,1000,6472.555323
-600.0,1000,6482.730759
-599.999967,1000,6491.405549
-595.293923,1000,6501.129251
-599.99998,1000,6509.067696
-586.677052,1000,6518.716167
-599.991877,1000,6526.765445
-599.999999,1000,6536.476518
-592.471286,1000,6544.983665
-599.999604,1000,6555.148207
-598.76147,1000,6563.217852
-599.998172,1000,6572.717624
-585.21013,1000,6580.73252
-600.0,1000,6590.551631
-599.572855,1000,6598.535623
-600.0,1000,6608.205417
-600.0,1000,6616.329761
-584.91051,1000,6626.018718
-600.0,1000,6633.975268
-599.999577,1000,6643.783397
-599.999943,1000,6651.693182
-599.986171,1000,6661.495053
-600.0,1000,6669.707746
-578.166401,1000,6679.415464
-600.0,1000,6687.505083
-599.999815,1000,6697.644146
-565.532268,1000,6706.19007
-600.0,1000,6716.108416
-569.815498,1000,6724.203801
-600.0,1000,6733.841853
-599.97132,1000,6742.080468
-600.0,1000,6751.75344
-596.34526,1000,6759.963372
-599.999396,1000,6769.567114
-600.0,1000,6777.507085
-598.302369,1000,6787.080948
-599.230396,1000,6794.984708
-600.0,1000,6804.951221
-600.0,1000,6813.559618
-599.93382,1000,6823.143913
-599.939271,1000,6831.00284
-600.0,1000,6840.713954
-599.941172,1000,6848.778782
-599.999999,1000,6858.734695
-589.114501,1000,6866.72324
-599.644962,1000,6877.093392
-599.999998,1000,6885.187639
-597.002683,1000,6894.769234
-600.0,1000,6902.713277
-599.3376,1000,6912.327007
-599.999998,1000,6920.426795
-599.999961,1000,6930.151385
-600.0,1000,6938.046962
-600.0,1000,6947.837639
-600.0,1000,6955.80979
-599.971087,1000,6965.567754
-599.999997,1000,6973.519316
-599.937181,1000,6983.263395
-599.890875,1000,6991.231598
-596.903093,1000,7000.96567
-574.076744,1000,7008.839406
-599.999371,1000,7019.189308
-599.907943,1000,7027.674067
-600.0,1000,7037.384137
-599.991513,1000,7045.383294
-599.93196,1000,7055.369249
-599.999998,1000,7063.868574
-592.088775,1000,7073.805471
-600.0,1000,7082.064517
-599.998124,1000,7091.816346
-594.052077,1000,7100.185024
-599.999999,1000,7109.993617
-597.397121,1000,7118.132961
-599.999993,1000,7127.950086
-599.980854,1000,7135.830747
-599.493419,1000,7145.452508
-587.235735,1000,7153.372146
-599.99999,1000,7163.052546
-600.0,1000,7170.935295
-599.999997,1000,7180.670081
-600.0,1000,7188.538812
-599.99999,1000,7198.214267
-599.991868,1000,7206.061298
-599.997087,1000,7215.978869
-600.0,1000,7223.962052
-600.0,1000,7233.704161
-599.774943,1000,7241.643757
-600.0,1000,7251.971638
-590.715447,1000,7260.532109
-561.767438,1000,7270.831253
-599.942556,1000,7279.311636
-599.999409,1000,7289.461019
-599.999999,1000,7297.54806
-599.823061,1000,7307.478559
-599.999983,1000,7315.795498
-600.0,1000,7325.993668
-599.999999,1000,7333.912545
-574.455658,1000,7343.794036
-599.996625,1000,7351.734082
-599.999996,1000,7361.522915
-599.999981,1000,7369.455222
-600.0,1000,7379.255579
-600.0,1000,7387.272599
-599.999997,1000,7397.079529
-592.917647,1000,7405.061429
-599.978896,1000,7415.575401
-599.997754,1000,7423.776534
-599.991419,1000,7433.561428
-594.289193,1000,7441.719991
-600.0,1000,7451.993731
-600.0,1000,7459.881806
-599.284102,1000,7469.834052
-592.426296,1000,7477.839316
-600.0,1000,7488.078636
-599.999977,1000,7496.641892
-599.673738,1000,7507.077686
-600.0,1000,7515.106939
-599.902372,1000,7524.843823
-600.0,1000,7532.842286
-595.669819,1000,7542.713592
-599.622844,1000,7550.685417
-585.33116,1000,7560.460101
-600.0,1000,7568.515259
-600.0,1000,7578.256781
-600.0,1000,7586.425601
-599.991792,1000,7596.402687
-600.0,1000,7604.371493
-599.943252,1000,7614.28388
-596.501643,1000,7622.283873
-592.215287,1000,7632.318779
-599.999992,1000,7640.811207
-599.999841,1000,7651.244381
-599.876494,1000,7659.205281
-599.861894,1000,7669.235319
-600.0,1000,7677.261217
-599.507467,1000,7687.69406
-599.999065,1000,7696.301243
-599.602299,1000,7706.553936
-599.957232,1000,7714.506369
-599.996262,1000,7724.552685
-599.429167,1000,7733.085016
-600.0,1000,7743.492181
-599.999999,1000,7751.524908
-594.952549,1000,7761.744151
-561.547257,1000,7769.710743
-599.41387,1000,7780.10941
-599.974031,1000,7788.408949
-583.197958,1000,7798.555461
-599.999904,1000,7807.089643
-600.0,1000,7817.135714
-599.999998,1000,7825.541816
-599.999759,1000,7835.544562
-599.999963,1000,7843.639593
-599.995515,1000,7853.518149
-599.999197,1000,7862.084481
-600.0,1000,7872.085072
-600.0,1000,7880.078867
-599.996474,1000,7889.989879
-599.999999,1000,7897.981
-600.0,1000,7908.479625
-599.999999,1000,7917.154639
-571.349979,1000,7927.571702
-599.898286,1000,7936.135243
-588.730218,1000,7945.994837
-597.151825,1000,7953.923348
-599.766805,1000,7963.882035
-600.0,1000,7971.911459
-594.441453,1000,7981.914574
-600.0,1000,7989.988506
-556.69035,1000,8000.06366
-600.0,1000,8008.207222
-599.999991,1000,8018.225914
-600.0,1000,8026.295904
-593.851867,1000,8036.391027
-600.0,1000,8044.343052
-599.999998,1000,8054.452069
-599.999586,1000,8062.973343
-599.999994,1000,8072.965514
-599.999919,1000,8081.391759
-593.161682,1000,8091.97427
-599.999675,1000,8100.496082
-600.0,1000,8110.885161
-600.0,1000,8119.526426
-600.0,1000,8129.576396
-599.907289,1000,8137.556738
-599.999887,1000,8147.658792
-599.984646,1000,8156.90977
-599.968098,1000,8167.414892
-595.099568,1000,8175.401478
-600.0,1000,8185.621776
-600.0,1000,8193.415872
-600.0,1000,8203.38324
-600.0,1000,8211.469063
-599.999998,1000,8221.567545
-600.0,1000,8229.565529
-585.345582,1000,8239.436326
-599.959327,1000,8247.517268
-599.566629,1000,8258.022386
-599.916388,1000,8266.36023
-599.999851,1000,8276.730358
-599.956426,1000,8284.827653
-599.812461,1000,8294.906492
-585.955435,1000,8303.113532
-599.99596,1000,8313.022628
-599.999972,1000,8320.978583
-599.945818,1000,8330.878368
-599.999863,1000,8339.129042
-549.450996,1000,8349.445648
-599.999978,1000,8357.663786
-600.0,1000,8367.665287
-599.893615,1000,8375.645941
-599.999991,1000,8385.616571
-599.880101,1000,8393.813546
-600.0,1000,8403.744145
-598.336915,1000,8411.651711
-599.989896,1000,8421.601243
-600.0,1000,8429.526578
-599.900639,1000,8439.49071
-599.999999,1000,8447.436116
-599.969232,1000,8457.570611
-599.981995,1000,8465.669298
-599.997866,1000,8475.533663
-598.161836,1000,8483.690571
-599.999388,1000,8493.777402
-599.999991,1000,8501.78484
-596.109177,1000,8512.041109
-599.999999,1000,8520.26771
-594.747455,1000,8530.732096
-599.982878,1000,8538.873353
-592.786114,1000,8549.700185
-599.995397,1000,8557.706239
-589.874327,1000,8567.580391
-599.999999,1000,8575.676631
-589.319077,1000,8586.14391
-594.30506,1000,8594.414231
-600.0,1000,8604.866348
-599.999987,1000,8613.232939
-599.999403,1000,8623.271126
-567.846281,1000,8631.429224
-599.993226,1000,8642.295755
-600.0,1000,8650.345263
-599.771008,1000,8660.762563
-600.0,1000,8668.986351
-599.99177,1000,8679.606339
-574.186922,1000,8687.472914
-599.990214,1000,8697.524228
-599.999889,1000,8705.479805
-599.551882,1000,8715.599804
-599.829478,1000,8723.520901
-600.0,1000,8733.692508
-600.0,1000,8742.27235
-599.992971,1000,8752.803725
-599.999997,1000,8760.782153
-599.996074,1000,8770.919901
-600.0,1000,8778.904286
-599.999986,1000,8789.179576
-600.0,1000,8797.09134
-599.893288,1000,8807.528448
-599.95652,1000,8815.520836
-598.731862,1000,8825.674027
-599.999947,1000,8833.700873
-599.938634,1000,8843.970621
-599.999995,1000,8851.915323
-599.999996,1000,8862.541524
-600.0,1000,8870.636291
-599.863685,1000,8881.023753
-595.136936,1000,8889.039554
-599.999615,1000,8899.285444
-599.999908,1000,8907.708809
-599.999996,1000,8917.899343
-600.0,1000,8925.899352
-598.837421,1000,8936.277658
-589.102706,1000,8944.407012
-590.495935,1000,8954.87206
-599.997278,1000,8962.691603
-599.558784,1000,8972.817458
-599.999738,1000,8981.07076
-599.999643,1000,8991.271163
-599.977779,1000,8999.482808
-600.0,1000,9009.689412
-600.0,1000,9017.697792
-565.284497,1000,9027.984459
-600.0,1000,9035.911839
-577.07998,1000,9046.076025
-600.0,1000,9054.307849
-600.0,1000,9065.005805
-600.0,1000,9072.910238
-600.0,1000,9082.97502
-589.930692,1000,9091.075682
-599.952729,1000,9101.421062
-599.941927,1000,9109.437051
-600.0,1000,9119.942238
-599.95022,1000,9127.847696
-599.999622,1000,9138.506174
-590.640389,1000,9146.484859
-593.53663,1000,9156.593002
-599.832634,1000,9164.594283
-599.999727,1000,9174.922372
-599.258873,1000,9182.861053
-599.996973,1000,9193.213776
-599.999991,1000,9201.347793
-600.0,1000,9212.038829
-598.423163,1000,9220.221663
-599.999901,1000,9230.494144
-599.996843,1000,9238.493525
-599.922667,1000,9248.735025
-573.270862,1000,9256.775324
-572.599524,1000,9267.165989
-599.681331,1000,9275.286856
-598.494735,1000,9285.889881
-599.990789,1000,9294.484513
-583.277836,1000,9305.061177
-582.21404,1000,9313.027344
-599.792566,1000,9323.224447
-600.0,1000,9331.626494
-594.873028,1000,9342.168277
-599.143792,1000,9350.080026
-599.964148,1000,9360.254039
-599.999544,1000,9368.129881
-599.999987,1000,9378.361827
-599.999999,1000,9386.489325
-599.341621,1000,9396.736363
-599.939594,1000,9404.915086
-599.874298,1000,9415.077594
-600.0,1000,9423.516879
-599.999995,1000,9433.660388
-599.503663,1000,9441.62152
-599.999999,1000,9451.929998
-599.998987,1000,9459.907815
-594.380825,1000,9470.110691
-599.999997,1000,9478.110032
-599.947377,1000,9488.478612
-599.900208,1000,9496.825297
-600.0,1000,9507.410138
-599.997739,1000,9515.36547
-599.869316,1000,9525.622603
-599.999999,1000,9533.573604
-599.60011,1000,9543.856577
-599.962265,1000,9551.807135
-583.143816,1000,9562.308785
-599.111393,1000,9570.917501
-599.809085,1000,9581.794485
-599.807851,1000,9590.294189
-599.419219,1000,9601.043517
-599.353754,1000,9609.06009
-599.981063,1000,9619.355957
-599.226479,1000,9627.346691
-599.850447,1000,9637.783895
-600.0,1000,9645.861063
-599.999905,1000,9656.242025
-599.671415,1000,9664.656478
-599.889074,1000,9675.564555
-592.520049,1000,9683.935425
-597.899348,1000,9695.270687
-599.768934,1000,9703.606945
-600.0,1000,9713.82966
-599.929391,1000,9721.973805
-599.624829,1000,9732.466608
-599.999984,1000,9740.546516
-599.975942,1000,9751.404365
-599.998579,1000,9759.515618
-584.875986,1000,9770.163252
-599.999993,1000,9778.037489
-599.998298,1000,9788.619276
-593.928799,1000,9796.727196
-599.56137,1000,9807.580076
-599.893449,1000,9816.074122
-599.028425,1000,9826.790404
-599.86638,1000,9834.890756
-594.211258,1000,9845.25894
-599.862637,1000,9853.260451
-599.36999,1000,9863.787374
-599.992904,1000,9872.281819
-599.667079,1000,9883.242182
-599.926682,1000,9891.34689
-599.784682,1000,9901.777231
-600.0,1000,9909.744235
-598.907723,1000,9920.173265
-598.649712,1000,9928.174503
-598.086495,1000,9938.506734
-599.992012,1000,9946.43873
-599.999968,1000,9957.001108
-599.974948,1000,9965.066178
-590.39628,1000,9975.528062
-600.0,1000,9983.510855
-598.355449,1000,9994.10038
-600.0,1000,10002.352711
-600.0,1000,10012.933064
-599.999653,1000,10021.831388
-599.999989,1000,10032.188305
-599.55009,1000,10040.078462
-598.615564,1000,10050.393884
-585.291676,1000,10058.283843
-599.886258,1000,10068.866146
-589.749689,1000,10076.973728
-590.76615,1000,10087.404664
-599.989674,1000,10095.409438
-600.0,1000,10106.250583
-595.415663,1000,10114.452909
-599.999993,1000,10124.900978
-599.954116,1000,10132.86407
-600.0,1000,10143.392596
-599.999931,1000,10151.431525
-600.0,1000,10161.734559
-600.0,1000,10170.22399
-592.669632,1000,10181.270261
-598.622494,1000,10189.78521
-600.0,1000,10200.220867
-599.777035,1000,10208.387848
-599.770025,1000,10218.861249
-599.999843,1000,10226.961427
-598.856092,1000,10237.567416
-599.999991,1000,10246.041039
-600.0,1000,10256.710019
-600.0,1000,10264.715175
-599.535158,1000,10275.091856
-592.467578,1000,10283.507873
-599.741224,1000,10294.628529
-599.998081,1000,10302.595514
-599.847153,1000,10313.197868
-599.98334,1000,10321.693642
-599.864266,1000,10332.295201
-599.857937,1000,10340.640766
-599.999917,1000,10351.041075
-598.818428,1000,10359.205609
-600.0,1000,10370.594707
-599.998858,1000,10378.600903
-588.004506,1000,10389.517666
-599.999978,1000,10397.643127
-600.0,1000,10408.096586
-599.888331,1000,10416.168975
-599.999599,1000,10426.930501
-598.127051,1000,10434.862181
-599.84729,1000,10445.265343
-600.0,1000,10453.195819
-598.069639,1000,10463.610786
-599.997695,1000,10471.684149
-599.999824,1000,10482.167648
-599.999498,1000,10490.108082
-590.188378,1000,10500.90633
-600.0,1000,10508.798915
-599.999963,1000,10519.485331
-599.458649,1000,10527.408747
-598.84936,1000,10538.134158
-597.103232,1000,10546.231384
-599.847837,1000,10556.873358
-571.405293,1000,10564.913135
-599.91867,1000,10575.361716
-600.0,1000,10583.265591
-599.999994,1000,10594.26825
-586.674135,1000,10602.454242
-599.293508,1000,10613.021099
-599.763997,1000,10621.252415
-600.0,1000,10632.505277
-599.998776,1000,10640.950941
-582.907508,1000,10651.782379
-592.509012,1000,10660.076659
-599.999999,1000,10671.352598
-600.0,1000,10679.316476
-587.58257,1000,10690.376547
-599.683541,1000,10698.340572
-599.999899,1000,10709.227728
-597.475851,1000,10717.345414
-590.841148,1000,10727.884284
-599.885506,1000,10735.936295
-599.997474,1000,10746.421248
-599.719994,1000,10754.596209
-597.719362,1000,10765.619582
-600.0,1000,10774.053767
-599.262737,1000,10784.580333
-599.906765,1000,10792.494453
-599.997581,1000,10802.838535
-599.999415,1000,10810.847032
-600.0,1000,10821.642502
-599.999995,1000,10830.224806
-588.915116,1000,10840.912989
-600.0,1000,10848.955922
-599.999855,1000,10859.617682
-599.898482,1000,10867.561983
-600.0,1000,10878.124568
-599.999975,1000,10886.037536
-599.998944,1000,10896.609055
-579.030506,1000,10905.394872
-581.658698,1000,10916.025108
-599.990005,1000,10924.088129
-598.549883,1000,10935.28048
-599.986772,1000,10943.454355
-599.991316,1000,10953.869806
-600.0,1000,10962.117007
-599.557378,1000,10972.71261
-599.999751,1000,10980.734023
-566.259613,1000,10991.228796
-599.980284,1000,10999.555605
-600.0,1000,11011.239669
-600.0,1000,11019.239963
-594.926715,1000,11029.860544
-599.563243,1000,11038.125779
-600.0,1000,11048.798399
-599.939619,1000,11056.792563
-600.0,1000,11067.359531
-599.922796,1000,11075.944192
-600.0,1000,11086.69575
-565.789484,1000,11095.563994
-583.640071,1000,11106.503214
-599.574447,1000,11114.502884
-599.912969,1000,11125.136398
-600.0,1000,11133.24451
-599.999951,1000,11143.775782
-566.815293,1000,11152.218876
-600.0,1000,11163.830298
-599.97327,1000,11171.972558
-599.996631,1000,11182.726277
-599.999962,1000,11190.919213
-599.37447,1000,11201.894048
-599.985546,1000,11210.19832
-600.0,1000,11220.857682
-600.0,1000,11228.90912
-584.328144,1000,11240.198522
-599.99795,1000,11248.675956
-600.0,1000,11259.182206
-599.968622,1000,11267.156196
-597.561486,1000,11277.746232
-600.0,1000,11285.670232
-599.999986,1000,11296.281057
-600.0,1000,11304.306417
-599.999915,1000,11314.887779
-589.886856,1000,11322.849583
-599.966083,1000,11333.520271
-599.999999,1000,11341.477474
-594.324873,1000,11352.008893
-599.995101,1000,11360.518371
-599.900927,1000,11371.824636
-599.484323,1000,11379.828163
-583.448367,1000,11390.560518
-593.901834,1000,11398.501727
-600.0,1000,11409.096792
-599.383841,1000,11417.134475
-599.999989,1000,11427.941428
-599.999999,1000,11436.281925
-581.291812,1000,11446.999999
-597.385455,1000,11454.987721
-599.999993,1000,11465.563664
-600.0,1000,11473.474935
-588.633476,1000,11484.13645
-564.448231,1000,11492.149835
-599.997474,1000,11502.826591
-599.886516,1000,11510.990301
-599.990491,1000,11521.766628
-600.0,1000,11530.275353
-589.547019,1000,11541.242761
-597.376341,1000,11549.23309
-599.998103,1000,11559.978003
-599.959537,1000,11568.452512
-592.780112,1000,11579.706936
-599.94575,1000,11587.730845
-562.285244,1000,11598.9243
-599.732294,1000,11607.264765
-599.999782,1000,11618.12997
-599.999949,1000,11626.161736
-599.999992,1000,11637.140727
-572.571223,1000,11645.501072
-599.999429,1000,11656.135569
-596.285117,1000,11664.210277
-599.419795,1000,11675.179075
-582.284854,1000,11683.670298
-599.968245,1000,11694.92037
-599.999942,1000,11702.780053
-599.80654,1000,11713.403997
-598.99885,1000,11721.326844
-599.999485,1000,11732.123369
-599.913645,1000,11740.874816
-600.0,1000,11751.533454
-599.750058,1000,11759.400489
-599.999863,1000,11770.27173
-599.999984,1000,11778.13575
-600.0,1000,11788.852116
-599.996847,1000,11796.77299
-600.0,1000,11807.494685
-599.804689,1000,11816.191527
-597.676991,1000,11827.457252
-600.0,1000,11835.408083
-577.848831,1000,11846.040482
-600.0,1000,11853.981519
-599.999989,1000,11864.929601
-599.998814,1000,11873.468873
-594.199087,1000,11884.688689
-599.341189,1000,11892.674732
-599.999217,1000,11903.422555
-599.997266,1000,11911.455439
-600.0,1000,11922.287667
-599.997526,1000,11930.231008
-600.0,1000,11941.127
-599.961695,1000,11949.008819
-599.983091,1000,11959.743526
-600.0,1000,11967.820026
-582.728776,1000,11978.77282
-598.716821,1000,11987.161816
-599.996401,1000,11998.646244
-599.529465,1000,12006.509007
-599.779759,1000,12017.220007
-599.974793,1000,12025.218527
-562.104114,1000,12036.228734
-600.0,1000,12044.459903
-599.999975,1000,12055.229512
-599.68346,1000,12063.347148
-594.922989,1000,12074.155765
-600.0,1000,12082.369549
-599.999723,1000,12093.85309
-595.056853,1000,12102.641689
-599.157521,1000,12113.532966
-599.860018,1000,12121.44902
-600.0,1000,12132.300001
-600.0,1000,12140.753504
-599.997816,1000,12152.002432
-600.0,1000,12159.956042
-599.848378,1000,12170.845494
-600.0,1000,12178.895273
-600.0,1000,12189.822824
-599.973767,1000,12197.78036
-598.325485,1000,12208.636026
-599.182367,1000,12216.422894
-600.0,1000,12227.383363
-574.067175,1000,12235.35667
-600.0,1000,12246.827847
-599.999995,1000,12255.084125
-582.546673,1000,12265.851801
-599.998457,1000,12273.689215
-599.998732,1000,12284.774627
-599.604029,1000,12293.054392
-599.998226,1000,12304.46141
-599.999999,1000,12312.908942
-593.271298,1000,12323.833839
-591.314663,1000,12331.840673
-599.871176,1000,12343.307124
-599.991256,1000,12351.589738
-595.914417,1000,12362.371843
-595.308395,1000,12370.518328
-599.999998,1000,12381.938109
-599.987098,1000,12390.412653
-599.962612,1000,12401.749805
-599.999995,1000,12409.789033
-599.999996,1000,12420.925979
-600.0,1000,12429.236512
-556.391391,1000,12440.261566
-599.913859,1000,12448.414826
-600.0,1000,12459.261024
-551.934659,1000,12467.336425
-600.0,1000,12478.286443
-599.880196,1000,12486.239875
-599.999988,1000,12497.252119
-600.0,1000,12505.310638
-599.971337,1000,12516.160471
-600.0,1000,12524.054535
-599.998641,1000,12534.834125
-587.307901,1000,12542.82761
-599.982622,1000,12553.991847
-599.998355,1000,12562.155057
-599.965295,1000,12573.303144
-599.990914,1000,12581.187211
-599.999161,1000,12592.079668
-600.0,1000,12600.538516
-599.977173,1000,12611.98497
-600.0,1000,12620.28208
-599.994763,1000,12631.429139
-597.277182,1000,12639.447962
-595.123316,1000,12650.283355
-599.993642,1000,12658.202484
-600.0,1000,12669.174752
-600.0,1000,12677.207552
-581.580638,1000,12688.281223
-592.268966,1000,12696.583633
-598.906438,1000,12708.133257
-599.994162,1000,12716.819404
-599.914583,1000,12728.497275
-599.999468,1000,12737.146868
-600.0,1000,12748.446216
-599.999976,1000,12756.386865
-597.593562,1000,12767.296638
-600.0,1000,12775.215399
-600.0,1000,12786.531203
-589.574571,1000,12795.170938
-600.0,1000,12806.761424
-599.999931,1000,12815.320657
-599.999944,1000,12826.884619
-600.0,1000,12835.321266
-600.0,1000,12846.239021
-599.99898,1000,12854.158162
-599.997135,1000,12865.233976
-599.999998,1000,12873.251051
-600.0,1000,12884.20858
-599.626514,1000,12892.176244
-591.126412,1000,12903.212398
-599.999848,1000,12911.799208
-600.0,1000,12922.80759
-600.0,1000,12931.051052
-597.082895,1000,12942.240202
-599.998944,1000,12950.257745
-600.0,1000,12961.564959
-599.95072,1000,12969.779614
-599.781694,1000,12980.927884
-600.0,1000,12988.980376
-595.555682,1000,12999.962671
-599.999999,1000,13008.168803
-600.0,1000,13020.487517
-599.9997,1000,13028.708495
-577.764692,1000,13039.913623
-599.999998,1000,13048.129372
-599.47353,1000,13059.061401
-597.916502,1000,13067.500799
-584.753761,1000,13078.398459
-581.386021,1000,13086.955591
-596.661625,1000,13097.989728
-599.999999,1000,13106.065967
-598.33929,1000,13117.011009
-599.94257,1000,13125.04248
-599.541845,1000,13136.029475
-600.0,1000,13144.316556
-599.923517,1000,13155.983504
-582.958963,1000,13164.620908
-599.986083,1000,13176.17618
-599.300361,1000,13185.573637
-599.937959,1000,13197.279083
-600.0,1000,13205.320259
-599.869587,1000,13216.267817
-599.067206,1000,13224.489687
-590.259166,1000,13236.073414
-599.998525,1000,13244.332035
-598.258452,1000,13255.588831
-599.999987,1000,13263.645298
-599.364993,1000,13274.632376
-600.0,1000,13282.634305
-585.018549,1000,13293.630257
-579.09767,1000,13301.836869
-600.0,1000,13313.150457
-598.227822,1000,13321.278758
-600.0,1000,13332.243653
-599.44864,1000,13340.4695
-594.024216,1000,13351.79169
-600.0,1000,13359.72695
-599.915259,1000,13371.01389
-597.777539,1000,13379.363074
-599.642654,1000,13390.429583
-600.0,1000,13398.424729
-595.33888,1000,13409.478646
-600.0,1000,13417.599924
-599.996539,1000,13428.661926
-600.0,1000,13436.70625
-600.0,1000,13447.905398
-599.771554,1000,13455.847585
-599.999999,1000,13466.95249
-596.368193,1000,13474.877137
-599.990202,1000,13485.881584
-599.999509,1000,13494.018442
-597.039042,1000,13505.747012
-599.684318,1000,13513.977565
-596.606794,1000,13525.141035
-599.999079,1000,13533.26461
-599.55385,1000,13544.320507
-574.066519,1000,13552.289636
-599.29715,1000,13563.551002
-599.991463,1000,13571.500021
-599.816823,1000,13582.581038
-599.992654,1000,13590.507204
-594.953664,1000,13601.658095
-600.0,1000,13609.641882
-599.976398,1000,13621.007241
-600.0,1000,13629.396211
-599.999998,1000,13641.08907
-600.0,1000,13649.143173
-599.996001,1000,13660.366767
-599.999888,1000,13668.363487
-600.0,1000,13679.31833
-597.907324,1000,13687.244487
-599.952579,1000,13698.20993
-599.630733,1000,13706.205848
-599.888553,1000,13717.325135
-599.983044,1000,13725.452289
-600.0,1000,13736.487574
-599.763571,1000,13744.84602
-600.0,1000,13756.230533
-600.0,1000,13764.911034
-592.479318,1000,13776.59825
-580.005119,1000,13784.975554
-600.0,1000,13796.135646
-598.278893,1000,13804.196311
-599.981634,1000,13815.419036
-599.823316,1000,13823.691811
-600.0,1000,13834.785898
-587.028911,1000,13842.841304
-599.999999,1000,13854.251285
-577.340872,1000,13862.410032
-600.0,1000,13873.746918
-599.999942,1000,13882.243753
-600.0,1000,13893.910486
-599.468007,1000,13902.108242
-600.0,1000,13913.406415
-599.895276,1000,13921.34039
-600.0,1000,13932.441921
-600.0,1000,13940.43794
-599.998544,1000,13951.636237
-597.40579,1000,13959.577488
-600.0,1000,13970.78967
-599.899759,1000,13979.216101
-599.673596,1000,13990.963246
-599.985986,1000,13999.224622
-579.569222,1000,14010.540053
-599.954581,1000,14019.040902
-600.0,1000,14030.604094
-600.0,1000,14038.628481
-594.261689,1000,14049.836291
-598.557199,1000,14058.036143
-599.738174,1000,14069.423998
-600.0,1000,14077.431771
-600.0,1000,14089.178137
-600.0,1000,14097.209796
-599.849455,1000,14108.654588
-599.934611,1000,14117.205263
-599.031702,1000,14128.634987
-573.237023,1000,14136.552421
-583.188116,1000,14147.639554
-572.553002,1000,14155.557005
-596.606865,1000,14166.853737
-592.323544,1000,14174.859657
-600.0,1000,14186.226315
-599.999999,1000,14194.113246
-600.0,1000,14205.240335
-600.0,1000,14213.293896
-599.998172,1000,14224.73908
-599.999997,1000,14232.776198
-553.547965,1000,14244.594193
-599.999705,1000,14252.835659
-596.061919,1000,14264.76245
-583.352129,1000,14273.459497
-599.931225,1000,14284.729825
-600.0,1000,14293.220337
-599.874441,1000,14304.946507
-591.104139,1000,14312.918648
-566.337565,1000,14324.128736
-599.973351,1000,14332.24227
-600.0,1000,14343.528413
-600.0,1000,14351.619094
-599.244322,1000,14363.344982
-599.915147,1000,14371.839684
-599.707245,1000,14383.676452
-600.0,1000,14391.932019
-599.477618,1000,14403.137037
-582.885424,1000,14411.337319
-597.754332,1000,14422.778507
-600.0,1000,14430.697969
-600.0,1000,14442.228137
-599.67321,1000,14450.235622
-599.858141,1000,14461.466327
-599.928603,1000,14469.581273
-597.381774,1000,14481.022724
-599.820853,1000,14489.424528
-599.859902,1000,14501.661149
-599.999999,1000,14510.147442
-599.999997,1000,14521.389495
-599.999983,1000,14529.36444
-600.0,1000,14540.556926
-583.78634,1000,14548.728248
-599.927866,1000,14560.572423
-599.999999,1000,14569.154066
-599.993887,1000,14581.017168
-564.650623,1000,14589.12748
-589.311919,1000,14600.799336
-599.999981,1000,14608.829151
-600.0,1000,14620.075815
-599.61198,1000,14628.039209
-599.999401,1000,14639.608091
-600.0,1000,14647.579797
-599.88211,1000,14659.003147
-600.0,1000,14666.865212
-599.994234,1000,14678.034566
-600.0,1000,14685.951649
-600.0,1000,14697.351028
-600.0,1000,14705.247479
-600.0,1000,14716.456744
-599.997963,1000,14724.399185
-599.537128,1000,14736.577158
-599.994164,1000,14744.568431
-533.256874,1000,14756.026411
-599.999139,1000,14764.029079
-597.948767,1000,14775.359569
-599.99999,1000,14783.909346
-599.905553,1000,14795.818809
-600.0,1000,14804.394455
-579.945312,1000,14816.273711
-599.999663,1000,14824.643519
-600.0,1000,14835.916834
-597.503381,1000,14844.008102
-599.999999,1000,14855.304166
-590.785236,1000,14863.907466
-599.999019,1000,14875.914423
-599.902043,1000,14884.434932
-579.248012,1000,14895.744635
-568.474604,1000,14903.802019
-599.870811,1000,14915.74492
-581.296385,1000,14924.306222
-585.320333,1000,14935.977396
-596.70491,1000,14944.020789
-597.642352,1000,14955.424518
-599.999899,1000,14963.32636
-599.991401,1000,14974.610302
-596.437691,1000,14982.640631
-599.961898,1000,14994.195186
-599.999998,1000,15002.212961
-600.0,1000,15013.521228
-582.472491,1000,15022.11574
-599.93065,1000,15033.985912
-599.987693,1000,15041.917649
-600.0,1000,15053.31123
-599.999992,1000,15061.547767
-599.998825,1000,15072.860741
-585.150578,1000,15080.844362
-599.782222,1000,15092.285752
-591.571121,1000,15100.634291
-600.0,1000,15112.217726
-599.998123,1000,15120.305687
-548.156048,1000,15131.713931
-600.0,1000,15139.733399
-599.831595,1000,15151.244124
-599.99963,1000,15159.274826
-599.603047,1000,15170.942528
-600.0,1000,15178.861176
-600.0,1000,15190.795292
-599.939315,1000,15199.302207
-599.902843,1000,15211.000752
-598.934859,1000,15218.916373
-600.0,1000,15230.318192
-599.005436,1000,15238.258101
-600.0,1000,15249.748899
-581.649287,1000,15257.681355
-600.0,1000,15269.099004
-599.993172,1000,15277.07653
-600.0,1000,15288.6967
-599.730981,1000,15296.712317
-600.0,1000,15309.116819
-599.93874,1000,15317.678346
-599.998261,1000,15329.633205
-599.795013,1000,15337.750836
-599.901767,1000,15349.939228
-600.0,1000,15358.270078
-587.50581,1000,15369.775244
-599.999899,1000,15377.678
-600.0,1000,15389.497866
-598.095977,1000,15397.721712
-600.0,1000,15409.393234
-597.141343,1000,15417.418195
-595.58618,1000,15428.889028
-591.887413,1000,15436.735951
-599.999118,1000,15448.154511
-599.541614,1000,15456.052166
-600.0,1000,15467.617057
-599.999978,1000,15475.628983
-578.643491,1000,15487.544288
-599.995308,1000,15496.055987
-599.998182,1000,15507.423508
-599.999513,1000,15515.297959
-600.0,1000,15526.829264
-599.999558,1000,15534.769212
-600.0,1000,15546.224087
-599.978375,1000,15554.616754
-599.37657,1000,15566.099687
-599.095352,1000,15574.813988
-599.996044,1000,15586.878751
-599.99995,1000,15594.989197
-599.518527,1000,15606.763388
-590.022973,1000,15614.797359
-599.999296,1000,15626.579295
-600.0,1000,15634.547251
-600.0,1000,15646.148583
-599.320849,1000,15654.661462
-599.653076,1000,15666.761269
-599.999724,1000,15675.327812
-599.446494,1000,15687.30694
-581.247002,1000,15695.227349
-593.649864,1000,15707.157123
-599.666177,1000,15715.767682
-588.942272,1000,15727.805371
-599.998684,1000,15736.385015
-599.666884,1000,15747.96889
-598.881385,1000,15755.950867
-599.992572,1000,15767.467941
-599.673728,1000,15775.592691
-600.0,1000,15787.144438
-600.0,1000,15795.178768
-599.998925,1000,15806.748986
-600.0,1000,15814.954416
-600.0,1000,15826.331819
-599.915171,1000,15834.296872
-599.999951,1000,15845.961976
-599.980562,1000,15853.960123
-599.868039,1000,15865.565602
-600.0,1000,15873.728062
-600.0,1000,15885.605434
-599.959103,1000,15894.121924
-599.930457,1000,15906.363136
-599.690443,1000,15914.895124
-599.790643,1000,15926.640921
-600.0,1000,15935.433348
-592.480501,1000,15946.884891
-599.9999,1000,15954.833913
-600.0,1000,15966.427805
-599.999984,1000,15974.367003
-599.988156,1000,15985.94071
-599.999999,1000,15994.082809
-598.591444,1000,16005.654296
-599.768956,1000,16014.0103
-599.782407,1000,16026.175776
-599.999996,1000,16034.741404
-600.0,1000,16046.354449
-600.0,1000,16054.456138
-599.999936,1000,16066.1497
-599.999975,1000,16074.249269
-570.725478,1000,16086.20741
-598.229867,1000,16094.55065
-599.997791,1000,16106.139627
-600.0,1000,16114.132111
-600.0,1000,16125.933496
-600.0,1000,16134.578785
-600.0,1000,16146.477775
-599.999945,1000,16154.96624
-600.0,1000,16166.933836
-599.53145,1000,16175.193151
-599.994403,1000,16186.874314
-600.0,1000,16195.416814
-584.241004,1000,16207.078469
-599.999955,1000,16215.11993
-599.997133,1000,16226.769219
-600.0,1000,16234.628834
-600.0,1000,16246.208083
-599.517366,1000,16254.147397
-576.878904,1000,16266.067263
-600.0,1000,16274.020054
-600.0,1000,16285.680376
-599.999989,1000,16293.653515
-563.348863,1000,16305.371588
-600.0,1000,16313.375286
-580.851914,1000,16325.0299
-582.810277,1000,16333.016864
-599.997829,1000,16344.71996
-600.0,1000,16352.686935
-600.0,1000,16364.581883
-599.999997,1000,16373.168193
-599.991482,1000,16385.420029
-599.980296,1000,16393.390446
-598.336007,1000,16405.200443
-594.616986,1000,16413.712576
-587.317106,1000,16425.74744
-599.446698,1000,16433.717378
-599.999936,1000,16445.349998
-599.999276,1000,16453.786575
-599.999835,1000,16465.741476
-599.884516,1000,16473.919071
-600.0,1000,16485.798846
-600.0,1000,16493.795983
-599.986664,1000,16505.492701
-600.0,1000,16513.489739
-600.0,1000,16525.213123
-594.102985,1000,16533.752655
-599.999989,1000,16545.621009
-600.0,1000,16553.817788
-599.999995,1000,16565.783261
-592.794005,1000,16574.07829
-599.999925,1000,16585.855451
-557.244828,1000,16594.514971
-599.956524,1000,16606.209635
-599.999567,1000,16614.275372
-598.326439,1000,16626.448657
-600.0,1000,16634.672468
-599.997573,1000,16646.348847
-599.989118,1000,16654.315008
-572.344052,1000,16665.920603
-599.25374,1000,16674.199327
-572.693033,1000,16686.038698
-599.999992,1000,16694.015905
-600.0,1000,16705.641226
-600.0,1000,16714.1707
-589.268581,1000,16726.200963
-600.0,1000,16734.135026
-599.98933,1000,16745.96374
-599.616851,1000,16754.098166
-600.0,1000,16767.080073
-599.99998,1000,16775.512686
-579.196229,1000,16787.165678
-600.0,1000,16795.179382
-600.0,1000,16807.130685
-599.979679,1000,16815.27152
-600.0,1000,16826.99157
-599.07291,1000,16834.957297
-599.941958,1000,16846.586309
-600.0,1000,16854.899101
-599.784784,1000,16866.851121
-600.0,1000,16874.934776
-599.966775,1000,16886.741494
-600.0,1000,16895.262897
-599.83583,1000,16907.655906
-600.0,1000,16916.34142
-596.668789,1000,16928.447497
-600.0,1000,16936.969626
-600.0,1000,16948.67569
-599.865342,1000,16956.704121
-599.983051,1000,16968.477625
-599.999987,1000,16976.667638
-599.966562,1000,16988.479704
-599.90666,1000,16997.056372
-599.960398,1000,17009.021751
-598.802975,1000,17017.001513
-600.0,1000,17029.370872
-599.996526,1000,17037.866755
-599.967268,1000,17050.09105
-585.279329,1000,17058.571164
-599.996018,1000,17070.797889
-599.720823,1000,17078.826913
-599.999973,1000,17090.53324
-599.999977,1000,17098.491757
-599.999826,1000,17110.401455
-600.0,1000,17118.930952
-599.693014,1000,17131.320138
-597.879883,1000,17139.289771
-598.659697,1000,17151.143498
-599.834854,1000,17159.145625
-599.547683,1000,17170.85403
-600.0,1000,17178.786347
-599.999983,1000,17190.516589
-580.091938,1000,17198.520982
-599.999766,1000,17210.686208
-595.568365,1000,17219.007389
-599.999992,1000,17230.643902
-599.001293,1000,17239.084644
-600.0,1000,17251.422505
-600.0,1000,17260.070848
-600.0,1000,17272.198994
-600.0,1000,17280.182112
-599.991907,1000,17292.125578
-599.048512,1000,17300.146319
-576.226277,1000,17312.102631
-599.999952,1000,17320.092597
-599.999999,1000,17331.862893
-599.996503,1000,17339.870717
-600.0,1000,17351.689393
-599.993623,1000,17359.634989
-599.999136,1000,17371.890223
-599.991595,1000,17380.480662
-599.609354,1000,17392.892232
-593.733807,1000,17400.793545
-600.0,1000,17413.023792
-599.965415,1000,17421.020214
-599.919027,1000,17432.951394
-593.917198,1000,17441.310413
-599.999109,1000,17453.217282
-599.998979,1000,17461.271276
-600.0,1000,17473.245768
-599.99996,1000,17481.161628
-600.0,1000,17493.220239
-599.984779,1000,17501.59184
-599.999998,1000,17513.52493
-569.258908,1000,17521.592355
-599.999986,1000,17533.453239
-599.999951,1000,17541.587801
-599.511901,1000,17553.57714
-600.0,1000,17562.222538
-600.0,1000,17574.759877
-599.886994,1000,17582.767665
-588.997018,1000,17594.85164
-599.999995,1000,17603.193449
-599.941718,1000,17615.408019
-599.775781,1000,17623.437697
-600.0,1000,17635.846132
-599.996337,1000,17644.089153
-600.0,1000,17656.441326
-599.827074,1000,17664.451648
-599.864702,1000,17676.395136
-587.75162,1000,17684.807539
-599.999389,1000,17697.432516
-599.794502,1000,17705.923542
-599.954411,1000,17717.862661
-599.999999,1000,17725.738532
-600.0,1000,17738.963714
-599.978726,1000,17747.55656
-599.944086,1000,17760.087065
-580.259138,1000,17768.71141
-599.997512,1000,17780.648068
-599.780349,1000,17788.547452
-597.086052,1000,17800.638732
-599.999999,1000,17809.048424
-599.995753,1000,17821.104405
-598.086949,1000,17829.607108
-598.483521,1000,17842.166524
-599.999366,1000,17850.15124
-599.91976,1000,17862.147819
-600.0,1000,17870.535877
-600.0,1000,17882.760725
-599.910095,1000,17890.67932
-600.0,1000,17902.565215
-599.871714,1000,17910.506662
-599.901428,1000,17922.856995
-600.0,1000,17930.804112
-600.0,1000,17942.815912
-599.999182,1000,17950.803806
-599.999961,1000,17963.173002
-600.0,1000,17971.348233
-599.205215,1000,17983.401977
-599.888654,1000,17991.731023
-599.970348,1000,18004.255053
-600.0,1000,18012.320909
-599.899004,1000,18024.394436
-579.722387,1000,18032.691512
-545.534462,1000,18044.679873
-600.0,1000,18052.629486
-599.999954,1000,18064.656716
-585.392956,1000,18073.221156
-600.0,1000,18085.500415
-600.0,1000,18093.45228
-599.999997,1000,18105.358504
-599.88581,1000,18113.268446
-596.142991,1000,18125.341444
-599.899877,1000,18133.810826
-599.993974,1000,18146.484783
-600.0,1000,18155.011831
-599.998744,1000,18167.15259
-599.99989,1000,18175.100658
-596.232458,1000,18187.126675
-596.872068,1000,18195.068751
-599.94764,1000,18207.625688
-599.088489,1000,18216.082996
-599.999999,1000,18228.110534
-600.0,1000,18236.102113
-600.0,1000,18248.77452
-599.997432,1000,18256.927762
-598.946258,1000,18268.795666
-600.0,1000,18276.726548
-578.016203,1000,18288.649386
-599.9303,1000,18296.683093
-600.0,1000,18308.691568
-600.0,1000,18316.606676
-599.761611,1000,18328.607729
-599.90112,1000,18336.542754
-599.98646,1000,18348.997918
-599.999441,1000,18357.279707
-569.297479,1000,18369.199033
-599.757923,1000,18377.09228
-599.999945,1000,18389.309575
-600.0,1000,18397.171582
-594.246891,1000,18409.182137
-597.943617,1000,18417.162842
-599.749923,1000,18429.294015
-599.996423,1000,18437.564336
-599.387011,1000,18449.942593
-599.79062,1000,18458.271978
-580.918678,1000,18470.624903
-599.989224,1000,18478.677632
-600.0,1000,18490.754488
-598.720276,1000,18498.922476
-597.852232,1000,18511.234864
-600.0,1000,18519.398509
-600.0,1000,18531.451221
-600.0,1000,18539.731842
-599.999999,1000,18552.470867
-600.0,1000,18560.55818
-562.509986,1000,18572.632115
-599.999999,1000,18580.727485
-599.990541,1000,18592.849239
-596.466898,1000,18600.737889
-599.988435,1000,18612.704108
-599.862233,1000,18620.662978
-592.437243,1000,18633.035505
-599.880946,1000,18640.934973
-599.919176,1000,18653.586807
-599.832718,1000,18662.064208
-599.999136,1000,18674.554131
-599.999984,1000,18682.437377
-600.0,1000,18694.581967
-599.993601,1000,18702.920194
-555.444304,1000,18715.672973
-588.135983,1000,18723.645552
-599.999999,1000,18735.956005
-599.998425,1000,18744.426296
-599.824506,1000,18756.700703
-561.163535,1000,18764.623152
-600.0,1000,18776.775564
-599.999999,1000,18784.740468
-599.999618,1000,18796.917509
-599.648885,1000,18804.888982
-590.616444,1000,18817.020637
-600.0,1000,18825.205661
-599.999999,1000,18837.414507
-599.875989,1000,18846.103193
-599.994712,1000,18858.650299
-599.496556,1000,18866.477295
-582.260149,1000,18878.627107
-600.0,1000,18886.58871
-600.0,1000,18898.83006
-600.0,1000,18906.736262
-599.999897,1000,18918.854243
-599.999931,1000,18926.771547
-597.418752,1000,18939.525669
-599.999195,1000,18947.598299
-599.999457,1000,18959.750895
-600.0,1000,18967.761824
-599.999121,1000,18980.379445
-600.0,1000,18988.531762
-600.0,1000,19000.932059
-599.765745,1000,19009.081086
-599.999665,1000,19021.415218
-571.23545,1000,19029.455455
-584.020384,1000,19041.762669
-596.389121,1000,19049.845838
-599.993015,1000,19062.000443
-599.97684,1000,19070.136836
-599.997557,1000,19082.650819
-595.118134,1000,19091.175969
-599.976906,1000,19103.355707
-599.077485,1000,19111.23026
-600.0,1000,19123.957179
-586.61085,1000,19132.090991
-599.6487,1000,19144.303463
-599.655325,1000,19152.691224
-599.91725,1000,19164.869572
-599.994913,1000,19172.79798
-599.626223,1000,19185.044988
-599.999999,1000,19193.103718
-599.348517,1000,19205.432821
-599.999991,1000,19213.402186
-599.970997,1000,19226.175272
-599.9362,1000,19234.047071
-599.048096,1000,19246.143636
-599.673379,1000,19254.269643
-599.999948,1000,19266.703187
-600.0,1000,19274.776967
-574.157189,1000,19287.296062
-599.99973,1000,19295.592152
-599.999682,1000,19307.947456
-590.432698,1000,19315.854255
-600.0,1000,19327.925299
-595.367196,1000,19336.304066
-599.999999,1000,19348.487893
-599.64007,1000,19356.418247
-599.971587,1000,19368.697841
-600.0,1000,19376.596169
-600.0,1000,19388.966138
-599.999872,1000,19396.936574
-600.0,1000,19409.395902
-586.500546,1000,19417.380179
-599.986204,1000,19429.625751
-600.0,1000,19437.527642
-599.852532,1000,19450.247781
-599.854305,1000,19458.590402
-599.837895,1000,19470.814893
-600.0,1000,19479.266742
-599.999793,1000,19491.527767
-599.999995,1000,19499.774978
-599.999992,1000,19512.319088
-599.99973,1000,19520.363559
-599.761804,1000,19532.614374
-600.0,1000,19541.020123
-600.0,1000,19554.006193
-600.0,1000,19562.361173
-599.999989,1000,19574.468672
-599.998658,1000,19582.359878
-599.995856,1000,19594.636016
-592.904497,1000,19602.963866
-599.99972,1000,19615.879883
-587.100753,1000,19624.153903
-595.665607,1000,19636.61476
-599.994222,1000,19644.611998
-600.0,1000,19657.003289
-599.541089,1000,19665.008981
-599.624542,1000,19677.184654
-597.15205,1000,19685.067912
-600.0,1000,19697.526644
-599.823801,1000,19705.682545
-599.999984,1000,19718.066746
-583.736939,1000,19726.024368
-600.0,1000,19738.43329
-599.994519,1000,19746.306756
-591.989781,1000,19758.608403
-581.991356,1000,19766.448276
-599.698772,1000,19778.752404
-599.9999,1000,19787.451692
-599.999978,1000,19799.931274
-599.979903,1000,19807.909512
-599.824805,1000,19820.21847
-600.0,1000,19828.241643
-599.908085,1000,19840.999609
-600.0,1000,19849.049492
-600.0,1000,19861.404659
-599.999561,1000,19869.284455
-600.0,1000,19881.586306
-599.05546,1000,19889.502446
-599.99842,1000,19902.185956
-588.806886,1000,19910.004177
-599.875408,1000,19922.422359
-585.792114,1000,19930.531344
-599.99943,1000,19943.109188
-598.216203,1000,19951.137167
-600.0,1000,19964.041296
-600.0,1000,19972.436159
-554.172901,1000,19984.959797
-600.0,1000,19993.246982
-599.995337,1000,20005.677191
-576.038659,1000,20013.684707
-600.0,1000,20026.391513
-599.503905,1000,20034.928976
-599.957132,1000,20047.394273
-577.917722,1000,20055.651381
-600.0,1000,20068.12038
-599.088285,1000,20076.053987
-600.0,1000,20088.354694
-580.84087,1000,20096.240052
-600.0,1000,20109.151347
-599.999689,1000,20117.74407
-599.496631,1000,20130.804628
-600.0,1000,20139.408794
-600.0,1000,20151.91237
-599.828227,1000,20159.993883
-599.207028,1000,20172.594201
-600.0,1000,20180.757094
-599.998387,1000,20193.407956
-599.534712,1000,20201.826809
-565.74827,1000,20214.379649
-599.910351,1000,20223.002294
-599.992468,1000,20235.813478
-599.221125,1000,20243.795474
-598.150859,1000,20256.180949
-594.060085,1000,20264.896369
-599.955987,1000,20277.943322
-599.962005,1000,20286.548494
-599.999947,1000,20299.524613
-599.958633,1000,20308.179415
-564.479045,1000,20321.278235
-589.123918,1000,20329.898528
-578.683451,1000,20342.909926
-599.999881,1000,20350.927441
-600.0,1000,20363.562932
-599.98151,1000,20371.802201
-578.562328,1000,20384.227102
-599.064316,1000,20392.168288
-600.0,1000,20405.001341
-584.494947,1000,20413.034931
-584.115618,1000,20425.409815
-599.963212,1000,20433.304057
-599.999999,1000,20445.684206
-584.770134,1000,20453.705412
-599.730445,1000,20466.142581
-599.999667,1000,20474.414022
-599.999969,1000,20487.411082
-599.998665,1000,20495.696679
-599.999991,1000,20508.291581
-595.773377,1000,20516.308549
-576.499618,1000,20528.918047
-599.999999,1000,20537.23817
-599.931608,1000,20549.886527
-599.997364,1000,20558.203192
-600.0,1000,20571.209387
-600.0,1000,20579.700696
-599.605025,1000,20592.087008
-590.841548,1000,20600.135407
-600.0,1000,20612.703378
-573.449799,1000,20620.831707
-599.913915,1000,20633.221117
-588.927521,1000,20641.317756
-599.999997,1000,20654.016408
-599.999912,1000,20662.421719
-599.979082,1000,20675.142376
-600.0,1000,20683.217392
-582.053494,1000,20695.805751
-599.942875,1000,20703.965543
-599.999885,1000,20716.952479
-597.023077,1000,20725.366201
-599.979642,1000,20737.946948
-599.817109,1000,20746.055829
-600.0,1000,20759.159698
-600.0,1000,20767.389422
-599.882028,1000,20779.819763
-599.899351,1000,20788.443449
-596.537934,1000,20801.242886
-600.0,1000,20809.533803
-599.999998,1000,20821.968847
-599.999369,1000,20829.960071
-599.996071,1000,20842.355965
-599.999824,1000,20850.733287
-599.601177,1000,20863.543583
-599.994461,1000,20871.478269
-599.980174,1000,20884.137907
-599.999432,1000,20892.124948
-599.999999,1000,20904.884145
-599.80629,1000,20913.351278
-599.999721,1000,20926.436133
-599.903979,1000,20934.786608
-600.0,1000,20947.191759
-600.0,1000,20955.250293
-600.0,1000,20967.667622
-599.999924,1000,20975.706999
-577.227573,1000,20988.169006
-598.278835,1000,20996.028322
-592.824399,1000,21008.564038
-597.309157,1000,21016.706803
-600.0,1000,21029.363529
-599.99882,1000,21038.012214
-600.0,1000,21051.075076
-600.0,1000,21059.520691
-599.165708,1000,21072.268489
-599.684469,1000,21080.360253
-599.958756,1000,21093.405096
-599.999873,1000,21101.591497
-600.0,1000,21114.654788
-599.999922,1000,21123.066636
-599.133661,1000,21136.663471
-598.556568,1000,21145.129487
-600.0,1000,21157.766857
-599.4315,1000,21165.802826
-592.518143,1000,21178.472186
-600.0,1000,21186.426178
-599.999996,1000,21199.620142
-574.705113,1000,21207.689484
-599.984615,1000,21220.291101
-600.0,1000,21228.702933
-600.0,1000,21241.159722
-599.99961,1000,21249.2612
-579.42083,1000,21262.267876
-599.721891,1000,21270.253058
-594.324114,1000,21282.718967
-600.0,1000,21290.696736
-599.492393,1000,21303.357599
-596.144945,1000,21311.630368
-598.253095,1000,21324.160276
-598.223179,1000,21332.192569
-600.0,1000,21344.753457
-599.989715,1000,21352.733256
-599.999962,1000,21365.348858
-600.0,1000,21373.32679
-600.0,1000,21386.134222
-594.971331,1000,21394.440642
-600.0,1000,21407.054507
-600.0,1000,21415.125486
-599.999865,1000,21428.008264
-600.0,1000,21436.498746
-599.841097,1000,21449.069533
-599.999385,1000,21457.390538
-588.720661,1000,21470.391767
-599.992897,1000,21478.399082
-600.0,1000,21491.655129
-599.999932,1000,21500.229642
-599.999998,1000,21512.788979
-600.0,1000,21520.753443
-597.788851,1000,21533.399652
-600.0,1000,21541.828929
-600.0,1000,21554.879654
-599.898501,1000,21563.248101
-599.877435,1000,21575.827944
-599.999481,1000,21584.073802
-599.99598,1000,21597.046778
-599.438481,1000,21605.151138
-561.741439,1000,21618.410307
-599.300113,1000,21626.505672
-599.983548,1000,21639.246911
-599.965289,1000,21647.273935
-600.0,1000,21659.84052
-599.999999,1000,21667.797317
-598.047718,1000,21680.742006
-595.532898,1000,21688.677685
-599.995923,1000,21702.032586
-599.835369,1000,21710.568029
-599.99722,1000,21723.353279
-559.609943,1000,21731.273084
-599.999985,1000,21743.934392
-596.76995,1000,21751.8976
-590.072944,1000,21764.465799
-600.0,1000,21772.495498
-600.0,1000,21785.194837
-599.983255,1000,21793.591625
-599.617385,1000,21806.921911
-598.494382,1000,21815.54759
-600.0,1000,21828.834645
-599.663379,1000,21837.211727
-599.999946,1000,21849.76093
-600.0,1000,21857.630257
-599.999999,1000,21870.385467
-599.999999,1000,21878.853194
-562.447091,1000,21891.577569
-599.009651,1000,21899.468486
-599.504797,1000,21912.121884
-599.957527,1000,21920.009679
-600.0,1000,21933.052164
-591.986902,1000,21941.225129
-595.64131,1000,21954.149498
-595.964265,1000,21962.118858
-599.99703,1000,21974.823276
-599.946352,1000,21982.719009
-599.898323,1000,21995.288447
-600.0,1000,22003.319603
-599.738679,1000,22016.098993
-557.934372,1000,22024.358539
-599.991612,1000,22037.343907
-599.32777,1000,22045.631226
-599.881293,1000,22058.507798
-599.999693,1000,22067.054119
-599.990261,1000,22080.363415
-599.996236,1000,22088.694026
-599.873666,1000,22101.439454
-599.999999,1000,22109.364118
-597.68559,1000,22122.402069
-599.999415,1000,22130.349742
-599.999631,1000,22143.16916
-599.644855,1000,22151.611829
-600.0,1000,22164.959655
-599.847374,1000,22172.988362
-600.0,1000,22185.764941
-589.130165,1000,22193.739581
-599.997932,1000,22206.833944
-598.642354,1000,22214.763076
-599.999713,1000,22227.357012
-593.046865,1000,22235.300647
-599.390821,1000,22248.970853
-599.999541,1000,22257.43932
-599.722413,1000,22270.367297
-599.999955,1000,22278.449519
-599.986751,1000,22291.734923
-597.818775,1000,22299.923383
-599.335853,1000,22313.230211
-600.0,1000,22321.188434
-597.026318,1000,22333.926615
-599.999998,1000,22341.862745
-552.37727,1000,22354.723196
-598.399942,1000,22362.715192
-596.404286,1000,22375.633756
-592.347856,1000,22383.577084
-599.908274,1000,22396.712685
-600.0,1000,22404.769953
-599.994207,1000,22417.564897
-600.0,1000,22425.452021
-600.0,1000,22438.35006
-600.0,1000,22446.367357
-600.0,1000,22459.402458
-529.475506,1000,22468.486835
-599.990801,1000,22481.78894
-599.828583,1000,22490.00142
-599.661071,1000,22503.516421
-581.808912,1000,22512.105557
-565.503739,1000,22525.633273
-600.0,1000,22533.735567
-598.50279,1000,22546.799837
-598.622839,1000,22554.770491
-600.0,1000,22567.536857
-600.0,1000,22575.386637
-593.984255,1000,22588.52149
-599.999419,1000,22597.069477
-599.97194,1000,22610.426918
-574.809871,1000,22619.019751
-600.0,1000,22631.966791
-599.999996,1000,22639.960793
-599.658068,1000,22652.733946
-595.89759,1000,22660.707323
-599.318536,1000,22673.661664
-595.343721,1000,22681.608771
-599.595218,1000,22694.631634
-599.914278,1000,22702.98127
-599.999996,1000,22715.767423
-600.0,1000,22724.022997
-586.770677,1000,22737.4471
-599.969954,1000,22746.008158
-599.999998,1000,22759.346997
-587.833867,1000,22767.707996
-586.192405,1000,22780.802055
-593.886096,1000,22788.757066
-599.99989,1000,22801.655582
-598.908723,1000,22809.743733
-599.987138,1000,22822.60801
-599.861005,1000,22830.606513
-581.281134,1000,22843.67669
-600.0,1000,22852.289344
-599.999257,1000,22865.804753
-600.0,1000,22874.435213
-600.0,1000,22887.389347
-599.709967,1000,22895.397341
-599.937314,1000,22908.365787
-600.0,1000,22917.014476
-600.0,1000,22930.229884
-600.0,1000,22938.581149
-599.970255,1000,22951.532546
-590.626255,1000,22959.728706
-597.113935,1000,22973.013166
-599.997713,1000,22981.440745
-599.998776,1000,22994.20138
-600.0,1000,23002.131296
-599.909507,1000,23015.109095
-584.685067,1000,23023.07439
-599.999998,1000,23035.872142
-600.0,1000,23043.795208
-599.968755,1000,23056.699275
-599.200444,1000,23064.851695
-598.883091,1000,23078.145784
-599.753416,1000,23086.420261
-600.0,1000,23099.506036
-600.0,1000,23107.58579
-580.930276,1000,23120.494125
-599.998616,1000,23128.584491
-600.0,1000,23142.21785
-599.920347,1000,23150.757357
-600.0,1000,23163.579144
-600.0,1000,23171.495595
-599.999997,1000,23184.868393
-600.0,1000,23192.849306
-600.0,1000,23206.255283
-599.715359,1000,23214.685893
-599.904682,1000,23227.789428
-599.999913,1000,23235.754848
-595.750216,1000,23248.714414
-599.844386,1000,23256.633033
-599.98183,1000,23269.609397
-600.0,1000,23277.56196
-599.840143,1000,23290.370282
-600.0,1000,23298.36904
-599.999961,1000,23311.708144
-598.284469,1000,23320.264564
-600.0,1000,23333.285138
-599.928267,1000,23341.259807
-599.904043,1000,23354.870163
-599.999963,1000,23363.022038
-600.0,1000,23375.839648
-599.999949,1000,23383.909264
-590.937874,1000,23396.903927
-599.399628,1000,23405.11743
-587.631749,1000,23417.94302
-600.0,1000,23425.881973
-592.321642,1000,23438.870384
-599.990108,1000,23446.839723
-599.608851,1000,23459.829927
-599.899722,1000,23467.896779
-599.997616,1000,23480.914749
-598.633847,1000,23488.784728
-600.0,1000,23501.718145
-599.658817,1000,23509.709649
-599.877168,1000,23522.685003
-599.999992,1000,23530.780183
-599.995303,1000,23543.916077
-599.999998,1000,23552.056161
-600.0,1000,23565.239629
-600.0,1000,23573.706528
-599.999999,1000,23586.901068
-599.996463,1000,23594.823942
-582.299679,1000,23607.872958
-599.8938,1000,23615.862709
-590.335526,1000,23628.892523
-599.448334,1000,23637.174456
-599.787216,1000,23650.754078
-599.703063,1000,23658.803668
-599.690659,1000,23672.010651
-599.999995,1000,23680.443822
-592.804139,1000,23693.452134
-590.09588,1000,23701.422795
-574.3563,1000,23714.44326
-599.955214,1000,23722.806912
-599.930238,1000,23735.886649
-600.0,1000,23743.85918
-599.999999,1000,23756.710132
-599.999999,1000,23764.751127
-597.486366,1000,23778.263749
-600.0,1000,23786.243205
-599.553872,1000,23799.18946
-599.852659,1000,23807.466353
-599.924508,1000,23820.450007
-600.0,1000,23828.424938
-599.993628,1000,23841.399027
-600.0,1000,23849.382859
-573.073751,1000,23862.564158
-589.426102,1000,23870.511957
-600.0,1000,23883.655844
-599.548886,1000,23891.622731
-591.982329,1000,23904.698724
-599.999708,1000,23912.882271
-599.999999,1000,23926.636842
-600.0,1000,23934.858462
-600.0,1000,23947.984859
-600.0,1000,23956.153651
-599.995964,1000,23969.150627
-579.5358,1000,23977.07858
-582.857254,1000,23990.253105
-599.960286,1000,23998.479353
-599.97586,1000,24011.782486
-596.764815,1000,24020.042429
-600.0,1000,24033.381804
-599.887353,1000,24041.810947
-600.0,1000,24054.941862
-600.0,1000,24062.979329
-599.920642,1000,24076.055705
-598.975951,1000,24083.985763
-599.986576,1000,24096.94989
-599.979365,1000,24104.84364
-600.0,1000,24117.928743
-599.970264,1000,24125.942551
-600.0,1000,24139.059291
-599.957726,1000,24147.151832
-584.757087,1000,24160.775441
-599.999946,1000,24169.381589
-599.677111,1000,24182.815854
-600.0,1000,24190.907909
-600.0,1000,24204.108533
-572.526607,1000,24212.002606
-585.399366,1000,24225.10901
-599.964395,1000,24233.698783
-599.251711,1000,24247.116407
-596.245145,1000,24255.275917
-600.0,1000,24268.652948
-599.113978,1000,24277.285663
-599.934318,1000,24290.76699
-599.99848,1000,24298.98193
-599.999951,1000,24312.008051
-599.873432,1000,24320.001006
-599.943757,1000,24333.144988
-599.999963,1000,24341.327962
-600.0,1000,24354.684523
-599.903271,1000,24362.97561
-599.999996,1000,24375.957462
-580.694468,1000,24384.069814
-599.756348,1000,24397.246233
-600.0,1000,24405.58336
-600.0,1000,24418.739912
-599.999999,1000,24426.869675
-599.945541,1000,24440.058899
-599.999997,1000,24448.161174
-599.896306,1000,24461.531226
-598.154301,1000,24469.697944
-599.985144,1000,24483.008134
-600.0,1000,24491.516559
-599.996927,1000,24505.306118
-599.980503,1000,24513.51078
-599.996709,1000,24526.670766
-598.759658,1000,24534.678865
-600.0,1000,24547.956409
-600.0,1000,24555.993832
-575.592442,1000,24569.413237
-600.0,1000,24577.653019
-599.999997,1000,24590.85301
-599.3233,1000,24598.933939
-600.0,1000,24612.639614
-589.307223,1000,24620.972459
-599.997278,1000,24634.072864
-570.28317,1000,24642.144833
-598.663355,1000,24655.250692
-598.058783,1000,24663.742491
-599.316265,1000,24677.639592
-591.109704,1000,24686.707301
-584.780524,1000,24700.209657
-589.5946,1000,24708.504206
-599.124152,1000,24721.885331
-589.637259,1000,24730.231471
-599.99787,1000,24743.346162
-599.742834,1000,24751.241858
-599.99977,1000,24764.466382
-599.999999,1000,24772.378548
-600.0,1000,24785.607941
-599.493836,1000,24793.612782
-600.0,1000,24806.708472
-600.0,1000,24814.662783
-599.646847,1000,24828.277844
-599.995827,1000,24836.868024
-599.98434,1000,24850.146542
-600.0,1000,24858.157314
-599.602244,1000,24871.543043
-600.0,1000,24879.885129
-599.999996,1000,24893.131576
-599.703384,1000,24901.199889
-597.890892,1000,24914.253841
-599.359798,1000,24922.197849
-599.786006,1000,24935.744356
-600.0,1000,24944.108512
-599.804327,1000,24957.182355
-599.987466,1000,24965.435197
-599.999473,1000,24978.767493
-571.838861,1000,24986.812069
-599.966798,1000,25000.167903
-585.759941,1000,25008.305104
-600.0,1000,25022.304324
-599.824913,1000,25030.565547
-600.0,1000,25043.749827
-595.152689,1000,25051.715755
-600.0,1000,25065.375119
-599.998873,1000,25073.842339
-594.297036,1000,25087.006184
-600.0,1000,25094.953277
-599.95023,1000,25108.170516
-599.997655,1000,25116.294084
-581.595517,1000,25129.833812
-599.997591,1000,25138.025223
-599.889697,1000,25151.356879
-600.0,1000,25159.61097
-599.994181,1000,25172.959037
-598.694249,1000,25181.440712
-599.99997,1000,25194.943461
-593.373104,1000,25202.850381
-599.999992,1000,25216.062679
-599.999999,1000,25223.974747
-568.492055,1000,25237.346603
-599.828185,1000,25245.334745
-600.0,1000,25258.769501
-599.97844,1000,25266.881864
-589.623881,1000,25280.356306
-599.999946,1000,25288.40752
-599.972208,1000,25301.68817
-599.911504,1000,25309.896717
-599.943133,1000,25323.341547
-599.999995,1000,25331.53355
-600.0,1000,25344.821367
-599.857827,1000,25352.78285
-599.999986,1000,25366.326079
-599.999814,1000,25374.481536
-599.953124,1000,25387.743639
-597.861359,1000,25395.724622
-599.999999,1000,25409.095768
-596.704952,1000,25417.127715
-599.815395,1000,25430.600515
-600.0,1000,25439.12344
-564.594141,1000,25453.019513
-599.994575,1000,25461.084195
-599.935474,1000,25474.697195
-599.976271,1000,25482.94491
-600.0,1000,25496.629368
-600.0,1000,25504.556361
-599.858481,1000,25517.804662
-590.911355,1000,25525.796597
-600.0,1000,25539.055368
-600.0,1000,25547.230201
-599.874648,1000,25561.129935
-598.821295,1000,25569.438808
-599.999996,1000,25583.378733
-590.028644,1000,25591.465991
-595.741185,1000,25605.01985
-599.975661,1000,25612.982659
-590.202864,1000,25626.223638
-600.0,1000,25634.230375
-599.999997,1000,25647.648912
-599.875175,1000,25655.846784
-599.733715,1000,25669.180998
-599.903346,1000,25677.089051
-600.0,1000,25690.461698
-600.0,1000,25698.70728
-584.211165,1000,25712.559681
-596.63927,1000,25720.953943
-599.577542,1000,25734.968596
-598.052756,1000,25742.919952
-599.851418,1000,25756.322532
-599.999998,1000,25764.326282
-598.155631,1000,25778.133957
-600.0,1000,25786.418745
-599.859913,1000,25799.795895
-599.924437,1000,25808.066439
-572.814466,1000,25821.86672
-593.327482,1000,25830.03071
-599.665195,1000,25843.859212
-599.99983,1000,25852.192643
-575.860499,1000,25865.833286
-599.758543,1000,25874.473691
-599.999024,1000,25888.187478
-599.991376,1000,25896.137131
-594.79687,1000,25909.592275
-600.0,1000,25917.681905
-579.129808,1000,25931.66263
-580.772869,1000,25939.560063
-600.0,1000,25953.083922
-599.713278,1000,25961.026057
-588.909639,1000,25974.611515
-598.139402,1000,25982.856414
-599.996161,1000,25996.42318
-599.906057,1000,26004.526818
-599.995068,1000,26018.420449
-599.999582,1000,26026.49444
-599.99955,1000,26040.623583
-599.953762,1000,26048.978139
-599.999997,1000,26063.881984
-595.271462,1000,26072.816048
-600.0,1000,26086.418862
-599.962228,1000,26094.950927
-599.931345,1000,26108.530231
-597.752171,1000,26116.465755
-599.999999,1000,26130.273956
-600.0,1000,26138.37072
-592.805365,1000,26152.386529
-599.838068,1000,26160.527707
-599.868388,1000,26173.96779
-599.996219,1000,26181.94609
-599.879215,1000,26195.686539
-599.998697,1000,26204.35059
-573.51455,1000,26217.628955
-599.838421,1000,26225.505106
-593.536408,1000,26239.043898
-599.691618,1000,26247.263965
-599.10187,1000,26261.025731
-580.238005,1000,26269.554868
-590.101946,1000,26283.079421
-595.837607,1000,26290.963341
-599.93012,1000,26304.471173
-597.702263,1000,26312.670203
-599.999078,1000,26326.013063
-600.0,1000,26333.886159
-599.760983,1000,26347.409658
-599.999999,1000,26355.372804
-599.682836,1000,26368.794691
-600.0,1000,26376.73626
-599.92827,1000,26390.293691
-600.0,1000,26398.316098
-598.497812,1000,26412.009162
-599.999789,1000,26420.633399
-593.583177,1000,26434.431611
-599.990282,1000,26442.445482
-592.923404,1000,26456.211862
-599.992496,1000,26464.668447
-598.244079,1000,26478.200775
-588.473706,1000,26486.183763
-591.217362,1000,26499.798431
-599.965021,1000,26508.362531
-599.999998,1000,26522.051132
-599.999994,1000,26530.32066
-599.832071,1000,26543.991139
-600.0,1000,26552.956735
-600.0,1000,26566.604992
-599.978125,1000,26574.728543
-599.706195,1000,26588.428474
-600.0,1000,26596.522734
-599.574427,1000,26609.96698
-600.0,1000,26617.941713
-599.979362,1000,26631.607944
-598.831508,1000,26639.633698
-600.0,1000,26653.748336
-551.259591,1000,26661.978935
-599.999754,1000,26675.537134
-599.774961,1000,26683.457113
-599.219861,1000,26697.02339
-599.965057,1000,26705.637786
-581.475093,1000,26719.312249
-599.882355,1000,26727.720039
-599.761496,1000,26741.354827
-599.729736,1000,26749.573685
-597.699259,1000,26763.796261
-589.655352,1000,26772.132583
-600.0,1000,26786.206333
-600.0,1000,26794.328229
-585.249564,1000,26808.436615
-600.0,1000,26816.672054
-599.998853,1000,26830.505025
-599.93785,1000,26838.467446
-599.999653,1000,26852.020282
-599.999704,1000,26860.051147
-598.412424,1000,26873.785665
-594.502043,1000,26881.886085
-600.0,1000,26895.46248
-592.129213,1000,26903.430377
-599.650389,1000,26916.977171
-599.649046,1000,26925.414244
-600.0,1000,26939.550355
-600.0,1000,26948.070794
-599.997006,1000,26962.578819
-599.737811,1000,26970.938457
-599.881467,1000,26984.663425
-600.0,1000,26992.599498
-599.608908,1000,27006.118008
-577.778713,1000,27015.141365
-599.546896,1000,27030.287841
-600.0,1000,27038.356902
-599.999198,1000,27052.361287
-599.999822,1000,27060.637749
-588.422995,1000,27074.852051
-600.0,1000,27082.898143
-600.0,1000,27096.569678
-599.148013,1000,27104.524122
-600.0,1000,27118.247523
-599.897641,1000,27126.302293
-598.876586,1000,27140.639182
-598.356729,1000,27148.955497
-600.0,1000,27162.654891
-599.203744,1000,27170.82975
-599.995076,1000,27184.52242
-599.556932,1000,27192.521489
-600.0,1000,27206.515106
-591.399876,1000,27214.50856
-599.999955,1000,27228.104831
-599.999339,1000,27236.559209
-599.997214,1000,27250.732049
-599.998451,1000,27259.36426
-599.959105,1000,27273.725191
-599.982901,1000,27282.345602
-598.270126,1000,27296.57566
-587.452174,1000,27305.177256
-563.341615,1000,27319.556004
-592.671997,1000,27328.222848
-599.877147,1000,27341.978009
-599.999457,1000,27350.372381
-599.999964,1000,27364.403949
-599.825098,1000,27372.398254
-599.97657,1000,27386.125289
-594.358617,1000,27394.688641
-600.0,1000,27408.453746
-599.996732,1000,27416.489624
-600.0,1000,27430.410046
-599.631378,1000,27438.50327
-599.999999,1000,27452.465148
-599.999968,1000,27460.416498
-600.0,1000,27474.646662
-599.99944,1000,27483.171619
-600.0,1000,27497.489952
-600.0,1000,27506.005843
-599.999598,1000,27520.264953
-599.380752,1000,27528.849149
-599.970475,1000,27542.817898
-599.776566,1000,27550.939842
-599.995348,1000,27564.608162
-599.337538,1000,27572.851949
-599.999336,1000,27587.164451
-600.0,1000,27595.776464
-586.018193,1000,27609.903318
-599.857364,1000,27618.472841
-599.889689,1000,27632.405194
-599.262619,1000,27640.4522
-599.85848,1000,27654.169366
-599.33491,1000,27662.216643
-583.292545,1000,27675.944623
-585.369517,1000,27684.014372
-600.0,1000,27697.858627
-581.660038,1000,27705.874298
-600.0,1000,27719.812231
-599.999997,1000,27727.777323
-599.999195,1000,27741.590108
-569.645746,1000,27749.622224
-592.006299,1000,27763.810554
-599.999979,1000,27772.053544
-599.999945,1000,27785.8115
-581.305714,1000,27793.737337
-599.999989,1000,27807.560171
-599.999998,1000,27815.480797
-561.887481,1000,27829.363612
-598.776451,1000,27837.343912
-600.0,1000,27851.217563
-599.650643,1000,27859.493104
-598.489447,1000,27874.17064
-599.999976,1000,27882.373273
-600.0,1000,27896.194186
-599.991013,1000,27904.750558
-600.0,1000,27919.192995
-599.995071,1000,27927.231992
-599.053246,1000,27942.135023
-597.229172,1000,27950.155172
-590.986264,1000,27963.873226
-599.931846,1000,27971.828323
-593.813006,1000,27985.61918
-599.999999,1000,27994.114293
-590.326775,1000,28008.331999
-599.021638,1000,28016.207658
-586.435169,1000,28030.007584
-599.89867,1000,28038.008991
-599.836316,1000,28051.737875
-540.3712,1000,28059.738916
-600.0,1000,28073.630999
-599.999996,1000,28081.567878
-599.960812,1000,28095.327546
-600.0,1000,28103.446484
-599.874276,1000,28117.491234
-600.0,1000,28125.803304
-600.0,1000,28140.156975
-599.999996,1000,28148.206628
-599.995667,1000,28162.532594
-600.0,1000,28170.941264
-600.0,1000,28184.732582
-599.999257,1000,28192.632415
