# {"t_start": 1598544314.4868588, "env_id": "Office-v0"} 
r,l,t
0.0,8,0.00411
0.0,34,0.017045
0.0,30,0.028295
0.0,17,0.034746
0.0,12,0.039411
0.0,51,0.058558
0.0,55,0.079358
0.0,36,0.092885
0.0,9,0.09632
0.0,14,0.101623
0.0,98,0.138293
0.0,6,0.140557
0.0,34,0.153279
0.0,41,0.168803
0.0,49,0.18716
0.0,37,0.201171
0.0,71,0.230852
0.0,52,0.25049
0.0,44,0.26687
0.0,23,0.27567
1.0,26,0.285506
0.0,46,0.302855
0.0,96,0.339447
0.0,42,0.355478
1.0,52,0.375051
0.0,15,0.38069
0.0,12,0.385167
0.0,58,0.406913
1.0,21,0.414564
0.0,32,0.426561
0.0,92,0.460903
0.0,11,0.465063
1.0,49,0.483174
0.0,23,0.491841
0.0,127,0.539389
0.0,60,0.561378
1.0,40,0.576467
1.0,161,0.636619
0.0,86,0.669073
0.0,8,0.672109
1.0,22,0.68033
0.0,7,0.682986
0.0,39,0.696637
0.0,27,0.706788
1.0,14,0.712012
0.0,43,0.728026
0.0,113,0.770409
0.0,110,0.81175
1.0,16,0.817831
0.0,113,0.859939
0.0,30,0.871006
0.0,85,0.902246
1.0,12,0.906766
1.0,322,1.027148
0.0,34,1.039937
1.0,147,1.094819
1.0,15,1.10046
0.0,164,1.162033
1.0,204,1.237635
1.0,142,1.290008
1.0,49,1.308291
0.0,143,1.361706
0.0,105,1.400902
0.0,54,1.421233
1.0,12,1.425868
0.0,6,1.428155
0.0,153,1.485291
1.0,166,1.546658
1.0,15,1.552277
1.0,88,1.585385
0.0,5,1.587301
1.0,217,1.66802
1.0,14,1.673168
0.0,29,1.684034
1.0,90,1.717661
1.0,46,1.735167
1.0,12,1.739599
1.0,139,1.792024
1.0,131,1.841223
1.0,119,1.885384
1.0,11,1.88956
0.0,71,1.916317
1.0,76,1.944906
1.0,207,2.023277
0.0,7,2.025948
1.0,86,2.057974
1.0,77,2.086669
0.0,47,2.104306
1.0,11,2.108502
1.0,133,2.158914
0.0,52,2.178719
1.0,45,2.196175
0.0,10,2.200043
1.0,73,2.230111
1.0,120,2.275739
1.0,32,2.288155
1.0,12,2.292756
1.0,126,2.340096
0.0,117,2.38405
1.0,54,2.404471
1.0,13,2.409348
0.0,20,2.416892
1.0,65,2.441138
1.0,169,2.503974
1.0,17,2.510314
0.0,25,2.519728
1.0,85,2.551066
1.0,27,2.561243
1.0,11,2.565368
1.0,122,2.611392
0.0,46,2.628736
0.0,35,2.641647
1.0,11,2.645767
1.0,72,2.672888
1.0,76,2.701346
0.0,6,2.70364
1.0,11,2.707747
0.0,98,2.74429
1.0,70,2.770315
1.0,66,2.79491
1.0,11,2.799027
0.0,49,2.817441
1.0,247,2.909559
1.0,27,2.919783
1.0,11,2.923908
1.0,106,2.963652
0.0,35,2.976715
0.0,23,2.985451
1.0,12,2.989948
1.0,68,3.015448
1.0,73,3.0429
1.0,50,3.06159
1.0,14,3.066821
1.0,50,3.085593
1.0,43,3.101264
1.0,130,3.14952
1.0,16,3.155513
0.0,70,3.181791
0.0,2,3.182579
1.0,45,3.199431
1.0,11,3.203538
0.0,16,3.209502
0.0,14,3.214807
1.0,29,3.225837
0.0,4,3.227372
1.0,74,3.25509
1.0,48,3.272889
0.0,8,3.275951
1.0,12,3.280473
1.0,48,3.298585
0.0,50,3.317272
1.0,34,3.330097
1.0,13,3.33494
1.0,66,3.359571
1.0,50,3.378126
1.0,44,3.394704
1.0,13,3.399575
1.0,53,3.419362
1.0,73,3.446314
1.0,46,3.463493
1.0,11,3.467695
1.0,83,3.498955
1.0,49,3.517191
1.0,48,3.535123
1.0,11,3.53926
0.0,28,3.549783
0.0,4,3.551308
0.0,15,3.556953
1.0,11,3.56107
1.0,84,3.593064
0.0,38,3.607239
1.0,35,3.620579
0.0,2,3.621356
1.0,46,3.638796
1.0,64,3.662943
1.0,33,3.675394
1.0,12,3.679933
1.0,77,3.708907
1.0,53,3.728998
0.0,15,3.734748
1.0,13,3.739633
0.0,62,3.763359
1.0,53,3.783223
1.0,30,3.794598
1.0,14,3.799722
1.0,45,3.816695
0.0,7,3.819384
1.0,60,3.84187
1.0,12,3.846374
1.0,23,3.855131
0.0,9,3.858594
1.0,41,3.874084
1.0,11,3.878208
1.0,54,3.898461
1.0,42,3.914263
1.0,29,3.925183
1.0,11,3.92933
1.0,52,3.948872
1.0,44,3.965439
1.0,27,3.975638
1.0,15,3.981265
1.0,32,3.993286
1.0,37,4.007164
1.0,27,4.017289
1.0,12,4.021783
0.0,13,4.026667
1.0,60,4.048968
0.0,25,4.058438
1.0,13,4.063323
0.0,18,4.070153
1.0,58,4.09202
1.0,28,4.102646
1.0,11,4.106796
0.0,9,4.110204
0.0,21,4.117921
1.0,33,4.130292
0.0,7,4.132974
1.0,40,4.147983
1.0,59,4.170089
1.0,28,4.180683
1.0,15,4.186288
1.0,55,4.207045
1.0,36,4.220557
0.0,14,4.225879
1.0,15,4.231508
0.0,61,4.254499
0.0,2,4.255294
0.0,25,4.264574
1.0,11,4.268708
1.0,52,4.288302
1.0,37,4.301961
1.0,27,4.312207
1.0,11,4.316329
0.0,28,4.326787
1.0,40,4.342011
0.0,4,4.343581
1.0,16,4.349635
0.0,15,4.355267
0.0,6,4.357543
1.0,29,4.368535
1.0,11,4.372651
0.0,20,4.380127
1.0,37,4.393906
1.0,31,4.405651
0.0,5,4.407547
1.0,23,4.416122
0.0,9,4.419516
1.0,27,4.429764
1.0,13,4.434641
0.0,22,4.442859
1.0,38,4.457103
1.0,27,4.467395
1.0,13,4.472335
1.0,28,4.482852
1.0,46,4.500113
1.0,29,4.511126
1.0,14,4.516403
1.0,23,4.525044
1.0,32,4.537131
1.0,31,4.548906
1.0,13,4.553784
1.0,25,4.563221
1.0,45,4.580226
1.0,25,4.58983
1.0,11,4.593969
1.0,26,4.603726
1.0,44,4.620208
1.0,30,4.631676
1.0,16,4.637567
1.0,25,4.646955
0.0,22,4.65519
0.0,17,4.66168
1.0,13,4.666592
1.0,27,4.676689
1.0,29,4.687655
1.0,27,4.698039
1.0,11,4.702225
1.0,27,4.712272
1.0,42,4.727973
1.0,29,4.739043
1.0,11,4.743253
1.0,25,4.752697
0.0,93,4.787953
1.0,27,4.798228
0.0,9,4.801677
0.0,17,4.808185
1.0,40,4.823113
0.0,16,4.831436
1.0,11,4.835693
1.0,60,4.858308
1.0,35,4.871439
1.0,26,4.881339
1.0,11,4.885482
1.0,29,4.896428
1.0,31,4.908041
0.0,19,4.91528
1.0,12,4.919778
1.0,25,4.929052
1.0,34,4.941576
1.0,27,4.951797
1.0,11,4.955948
1.0,24,4.964908
1.0,40,4.979943
1.0,29,4.990927
1.0,11,4.995064
1.0,23,5.003669
0.0,9,5.007091
0.0,16,5.013119
1.0,11,5.017248
0.0,16,5.023223
0.0,10,5.027025
0.0,23,5.03574
1.0,13,5.040617
0.0,4,5.04215
0.0,25,5.051527
1.0,28,5.062257
1.0,11,5.066381
1.0,26,5.076191
1.0,65,5.100631
1.0,28,5.111159
1.0,13,5.116038
1.0,29,5.126841
1.0,34,5.139567
0.0,16,5.145651
1.0,11,5.149769
0.0,4,5.15127
0.0,27,5.161417
1.0,27,5.171581
1.0,11,5.175713
0.0,14,5.181023
1.0,33,5.193334
1.0,28,5.203853
1.0,12,5.208324
1.0,27,5.218473
1.0,34,5.23113
1.0,25,5.240543
1.0,11,5.244677
1.0,25,5.254091
1.0,40,5.26903
1.0,27,5.279196
0.0,12,5.283726
1.0,25,5.293162
1.0,45,5.310087
1.0,27,5.320307
1.0,12,5.324808
1.0,23,5.333399
1.0,31,5.345005
1.0,27,5.35516
1.0,13,5.36003
0.0,6,5.36232
1.0,33,5.374668
1.0,35,5.387731
0.0,2,5.388505
1.0,27,5.398445
1.0,38,5.412609
1.0,25,5.422091
1.0,11,5.426257
1.0,32,5.43836
1.0,35,5.451689
1.0,31,5.463315
1.0,11,5.467451
1.0,23,5.476147
1.0,25,5.485436
1.0,27,5.495667
1.0,11,5.499766
0.0,14,5.505096
0.0,27,5.515223
1.0,26,5.525002
1.0,11,5.529135
1.0,23,5.537825
1.0,36,5.551386
0.0,17,5.557732
1.0,12,5.562216
1.0,27,5.572535
1.0,31,5.584256
1.0,31,5.595791
1.0,15,5.601411
1.0,27,5.611667
1.0,37,5.625386
0.0,12,5.629909
0.0,4,5.631453
1.0,24,5.640476
0.0,27,5.650603
1.0,27,5.660862
1.0,13,5.665749
1.0,32,5.67767
1.0,53,5.697534
0.0,6,5.699809
0.0,16,5.705807
1.0,25,5.715372
0.0,6,5.717663
1.0,25,5.727085
0.0,2,5.727859
1.0,23,5.736418
1.0,43,5.752406
0.0,16,5.758489
1.0,12,5.762874
0.0,14,5.768171
1.0,34,5.780969
1.0,25,5.790376
0.0,8,5.793419
1.0,23,5.80199
1.0,32,5.81401
0.0,4,5.815545
1.0,14,5.820784
1.0,29,5.831611
1.0,67,5.856801
1.0,27,5.866963
1.0,11,5.871083
1.0,24,5.880103
1.0,34,5.892788
1.0,31,5.904312
1.0,11,5.908448
1.0,24,5.917539
0.0,4,5.919078
1.0,27,5.929312
1.0,11,5.933426
1.0,27,5.943466
1.0,45,5.960131
1.0,29,5.971113
1.0,13,5.975967
1.0,32,5.987819
1.0,38,6.002069
1.0,34,6.014878
1.0,11,6.019024
1.0,23,6.027724
1.0,28,6.038149
0.0,8,6.041198
0.0,9,6.044636
0.0,21,6.052485
1.0,32,6.0645
1.0,25,6.073903
0.0,4,6.075444
0.0,12,6.080023
1.0,31,6.091666
1.0,28,6.102247
1.0,12,6.10675
0.0,18,6.113424
1.0,37,6.127435
0.0,17,6.133804
0.0,9,6.137244
1.0,25,6.146486
0.0,31,6.15813
1.0,27,6.168289
1.0,17,6.174635
1.0,28,6.185249
1.0,32,6.197205
1.0,27,6.207392
1.0,13,6.212151
1.0,28,6.222654
0.0,17,6.229071
1.0,25,6.238478
1.0,12,6.242986
1.0,25,6.25238
1.0,33,6.264712
1.0,30,6.275964
1.0,11,6.280081
1.0,23,6.288688
1.0,32,6.300661
1.0,27,6.310834
1.0,12,6.31533
1.0,24,6.324483
0.0,27,6.334585
1.0,30,6.345836
1.0,11,6.349968
1.0,24,6.358903
1.0,32,6.37088
1.0,25,6.380243
1.0,11,6.38439
1.0,28,6.394924
1.0,33,6.407213
1.0,33,6.419559
1.0,12,6.424036
1.0,27,6.434077
1.0,32,6.446061
1.0,75,6.473985
1.0,11,6.478124
1.0,27,6.488234
1.0,39,6.50278
0.0,14,6.507988
1.0,11,6.512128
1.0,23,6.520784
1.0,32,6.53289
1.0,28,6.543454
1.0,13,6.548232
1.0,30,6.55936
1.0,30,6.570603
1.0,25,6.580081
1.0,11,6.584271
1.0,28,6.594751
1.0,30,6.606017
1.0,31,6.617845
1.0,11,6.62199
0.0,19,6.62926
1.0,34,6.641962
1.0,28,6.652481
1.0,12,6.656969
1.0,27,6.667083
1.0,32,6.679065
0.0,16,6.685045
1.0,11,6.689181
0.0,14,6.694363
1.0,32,6.70637
1.0,26,6.716117
1.0,13,6.720885
1.0,27,6.731091
1.0,32,6.743081
0.0,4,6.744605
1.0,11,6.748733
1.0,25,6.757972
0.0,19,6.765168
0.0,12,6.769721
1.0,11,6.773851
0.0,14,6.77909
1.0,33,6.791351
1.0,35,6.804445
1.0,11,6.808553
0.0,21,6.816443
0.0,16,6.822476
0.0,16,6.828372
1.0,11,6.83251
1.0,23,6.841102
0.0,14,6.846372
1.0,25,6.855773
1.0,12,6.860248
1.0,25,6.869626
0.0,25,6.879029
0.0,8,6.882068
1.0,11,6.88619
0.0,4,6.887722
1.0,37,6.901437
1.0,28,6.911941
1.0,11,6.91608
1.0,26,6.925821
1.0,35,6.939011
1.0,25,6.948391
0.0,9,6.951821
1.0,27,6.961966
0.0,16,6.968031
1.0,30,6.979271
0.0,2,6.980045
0.0,47,6.997652
1.0,39,7.012136
0.0,25,7.021487
1.0,11,7.02562
1.0,23,7.034263
1.0,43,7.0504
0.0,10,7.054188
1.0,14,7.059428
0.0,17,7.065732
0.0,12,7.070295
1.0,25,7.079705
0.0,2,7.08048
0.0,4,7.081986
1.0,34,7.094693
0.0,23,7.103323
1.0,11,7.107454
1.0,23,7.116114
0.0,12,7.12069
0.0,15,7.126263
1.0,11,7.130429
1.0,25,7.140123
1.0,44,7.156608
1.0,27,7.166782
1.0,11,7.170978
0.0,22,7.179079
0.0,14,7.184391
1.0,25,7.193842
1.0,11,7.197968
1.0,23,7.20674
1.0,35,7.219836
0.0,8,7.222877
1.0,15,7.228483
1.0,25,7.237896
1.0,30,7.249122
0.0,14,7.254386
1.0,16,7.260277
1.0,29,7.271069
1.0,31,7.282647
1.0,25,7.292034
1.0,11,7.29616
1.0,23,7.304747
1.0,33,7.317105
1.0,25,7.326522
1.0,12,7.331024
1.0,27,7.341264
1.0,25,7.35055
1.0,33,7.362895
1.0,14,7.368025
1.0,39,7.38256
0.0,6,7.384855
1.0,28,7.395474
1.0,11,7.399601
1.0,23,7.40825
1.0,46,7.425549
1.0,61,7.448516
0.0,7,7.451206
1.0,27,7.461343
1.0,34,7.47412
1.0,28,7.484785
1.0,13,7.489715
1.0,23,7.498306
1.0,30,7.509591
1.0,27,7.519954
1.0,11,7.524089
1.0,25,7.533541
0.0,4,7.535086
1.0,25,7.54467
1.0,11,7.548821
1.0,27,7.558915
1.0,32,7.570861
1.0,26,7.580758
0.0,4,7.582289
0.0,6,7.584647
1.0,37,7.598588
0.0,4,7.600113
0.0,10,7.603926
0.0,19,7.610977
0.0,29,7.621901
1.0,25,7.631373
1.0,11,7.635573
1.0,25,7.644977
1.0,23,7.653569
0.0,12,7.658185
1.0,13,7.663082
0.0,12,7.667696
1.0,34,7.680464
0.0,4,7.681987
1.0,11,7.686108
1.0,26,7.695946
1.0,32,7.70802
1.0,25,7.71751
1.0,13,7.722389
1.0,27,7.732596
1.0,34,7.745341
1.0,25,7.754853
1.0,11,7.758981
1.0,27,7.768992
1.0,30,7.780141
0.0,16,7.786106
1.0,12,7.790595
1.0,26,7.800385
1.0,33,7.812691
1.0,32,7.824658
1.0,15,7.83024
1.0,27,7.840402
1.0,34,7.853081
1.0,30,7.864301
1.0,11,7.868424
1.0,25,7.877711
0.0,6,7.879965
1.0,47,7.897592
1.0,11,7.901728
1.0,26,7.91141
1.0,30,7.92265
0.0,20,7.930192
1.0,13,7.935067
1.0,25,7.944415
1.0,34,7.95729
0.0,21,7.965137
1.0,13,7.96999
0.0,4,7.971505
1.0,39,7.986122
1.0,27,7.996352
1.0,11,8.000467
1.0,27,8.01058
1.0,42,8.026283
0.0,16,8.032256
1.0,13,8.037104
0.0,17,8.043584
1.0,39,8.058131
1.0,29,8.069003
1.0,11,8.073125
0.0,19,8.080235
0.0,39,8.094738
0.0,16,8.100801
1.0,13,8.105675
1.0,31,8.117224
1.0,34,8.129907
1.0,25,8.139597
1.0,17,8.145898
1.0,23,8.1545
1.0,38,8.168867
1.0,33,8.181207
1.0,12,8.185706
1.0,25,8.195123
1.0,34,8.20785
0.0,18,8.214542
1.0,18,8.223475
1.0,24,8.232538
1.0,32,8.244566
1.0,29,8.255483
0.0,9,8.258915
1.0,25,8.268282
1.0,31,8.279909
0.0,12,8.284468
1.0,11,8.288589
0.0,12,8.293128
1.0,37,8.306811
1.0,25,8.316161
1.0,12,8.320561
1.0,28,8.330832
0.0,7,8.333489
0.0,15,8.339152
1.0,12,8.343536
1.0,34,8.356057
1.0,36,8.369603
1.0,27,8.379699
1.0,13,8.384573
1.0,28,8.394947
0.0,17,8.401305
1.0,26,8.410961
1.0,14,8.416157
1.0,25,8.425433
1.0,30,8.436542
1.0,27,8.446776
0.0,11,8.450937
1.0,24,8.459922
1.0,29,8.47077
1.0,29,8.481662
1.0,12,8.486161
0.0,8,8.489172
0.0,6,8.491462
1.0,27,8.501678
1.0,11,8.50579
1.0,25,8.515168
1.0,31,8.526839
1.0,27,8.537064
1.0,15,8.542675
1.0,23,8.551202
1.0,29,8.562018
1.0,25,8.571709
1.0,11,8.57586
0.0,8,8.5789
0.0,11,8.583041
0.0,6,8.585361
1.0,11,8.589488
1.0,23,8.598233
1.0,33,8.610579
0.0,25,8.620023
1.0,11,8.62416
1.0,23,8.632717
0.0,9,8.63614
0.0,23,8.644792
1.0,11,8.648918
1.0,23,8.657482
1.0,31,8.66906
1.0,27,8.679281
1.0,11,8.683417
1.0,28,8.693815
1.0,36,8.707197
1.0,27,8.71743
1.0,11,8.721548
1.0,28,8.731987
1.0,32,8.74383
1.0,29,8.754697
0.0,2,8.755474
1.0,29,8.766174
1.0,31,8.777912
1.0,34,8.790806
1.0,11,8.794992
1.0,26,8.804814
1.0,33,8.817304
1.0,25,8.826809
1.0,13,8.831769
1.0,25,8.841299
1.0,38,8.8556
1.0,27,8.865838
1.0,14,8.870999
0.0,6,8.873259
1.0,36,8.886723
1.0,29,8.897594
1.0,15,8.903275
1.0,23,8.912011
1.0,30,8.923505
1.0,25,8.933188
1.0,13,8.938123
1.0,24,8.947227
1.0,31,8.959037
1.0,26,8.969089
0.0,11,8.973449
1.0,25,8.982804
0.0,24,8.991795
1.0,25,9.001396
0.0,7,9.004126
0.0,18,9.01097
0.0,9,9.014417
1.0,29,9.025424
1.0,11,9.029562
1.0,27,9.039795
1.0,32,9.051844
1.0,27,9.062145
1.0,11,9.066333
1.0,28,9.076773
1.0,35,9.089788
1.0,25,9.099252
1.0,11,9.103379
1.0,23,9.112035
1.0,32,9.123753
1.0,25,9.133262
1.0,13,9.138138
0.0,15,9.143828
1.0,33,9.156248
1.0,25,9.165742
1.0,11,9.169876
0.0,2,9.170627
1.0,29,9.181567
1.0,33,9.193972
1.0,11,9.198093
1.0,24,9.207057
0.0,18,9.213796
1.0,30,9.225016
1.0,11,9.229205
1.0,29,9.240157
0.0,29,9.251025
1.0,27,9.26118
1.0,11,9.265312
0.0,18,9.272136
1.0,32,9.284148
1.0,30,9.295415
1.0,11,9.299538
1.0,25,9.308881
0.0,4,9.310384
1.0,27,9.320518
1.0,13,9.32539
1.0,29,9.336184
1.0,32,9.348203
1.0,26,9.35798
1.0,14,9.363218
1.0,28,9.373707
1.0,32,9.385794
1.0,37,9.399642
1.0,15,9.405254
1.0,27,9.415292
1.0,37,9.428966
0.0,22,9.437094
1.0,12,9.441573
1.0,30,9.452776
1.0,30,9.463969
1.0,25,9.473465
1.0,11,9.477589
1.0,32,9.489568
1.0,24,9.498497
0.0,26,9.508308
1.0,11,9.512446
1.0,24,9.521354
1.0,30,9.532585
1.0,29,9.543551
1.0,13,9.54854
1.0,32,9.560679
1.0,32,9.572871
1.0,27,9.583187
1.0,11,9.587511
0.0,19,9.594695
1.0,39,9.609462
1.0,25,9.61905
1.0,11,9.623213
1.0,27,9.633407
0.0,23,9.642154
1.0,31,9.653816
1.0,11,9.657966
0.0,9,9.661407
1.0,32,9.673456
1.0,27,9.683862
0.0,11,9.688123
0.0,21,9.69605
1.0,30,9.70746
0.0,6,9.70977
1.0,12,9.714186
1.0,28,9.724667
1.0,34,9.73757
1.0,27,9.747903
1.0,13,9.752824
1.0,27,9.762963
0.0,14,9.768353
1.0,25,9.777855
1.0,11,9.782009
1.0,25,9.79159
1.0,34,9.804563
1.0,25,9.81425
1.0,12,9.818815
1.0,27,9.829205
1.0,32,9.841399
1.0,27,9.851763
1.0,11,9.855945
1.0,24,9.864943
1.0,23,9.873555
1.0,29,9.884491
1.0,11,9.888671
1.0,23,9.897289
0.0,7,9.899939
0.0,21,9.907971
1.0,11,9.912131
1.0,26,9.921913
0.0,26,9.931685
1.0,28,9.942327
1.0,11,9.94647
1.0,24,9.955548
1.0,31,9.967259
1.0,29,9.97818
1.0,11,9.982378
1.0,25,9.991861
1.0,29,10.002912
1.0,25,10.012577
0.0,4,10.014115
1.0,24,10.023199
1.0,38,10.037593
1.0,28,10.048261
1.0,11,10.052401
1.0,25,10.061742
1.0,33,10.07427
1.0,27,10.084633
1.0,13,10.089562
1.0,25,10.098904
1.0,32,10.110983
0.0,23,10.119657
1.0,11,10.123815
1.0,28,10.134459
0.0,11,10.138673
1.0,28,10.149443
0.0,4,10.150981
0.0,18,10.157832
1.0,48,10.17601
1.0,25,10.185621
1.0,11,10.189833
0.0,6,10.192112
1.0,36,10.205837
0.0,22,10.214343
1.0,11,10.21855
1.0,23,10.227216
1.0,32,10.239308
0.0,8,10.242338
1.0,13,10.247212
1.0,25,10.256447
0.0,19,10.263621
0.0,23,10.272268
1.0,17,10.278625
1.0,23,10.287297
1.0,31,10.298945
1.0,31,10.310737
0.0,2,10.311517
1.0,25,10.320818
1.0,34,10.333602
1.0,33,10.346358
1.0,11,10.350554
1.0,29,10.361411
1.0,33,10.373793
1.0,27,10.384191
1.0,11,10.388323
1.0,33,10.400794
0.0,9,10.404301
1.0,31,10.415975
1.0,16,10.421864
1.0,25,10.431146
1.0,32,10.44303
1.0,26,10.452901
1.0,11,10.457098
1.0,27,10.467116
1.0,32,10.479249
1.0,29,10.490315
1.0,15,10.496032
0.0,19,10.503297
1.0,32,10.515487
1.0,31,10.527468
1.0,13,10.532426
1.0,25,10.541954
1.0,31,10.553803
0.0,10,10.55759
1.0,11,10.561748
1.0,26,10.571603
0.0,6,10.57391
1.0,27,10.584395
1.0,12,10.589038
1.0,23,10.597789
1.0,30,10.609343
1.0,28,10.620135
1.0,12,10.624645
1.0,29,10.635549
1.0,37,10.649617
1.0,31,10.661447
1.0,11,10.665656
1.0,24,10.674746
1.0,36,10.688342
1.0,32,10.700519
1.0,11,10.704667
1.0,28,10.715109
1.0,34,10.727884
1.0,27,10.738222
1.0,11,10.742426
1.0,27,10.752523
1.0,32,10.764632
0.0,11,10.768777
1.0,11,10.772969
1.0,25,10.782414
1.0,33,10.794798
1.0,27,10.805211
1.0,11,10.809536
0.0,6,10.811876
1.0,37,10.825911
1.0,39,10.840757
1.0,13,10.84578
1.0,27,10.856136
1.0,33,10.868658
1.0,26,10.878653
1.0,11,10.882852
1.0,24,10.891981
1.0,32,10.904289
1.0,26,10.914242
1.0,12,10.918748
1.0,23,10.927454
1.0,39,10.941831
1.0,25,10.951356
1.0,11,10.95549
1.0,23,10.964135
1.0,34,10.977072
1.0,31,10.988966
0.0,9,10.99246
0.0,18,10.999208
0.0,19,11.006472
0.0,4,11.007991
1.0,14,11.013366
1.0,28,11.023739
1.0,38,11.038208
1.0,26,11.048182
1.0,13,11.053198
1.0,29,11.064272
1.0,35,11.077685
1.0,28,11.088283
1.0,11,11.092421
1.0,29,11.103171
1.0,29,11.11401
1.0,25,11.123406
1.0,11,11.127543
0.0,6,11.129811
1.0,30,11.141091
0.0,6,11.143388
1.0,11,11.147521
0.0,6,11.149772
1.0,33,11.162152
0.0,17,11.16856
1.0,12,11.173153
1.0,23,11.182123
1.0,38,11.196731
0.0,23,11.205576
1.0,11,11.209799
0.0,19,11.217233
0.0,13,11.222153
1.0,26,11.232097
1.0,13,11.237052
1.0,28,11.247896
0.0,6,11.250247
1.0,29,11.261573
1.0,13,11.266583
1.0,27,11.276896
1.0,34,11.289832
1.0,28,11.30058
1.0,11,11.304736
1.0,29,11.315666
0.0,4,11.317225
1.0,29,11.328321
1.0,11,11.332464
0.0,9,11.335849
1.0,34,11.348573
1.0,27,11.358792
1.0,12,11.363287
1.0,23,11.371929
1.0,29,11.382858
1.0,25,11.392447
0.0,8,11.395518
1.0,24,11.404632
0.0,15,11.410259
1.0,26,11.420326
1.0,11,11.424471
1.0,25,11.433956
1.0,29,11.444926
1.0,31,11.456642
0.0,6,11.458903
1.0,25,11.468338
1.0,32,11.480249
1.0,25,11.489647
1.0,11,11.493782
1.0,27,11.50396
1.0,34,11.516707
1.0,27,11.526874
0.0,8,11.529907
0.0,14,11.535198
1.0,34,11.547969
1.0,27,11.558265
1.0,12,11.562769
1.0,23,11.571488
1.0,34,11.584337
1.0,31,11.596036
1.0,11,11.600205
1.0,23,11.608819
1.0,31,11.620647
1.0,29,11.631915
1.0,11,11.636072
1.0,37,11.649952
1.0,34,11.662788
1.0,29,11.673785
0.0,4,11.675331
1.0,25,11.684819
1.0,31,11.696496
1.0,29,11.70761
1.0,14,11.712848
0.0,12,11.717449
1.0,32,11.729509
1.0,29,11.740576
1.0,14,11.745813
1.0,23,11.754488
0.0,11,11.758664
1.0,25,11.768127
1.0,13,11.773106
1.0,23,11.781703
1.0,34,11.794476
1.0,25,11.804036
1.0,13,11.808908
1.0,25,11.81823
1.0,32,11.830401
1.0,25,11.840007
1.0,11,11.844165
1.0,29,11.855011
1.0,32,11.866986
1.0,28,11.877606
1.0,11,11.881789
1.0,28,11.892357
1.0,37,11.906245
1.0,27,11.916535
0.0,9,11.920002
1.0,24,11.929113
1.0,29,11.940058
0.0,21,11.947931
1.0,12,11.952408
0.0,19,11.959569
0.0,17,11.965966
1.0,28,11.976485
1.0,12,11.98098
1.0,23,11.989619
0.0,4,11.991156
1.0,27,12.001432
1.0,12,12.005917
1.0,26,12.015486
1.0,29,12.0264
1.0,25,12.035943
0.0,2,12.03672
1.0,24,12.045775
1.0,34,12.058544
1.0,25,12.067984
1.0,11,12.072119
1.0,23,12.080673
1.0,31,12.092219
1.0,27,12.102374
1.0,14,12.107622
1.0,30,12.118762
0.0,23,12.12742
1.0,30,12.138731
0.0,6,12.141041
1.0,27,12.151321
0.0,4,12.152886
1.0,25,12.162492
1.0,12,12.166999
0.0,4,12.168523
0.0,19,12.175753
1.0,27,12.186165
1.0,11,12.190343
1.0,26,12.200001
1.0,31,12.211614
1.0,31,12.223594
1.0,11,12.227834
1.0,26,12.237832
1.0,31,12.249579
0.0,6,12.251904
1.0,12,12.256318
1.0,26,12.266081
1.0,39,12.280701
1.0,27,12.291014
1.0,15,12.296732
1.0,30,12.308089
1.0,31,12.319839
1.0,27,12.330214
1.0,13,12.335178
1.0,25,12.3448
0.0,17,12.35132
0.0,17,12.357779
1.0,11,12.361945
1.0,23,12.370812
1.0,29,12.381773
1.0,35,12.394865
1.0,13,12.399788
1.0,25,12.409347
1.0,33,12.421866
1.0,28,12.432641
1.0,18,12.439465
1.0,29,12.450526
1.0,34,12.463372
1.0,30,12.474727
1.0,12,12.47926
1.0,23,12.487816
0.0,2,12.488591
1.0,25,12.498076
1.0,13,12.502943
1.0,23,12.51163
1.0,33,12.523978
1.0,31,12.535744
1.0,13,12.540678
0.0,12,12.545258
1.0,29,12.556294
1.0,27,12.566571
1.0,11,12.570671
1.0,25,12.580214
1.0,30,12.591356
1.0,25,12.600838
1.0,11,12.604997
1.0,29,12.61583
0.0,4,12.617358
1.0,27,12.629852
1.0,12,12.634359
1.0,25,12.64383
1.0,33,12.656237
1.0,25,12.665722
1.0,11,12.66996
1.0,25,12.679497
1.0,33,12.692037
1.0,29,12.703089
0.0,4,12.704664
0.0,16,12.710785
1.0,35,12.724062
1.0,29,12.735188
1.0,11,12.739359
1.0,23,12.748175
1.0,33,12.760761
1.0,28,12.771624
1.0,11,12.775872
1.0,28,12.786654
1.0,31,12.798443
1.0,29,12.809576
1.0,11,12.813776
1.0,23,12.82248
0.0,7,12.825186
1.0,27,12.835485
1.0,11,12.839714
1.0,31,12.851298
0.0,11,12.855484
1.0,29,12.866572
1.0,11,12.870784
0.0,4,12.872318
1.0,31,12.884092
0.0,4,12.885631
1.0,11,12.88982
1.0,25,12.899357
0.0,2,12.900145
1.0,27,12.910405
1.0,11,12.914548
1.0,23,12.923114
1.0,33,12.935496
1.0,26,12.945286
0.0,2,12.946038
0.0,12,12.950633
1.0,36,12.964235
1.0,29,12.975315
1.0,11,12.979465
1.0,29,12.990266
1.0,30,13.001618
0.0,4,13.003149
1.0,12,13.007629
1.0,27,13.017672
1.0,29,13.02855
1.0,29,13.039405
1.0,11,13.043542
0.0,16,13.049571
1.0,29,13.060625
1.0,32,13.072561
1.0,14,13.077791
0.0,14,13.08305
1.0,39,13.09744
1.0,25,13.106834
1.0,11,13.110957
1.0,25,13.120307
1.0,29,13.131206
1.0,30,13.142447
1.0,11,13.146572
0.0,8,13.149598
1.0,29,13.160409
1.0,27,13.17057
0.0,6,13.172834
1.0,23,13.18136
0.0,9,13.184736
0.0,8,13.18778
1.0,13,13.192641
1.0,25,13.202108
1.0,33,13.214459
1.0,25,13.223907
1.0,14,13.229164
0.0,17,13.235521
1.0,32,13.247455
1.0,32,13.259574
1.0,11,13.263707
1.0,24,13.272613
0.0,8,13.275635
1.0,25,13.285039
1.0,12,13.289438
1.0,25,13.298738
1.0,29,13.309572
1.0,26,13.319412
1.0,13,13.324265
1.0,31,13.33585
1.0,33,13.348156
0.0,14,13.353454
1.0,11,13.357573
1.0,29,13.368527
0.0,10,13.37232
1.0,25,13.381803
1.0,12,13.38628
0.0,6,13.38855
1.0,32,13.400485
1.0,29,13.411445
1.0,11,13.415559
1.0,27,13.425654
1.0,33,13.437985
0.0,12,13.442595
1.0,13,13.447475
1.0,29,13.458375
0.0,23,13.467107
1.0,29,13.47803
1.0,12,13.482413
1.0,28,13.492869
0.0,9,13.496282
1.0,25,13.505768
1.0,13,13.510613
1.0,31,13.522128
0.0,10,13.525916
1.0,29,13.536749
1.0,11,13.540866
1.0,27,13.551025
0.0,13,13.555873
1.0,31,13.567472
1.0,13,13.572385
0.0,8,13.575457
0.0,30,13.586662
1.0,25,13.596174
1.0,11,13.600347
1.0,30,13.611565
1.0,30,13.622761
0.0,18,13.629616
1.0,11,13.633753
1.0,23,13.642341
0.0,7,13.64502
1.0,25,13.654423
1.0,11,13.658547
0.0,19,13.665827
1.0,30,13.677086
1.0,27,13.687279
1.0,11,13.691404
1.0,27,13.701501
1.0,30,13.712677
1.0,29,13.723648
1.0,11,13.727778
1.0,25,13.737085
0.0,28,13.74763
0.0,6,13.749911
1.0,13,13.754678
0.0,15,13.760429
0.0,20,13.768114
0.0,18,13.774944
1.0,11,13.779077
1.0,26,13.788846
0.0,21,13.796836
1.0,25,13.806407
1.0,11,13.81058
1.0,27,13.820625
1.0,35,13.833664
1.0,28,13.844329
1.0,13,13.849242
1.0,29,13.860127
0.0,19,13.867311
1.0,26,13.877219
1.0,13,13.882082
0.0,18,13.888786
0.0,8,13.891795
1.0,27,13.901918
1.0,13,13.906786
1.0,23,13.915367
0.0,9,13.918791
1.0,27,13.92893
1.0,11,13.93305
1.0,23,13.941693
0.0,14,13.946944
0.0,16,13.95292
1.0,12,13.957394
1.0,25,13.966714
1.0,31,13.978289
1.0,25,13.987779
1.0,14,13.992986
1.0,27,14.003027
1.0,31,14.014905
1.0,28,14.025841
1.0,13,14.030834
1.0,25,14.040377
1.0,37,14.054378
0.0,16,14.060485
1.0,12,14.064982
1.0,25,14.074694
0.0,2,14.075505
0.0,16,14.081635
1.0,11,14.085848
1.0,23,14.094541
1.0,33,14.107059
0.0,12,14.111739
1.0,13,14.116669
1.0,24,14.125764
0.0,7,14.128419
0.0,12,14.133042
1.0,11,14.137174
1.0,31,14.148857
1.0,32,14.160834
0.0,21,14.168678
1.0,11,14.172869
1.0,25,14.182287
1.0,33,14.194785
0.0,23,14.203653
1.0,11,14.207842
1.0,28,14.218366
1.0,30,14.229765
1.0,38,14.244056
1.0,11,14.248176
1.0,27,14.258302
1.0,31,14.269944
1.0,27,14.280428
1.0,11,14.28456
1.0,23,14.293195
1.0,34,14.305905
1.0,27,14.316029
1.0,11,14.320159
1.0,23,14.32871
1.0,30,14.339938
1.0,25,14.349446
1.0,11,14.353572
1.0,27,14.363715
1.0,32,14.375683
1.0,35,14.38878
1.0,11,14.39292
1.0,26,14.402632
0.0,24,14.411682
0.0,12,14.416209
1.0,11,14.420377
1.0,33,14.432585
0.0,6,14.43481
1.0,29,14.445684
1.0,13,14.450549
1.0,30,14.461818
0.0,30,14.473079
1.0,26,14.482967
0.0,7,14.485633
1.0,23,14.494271
1.0,34,14.506986
1.0,29,14.517877
0.0,11,14.521999
1.0,29,14.53276
1.0,30,14.543966
1.0,29,14.554923
1.0,11,14.559033
1.0,29,14.569598
1.0,32,14.581596
1.0,32,14.593828
1.0,15,14.599375
1.0,25,14.608729
1.0,31,14.62041
0.0,4,14.621915
1.0,17,14.628214
1.0,28,14.638674
1.0,31,14.650252
1.0,27,14.660475
1.0,11,14.664587
1.0,23,14.67322
1.0,32,14.685288
1.0,25,14.694686
1.0,11,14.698816
1.0,27,14.708717
1.0,31,14.720326
1.0,31,14.731993
1.0,11,14.736129
1.0,23,14.744733
1.0,32,14.756728
1.0,27,14.766871
1.0,11,14.771
1.0,25,14.780293
1.0,37,14.794069
1.0,28,14.804545
1.0,11,14.808671
1.0,29,14.819584
1.0,29,14.83045
1.0,28,14.840924
1.0,14,14.846197
1.0,26,14.855951
1.0,37,14.869712
1.0,27,14.879851
1.0,11,14.883957
1.0,25,14.893301
1.0,32,14.905191
1.0,27,14.915327
1.0,11,14.919468
0.0,12,14.924011
1.0,37,14.9377
1.0,29,14.948616
1.0,11,14.952724
1.0,26,14.962454
0.0,19,14.969544
1.0,34,14.982043
1.0,12,14.986515
0.0,12,14.991033
1.0,38,15.005096
1.0,27,15.015284
1.0,11,15.019411
1.0,25,15.028798
1.0,31,15.040391
1.0,27,15.050515
1.0,14,15.055705
0.0,21,15.063621
0.0,9,15.067228
1.0,28,15.077511
1.0,11,15.081636
1.0,29,15.092598
0.0,16,15.098645
1.0,27,15.108984
0.0,9,15.112389
1.0,28,15.1229
1.0,32,15.1349
1.0,29,15.145867
1.0,13,15.150932
1.0,26,15.160646
1.0,30,15.171873
1.0,30,15.183337
1.0,11,15.187579
1.0,25,15.197138
1.0,32,15.209404
1.0,27,15.21992
1.0,13,15.224895
1.0,25,15.234469
1.0,35,15.247832
1.0,25,15.257509
1.0,11,15.261721
1.0,25,15.271265
1.0,34,15.284193
0.0,21,15.292291
1.0,12,15.296912
0.0,12,15.301513
0.0,12,15.306077
1.0,28,15.316827
1.0,13,15.32173
1.0,28,15.332367
1.0,36,15.345924
1.0,27,15.356316
1.0,11,15.360522
1.0,24,15.36966
1.0,34,15.382617
0.0,18,15.389522
1.0,13,15.39443
1.0,29,15.40559
1.0,32,15.417878
0.0,22,15.426292
0.0,9,15.42982
1.0,26,15.4398
0.0,13,15.444795
1.0,29,15.456064
1.0,11,15.460341
1.0,25,15.469984
1.0,37,15.483825
1.0,29,15.494941
1.0,14,15.500329
1.0,25,15.509763
1.0,31,15.521544
1.0,26,15.53147
0.0,9,15.534886
1.0,24,15.543948
1.0,29,15.554749
1.0,25,15.56423
1.0,13,15.569089
1.0,25,15.57849
1.0,31,15.590142
1.0,26,15.600104
1.0,16,15.606073
1.0,29,15.616724
1.0,42,15.632435
1.0,25,15.641928
1.0,13,15.646783
1.0,25,15.656163
1.0,41,15.67181
1.0,26,15.681818
1.0,11,15.686006
1.0,23,15.6946
1.0,29,15.705683
1.0,29,15.716559
1.0,11,15.720682
1.0,26,15.730314
1.0,33,15.742508
1.0,28,15.75281
1.0,11,15.756938
0.0,19,15.764087
1.0,29,15.774906
1.0,29,15.785887
1.0,13,15.790697
1.0,26,15.800439
0.0,17,15.806754
1.0,25,15.816229
1.0,13,15.821078
1.0,26,15.830698
0.0,20,15.838072
1.0,31,15.849698
1.0,11,15.853851
1.0,34,15.86648
1.0,29,15.87751
1.0,37,15.891482
1.0,17,15.897907
1.0,25,15.907408
1.0,33,15.920037
1.0,31,15.931934
1.0,11,15.936112
1.0,28,15.946747
1.0,33,15.959242
0.0,17,15.965721
1.0,12,15.970198
1.0,23,15.978892
1.0,36,15.992243
1.0,27,16.002414
1.0,11,16.006536
1.0,33,16.018705
1.0,32,16.030669
0.0,18,16.037325
1.0,13,16.042176
1.0,25,16.051569
1.0,31,16.063186
1.0,27,16.0733
1.0,15,16.078906
1.0,25,16.088308
1.0,33,16.100584
0.0,25,16.10987
1.0,11,16.11414
1.0,26,16.123873
0.0,23,16.132504
1.0,35,16.145657
1.0,12,16.150133
0.0,8,16.153183
1.0,34,16.165871
1.0,27,16.176008
1.0,13,16.18085
1.0,25,16.190209
0.0,11,16.194314
1.0,27,16.204486
1.0,11,16.2086
1.0,29,16.219409
0.0,7,16.222074
1.0,29,16.232951
0.0,11,16.237113
1.0,27,16.247092
0.0,2,16.247899
1.0,28,16.258464
1.0,13,16.263337
1.0,27,16.273483
1.0,35,16.286343
0.0,19,16.293511
1.0,12,16.297987
1.0,27,16.308105
1.0,31,16.319845
1.0,29,16.330722
1.0,12,16.335217
1.0,35,16.348221
1.0,31,16.359778
1.0,28,16.370239
1.0,12,16.374702
1.0,25,16.384066
1.0,35,16.397297
1.0,28,16.40788
1.0,15,16.413407
1.0,25,16.422686
0.0,30,16.43396
1.0,25,16.443464
1.0,17,16.44982
1.0,23,16.458485
1.0,32,16.470499
0.0,20,16.478087
1.0,13,16.483017
1.0,25,16.492475
1.0,32,16.504671
1.0,25,16.514271
1.0,11,16.518474
1.0,23,16.527378
1.0,31,16.539043
1.0,33,16.551495
1.0,13,16.556394
1.0,24,16.565354
1.0,37,16.579203
1.0,25,16.58871
0.0,4,16.59025
1.0,31,16.601835
1.0,38,16.616063
1.0,34,16.629066
1.0,14,16.634434
1.0,25,16.644005
1.0,34,16.656918
0.0,16,16.663053
1.0,11,16.667267
1.0,28,16.677806
1.0,30,16.689153
1.0,32,16.701348
0.0,6,16.703683
0.0,7,16.706353
0.0,6,16.708681
1.0,25,16.718106
1.0,11,16.72231
0.0,21,16.730392
0.0,25,16.739849
1.0,28,16.750481
1.0,11,16.75463
1.0,25,16.763996
1.0,33,16.776492
1.0,26,16.786335
1.0,11,16.79053
1.0,23,16.79923
1.0,31,16.810889
1.0,29,16.821997
1.0,14,16.827228
1.0,25,16.836695
0.0,27,16.84693
1.0,27,16.857281
1.0,13,16.862191
1.0,23,16.870822
1.0,36,16.884378
1.0,27,16.894563
0.0,6,16.896883
1.0,25,16.906169
1.0,32,16.918163
1.0,25,16.927814
1.0,13,16.932822
1.0,27,16.943116
0.0,21,16.951211
0.0,18,16.95808
1.0,11,16.962289
0.0,13,16.967228
1.0,34,16.979933
1.0,29,16.990845
1.0,11,16.994992
1.0,23,17.003621
1.0,33,17.015986
1.0,33,17.028415
1.0,11,17.032545
1.0,25,17.042009
1.0,38,17.056542
1.0,30,17.067969
1.0,11,17.072148
0.0,18,17.079006
1.0,31,17.090624
1.0,25,17.100157
1.0,13,17.105021
0.0,8,17.108104
1.0,33,17.120484
1.0,26,17.130259
1.0,11,17.134573
1.0,25,17.144038
1.0,33,17.15639
1.0,30,17.167841
1.0,11,17.172029
1.0,25,17.181497
1.0,31,17.193146
1.0,27,17.203531
0.0,2,17.204334
1.0,27,17.214451
1.0,31,17.225882
1.0,27,17.236084
1.0,11,17.240249
0.0,4,17.241778
1.0,32,17.25394
1.0,25,17.263626
0.0,4,17.265158
1.0,26,17.274912
1.0,33,17.287178
1.0,27,17.297348
0.0,2,17.298121
1.0,25,17.307465
1.0,36,17.321045
0.0,16,17.326977
1.0,13,17.331824
1.0,23,17.340589
0.0,16,17.346674
0.0,4,17.348252
1.0,13,17.35311
0.0,20,17.360656
1.0,37,17.374644
1.0,27,17.384984
1.0,13,17.390003
1.0,23,17.398747
1.0,33,17.411304
1.0,27,17.421716
1.0,12,17.426284
1.0,25,17.435781
1.0,33,17.448433
1.0,31,17.460427
1.0,11,17.464609
1.0,27,17.474836
1.0,33,17.487362
1.0,27,17.497593
1.0,11,17.501805
1.0,28,17.512434
1.0,30,17.523743
1.0,29,17.534722
1.0,11,17.53886
1.0,25,17.548537
0.0,28,17.55913
1.0,25,17.568603
1.0,17,17.574981
1.0,34,17.58798
1.0,30,17.599433
1.0,27,17.609747
0.0,6,17.612104
0.0,18,17.618908
1.0,34,17.631769
1.0,32,17.643957
1.0,11,17.648107
1.0,23,17.656706
0.0,9,17.6601
1.0,28,17.67064
1.0,16,17.676646
1.0,23,17.685202
1.0,31,17.696824
1.0,27,17.707071
1.0,16,17.713009
1.0,25,17.722548
0.0,7,17.725282
0.0,22,17.733654
1.0,17,17.740094
1.0,23,17.749129
0.0,23,17.757856
1.0,31,17.7696
1.0,18,17.776391
1.0,27,17.786669
1.0,30,17.798033
1.0,27,17.808303
1.0,13,17.813184
1.0,25,17.822671
1.0,29,17.833521
0.0,17,17.840023
0.0,7,17.842691
1.0,25,17.852005
0.0,2,17.85278
0.0,8,17.85574
0.0,7,17.858404
1.0,25,17.867737
1.0,29,17.878578
0.0,9,17.881987
1.0,14,17.887132
1.0,25,17.896429
0.0,7,17.899115
1.0,30,17.910401
1.0,13,17.915286
0.0,19,17.922513
1.0,31,17.934139
1.0,28,17.94468
1.0,13,17.949692
1.0,25,17.959131
1.0,34,17.972044
1.0,28,17.982596
1.0,12,17.987113
1.0,24,17.996259
1.0,29,18.007288
1.0,25,18.016803
1.0,11,18.021074
1.0,26,18.030919
0.0,18,18.037768
1.0,25,18.047439
1.0,11,18.051581
1.0,31,18.063388
0.0,9,18.066863
1.0,31,18.078752
1.0,13,18.083738
1.0,23,18.092485
0.0,19,18.099776
1.0,27,18.10996
1.0,11,18.11415
0.0,16,18.120237
1.0,32,18.132332
1.0,27,18.142781
1.0,11,18.147037
1.0,27,18.15743
0.0,21,18.16544
1.0,31,18.177258
1.0,15,18.182955
0.0,8,18.186032
1.0,32,18.198235
1.0,25,18.207927
1.0,11,18.212106
1.0,23,18.220917
1.0,32,18.23298
1.0,25,18.242399
1.0,13,18.247275
1.0,23,18.255828
1.0,40,18.271019
1.0,25,18.280563
1.0,11,18.284756
1.0,27,18.294918
1.0,32,18.307288
1.0,25,18.31697
1.0,13,18.321956
1.0,24,18.331201
1.0,33,18.346123
0.0,26,18.35622
1.0,13,18.361255
1.0,25,18.370713
0.0,21,18.378761
0.0,12,18.383419
1.0,13,18.388327
1.0,28,18.398889
1.0,33,18.411298
0.0,14,18.416528
1.0,13,18.421469
1.0,25,18.430889
0.0,19,18.438222
0.0,4,18.439806
1.0,16,18.445939
1.0,25,18.455501
1.0,36,18.469033
1.0,29,18.480006
1.0,13,18.484855
0.0,8,18.487948
1.0,40,18.503196
1.0,25,18.512884
1.0,11,18.517008
1.0,31,18.528434
1.0,35,18.541507
1.0,31,18.553308
1.0,11,18.557446
1.0,27,18.567913
0.0,29,18.57895
1.0,29,18.590269
1.0,11,18.594482
1.0,26,18.604258
0.0,12,18.608835
1.0,25,18.618449
1.0,12,18.622937
0.0,6,18.625216
0.0,4,18.626746
1.0,33,18.639433
1.0,13,18.644409
1.0,25,18.653943
0.0,6,18.656292
0.0,23,18.664972
1.0,11,18.669119
0.0,18,18.676072
1.0,43,18.692004
1.0,30,18.703381
0.0,4,18.704912
0.0,4,18.706421
1.0,34,18.719124
1.0,25,18.728538
0.0,2,18.729312
1.0,25,18.738739
1.0,31,18.750355
0.0,22,18.758583
1.0,13,18.763527
1.0,25,18.773031
1.0,32,18.785136
1.0,30,18.796425
1.0,11,18.800622
1.0,23,18.809259
1.0,35,18.822361
0.0,22,18.830648
1.0,15,18.836306
1.0,27,18.846399
1.0,33,18.859095
1.0,27,18.86939
1.0,12,18.873916
1.0,29,18.88477
0.0,4,18.886278
0.0,19,18.893503
1.0,11,18.897688
1.0,33,18.90976
0.0,16,18.915815
1.0,27,18.926079
1.0,11,18.930249
1.0,25,18.939693
1.0,30,18.951033
1.0,30,18.962491
1.0,11,18.96663
1.0,23,18.975433
0.0,22,18.983735
1.0,25,18.993419
1.0,13,18.998311
1.0,23,19.007097
0.0,21,19.01519
1.0,27,19.025565
1.0,13,19.030447
1.0,29,19.041307
1.0,33,19.053796
0.0,8,19.056912
1.0,11,19.061032
1.0,25,19.070589
1.0,36,19.084261
1.0,25,19.093889
0.0,8,19.096916
0.0,29,19.107926
1.0,32,19.120098
1.0,29,19.131193
1.0,11,19.1354
1.0,27,19.145728
1.0,34,19.158661
0.0,9,19.162146
1.0,13,19.167046
1.0,23,19.175824
0.0,22,19.184247
0.0,26,19.19401
1.0,11,19.198121
0.0,4,19.199705
1.0,34,19.21245
0.0,4,19.214009
1.0,12,19.218575
1.0,28,19.229121
1.0,39,19.244023
1.0,25,19.253563
0.0,7,19.256236
1.0,27,19.266425
1.0,31,19.278201
1.0,29,19.289383
1.0,11,19.293589
1.0,24,19.302612
1.0,35,19.31571
1.0,31,19.327299
1.0,11,19.331454
1.0,24,19.340526
0.0,15,19.346266
1.0,25,19.355905
1.0,11,19.360157
1.0,27,19.370376
1.0,33,19.383142
1.0,25,19.392802
1.0,14,19.398066
1.0,25,19.40769
1.0,30,19.419242
1.0,25,19.428886
1.0,11,19.433125
1.0,32,19.445162
0.0,20,19.452894
1.0,27,19.463307
0.0,4,19.464842
0.0,12,19.469435
1.0,31,19.481067
1.0,26,19.490952
1.0,11,19.495077
1.0,25,19.5043
1.0,29,19.515195
1.0,29,19.526281
0.0,7,19.529013
0.0,10,19.532851
1.0,36,19.54658
1.0,25,19.556303
0.0,4,19.557833
1.0,25,19.567284
0.0,23,19.576157
1.0,35,19.58968
1.0,11,19.593981
0.0,17,19.600512
0.0,25,19.609958
1.0,27,19.620242
0.0,7,19.622916
1.0,28,19.633327
1.0,30,19.644727
0.0,12,19.649392
1.0,11,19.65364
1.0,29,19.664631
1.0,29,19.675593
1.0,25,19.685091
1.0,16,19.691127
1.0,23,19.699891
1.0,37,19.713915
1.0,26,19.723878
1.0,15,19.729401
1.0,27,19.739563
1.0,39,19.754108
1.0,28,19.764703
1.0,13,19.769536
1.0,25,19.778916
1.0,33,19.791338
1.0,26,19.801177
0.0,2,19.801948
0.0,4,19.803473
0.0,9,19.806875
1.0,30,19.818197
0.0,6,19.820479
1.0,25,19.829841
1.0,30,19.841094
1.0,27,19.851328
1.0,12,19.855788
1.0,24,19.864787
0.0,21,19.872702
0.0,6,19.874933
1.0,11,19.879011
1.0,25,19.888292
1.0,30,19.899366
1.0,29,19.910214
1.0,11,19.914346
1.0,23,19.922991
0.0,11,19.927152
1.0,27,19.93727
1.0,15,19.942839
0.0,15,19.948487
1.0,32,19.960446
0.0,30,19.9716
1.0,11,19.97573
1.0,30,19.986971
1.0,29,19.997975
1.0,29,20.008824
1.0,11,20.012938
1.0,27,20.022994
1.0,30,20.034308
1.0,27,20.044486
1.0,15,20.050103
1.0,33,20.062445
1.0,31,20.073995
0.0,6,20.076265
1.0,15,20.081838
1.0,26,20.091588
1.0,29,20.102401
0.0,17,20.108765
1.0,11,20.11286
1.0,28,20.123239
1.0,29,20.134054
0.0,17,20.140399
1.0,11,20.144516
1.0,32,20.156398
1.0,35,20.169439
1.0,30,20.180767
1.0,11,20.18488
1.0,28,20.195287
0.0,4,20.196781
1.0,25,20.206271
1.0,14,20.211482
1.0,24,20.220407
1.0,32,20.232373
1.0,27,20.242525
1.0,13,20.247407
1.0,28,20.257798
1.0,31,20.269368
1.0,27,20.279563
1.0,11,20.283691
1.0,26,20.293446
1.0,29,20.304281
1.0,27,20.314396
1.0,13,20.31927
1.0,25,20.328638
1.0,31,20.340217
1.0,25,20.349627
1.0,11,20.353752
1.0,25,20.363139
1.0,31,20.374738
1.0,29,20.385597
1.0,16,20.391557
1.0,23,20.400336
0.0,19,20.407311
1.0,27,20.4174
1.0,11,20.421523
1.0,25,20.430887
0.0,2,20.431662
1.0,26,20.441418
1.0,11,20.445544
1.0,23,20.4542
0.0,14,20.459538
1.0,26,20.469402
0.0,10,20.473196
1.0,23,20.481725
1.0,32,20.493685
1.0,28,20.504296
1.0,11,20.508425
1.0,23,20.517075
1.0,30,20.528276
0.0,19,20.535405
1.0,11,20.539528
1.0,29,20.550547
1.0,30,20.561791
1.0,25,20.571452
1.0,18,20.578221
1.0,26,20.588207
1.0,29,20.599262
1.0,33,20.611843
1.0,13,20.616731
1.0,27,20.62676
1.0,35,20.639903
1.0,33,20.652361
0.0,7,20.655057
1.0,31,20.666576
1.0,33,20.678983
1.0,25,20.688571
0.0,2,20.689378
1.0,27,20.699462
1.0,32,20.711612
1.0,25,20.721147
1.0,12,20.725702
1.0,25,20.735072
1.0,30,20.746372
1.0,27,20.756779
1.0,13,20.761678
1.0,26,20.771434
0.0,13,20.776327
1.0,27,20.786605
1.0,11,20.790792
1.0,23,20.799562
0.0,14,20.805082
1.0,31,20.816866
1.0,11,20.821032
1.0,28,20.831561
0.0,26,20.841312
1.0,25,20.850795
1.0,13,20.855709
1.0,25,20.865072
1.0,33,20.877476
1.0,27,20.887851
1.0,11,20.891986
0.0,22,20.900176
1.0,30,20.911457
1.0,28,20.921937
1.0,11,20.926055
1.0,27,20.936077
1.0,31,20.947643
1.0,27,20.957901
1.0,11,20.96202
0.0,16,20.968102
1.0,34,20.98092
1.0,25,20.990426
1.0,11,20.994554
1.0,31,21.006225
1.0,36,21.019975
0.0,6,21.02227
1.0,13,21.027205
1.0,23,21.035945
1.0,32,21.048027
1.0,28,21.058738
1.0,11,21.062875
1.0,25,21.072202
0.0,19,21.079347
0.0,12,21.083908
1.0,11,21.088031
1.0,31,21.099532
1.0,32,21.111538
1.0,28,21.122185
1.0,11,21.126303
1.0,30,21.137507
1.0,30,21.14875
1.0,28,21.159381
1.0,13,21.164242
1.0,23,21.172881
0.0,25,21.182218
1.0,25,21.191701
1.0,13,21.196509
0.0,21,21.204414
1.0,34,21.217233
1.0,27,21.227381
1.0,12,21.231761
1.0,25,21.241023
1.0,34,21.253512
0.0,18,21.260367
0.0,11,21.264517
1.0,23,21.273129
1.0,31,21.284583
1.0,27,21.294762
1.0,11,21.298868
1.0,27,21.308909
0.0,25,21.318285
1.0,30,21.329546
1.0,11,21.333647
1.0,28,21.344108
1.0,30,21.355332
1.0,31,21.367005
1.0,11,21.371117
1.0,29,21.381849
1.0,37,21.395474
0.0,12,21.400015
1.0,11,21.404135
0.0,14,21.409421
1.0,32,21.421531
1.0,29,21.432461
0.0,4,21.433978
1.0,28,21.444456
1.0,32,21.456438
0.0,16,21.462451
1.0,11,21.466573
1.0,25,21.475982
1.0,32,21.487909
0.0,12,21.492436
1.0,14,21.497634
1.0,24,21.506492
1.0,34,21.519194
1.0,31,21.530899
1.0,14,21.536097
1.0,31,21.547582
1.0,34,21.560227
1.0,28,21.570688
1.0,11,21.574812
1.0,28,21.585236
1.0,32,21.597301
1.0,27,21.607592
1.0,12,21.612106
1.0,25,21.62157
1.0,33,21.633887
1.0,25,21.643271
1.0,13,21.648144
1.0,28,21.658668
0.0,17,21.665058
1.0,25,21.674462
1.0,11,21.678593
0.0,6,21.680943
1.0,35,21.693983
1.0,25,21.703447
1.0,12,21.707928
1.0,27,21.718016
0.0,14,21.7233
1.0,31,21.734973
1.0,11,21.739066
0.0,14,21.744252
1.0,29,21.755032
1.0,30,21.766304
1.0,12,21.770797
0.0,19,21.777867
1.0,33,21.790209
1.0,27,21.800391
1.0,17,21.80672
1.0,27,21.816824
1.0,37,21.830777
0.0,4,21.832304
1.0,13,21.83716
1.0,26,21.846914
0.0,11,21.851085
0.0,12,21.855654
1.0,15,21.861232
1.0,26,21.870874
0.0,2,21.87165
0.0,17,21.877993
1.0,14,21.883228
1.0,28,21.893646
1.0,36,21.907034
0.0,10,21.910798
1.0,11,21.914922
0.0,8,21.917946
0.0,27,21.928054
1.0,25,21.937507
0.0,6,21.939795
1.0,23,21.948351
1.0,38,21.962478
1.0,28,21.972943
1.0,16,21.978913
1.0,24,21.987902
1.0,33,22.000134
1.0,27,22.010363
1.0,11,22.014472
1.0,28,22.024976
1.0,30,22.036309
0.0,25,22.045732
0.0,2,22.046507
1.0,24,22.055519
1.0,38,22.06957
1.0,29,22.0805
1.0,15,22.085874
1.0,27,22.095895
1.0,37,22.109669
1.0,29,22.120631
1.0,15,22.126218
1.0,34,22.138858
1.0,30,22.150083
1.0,29,22.160979
0.0,8,22.16401
1.0,26,22.173739
1.0,33,22.185952
0.0,21,22.193882
1.0,12,22.198269
1.0,26,22.208209
1.0,35,22.221357
1.0,25,22.230752
1.0,13,22.235753
1.0,23,22.244296
0.0,30,22.255573
0.0,4,22.257128
1.0,13,22.262021
1.0,28,22.272393
1.0,30,22.283631
1.0,25,22.293017
1.0,11,22.297125
1.0,25,22.306513
1.0,30,22.317731
1.0,27,22.327926
1.0,13,22.3328
1.0,27,22.342804
1.0,35,22.355774
1.0,32,22.367835
1.0,11,22.371971
0.0,19,22.379179
1.0,31,22.390764
0.0,18,22.397475
1.0,12,22.401958
1.0,25,22.411368
1.0,36,22.424927
1.0,25,22.434401
1.0,13,22.439408
1.0,27,22.449392
1.0,33,22.461594
1.0,31,22.473317
1.0,12,22.477782
1.0,25,22.487074
1.0,34,22.499794
1.0,25,22.509285
0.0,2,22.510057
1.0,34,22.522468
1.0,32,22.534404
1.0,28,22.544961
1.0,12,22.549438
1.0,25,22.558702
1.0,32,22.570641
0.0,6,22.572927
0.0,4,22.574454
1.0,26,22.584158
1.0,32,22.596107
0.0,12,22.600718
1.0,13,22.605619
1.0,23,22.614279
0.0,17,22.620915
1.0,36,22.634651
1.0,13,22.639429
1.0,23,22.648233
1.0,32,22.660199
0.0,18,22.666936
1.0,11,22.671064
1.0,23,22.679635
1.0,32,22.691604
1.0,32,22.70368
1.0,11,22.707789
0.0,14,22.713083
1.0,36,22.726534
1.0,31,22.738147
0.0,4,22.739684
0.0,4,22.741184
1.0,31,22.752762
1.0,27,22.7629
1.0,14,22.768118
0.0,16,22.774123
0.0,16,22.780205
1.0,28,22.79082
1.0,13,22.795721
1.0,27,22.805908
1.0,32,22.817751
1.0,25,22.827138
0.0,7,22.829805
1.0,27,22.839851
0.0,8,22.842893
1.0,29,22.853925
1.0,11,22.858018
1.0,25,22.867389
1.0,30,22.878613
1.0,27,22.888855
1.0,11,22.892981
1.0,25,22.902241
0.0,10,22.906029
1.0,27,22.916134
1.0,11,22.920256
0.0,8,22.923278
1.0,32,22.935223
1.0,28,22.945765
1.0,12,22.950241
1.0,27,22.960308
0.0,4,22.961815
0.0,4,22.963335
1.0,11,22.967449
0.0,10,22.971203
0.0,32,22.983166
1.0,25,22.992659
1.0,11,22.996758
1.0,26,23.006526
1.0,36,23.019938
1.0,28,23.030423
1.0,15,23.036026
0.0,8,23.039054
1.0,34,23.051771
0.0,10,23.05553
1.0,13,23.060375
1.0,25,23.069715
1.0,33,23.082021
1.0,27,23.092236
1.0,16,23.098205
0.0,20,23.105725
0.0,8,23.108802
1.0,31,23.120625
1.0,11,23.12476
1.0,27,23.13494
0.0,32,23.146966
1.0,25,23.156333
1.0,12,23.160824
0.0,8,23.163813
1.0,34,23.176459
1.0,26,23.186293
1.0,15,23.191907
1.0,26,23.201561
1.0,39,23.216026
1.0,25,23.225501
0.0,11,23.229682
0.0,8,23.232738
1.0,32,23.244581
1.0,30,23.255925
0.0,4,23.257456
1.0,25,23.266792
1.0,35,23.279847
1.0,32,23.291794
1.0,15,23.297292
1.0,25,23.30666
1.0,32,23.318616
1.0,32,23.330466
1.0,11,23.334586
1.0,25,23.34397
1.0,38,23.358139
1.0,29,23.369007
1.0,11,23.373134
1.0,25,23.382415
1.0,32,23.394491
1.0,26,23.404635
1.0,11,23.408834
1.0,25,23.418422
1.0,44,23.435283
1.0,25,23.444828
1.0,11,23.448991
1.0,31,23.460953
1.0,37,23.475013
1.0,26,23.485066
1.0,11,23.489235
1.0,29,23.500224
0.0,28,23.51098
0.0,17,23.517438
1.0,11,23.521673
1.0,33,23.534249
1.0,30,23.54573
1.0,25,23.555451
1.0,13,23.560435
1.0,29,23.571283
1.0,31,23.583134
1.0,25,23.592835
1.0,11,23.597068
1.0,29,23.608165
1.0,34,23.621114
1.0,25,23.630782
1.0,11,23.634982
1.0,23,23.643624
1.0,36,23.657232
0.0,7,23.660028
1.0,12,23.66453
1.0,25,23.673918
1.0,32,23.686051
1.0,30,23.697484
0.0,4,23.699025
1.0,25,23.708269
0.0,19,23.715472
1.0,29,23.72648
1.0,11,23.730588
1.0,27,23.740686
1.0,31,23.752228
1.0,31,23.763949
1.0,11,23.768068
0.0,12,23.772571
0.0,15,23.77823
1.0,28,23.788832
0.0,14,23.794057
1.0,29,23.804873
1.0,30,23.81617
1.0,30,23.827554
1.0,12,23.83197
1.0,23,23.840531
0.0,21,23.848434
0.0,17,23.854826
0.0,6,23.857125
0.0,8,23.860161
1.0,34,23.873011
1.0,30,23.884338
1.0,11,23.888465
1.0,23,23.897
0.0,22,23.905246
1.0,27,23.915394
1.0,11,23.919518
1.0,23,23.92818
0.0,6,23.930457
1.0,27,23.940614
1.0,11,23.944737
1.0,23,23.953315
0.0,15,23.958904
1.0,27,23.969036
1.0,11,23.973158
1.0,26,23.982895
1.0,31,23.994449
0.0,27,24.004612
1.0,11,24.008728
1.0,28,24.019236
0.0,7,24.021902
1.0,29,24.032792
0.0,12,24.037302
1.0,25,24.046669
1.0,40,24.061451
0.0,25,24.070952
1.0,13,24.075898
1.0,23,24.084585
0.0,27,24.094705
1.0,27,24.10493
1.0,11,24.109051
1.0,27,24.119171
1.0,29,24.130016
0.0,17,24.136393
1.0,11,24.140497
1.0,23,24.149173
1.0,31,24.160809
1.0,26,24.170666
1.0,11,24.174795
0.0,10,24.178518
1.0,31,24.190122
1.0,27,24.200287
1.0,11,24.204397
1.0,25,24.213633
1.0,37,24.22737
0.0,6,24.229659
1.0,14,24.234879
0.0,18,24.241598
1.0,30,24.252815
0.0,12,24.257326
1.0,11,24.261433
1.0,27,24.27161
1.0,34,24.284379
1.0,34,24.297082
1.0,11,24.301224
1.0,25,24.310512
0.0,25,24.319894
0.0,17,24.326347
1.0,11,24.330458
1.0,25,24.339751
0.0,11,24.343865
0.0,8,24.346908
1.0,13,24.351778
1.0,29,24.362545
1.0,35,24.375612
1.0,29,24.386594
1.0,12,24.391104
1.0,26,24.40084
0.0,7,24.403513
1.0,26,24.413332
1.0,11,24.417458
1.0,23,24.426105
1.0,33,24.438419
1.0,25,24.447795
1.0,14,24.45298
1.0,23,24.461656
1.0,34,24.474475
1.0,27,24.485028
0.0,2,24.4858
1.0,23,24.494712
1.0,31,24.506439
1.0,27,24.516699
1.0,14,24.521962
1.0,23,24.53057
0.0,9,24.534043
1.0,25,24.54361
0.0,6,24.545889
0.0,8,24.548974
0.0,17,24.555383
0.0,8,24.558442
1.0,11,24.56261
1.0,25,24.572084
1.0,36,24.585797
0.0,4,24.58735
1.0,15,24.593024
1.0,26,24.602934
0.0,25,24.612525
1.0,29,24.623558
1.0,12,24.628026
1.0,29,24.638807
1.0,33,24.651394
1.0,32,24.663714
1.0,13,24.668667
1.0,23,24.677445
1.0,35,24.690795
1.0,32,24.702778
1.0,11,24.70689
1.0,23,24.715567
1.0,32,24.727503
1.0,27,24.737648
1.0,11,24.741732
1.0,23,24.750314
0.0,2,24.751091
1.0,30,24.762303
1.0,11,24.766432
0.0,14,24.77159
0.0,9,24.775025
0.0,21,24.782898
1.0,11,24.787
1.0,25,24.796412
1.0,29,24.807253
1.0,35,24.820362
1.0,11,24.824474
1.0,24,24.833513
1.0,31,24.84509
1.0,25,24.854577
1.0,11,24.858701
1.0,31,24.870214
1.0,35,24.88328
1.0,27,24.893597
1.0,11,24.897717
1.0,31,24.909117
0.0,2,24.909888
1.0,27,24.920117
1.0,13,24.924972
1.0,24,24.933874
1.0,32,24.945883
1.0,33,24.958374
1.0,11,24.962543
1.0,27,24.972716
1.0,31,24.984329
0.0,8,24.987371
0.0,9,24.990804
1.0,25,25.000231
1.0,29,25.011097
1.0,31,25.022767
1.0,13,25.027647
0.0,16,25.03365
1.0,33,25.045964
0.0,12,25.050518
0.0,7,25.053168
0.0,8,25.056191
0.0,9,25.059613
0.0,16,25.065653
1.0,11,25.069781
1.0,31,25.081403
0.0,4,25.082999
1.0,27,25.09348
1.0,14,25.09876
0.0,12,25.103385
1.0,31,25.115024
1.0,32,25.127098
1.0,11,25.131237
1.0,25,25.140626
0.0,4,25.142158
1.0,25,25.151646
1.0,11,25.155741
1.0,27,25.165883
0.0,17,25.172272
1.0,30,25.183514
1.0,11,25.187648
0.0,4,25.189152
1.0,32,25.201139
1.0,29,25.212097
1.0,12,25.216576
1.0,31,25.228122
1.0,33,25.240495
1.0,31,25.252176
1.0,11,25.256298
1.0,26,25.265886
1.0,38,25.280079
1.0,27,25.290226
1.0,14,25.295614
1.0,29,25.306432
1.0,35,25.319568
1.0,25,25.3291
1.0,11,25.33326
0.0,21,25.341259
0.0,21,25.349211
1.0,29,25.360408
1.0,11,25.364583
0.0,4,25.366097
0.0,2,25.366867
1.0,33,25.379365
1.0,14,25.384553
1.0,27,25.394669
0.0,6,25.396971
1.0,28,25.407535
1.0,11,25.411679
1.0,25,25.421022
1.0,33,25.433414
1.0,27,25.443696
1.0,13,25.448567
1.0,23,25.457166
1.0,37,25.471095
1.0,29,25.482161
1.0,11,25.4863
1.0,32,25.498396
1.0,37,25.512361
1.0,31,25.524124
1.0,11,25.528306
1.0,23,25.536973
0.0,23,25.54568
1.0,27,25.556011
1.0,16,25.562089
1.0,23,25.570771
1.0,29,25.581713
0.0,23,25.590603
0.0,4,25.592207
0.0,15,25.59799
0.0,7,25.600722
1.0,29,25.611775
1.0,13,25.616675
0.0,12,25.621294
1.0,31,25.632905
0.0,21,25.64083
1.0,11,25.64503
1.0,28,25.655498
1.0,32,25.667656
0.0,19,25.674829
0.0,7,25.677502
1.0,32,25.689456
1.0,32,25.70157
1.0,28,25.712177
1.0,11,25.716308
1.0,28,25.726872
1.0,30,25.73811
0.0,6,25.740396
1.0,12,25.744801
1.0,27,25.75494
1.0,33,25.767483
1.0,31,25.78146
0.0,6,25.783924
1.0,25,25.793426
1.0,38,25.807838
1.0,29,25.81886
1.0,11,25.823053
1.0,32,25.834794
1.0,34,25.847535
1.0,28,25.858189
1.0,14,25.863508
1.0,23,25.87213
1.0,35,25.885311
0.0,14,25.890653
1.0,13,25.895547
1.0,27,25.9059
0.0,16,25.912109
0.0,14,25.917557
1.0,12,25.922086
1.0,25,25.931685
1.0,37,25.945786
1.0,31,25.957768
1.0,12,25.962343
1.0,24,25.971549
1.0,32,25.983695
1.0,28,25.994217
1.0,13,25.999204
1.0,23,26.007838
1.0,34,26.020498
1.0,31,26.03201
1.0,11,26.036125
1.0,23,26.044772
1.0,29,26.055631
1.0,27,26.065809
1.0,12,26.070217
1.0,25,26.079582
1.0,35,26.092727
0.0,6,26.095037
1.0,11,26.099155
1.0,27,26.109314
1.0,33,26.121807
1.0,25,26.131291
1.0,12,26.135789
0.0,14,26.141054
0.0,9,26.144497
1.0,27,26.154697
1.0,11,26.158881
1.0,25,26.168274
1.0,31,26.179921
0.0,15,26.185555
1.0,11,26.189715
1.0,32,26.201629
1.0,37,26.215515
1.0,28,26.226181
0.0,4,26.227758
1.0,28,26.238188
0.0,28,26.248762
1.0,25,26.258321
1.0,11,26.262481
1.0,25,26.271838
1.0,33,26.284269
1.0,31,26.295995
1.0,11,26.300204
0.0,19,26.307377
0.0,14,26.312781
1.0,31,26.324474
0.0,6,26.326761
1.0,23,26.33531
1.0,38,26.349553
1.0,35,26.362599
1.0,14,26.367742
1.0,23,26.37629
1.0,29,26.387386
1.0,27,26.397606
1.0,11,26.401735
1.0,32,26.413642
1.0,33,26.426017
1.0,25,26.435558
1.0,11,26.43969
0.0,19,26.446872
0.0,9,26.450289
1.0,28,26.460878
1.0,11,26.464984
1.0,26,26.474714
1.0,37,26.488529
1.0,29,26.499415
1.0,11,26.503535
1.0,23,26.512167
1.0,38,26.526484
1.0,29,26.537475
1.0,13,26.54239
0.0,16,26.548351
0.0,11,26.552532
1.0,27,26.562782
1.0,11,26.566915
0.0,6,26.569168
0.0,14,26.574469
0.0,17,26.580922
1.0,12,26.585474
1.0,25,26.594827
0.0,21,26.602777
1.0,25,26.612335
1.0,11,26.616535
1.0,23,26.62521
0.0,7,26.627874
1.0,27,26.638184
0.0,6,26.640519
1.0,25,26.649963
1.0,31,26.661646
1.0,25,26.671085
1.0,15,26.676676
0.0,10,26.68039
0.0,19,26.687493
1.0,29,26.698472
1.0,11,26.702584
1.0,29,26.713315
0.0,13,26.718148
1.0,25,26.727813
1.0,13,26.732663
1.0,29,26.743387
1.0,33,26.755677
1.0,30,26.766939
1.0,11,26.771057
1.0,25,26.780474
0.0,7,26.783148
1.0,27,26.793293
1.0,13,26.798174
1.0,23,26.80673
1.0,31,26.818387
1.0,27,26.828644
1.0,11,26.832776
1.0,28,26.843266
1.0,32,26.855276
0.0,8,26.858303
1.0,11,26.862483
1.0,28,26.87286
1.0,26,26.882602
1.0,26,26.89248
1.0,12,26.896976
1.0,34,26.909536
1.0,31,26.92114
1.0,25,26.930664
1.0,14,26.935916
0.0,21,26.943645
1.0,31,26.95524
0.0,6,26.957508
1.0,13,26.96238
1.0,26,26.972173
1.0,36,26.985679
1.0,28,26.996305
1.0,13,27.001256
1.0,23,27.010005
1.0,31,27.021733
1.0,25,27.03128
1.0,12,27.035759
1.0,27,27.0458
1.0,30,27.057067
1.0,28,27.067661
1.0,11,27.071808
1.0,25,27.081127
1.0,32,27.093093
1.0,27,27.103334
1.0,11,27.107466
1.0,25,27.116868
1.0,31,27.128593
1.0,29,27.139591
1.0,13,27.144448
0.0,6,27.146701
1.0,36,27.160032
1.0,26,27.169945
1.0,11,27.17408
1.0,31,27.1856
1.0,30,27.196858
1.0,25,27.206238
1.0,11,27.210375
1.0,23,27.219015
0.0,8,27.221992
1.0,32,27.234076
1.0,17,27.240351
1.0,25,27.249652
1.0,32,27.26163
0.0,24,27.270596
1.0,11,27.274727
1.0,23,27.283424
0.0,16,27.289521
1.0,28,27.29995
1.0,12,27.304451
0.0,16,27.310362
1.0,30,27.32165
1.0,25,27.331143
1.0,12,27.335659
1.0,24,27.344577
1.0,37,27.358384
1.0,26,27.368125
1.0,15,27.373728
1.0,27,27.383892
1.0,38,27.398009
1.0,26,27.407988
1.0,13,27.412847
1.0,23,27.421517
1.0,30,27.432886
1.0,27,27.443079
1.0,12,27.447562
0.0,21,27.455427
0.0,19,27.462606
1.0,25,27.472156
1.0,11,27.47627
0.0,16,27.482264
1.0,30,27.493482
1.0,26,27.503413
1.0,11,27.507567
1.0,27,27.51748
1.0,35,27.530576
1.0,31,27.54248
1.0,13,27.547359
1.0,29,27.558269
1.0,37,27.572091
1.0,33,27.584605
0.0,5,27.586499
1.0,27,27.596679
0.0,15,27.602283
1.0,27,27.612617
1.0,14,27.617897
1.0,26,27.627753
1.0,29,27.63876
0.0,16,27.644943
1.0,13,27.649845
1.0,26,27.659484
0.0,27,27.669677
0.0,12,27.674174
1.0,13,27.679052
1.0,27,27.689121
0.0,4,27.690653
1.0,27,27.700878
1.0,15,27.706474
0.0,17,27.712809
1.0,30,27.724031
1.0,29,27.735006
1.0,11,27.739124
1.0,34,27.751865
1.0,33,27.764159
1.0,31,27.775771
1.0,15,27.781381
1.0,26,27.791093
1.0,31,27.802739
1.0,29,27.813662
1.0,15,27.819253
0.0,18,27.825994
1.0,32,27.837842
1.0,26,27.84766
1.0,15,27.853226
1.0,25,27.862709
0.0,14,27.868116
1.0,32,27.880159
0.0,4,27.881697
1.0,25,27.890967
0.0,30,27.902173
1.0,25,27.91165
1.0,11,27.915781
1.0,25,27.925072
1.0,33,27.937348
1.0,27,27.947716
1.0,11,27.951856
1.0,27,27.961825
1.0,30,27.973174
1.0,27,27.98332
1.0,11,27.987457
1.0,25,27.996741
0.0,19,28.003949
1.0,29,28.014847
0.0,6,28.017135
1.0,23,28.02583
1.0,32,28.037812
1.0,26,28.047732
1.0,11,28.051858
1.0,27,28.061798
0.0,19,28.068968
0.0,16,28.075003
0.0,4,28.076532
0.0,19,28.083564
0.0,28,28.093938
1.0,27,28.104152
1.0,13,28.108993
1.0,24,28.118006
1.0,34,28.130701
0.0,19,28.137816
1.0,11,28.14193
1.0,27,28.152065
0.0,17,28.158477
0.0,13,28.163361
1.0,14,28.168582
1.0,23,28.177229
1.0,32,28.189209
1.0,29,28.20018
1.0,13,28.205028
1.0,28,28.215442
1.0,32,28.227426
1.0,26,28.237185
0.0,2,28.237957
1.0,25,28.24727
1.0,34,28.259861
1.0,25,28.269362
1.0,11,28.273497
0.0,6,28.275786
0.0,23,28.284455
1.0,28,28.294967
1.0,11,28.299105
1.0,29,28.309912
1.0,36,28.323334
1.0,25,28.332847
1.0,16,28.338806
1.0,28,28.349283
1.0,30,28.360603
1.0,26,28.370534
1.0,13,28.375466
1.0,25,28.384775
0.0,10,28.388545
1.0,32,28.400639
1.0,12,28.405131
1.0,25,28.41452
1.0,31,28.426156
1.0,27,28.436352
0.0,2,28.437123
1.0,25,28.446486
0.0,6,28.448777
1.0,30,28.460219
1.0,11,28.464321
1.0,23,28.473045
1.0,35,28.486157
1.0,25,28.495584
1.0,13,28.500491
1.0,27,28.510689
0.0,4,28.512208
0.0,12,28.516761
0.0,11,28.520905
1.0,30,28.532043
1.0,35,28.545092
1.0,25,28.55449
0.0,4,28.556118
1.0,24,28.565101
1.0,32,28.577067
1.0,29,28.58802
1.0,11,28.592227
1.0,23,28.600834
1.0,31,28.612484
0.0,25,28.621855
1.0,11,28.626004
1.0,33,28.638324
0.0,4,28.639844
1.0,29,28.650815
1.0,13,28.655736
1.0,23,28.664326
1.0,34,28.676945
1.0,27,28.687108
1.0,12,28.691714
1.0,23,28.700386
1.0,34,28.713156
0.0,14,28.71848
1.0,15,28.724077
1.0,25,28.733467
1.0,38,28.747657
1.0,27,28.757824
1.0,12,28.762451
0.0,16,28.768605
1.0,37,28.782463
0.0,17,28.788924
1.0,12,28.793398
1.0,25,28.802668
1.0,30,28.813989
1.0,29,28.825019
1.0,11,28.829137
1.0,29,28.839884
1.0,33,28.852204
1.0,29,28.863095
0.0,9,28.866573
1.0,30,28.877828
1.0,30,28.889158
0.0,8,28.892224
1.0,11,28.896429
0.0,6,28.898746
1.0,31,28.910602
1.0,28,28.92134
1.0,11,28.925514
1.0,23,28.934268
0.0,7,28.936944
1.0,29,28.947944
0.0,6,28.950278
1.0,26,28.960019
1.0,34,28.9731
1.0,25,28.982634
1.0,11,28.98683
1.0,25,28.996254
1.0,29,29.007182
1.0,25,29.016715
1.0,11,29.020907
1.0,25,29.030292
1.0,31,29.041883
1.0,27,29.05235
1.0,12,29.056919
1.0,29,29.067966
1.0,31,29.079762
1.0,29,29.090721
1.0,12,29.095238
0.0,21,29.103139
1.0,34,29.115917
1.0,30,29.127135
0.0,9,29.130541
1.0,24,29.139529
0.0,4,29.141063
1.0,28,29.151682
1.0,12,29.156166
1.0,29,29.166943
1.0,34,29.179769
1.0,27,29.189959
1.0,11,29.194073
1.0,26,29.203746
0.0,29,29.214622
1.0,36,29.227952
1.0,15,29.233532
1.0,30,29.244678
1.0,31,29.256315
1.0,25,29.265792
1.0,11,29.269921
1.0,26,29.279646
1.0,29,29.290497
0.0,8,29.293547
1.0,13,29.29839
1.0,25,29.307702
0.0,29,29.318607
1.0,33,29.331085
1.0,11,29.335246
1.0,25,29.344645
1.0,33,29.35698
1.0,27,29.367126
1.0,15,29.372915
1.0,24,29.381945
1.0,36,29.395323
1.0,30,29.406573
1.0,13,29.411416
1.0,25,29.420782
1.0,34,29.433359
1.0,25,29.442835
1.0,11,29.446955
1.0,25,29.45634
0.0,10,29.460148
1.0,27,29.470245
1.0,14,29.475482
1.0,23,29.484106
1.0,34,29.49679
1.0,29,29.507656
1.0,11,29.511787
0.0,10,29.515573
1.0,29,29.526419
1.0,33,29.538876
1.0,12,29.543341
1.0,25,29.552657
0.0,7,29.555294
1.0,29,29.566163
1.0,16,29.572133
1.0,23,29.580973
1.0,31,29.592716
0.0,19,29.599771
1.0,12,29.604324
1.0,25,29.61386
1.0,30,29.625199
1.0,29,29.636261
1.0,13,29.641137
1.0,31,29.652775
0.0,16,29.658798
1.0,31,29.670367
1.0,12,29.674851
1.0,25,29.684297
0.0,26,29.694066
0.0,21,29.701936
1.0,11,29.706053
0.0,18,29.712671
0.0,4,29.714204
0.0,4,29.715732
1.0,13,29.72059
0.0,16,29.726624
0.0,12,29.731152
0.0,6,29.733414
1.0,11,29.737542
1.0,27,29.747657
1.0,35,29.76071
1.0,34,29.773411
1.0,13,29.778275
1.0,27,29.788476
1.0,32,29.800493
1.0,29,29.811354
1.0,14,29.816568
1.0,23,29.825195
1.0,33,29.837541
1.0,27,29.847818
1.0,11,29.85198
1.0,28,29.862375
1.0,29,29.873274
1.0,28,29.883803
1.0,13,29.888655
1.0,25,29.897927
1.0,29,29.908869
1.0,30,29.92011
1.0,12,29.9246
1.0,25,29.933876
1.0,41,29.949316
1.0,25,29.958884
1.0,11,29.96307
0.0,12,29.967674
1.0,33,29.980058
1.0,26,29.990008
1.0,11,29.994146
1.0,25,30.003649
1.0,31,30.015385
0.0,4,30.016944
0.0,9,30.020429
1.0,24,30.0296
1.0,31,30.04115
0.0,20,30.04875
1.0,13,30.053631
1.0,29,30.064456
1.0,29,30.075327
1.0,31,30.087064
1.0,13,30.091924
1.0,23,30.100466
1.0,32,30.112397
1.0,25,30.121909
1.0,13,30.126767
1.0,31,30.13843
0.0,9,30.141848
0.0,22,30.150205
1.0,13,30.155094
0.0,6,30.157371
1.0,33,30.169726
0.0,8,30.172771
1.0,13,30.177613
0.0,6,30.179869
1.0,33,30.192379
1.0,33,30.204725
0.0,4,30.206245
1.0,26,30.215959
1.0,31,30.22741
1.0,29,30.238232
1.0,13,30.243065
1.0,27,30.25318
1.0,34,30.265878
1.0,33,30.278196
1.0,11,30.282328
1.0,25,30.291727
1.0,29,30.302583
1.0,27,30.312732
1.0,11,30.316865
1.0,23,30.325514
1.0,33,30.337793
1.0,25,30.347198
1.0,11,30.351344
1.0,26,30.361108
1.0,29,30.371943
1.0,25,30.381449
0.0,2,30.382221
0.0,7,30.38485
1.0,31,30.396546
1.0,29,30.407721
1.0,14,30.413043
0.0,8,30.416128
0.0,22,30.424455
1.0,25,30.434067
1.0,14,30.43939
1.0,27,30.449677
1.0,31,30.461422
0.0,23,30.470071
1.0,12,30.474667
0.0,6,30.476991
1.0,31,30.488843
1.0,30,30.500418
1.0,11,30.504599
0.0,6,30.506944
0.0,9,30.510413
1.0,30,30.521683
1.0,11,30.525821
1.0,23,30.534537
1.0,34,30.547358
1.0,27,30.557639
1.0,11,30.561817
1.0,27,30.571983
1.0,39,30.586708
1.0,33,30.599195
1.0,11,30.603329
1.0,27,30.613503
0.0,4,30.615049
1.0,25,30.624604
1.0,13,30.62943
1.0,30,30.64067
1.0,32,30.652692
0.0,10,30.656466
1.0,16,30.66249
1.0,28,30.673167
1.0,29,30.684133
1.0,28,30.694597
1.0,12,30.699067
1.0,27,30.709115
1.0,33,30.721392
1.0,30,30.732658
1.0,11,30.736797
1.0,23,30.745347
1.0,34,30.758059
0.0,17,30.764518
1.0,14,30.769725
0.0,18,30.77641
1.0,31,30.787977
0.0,8,30.791013
1.0,11,30.795117
0.0,12,30.799733
1.0,30,30.811024
1.0,27,30.821153
1.0,11,30.825278
1.0,26,30.835033
1.0,41,30.850482
1.0,25,30.859945
1.0,14,30.865222
0.0,10,30.869053
0.0,19,30.876087
1.0,28,30.886675
0.0,7,30.889314
1.0,25,30.898666
1.0,34,30.911334
1.0,29,30.922433
1.0,11,30.926687
1.0,25,30.936351
1.0,32,30.948632
1.0,29,30.959842
1.0,15,30.965618
1.0,25,30.975156
1.0,38,30.989779
1.0,33,31.002457
1.0,11,31.006743
1.0,25,31.016204
1.0,32,31.0288
1.0,27,31.039343
1.0,14,31.044803
1.0,29,31.055949
0.0,24,31.06521
1.0,29,31.076487
1.0,12,31.081012
1.0,23,31.089733
1.0,35,31.10292
0.0,14,31.108248
1.0,11,31.112381
1.0,23,31.120936
1.0,32,31.132915
1.0,33,31.145393
1.0,12,31.149797
0.0,9,31.153171
1.0,38,31.167408
1.0,32,31.179499
1.0,13,31.184384
1.0,23,31.192993
1.0,33,31.20535
1.0,28,31.216147
1.0,11,31.220282
1.0,27,31.230415
1.0,35,31.243403
1.0,29,31.254084
1.0,11,31.258216
1.0,28,31.268651
1.0,39,31.283217
1.0,31,31.294823
0.0,11,31.299057
0.0,19,31.306257
0.0,9,31.30969
1.0,28,31.320088
1.0,11,31.32429
1.0,25,31.333753
1.0,32,31.34584
1.0,25,31.355489
1.0,11,31.359688
1.0,23,31.368462
1.0,40,31.383464
1.0,29,31.394359
1.0,13,31.399292
1.0,26,31.409083
0.0,6,31.411411
0.0,4,31.413056
1.0,11,31.417226
1.0,29,31.428191
1.0,29,31.439177
1.0,28,31.449874
1.0,11,31.45406
1.0,27,31.464198
1.0,31,31.475891
0.0,14,31.481218
1.0,12,31.485727
1.0,28,31.496331
1.0,29,31.507363
0.0,6,31.509763
1.0,11,31.513961
1.0,31,31.525923
0.0,7,31.528676
0.0,20,31.536375
1.0,11,31.540603
1.0,29,31.551625
1.0,31,31.563425
0.0,14,31.568793
1.0,15,31.574596
1.0,27,31.584868
1.0,30,31.596487
0.0,16,31.602654
1.0,13,31.607644
1.0,25,31.617387
1.0,34,31.630409
1.0,29,31.641494
1.0,13,31.646499
0.0,4,31.648032
1.0,32,31.660344
1.0,27,31.670788
1.0,11,31.675062
1.0,32,31.687034
1.0,29,31.698086
1.0,32,31.710382
1.0,11,31.71455
1.0,25,31.723989
1.0,26,31.733784
1.0,25,31.74324
1.0,11,31.747396
1.0,25,31.756679
0.0,4,31.758214
1.0,25,31.767771
1.0,11,31.771903
0.0,9,31.775294
1.0,32,31.78703
1.0,26,31.796881
1.0,16,31.802737
1.0,25,31.812137
1.0,32,31.824166
0.0,16,31.830151
1.0,13,31.835022
1.0,24,31.84398
0.0,31,31.855606
1.0,27,31.865787
1.0,11,31.86995
1.0,27,31.879947
0.0,7,31.88261
1.0,27,31.892801
1.0,11,31.896925
1.0,25,31.906338
1.0,32,31.918345
1.0,29,31.929173
1.0,12,31.933683
1.0,23,31.94225
1.0,36,31.955719
1.0,27,31.965904
1.0,14,31.971141
1.0,31,31.982763
1.0,31,31.994405
0.0,19,32.001488
1.0,11,32.005605
1.0,23,32.014136
0.0,6,32.016426
1.0,35,32.029746
1.0,11,32.033858
1.0,25,32.043319
0.0,11,32.047503
1.0,27,32.057742
1.0,17,32.064106
1.0,27,32.074259
1.0,32,32.086262
1.0,25,32.095742
1.0,17,32.102012
1.0,27,32.112155
1.0,32,32.124101
0.0,16,32.130078
1.0,15,32.135718
1.0,25,32.145122
1.0,31,32.156696
1.0,29,32.167701
1.0,11,32.171915
1.0,26,32.181837
0.0,9,32.185404
1.0,27,32.195901
1.0,13,32.200922
1.0,25,32.210495
0.0,21,32.218587
1.0,26,32.228722
1.0,16,32.234866
1.0,23,32.243731
0.0,6,32.246051
1.0,25,32.255816
1.0,11,32.259994
1.0,23,32.268623
0.0,19,32.275829
0.0,17,32.282268
1.0,11,32.286362
1.0,25,32.295721
1.0,29,32.306524
0.0,14,32.311821
1.0,13,32.316685
0.0,4,32.318216
1.0,35,32.331421
1.0,27,32.341703
1.0,13,32.346545
1.0,29,32.357309
1.0,34,32.370064
1.0,25,32.37947
1.0,13,32.384339
0.0,19,32.391541
1.0,31,32.403148
1.0,29,32.414065
1.0,12,32.418548
0.0,16,32.424574
0.0,20,32.432078
0.0,16,32.438058
1.0,13,32.44292
1.0,24,32.451957
1.0,30,32.463218
0.0,14,32.468456
0.0,4,32.469949
1.0,24,32.478808
1.0,29,32.489702
0.0,24,32.49877
1.0,12,32.503226
0.0,4,32.504738
0.0,6,32.507029
1.0,31,32.518734
1.0,11,32.522853
1.0,25,32.532153
0.0,16,32.538175
1.0,30,32.549578
1.0,11,32.55375
0.0,18,32.560435
1.0,35,32.573618
1.0,25,32.583174
1.0,11,32.587414
1.0,23,32.596196
1.0,29,32.60708
0.0,6,32.609356
1.0,11,32.613543
1.0,23,32.622265
1.0,36,32.635893
1.0,29,32.647025
1.0,11,32.65116
1.0,25,32.660486
0.0,2,32.661259
1.0,28,32.671802
1.0,16,32.677766
1.0,25,32.687003
1.0,35,32.700125
1.0,27,32.710385
1.0,13,32.71531
1.0,23,32.723841
1.0,30,32.735094
1.0,25,32.744687
1.0,11,32.748826
1.0,25,32.758245
1.0,31,32.770011
0.0,10,32.773861
1.0,11,32.778
0.0,15,32.783642
1.0,33,32.796016
0.0,6,32.798288
1.0,14,32.803522
1.0,27,32.813664
0.0,15,32.819276
0.0,19,32.826452
1.0,13,32.831326
1.0,28,32.841992
1.0,29,32.852844
1.0,31,32.864488
1.0,12,32.86898
1.0,27,32.879126
1.0,35,32.89226
1.0,28,32.902769
1.0,11,32.906882
1.0,26,32.91655
1.0,38,32.930742
1.0,27,32.940902
1.0,13,32.945776
1.0,23,32.954436
0.0,23,32.962967
1.0,30,32.974285
0.0,4,32.975827
1.0,25,32.985202
1.0,31,32.996844
1.0,27,33.007086
0.0,13,33.011997
0.0,19,33.019121
1.0,32,33.031092
1.0,33,33.043625
1.0,15,33.049323
0.0,14,33.054541
1.0,32,33.066524
1.0,30,33.077847
1.0,11,33.082026
1.0,27,33.092233
1.0,35,33.105411
0.0,15,33.11116
1.0,12,33.115692
0.0,16,33.121843
1.0,31,33.13358
1.0,25,33.143052
1.0,11,33.147197
0.0,15,33.152867
1.0,30,33.164178
1.0,31,33.175883
1.0,13,33.180842
1.0,26,33.190614
0.0,18,33.197354
1.0,27,33.207519
1.0,11,33.211697
1.0,27,33.221972
0.0,25,33.231482
1.0,29,33.242503
1.0,15,33.248299
1.0,29,33.259305
1.0,30,33.270636
0.0,19,33.277806
1.0,13,33.282696
0.0,19,33.289965
1.0,31,33.301695
1.0,25,33.311214
1.0,11,33.315373
1.0,33,33.327556
0.0,15,33.333191
1.0,27,33.343471
1.0,13,33.348462
1.0,23,33.357317
1.0,33,33.369838
1.0,27,33.380431
1.0,12,33.385047
0.0,14,33.390349
0.0,8,33.39343
1.0,29,33.404606
1.0,15,33.41027
1.0,23,33.419039
1.0,34,33.431973
0.0,16,33.43805
1.0,12,33.442611
1.0,27,33.453066
0.0,24,33.46209
1.0,27,33.472443
1.0,13,33.477403
1.0,27,33.487564
1.0,34,33.500291
1.0,26,33.51008
0.0,12,33.514614
1.0,23,33.523273
1.0,33,33.535748
1.0,27,33.546063
1.0,11,33.550261
1.0,27,33.560536
1.0,40,33.57546
1.0,32,33.587621
1.0,11,33.59182
0.0,22,33.600172
0.0,32,33.612426
1.0,25,33.621925
1.0,12,33.626367
0.0,16,33.632431
1.0,31,33.644041
1.0,26,33.653855
0.0,2,33.654628
1.0,35,33.667922
0.0,24,33.677053
1.0,35,33.690339
1.0,11,33.694463
0.0,12,33.699048
1.0,33,33.711416
1.0,25,33.720963
0.0,8,33.723993
0.0,6,33.726259
1.0,30,33.737422
1.0,27,33.747705
1.0,15,33.75329
1.0,23,33.761992
1.0,29,33.772957
1.0,29,33.783886
1.0,13,33.78869
0.0,4,33.790195
1.0,37,33.804007
1.0,27,33.814214
1.0,11,33.818379
1.0,30,33.82961
1.0,29,33.840549
1.0,28,33.851117
0.0,7,33.853826
1.0,28,33.864079
0.0,26,33.873824
0.0,6,33.876117
1.0,15,33.881694
1.0,27,33.891838
1.0,31,33.903514
1.0,26,33.913477
0.0,8,33.916646
1.0,25,33.926295
1.0,29,33.937387
1.0,25,33.946873
1.0,16,33.952887
1.0,32,33.96501
0.0,19,33.97234
1.0,30,33.983827
1.0,11,33.988042
1.0,25,33.997571
1.0,31,34.009372
1.0,27,34.019593
1.0,11,34.023782
0.0,20,34.031324
0.0,23,34.040094
1.0,26,34.050027
1.0,11,34.054156
1.0,27,34.064496
1.0,29,34.075447
1.0,25,34.084925
1.0,13,34.089855
1.0,25,34.099274
1.0,35,34.112363
1.0,34,34.125238
1.0,16,34.131356
1.0,25,34.140889
1.0,33,34.153447
1.0,25,34.162966
0.0,6,34.165312
1.0,23,34.174021
1.0,31,34.185674
0.0,14,34.191009
1.0,15,34.196696
1.0,25,34.206109
1.0,32,34.218151
1.0,30,34.229649
1.0,13,34.234618
1.0,25,34.244282
1.0,34,34.257408
1.0,29,34.268873
0.0,8,34.272008
0.0,16,34.278119
0.0,21,34.286075
1.0,27,34.296411
1.0,11,34.300539
1.0,23,34.309114
1.0,34,34.321959
1.0,27,34.332171
1.0,11,34.336294
1.0,23,34.345035
1.0,31,34.356824
0.0,4,34.358355
1.0,13,34.363235
1.0,23,34.372071
1.0,38,34.386385
1.0,25,34.395918
1.0,13,34.400801
1.0,29,34.411743
0.0,25,34.420866
1.0,31,34.432485
1.0,13,34.437425
1.0,24,34.446428
1.0,32,34.458501
1.0,29,34.469203
1.0,13,34.474197
1.0,23,34.482887
1.0,36,34.496475
1.0,25,34.505939
1.0,13,34.510867
0.0,4,34.512379
0.0,7,34.515079
1.0,29,34.526084
1.0,17,34.532486
0.0,8,34.535525
0.0,29,34.546471
1.0,34,34.559249
1.0,11,34.563378
1.0,28,34.573868
0.0,21,34.581823
0.0,12,34.586465
1.0,12,34.591105
1.0,30,34.602442
1.0,30,34.613953
0.0,21,34.621803
1.0,12,34.626281
1.0,27,34.636479
1.0,34,34.649309
1.0,26,34.659213
1.0,12,34.663735
0.0,19,34.67088
0.0,9,34.674415
0.0,21,34.6825
1.0,13,34.687468
1.0,28,34.697898
1.0,34,34.710751
1.0,29,34.721765
1.0,14,34.727109
1.0,23,34.73581
0.0,11,34.739945
1.0,26,34.749732
1.0,11,34.753926
1.0,25,34.763346
0.0,27,34.773664
1.0,26,34.783698
1.0,11,34.787905
1.0,27,34.798103
1.0,35,34.811392
1.0,29,34.822379
1.0,12,34.826874
1.0,27,34.83678
1.0,33,34.849106
0.0,7,34.851739
1.0,11,34.855901
1.0,25,34.865314
1.0,32,34.87735
1.0,29,34.888505
1.0,13,34.893375
1.0,27,34.903448
1.0,35,34.916584
1.0,25,34.926138
1.0,11,34.930305
1.0,26,34.940278
1.0,31,34.952217
1.0,31,34.964175
1.0,11,34.968427
1.0,26,34.978416
1.0,29,34.989291
1.0,29,35.000234
1.0,11,35.004357
0.0,16,35.01039
1.0,34,35.023365
1.0,27,35.033717
1.0,11,35.037908
1.0,25,35.047445
1.0,32,35.059602
1.0,25,35.069238
1.0,13,35.074166
1.0,25,35.083665
1.0,31,35.095389
1.0,25,35.104893
1.0,15,35.110512
1.0,25,35.119845
1.0,31,35.131356
1.0,25,35.140961
1.0,11,35.145064
0.0,21,35.153134
1.0,29,35.164187
0.0,6,35.166471
0.0,9,35.169878
1.0,23,35.178661
1.0,33,35.191272
0.0,16,35.19735
1.0,11,35.201555
1.0,24,35.210742
1.0,33,35.223437
1.0,28,35.234222
1.0,11,35.238417
1.0,25,35.247971
1.0,32,35.260292
1.0,28,35.270981
1.0,11,35.275265
1.0,23,35.283959
1.0,30,35.295382
1.0,27,35.305645
0.0,4,35.307202
1.0,32,35.319358
1.0,37,35.333413
0.0,4,35.334976
1.0,13,35.33987
1.0,25,35.349241
1.0,31,35.360974
1.0,32,35.373085
1.0,13,35.378057
1.0,24,35.387189
1.0,37,35.400978
1.0,35,35.414151
0.0,2,35.414922
1.0,23,35.423555
1.0,33,35.435882
1.0,28,35.448747
1.0,11,35.453065
1.0,27,35.463243
1.0,35,35.476527
1.0,25,35.486037
1.0,11,35.490171
1.0,32,35.502408
1.0,33,35.514846
1.0,27,35.525159
1.0,13,35.530087
1.0,23,35.538703
1.0,35,35.551711
1.0,30,35.56295
1.0,11,35.567133
0.0,12,35.571716
0.0,19,35.578825
1.0,25,35.588495
1.0,11,35.592698
0.0,19,35.599971
1.0,35,35.613183
1.0,27,35.623443
1.0,11,35.627645
1.0,23,35.636319
1.0,35,35.649607
1.0,32,35.661914
1.0,11,35.666132
1.0,25,35.675529
0.0,19,35.682705
1.0,30,35.694203
1.0,11,35.698442
1.0,23,35.707179
1.0,31,35.71892
1.0,25,35.728615
1.0,11,35.732824
1.0,27,35.743011
1.0,33,35.755546
1.0,29,35.766618
1.0,13,35.771527
1.0,25,35.781132
1.0,29,35.792104
1.0,29,35.803142
1.0,11,35.807276
1.0,23,35.815858
1.0,36,35.82948
0.0,16,35.835559
1.0,12,35.840071
0.0,4,35.841582
1.0,29,35.852641
0.0,16,35.858832
1.0,13,35.863751
1.0,24,35.872873
1.0,35,35.886153
1.0,26,35.896167
1.0,14,35.901577
1.0,26,35.911596
1.0,31,35.923382
1.0,29,35.934441
1.0,13,35.939383
1.0,27,35.949633
1.0,33,35.962019
0.0,18,35.968742
0.0,4,35.970273
1.0,23,35.978998
1.0,32,35.991045
1.0,27,36.001086
1.0,12,36.005583
1.0,27,36.015626
1.0,38,36.029892
0.0,17,36.036276
1.0,11,36.040445
1.0,23,36.049109
1.0,38,36.063288
0.0,25,36.072653
1.0,11,36.076781
1.0,35,36.089945
0.0,21,36.09781
1.0,31,36.109629
1.0,11,36.113756
1.0,27,36.12393
1.0,31,36.135567
1.0,31,36.147512
1.0,13,36.152519
0.0,12,36.157128
0.0,11,36.161312
1.0,27,36.171751
1.0,11,36.175971
1.0,25,36.185458
0.0,4,36.187001
1.0,35,36.200448
1.0,13,36.205395
0.0,20,36.213006
1.0,41,36.228662
1.0,25,36.23817
1.0,11,36.242401
1.0,23,36.251114
1.0,30,36.262492
1.0,27,36.272771
1.0,11,36.276977
1.0,23,36.285716
0.0,18,36.292565
0.0,20,36.300152
1.0,16,36.30618
1.0,29,36.317126
1.0,31,36.329109
1.0,29,36.340461
1.0,13,36.345413
1.0,25,36.355073
1.0,36,36.368885
1.0,27,36.379273
0.0,4,36.380846
1.0,24,36.389953
1.0,33,36.402395
1.0,27,36.41259
1.0,11,36.416717
1.0,27,36.426681
1.0,38,36.440905
1.0,25,36.45031
1.0,11,36.454439
0.0,4,36.455956
1.0,30,36.467183
1.0,28,36.477771
1.0,11,36.481921
1.0,31,36.493531
1.0,30,36.504767
0.0,15,36.510434
1.0,12,36.514976
1.0,25,36.524397
1.0,30,36.535696
0.0,31,36.547317
1.0,14,36.552557
1.0,29,36.563384
1.0,31,36.574998
1.0,25,36.58453
0.0,6,36.586827
0.0,17,36.59327
1.0,32,36.605314
1.0,25,36.614785
0.0,9,36.618272
0.0,20,36.625882
0.0,26,36.635642
1.0,30,36.647065
0.0,6,36.649397
0.0,19,36.65653
1.0,33,36.668856
0.0,16,36.674872
1.0,13,36.67974
1.0,26,36.68959
1.0,30,36.700925
1.0,25,36.710478
1.0,11,36.714608
1.0,25,36.724233
1.0,34,36.736978
0.0,6,36.739274
1.0,11,36.743463
1.0,27,36.753667
1.0,30,36.765096
0.0,12,36.769646
1.0,12,36.774184
1.0,26,36.78409
0.0,19,36.791398
1.0,27,36.801768
1.0,11,36.805879
1.0,25,36.815222
0.0,16,36.821323
1.0,26,36.83121
1.0,11,36.83539
1.0,26,36.845271
1.0,31,36.857092
1.0,25,36.866729
1.0,11,36.870916
1.0,25,36.880534
1.0,29,36.891603
1.0,36,36.90528
1.0,11,36.909415
1.0,23,36.918022
1.0,35,36.931373
1.0,27,36.941874
1.0,12,36.946311
0.0,19,36.95349
1.0,35,36.966703
1.0,29,36.977816
1.0,11,36.98196
1.0,31,36.993677
1.0,34,37.006436
1.0,26,37.016379
1.0,11,37.020497
1.0,27,37.030653
1.0,31,37.042334
1.0,27,37.052567
1.0,12,37.057063
0.0,18,37.063876
1.0,35,37.076958
1.0,32,37.088971
1.0,11,37.09311
1.0,27,37.10321
0.0,9,37.10658
1.0,29,37.117524
1.0,14,37.122766
0.0,18,37.129573
1.0,29,37.140474
0.0,4,37.142001
1.0,11,37.146129
0.0,23,37.154784
1.0,33,37.167196
1.0,30,37.178403
1.0,13,37.183343
1.0,25,37.192689
1.0,34,37.205421
1.0,27,37.215591
1.0,11,37.219721
1.0,24,37.228651
1.0,32,37.240474
1.0,30,37.251811
1.0,11,37.255935
1.0,25,37.265207
0.0,7,37.267867
1.0,25,37.277377
0.0,6,37.279656
1.0,25,37.289076
1.0,38,37.303288
0.0,21,37.311167
1.0,14,37.316402
1.0,28,37.326793
1.0,37,37.340732
1.0,25,37.350222
1.0,11,37.354339
0.0,4,37.355861
1.0,30,37.367171
1.0,28,37.377769
1.0,16,37.383738
0.0,6,37.386067
1.0,31,37.397645
1.0,30,37.409209
1.0,13,37.414093
0.0,13,37.419062
1.0,37,37.433004
1.0,27,37.443236
1.0,13,37.448168
1.0,24,37.457258
1.0,33,37.469702
1.0,27,37.479959
1.0,13,37.484827
0.0,16,37.490774
1.0,32,37.502769
0.0,14,37.508118
0.0,2,37.508889
1.0,26,37.518649
1.0,33,37.530958
0.0,4,37.532623
1.0,11,37.536739
1.0,26,37.546497
0.0,2,37.547325
1.0,27,37.55751
1.0,12,37.561915
1.0,28,37.572482
1.0,31,37.584188
1.0,33,37.596747
0.0,10,37.600598
1.0,23,37.609272
1.0,25,37.618719
1.0,27,37.629057
1.0,12,37.633607
1.0,24,37.642612
0.0,12,37.647266
1.0,27,37.657538
1.0,11,37.661665
1.0,23,37.670398
0.0,14,37.675677
1.0,31,37.687325
0.0,2,37.688101
1.0,29,37.698945
1.0,32,37.711024
1.0,30,37.722536
