# {"t_start": 1598544229.086756, "env_id": "Office-v0"} 
r,l,t
0.0,5,0.002886
0.0,17,0.008511
0.0,2,0.009179
0.0,62,0.029101
0.0,8,0.031793
0.0,29,0.041138
0.0,42,0.054584
0.0,14,0.059118
0.0,29,0.068419
0.0,110,0.103903
0.0,70,0.126367
0.0,19,0.132478
1.0,115,0.17009
0.0,55,0.191365
0.0,43,0.205686
0.0,50,0.221968
1.0,47,0.237203
0.0,163,0.289871
0.0,72,0.313112
0.0,11,0.316689
0.0,29,0.325974
0.0,156,0.375987
0.0,33,0.386528
0.0,37,0.398342
0.0,56,0.416079
0.0,51,0.432205
0.0,61,0.451546
0.0,90,0.480222
1.0,18,0.485979
0.0,140,0.530671
0.0,40,0.543488
0.0,38,0.555731
1.0,22,0.562783
0.0,91,0.592158
0.0,105,0.62585
0.0,99,0.657387
1.0,11,0.660953
0.0,64,0.68132
0.0,45,0.695712
0.0,140,0.740904
1.0,13,0.745116
0.0,52,0.761852
0.0,26,0.770076
0.0,74,0.793801
1.0,13,0.797925
1.0,233,0.872458
1.0,156,0.922524
0.0,198,0.986465
1.0,13,0.990673
1.0,202,1.054666
0.0,4,1.05602
0.0,163,1.108563
1.0,13,1.112808
1.0,71,1.135645
0.0,99,1.167037
0.0,38,1.179082
0.0,4,1.180359
1.0,84,1.206823
0.0,50,1.222713
0.0,820,1.485449
1.0,11,1.489031
1.0,64,1.509213
0.0,116,1.545956
0.0,101,1.57825
1.0,12,1.582155
1.0,86,1.6097
0.0,96,1.640638
0.0,326,1.744315
1.0,13,1.74848
0.0,27,1.757188
0.0,21,1.763884
0.0,354,1.87597
1.0,11,1.879524
1.0,101,1.911803
0.0,231,1.985461
0.0,77,2.010189
1.0,13,2.014413
1.0,73,2.037995
0.0,98,2.069664
0.0,74,2.093617
0.0,7,2.095943
1.0,45,2.110358
0.0,155,2.15995
0.0,34,2.171077
1.0,11,2.174676
1.0,83,2.204012
0.0,23,2.211577
0.0,16,2.216811
1.0,15,2.221711
1.0,52,2.238547
1.0,157,2.289376
0.0,369,2.408961
1.0,13,2.413234
1.0,99,2.44526
1.0,64,2.465948
0.0,646,2.671778
1.0,13,2.675983
1.0,75,2.699831
0.0,60,2.718933
0.0,43,2.732846
1.0,13,2.737019
1.0,58,2.755511
1.0,72,2.778562
0.0,123,2.818213
1.0,11,2.82182
1.0,36,2.833584
0.0,23,2.841182
0.0,542,3.016166
1.0,11,3.019751
1.0,28,3.028714
0.0,19,3.034763
0.0,25,3.04276
1.0,11,3.046308
1.0,26,3.054625
0.0,37,3.066436
0.0,260,3.149808
1.0,11,3.153432
1.0,23,3.160891
1.0,145,3.208131
0.0,419,3.342217
1.0,11,3.345816
1.0,34,3.356557
0.0,17,3.362078
0.0,55,3.379627
1.0,11,3.383127
0.0,12,3.386919
1.0,36,3.398669
0.0,43,3.412598
1.0,15,3.41745
1.0,25,3.425537
1.0,35,3.436804
0.0,196,3.499199
0.0,2,3.499868
0.0,6,3.501853
0.0,18,3.507514
0.0,313,3.606251
1.0,11,3.609772
1.0,31,3.619514
1.0,23,3.626748
1.0,37,3.63839
1.0,11,3.641882
1.0,27,3.650362
1.0,25,3.658185
0.0,362,3.771549
1.0,11,3.775062
1.0,25,3.782993
1.0,32,3.79301
0.0,357,3.907431
1.0,11,3.910989
1.0,27,3.91966
1.0,24,3.927402
0.0,450,4.071872
1.0,11,4.075516
1.0,27,4.084365
1.0,28,4.093401
0.0,17,4.098961
1.0,11,4.102589
0.0,4,4.10391
1.0,23,4.111377
0.0,422,4.247997
1.0,13,4.252281
0.0,4,4.253597
1.0,25,4.261759
0.0,172,4.317941
1.0,11,4.321593
0.0,7,4.323903
1.0,24,4.331739
1.0,108,4.367037
1.0,13,4.371292
0.0,4,4.372616
1.0,30,4.382302
0.0,113,4.419021
0.0,7,4.421356
1.0,25,4.429505
1.0,24,4.437298
0.0,27,4.445895
1.0,11,4.449388
1.0,23,4.456627
1.0,23,4.463885
1.0,37,4.475554
0.0,7,4.477787
1.0,23,4.485046
1.0,28,4.493847
1.0,35,4.504953
1.0,13,4.509078
1.0,23,4.516332
0.0,6,4.518242
0.0,2,4.518891
1.0,11,4.522439
1.0,27,4.530914
1.0,23,4.538413
0.0,747,4.774048
1.0,14,4.778466
1.0,29,4.789852
0.0,8,4.792517
1.0,31,4.802488
1.0,15,4.807284
1.0,23,4.814526
1.0,26,4.822835
1.0,27,4.831331
0.0,4,4.832607
1.0,25,4.840516
1.0,24,4.848069
0.0,10,4.851227
1.0,13,4.855338
1.0,25,4.863202
1.0,23,4.87042
1.0,29,4.879544
1.0,15,4.884305
1.0,25,4.892329
1.0,23,4.899659
1.0,35,4.910842
1.0,12,4.91471
1.0,25,4.922683
1.0,27,4.931363
1.0,36,4.942803
1.0,14,4.947284
1.0,25,4.955132
1.0,23,4.962367
1.0,32,4.972436
1.0,11,4.975922
1.0,25,4.983812
1.0,25,4.991648
1.0,32,5.001674
1.0,15,5.006446
0.0,19,5.012415
1.0,27,5.020999
1.0,27,5.029486
1.0,12,5.033278
1.0,31,5.042962
1.0,23,5.05019
0.0,14,5.054615
1.0,13,5.058722
1.0,23,5.06595
0.0,19,5.071949
1.0,28,5.080734
1.0,11,5.084223
1.0,30,5.093633
0.0,4,5.094923
0.0,8,5.097446
1.0,11,5.100924
1.0,29,5.110085
1.0,23,5.117316
1.0,29,5.12644
0.0,6,5.128354
1.0,27,5.136826
1.0,26,5.144993
1.0,31,5.154719
1.0,11,5.158195
1.0,29,5.16729
1.0,27,5.175788
1.0,37,5.18737
1.0,13,5.191477
1.0,24,5.198995
1.0,31,5.208764
1.0,31,5.21851
1.0,16,5.223611
1.0,27,5.232167
1.0,23,5.239396
1.0,29,5.248516
1.0,11,5.252068
1.0,23,5.259506
1.0,26,5.267899
1.0,32,5.278268
1.0,11,5.281841
1.0,27,5.290459
0.0,4,5.291779
1.0,27,5.300391
1.0,11,5.303958
1.0,25,5.311814
1.0,24,5.319453
0.0,21,5.326169
1.0,14,5.330685
1.0,23,5.338069
1.0,26,5.346411
0.0,22,5.353477
1.0,11,5.356999
1.0,27,5.365684
1.0,27,5.374304
1.0,29,5.383652
1.0,11,5.387199
1.0,23,5.394472
1.0,27,5.403072
0.0,18,5.408853
1.0,11,5.412395
1.0,27,5.421005
1.0,23,5.428456
0.0,23,5.435844
1.0,11,5.43942
1.0,27,5.448069
1.0,23,5.455484
1.0,31,5.465439
0.0,4,5.466749
1.0,29,5.476033
1.0,27,5.484718
1.0,28,5.493563
0.0,6,5.495479
1.0,25,5.503367
1.0,23,5.510614
1.0,27,5.519101
1.0,13,5.523254
0.0,16,5.528292
1.0,23,5.535534
0.0,4,5.536809
1.0,11,5.540294
1.0,25,5.548117
1.0,25,5.555947
1.0,27,5.564428
1.0,11,5.567898
1.0,23,5.575108
1.0,24,5.582633
0.0,19,5.588609
0.0,9,5.591516
1.0,33,5.601843
1.0,27,5.610381
1.0,31,5.620142
0.0,9,5.62298
1.0,23,5.630219
1.0,23,5.637576
1.0,27,5.646076
1.0,11,5.649563
1.0,29,5.658653
1.0,23,5.665879
0.0,12,5.66967
1.0,11,5.673153
1.0,25,5.68101
1.0,24,5.688534
1.0,25,5.696515
0.0,14,5.700996
1.0,25,5.708993
1.0,23,5.716346
0.0,21,5.722949
1.0,12,5.726736
1.0,23,5.733966
1.0,25,5.741826
0.0,4,5.743105
1.0,11,5.746571
1.0,23,5.753801
1.0,27,5.762256
0.0,10,5.765419
1.0,13,5.769512
0.0,6,5.77142
1.0,29,5.780537
1.0,27,5.789088
0.0,4,5.790371
1.0,27,5.798839
0.0,6,5.80076
1.0,28,5.809601
1.0,12,5.813373
1.0,25,5.82123
1.0,23,5.82847
1.0,30,5.838186
1.0,11,5.841736
1.0,24,5.84939
1.0,27,5.857998
0.0,6,5.85996
1.0,13,5.864118
1.0,26,5.872427
0.0,6,5.874336
1.0,28,5.883278
0.0,7,5.885574
1.0,27,5.894197
1.0,27,5.902849
0.0,25,5.910913
1.0,13,5.915146
1.0,27,5.923761
1.0,23,5.931145
1.0,25,5.939137
1.0,11,5.942681
1.0,23,5.949911
1.0,27,5.958438
1.0,27,5.966927
0.0,10,5.970101
1.0,25,5.977959
1.0,25,5.985863
0.0,16,5.990904
1.0,12,5.994685
0.0,14,5.99917
1.0,27,6.007697
1.0,28,6.016499
1.0,13,6.020631
1.0,28,6.029423
1.0,26,6.037656
1.0,27,6.046449
1.0,11,6.050004
1.0,26,6.058362
1.0,25,6.066351
1.0,27,6.074957
1.0,11,6.078574
1.0,23,6.085937
1.0,31,6.095813
1.0,29,6.10518
0.0,7,6.107439
0.0,9,6.110405
1.0,30,6.120075
1.0,25,6.128067
1.0,11,6.131614
1.0,26,6.139952
1.0,25,6.148001
0.0,21,6.15475
1.0,11,6.158334
1.0,23,6.165793
1.0,24,6.173561
0.0,23,6.180947
1.0,14,6.185459
0.0,4,6.18674
1.0,25,6.194768
1.0,31,6.204734
1.0,15,6.209562
0.0,17,6.214992
1.0,26,6.223385
0.0,6,6.225333
1.0,15,6.230138
0.0,20,6.236563
1.0,27,6.245294
1.0,32,6.255404
1.0,11,6.258902
1.0,25,6.266788
0.0,8,6.269346
1.0,26,6.277555
1.0,14,6.281981
1.0,26,6.290306
1.0,27,6.29898
1.0,28,6.308042
1.0,13,6.312245
1.0,25,6.320195
1.0,23,6.327595
0.0,12,6.331443
1.0,13,6.335667
0.0,12,6.33951
1.0,25,6.34744
1.0,30,6.356875
1.0,11,6.360355
1.0,24,6.367909
1.0,25,6.375784
1.0,25,6.383717
1.0,11,6.387203
1.0,27,6.395708
1.0,23,6.40302
1.0,27,6.411824
0.0,9,6.414683
1.0,26,6.422883
1.0,26,6.431027
1.0,32,6.441089
0.0,2,6.441741
0.0,10,6.444892
1.0,23,6.45223
1.0,28,6.46103
0.0,6,6.463011
1.0,27,6.471466
1.0,25,6.479319
0.0,23,6.48654
1.0,11,6.490019
1.0,27,6.498485
1.0,23,6.505755
0.0,10,6.508911
0.0,4,6.510185
1.0,25,6.518052
1.0,27,6.526592
0.0,16,6.531674
0.0,6,6.533616
1.0,29,6.542741
0.0,14,6.547174
1.0,28,6.555992
1.0,11,6.55949
0.0,8,6.562017
0.0,14,6.566422
1.0,29,6.575544
1.0,12,6.579349
1.0,24,6.586875
1.0,23,6.594158
0.0,25,6.602015
1.0,11,6.605528
1.0,23,6.612747
1.0,29,6.621833
1.0,29,6.630942
1.0,11,6.634426
1.0,24,6.641953
1.0,25,6.649805
1.0,25,6.6578
1.0,11,6.661279
1.0,27,6.669732
1.0,23,6.676966
1.0,29,6.686069
0.0,7,6.6883
1.0,27,6.696744
1.0,25,6.704605
1.0,30,6.714081
1.0,13,6.718183
1.0,32,6.728207
1.0,27,6.736676
1.0,26,6.744849
1.0,12,6.74864
1.0,25,6.756494
1.0,23,6.763706
1.0,27,6.772208
1.0,11,6.775691
1.0,29,6.784753
1.0,27,6.793226
0.0,19,6.799222
1.0,15,6.803946
1.0,23,6.81122
0.0,6,6.813123
1.0,25,6.820973
1.0,13,6.825099
1.0,23,6.832329
1.0,30,6.841751
1.0,27,6.850248
1.0,11,6.853727
1.0,28,6.86261
0.0,16,6.86765
1.0,26,6.875829
1.0,13,6.879936
1.0,23,6.887235
1.0,23,6.894583
1.0,30,6.904186
1.0,11,6.907762
1.0,25,6.915746
1.0,26,6.923938
1.0,25,6.931863
1.0,13,6.935984
1.0,34,6.946639
1.0,27,6.955088
1.0,26,6.963275
1.0,11,6.966755
1.0,27,6.975228
1.0,23,6.982494
1.0,27,6.990997
1.0,15,6.995733
1.0,26,7.003885
0.0,8,7.00646
1.0,27,7.015042
1.0,11,7.018523
1.0,24,7.026043
1.0,26,7.03423
1.0,25,7.0421
1.0,11,7.045588
1.0,27,7.054047
1.0,27,7.062685
1.0,26,7.070854
0.0,4,7.07214
1.0,31,7.081861
1.0,31,7.091561
1.0,29,7.100678
1.0,14,7.105108
1.0,23,7.112571
0.0,12,7.116478
1.0,28,7.125494
1.0,11,7.129048
1.0,27,7.137653
1.0,23,7.145018
1.0,28,7.153906
1.0,13,7.158075
1.0,25,7.166051
0.0,6,7.168005
1.0,27,7.176514
1.0,13,7.180661
1.0,24,7.188214
0.0,12,7.192004
1.0,25,7.200034
1.0,13,7.204221
0.0,8,7.206803
1.0,29,7.216205
1.0,29,7.225465
1.0,11,7.229019
0.0,22,7.236045
1.0,26,7.244433
1.0,34,7.255406
1.0,13,7.25965
1.0,28,7.268635
0.0,4,7.269917
0.0,6,7.271819
1.0,14,7.27623
1.0,26,7.284393
1.0,30,7.293804
0.0,19,7.299791
1.0,15,7.304522
0.0,16,7.309577
1.0,25,7.317443
1.0,27,7.325923
1.0,11,7.329401
1.0,23,7.336611
1.0,25,7.344471
1.0,31,7.354263
1.0,11,7.35774
1.0,36,7.36901
1.0,26,7.377167
1.0,29,7.386285
1.0,11,7.389771
1.0,28,7.398585
1.0,29,7.407856
1.0,25,7.415735
1.0,13,7.419873
1.0,30,7.429432
0.0,4,7.430713
1.0,29,7.439788
1.0,11,7.443266
1.0,24,7.450763
1.0,27,7.459234
1.0,27,7.467793
1.0,16,7.472875
1.0,27,7.481472
1.0,25,7.489452
1.0,29,7.498668
1.0,15,7.503484
1.0,31,7.513411
0.0,21,7.520148
1.0,29,7.529452
1.0,13,7.533618
0.0,16,7.538704
1.0,27,7.5473
1.0,27,7.555969
0.0,2,7.556637
1.0,25,7.564647
1.0,23,7.57197
0.0,12,7.575771
1.0,11,7.579248
0.0,17,7.584588
0.0,4,7.585865
0.0,20,7.592139
1.0,11,7.595625
1.0,29,7.60474
1.0,25,7.612639
1.0,25,7.620523
1.0,11,7.624065
1.0,30,7.633455
1.0,30,7.642889
1.0,30,7.652364
1.0,11,7.655871
1.0,27,7.664411
1.0,27,7.673046
1.0,28,7.681914
1.0,13,7.686119
1.0,28,7.695037
0.0,6,7.697016
1.0,31,7.706985
0.0,8,7.709603
0.0,19,7.715683
0.0,16,7.72081
0.0,17,7.726211
1.0,13,7.730394
1.0,23,7.73776
1.0,23,7.745107
0.0,14,7.749578
1.0,11,7.753134
1.0,23,7.76049
1.0,25,7.768361
1.0,27,7.776861
1.0,11,7.780355
1.0,29,7.789448
0.0,8,7.791985
1.0,25,7.799881
1.0,11,7.803453
1.0,23,7.810852
1.0,24,7.818543
1.0,28,7.827492
1.0,11,7.83101
1.0,29,7.840112
0.0,6,7.842012
1.0,27,7.850502
0.0,2,7.851151
1.0,25,7.858974
1.0,27,7.867465
1.0,27,7.876016
1.0,12,7.879849
0.0,4,7.881118
1.0,28,7.889974
1.0,26,7.898264
1.0,11,7.901812
1.0,30,7.911388
1.0,31,7.921222
1.0,25,7.929242
1.0,13,7.933401
1.0,23,7.940751
1.0,25,7.94872
0.0,4,7.949996
1.0,11,7.953531
1.0,31,7.9633
0.0,23,7.970495
1.0,30,7.979953
1.0,11,7.983529
1.0,27,7.991988
0.0,21,7.998585
1.0,29,8.007756
1.0,11,8.01124
1.0,23,8.018474
1.0,23,8.025696
1.0,29,8.034817
1.0,11,8.038304
1.0,25,8.046145
1.0,23,8.053352
1.0,27,8.061838
1.0,11,8.065318
1.0,23,8.072539
0.0,6,8.074443
1.0,25,8.082453
1.0,11,8.085936
1.0,25,8.09377
1.0,26,8.101949
1.0,35,8.113015
1.0,11,8.116497
0.0,21,8.123089
1.0,23,8.130311
1.0,30,8.139724
1.0,11,8.143201
1.0,23,8.150398
1.0,28,8.159171
1.0,28,8.167998
1.0,15,8.172756
0.0,8,8.177357
1.0,27,8.18629
0.0,4,8.187633
0.0,6,8.18962
1.0,25,8.197918
1.0,23,8.205502
0.0,4,8.206819
1.0,11,8.210638
1.0,26,8.219375
0.0,19,8.22556
0.0,27,8.234276
1.0,11,8.237825
1.0,23,8.245171
1.0,23,8.252518
0.0,21,8.259334
1.0,11,8.262873
1.0,29,8.2721
1.0,23,8.279402
1.0,27,8.288161
1.0,13,8.292264
1.0,31,8.302083
1.0,25,8.310083
0.0,6,8.312018
0.0,7,8.314245
1.0,23,8.32154
1.0,31,8.331339
1.0,25,8.339322
1.0,11,8.342813
1.0,27,8.351378
1.0,25,8.35932
1.0,25,8.367278
1.0,11,8.370755
0.0,6,8.372659
1.0,25,8.380577
1.0,30,8.390292
0.0,6,8.392261
1.0,25,8.400215
1.0,23,8.40757
1.0,26,8.415874
1.0,11,8.419371
1.0,25,8.427264
1.0,25,8.43522
1.0,25,8.443232
1.0,11,8.446758
1.0,25,8.454751
1.0,29,8.464032
1.0,27,8.472683
0.0,8,8.475247
1.0,25,8.483216
1.0,26,8.491532
0.0,14,8.495927
1.0,11,8.499409
0.0,4,8.500674
1.0,27,8.509202
1.0,31,8.518963
0.0,2,8.519617
1.0,23,8.526847
1.0,26,8.534999
0.0,6,8.536905
1.0,11,8.540373
1.0,26,8.548545
1.0,27,8.557148
0.0,23,8.564465
0.0,6,8.566392
1.0,23,8.573674
1.0,25,8.581528
1.0,41,8.594356
1.0,13,8.598453
1.0,27,8.606958
1.0,24,8.614528
0.0,8,8.617051
1.0,13,8.621145
1.0,32,8.631132
0.0,5,8.632715
1.0,25,8.640551
1.0,13,8.644663
1.0,27,8.653326
1.0,29,8.662704
1.0,25,8.670923
1.0,11,8.674534
1.0,30,8.684379
1.0,29,8.693748
1.0,25,8.70183
1.0,13,8.706002
1.0,25,8.713921
0.0,5,8.715517
1.0,31,8.725216
1.0,11,8.7287
0.0,6,8.730593
1.0,23,8.737784
1.0,27,8.746431
1.0,11,8.749966
1.0,25,8.75792
1.0,28,8.7668
1.0,26,8.775101
1.0,14,8.779611
1.0,23,8.786935
1.0,29,8.796308
0.0,4,8.797579
1.0,11,8.801118
1.0,27,8.809686
0.0,14,8.814159
1.0,25,8.822063
1.0,14,8.826469
1.0,26,8.834613
1.0,25,8.842477
1.0,27,8.85094
1.0,13,8.855022
1.0,24,8.862543
1.0,23,8.86977
1.0,28,8.878555
1.0,11,8.882037
1.0,27,8.890556
1.0,23,8.898002
1.0,35,8.909353
1.0,11,8.912892
1.0,23,8.920219
1.0,27,8.928871
1.0,31,8.93873
1.0,16,8.943835
1.0,28,8.95275
1.0,26,8.961032
0.0,19,8.967336
1.0,11,8.970964
1.0,28,8.979887
1.0,30,8.989398
1.0,31,8.999191
1.0,12,9.002969
1.0,25,9.010862
1.0,26,9.018994
1.0,28,9.02779
0.0,2,9.028437
1.0,25,9.036271
1.0,23,9.043468
1.0,28,9.052259
1.0,11,9.055799
1.0,23,9.063179
1.0,28,9.072106
1.0,25,9.080067
1.0,11,9.083582
1.0,25,9.091536
0.0,16,9.096662
1.0,27,9.105397
1.0,11,9.108951
1.0,29,9.11807
1.0,27,9.126517
1.0,29,9.135657
1.0,11,9.139157
1.0,25,9.146973
1.0,23,9.154208
1.0,29,9.163303
1.0,11,9.16678
0.0,12,9.170566
1.0,29,9.179619
1.0,25,9.187463
1.0,11,9.190938
1.0,23,9.198136
1.0,23,9.205339
0.0,19,9.211358
1.0,14,9.215762
1.0,23,9.222984
1.0,23,9.230208
1.0,29,9.23929
1.0,11,9.242753
1.0,27,9.251223
1.0,25,9.25905
1.0,27,9.267532
1.0,11,9.271009
1.0,25,9.278912
1.0,25,9.286958
1.0,29,9.296305
1.0,11,9.29986
1.0,23,9.307321
1.0,23,9.314712
1.0,27,9.323348
0.0,9,9.326245
1.0,23,9.3336
0.0,4,9.334916
1.0,31,9.344841
1.0,11,9.348411
1.0,26,9.356722
1.0,25,9.364733
1.0,32,9.374975
1.0,15,9.379796
1.0,27,9.388366
0.0,19,9.394507
1.0,32,9.404799
1.0,15,9.409631
0.0,6,9.41161
1.0,29,9.420933
1.0,25,9.429061
1.0,12,9.432939
1.0,30,9.442567
1.0,27,9.451228
1.0,27,9.459911
0.0,11,9.463449
0.0,18,9.469187
1.0,24,9.476775
1.0,29,9.486022
1.0,11,9.48963
1.0,25,9.497609
1.0,23,9.505002
1.0,25,9.513193
0.0,10,9.516419
1.0,23,9.52386
1.0,23,9.531169
0.0,6,9.533123
1.0,11,9.536617
1.0,23,9.544017
1.0,27,9.552686
1.0,25,9.560719
1.0,11,9.564306
1.0,23,9.571698
1.0,25,9.579742
1.0,28,9.589
1.0,11,9.592583
1.0,28,9.601454
0.0,17,9.606893
1.0,30,9.616591
1.0,13,9.620777
1.0,29,9.630079
1.0,29,9.639393
0.0,12,9.643195
1.0,12,9.647012
1.0,28,9.655902
1.0,29,9.665205
1.0,29,9.674551
1.0,14,9.679074
1.0,29,9.688354
1.0,25,9.696344
0.0,19,9.702379
1.0,11,9.705982
1.0,23,9.713558
1.0,25,9.721581
1.0,27,9.730255
1.0,11,9.733844
1.0,33,9.744284
1.0,29,9.753451
0.0,10,9.756594
1.0,11,9.760068
1.0,25,9.768051
1.0,27,9.776618
1.0,29,9.78574
1.0,11,9.789314
1.0,27,9.797791
1.0,25,9.805641
1.0,29,9.814784
1.0,13,9.818892
1.0,33,9.829223
0.0,18,9.834871
1.0,27,9.84337
0.0,7,9.845592
1.0,25,9.853452
0.0,8,9.855995
1.0,26,9.864157
1.0,11,9.867627
1.0,25,9.875457
1.0,29,9.884552
1.0,25,9.89253
1.0,12,9.896384
1.0,28,9.905312
1.0,30,9.91484
1.0,28,9.923801
1.0,13,9.927972
1.0,23,9.935199
1.0,31,9.944929
1.0,26,9.953063
1.0,11,9.956534
1.0,25,9.96437
1.0,25,9.972223
1.0,27,9.980954
1.0,11,9.984538
1.0,25,9.992564
1.0,29,10.001764
1.0,25,10.009794
1.0,12,10.013629
1.0,27,10.022216
1.0,28,10.031195
1.0,27,10.039833
1.0,11,10.043357
1.0,23,10.050679
1.0,23,10.058023
1.0,30,10.067626
1.0,13,10.071796
1.0,34,10.082634
1.0,25,10.090704
1.0,30,10.100312
0.0,2,10.100961
0.0,19,10.106999
0.0,14,10.111544
1.0,25,10.119567
1.0,11,10.123157
1.0,23,10.13048
1.0,23,10.137826
1.0,32,10.148004
0.0,4,10.149301
1.0,23,10.156653
1.0,34,10.167414
1.0,29,10.176683
1.0,13,10.180847
1.0,27,10.189453
1.0,23,10.196741
1.0,27,10.205244
0.0,13,10.20938
1.0,29,10.218493
1.0,24,10.226048
1.0,29,10.235169
1.0,11,10.238638
1.0,27,10.247088
1.0,26,10.255231
0.0,23,10.262456
1.0,17,10.267815
1.0,25,10.275654
1.0,23,10.28288
1.0,33,10.293248
0.0,7,10.295479
1.0,25,10.303311
1.0,23,10.310573
1.0,29,10.319678
1.0,12,10.323473
1.0,23,10.330779
0.0,6,10.332697
1.0,27,10.34117
1.0,11,10.344648
1.0,26,10.352796
1.0,23,10.360063
1.0,32,10.370106
1.0,11,10.373581
1.0,28,10.382367
0.0,10,10.385531
1.0,27,10.39399
1.0,12,10.397777
1.0,25,10.405617
1.0,27,10.414089
1.0,28,10.422885
1.0,11,10.426376
1.0,30,10.435814
1.0,24,10.443388
1.0,27,10.451881
1.0,11,10.455366
1.0,25,10.463261
0.0,8,10.465797
1.0,36,10.477094
1.0,11,10.480575
1.0,27,10.489034
1.0,23,10.496419
1.0,27,10.50518
1.0,13,10.509421
1.0,25,10.517502
1.0,24,10.525285
0.0,14,10.529918
1.0,12,10.533758
1.0,23,10.541126
1.0,27,10.549807
0.0,19,10.555861
0.0,2,10.556512
1.0,27,10.565137
1.0,23,10.572447
1.0,27,10.581031
0.0,2,10.58168
1.0,25,10.589614
1.0,26,10.597917
1.0,26,10.606277
1.0,11,10.609883
1.0,31,10.619765
1.0,25,10.627789
1.0,25,10.635841
1.0,11,10.639403
1.0,23,10.646758
1.0,35,10.657941
1.0,31,10.667871
1.0,13,10.672059
0.0,21,10.678735
1.0,23,10.686043
1.0,32,10.696159
1.0,12,10.700062
0.0,18,10.705785
1.0,27,10.714482
1.0,28,10.72336
1.0,13,10.72745
1.0,27,10.736096
0.0,8,10.738646
1.0,29,10.747774
0.0,7,10.750003
0.0,17,10.755347
1.0,25,10.763197
0.0,6,10.765094
1.0,15,10.769819
1.0,25,10.777671
1.0,27,10.786149
1.0,27,10.794628
1.0,11,10.798105
0.0,8,10.800627
1.0,28,10.809389
0.0,10,10.812611
1.0,11,10.816087
1.0,28,10.824858
1.0,28,10.833649
1.0,25,10.84152
1.0,11,10.845003
1.0,25,10.852855
0.0,14,10.857265
0.0,12,10.861044
1.0,11,10.864517
1.0,30,10.873867
1.0,25,10.881709
1.0,29,10.890898
1.0,12,10.894748
1.0,23,10.902086
1.0,30,10.911698
1.0,27,10.920207
0.0,9,10.923056
0.0,14,10.927552
1.0,27,10.936059
1.0,30,10.945514
1.0,13,10.949682
1.0,23,10.956897
1.0,24,10.964426
1.0,27,10.97292
1.0,11,10.9764
1.0,23,10.983684
1.0,27,10.992137
1.0,30,11.001562
1.0,15,11.006295
1.0,25,11.01426
1.0,25,11.022114
1.0,30,11.031521
1.0,11,11.034996
1.0,23,11.04223
1.0,23,11.049437
1.0,31,11.059183
1.0,11,11.06265
1.0,25,11.070467
1.0,25,11.078287
1.0,26,11.086449
0.0,7,11.088675
1.0,27,11.097123
1.0,27,11.105594
1.0,30,11.115052
1.0,11,11.118544
1.0,31,11.128282
0.0,12,11.132076
1.0,35,11.14321
1.0,14,11.147621
1.0,24,11.15515
1.0,23,11.162403
1.0,25,11.170332
1.0,13,11.174429
0.0,14,11.178831
1.0,24,11.186417
1.0,27,11.194911
1.0,11,11.198393
1.0,25,11.206253
1.0,25,11.214223
1.0,28,11.223087
0.0,4,11.224373
1.0,25,11.23221
1.0,25,11.240109
1.0,25,11.24801
1.0,12,11.251798
0.0,4,11.253075
1.0,27,11.261569
1.0,27,11.270065
1.0,11,11.273542
1.0,25,11.281365
1.0,23,11.288596
1.0,27,11.297082
1.0,12,11.300879
1.0,32,11.310906
0.0,14,11.31535
1.0,26,11.323509
1.0,11,11.32698
1.0,28,11.335875
1.0,29,11.345243
1.0,30,11.354811
1.0,11,11.358358
0.0,21,11.365066
0.0,16,11.370157
1.0,25,11.37815
1.0,12,11.382013
0.0,16,11.387116
1.0,25,11.395089
1.0,29,11.404419
1.0,12,11.408284
1.0,23,11.415631
1.0,26,11.423948
1.0,31,11.433784
1.0,14,11.438226
0.0,14,11.442674
1.0,29,11.451813
0.0,4,11.453091
1.0,11,11.456578
1.0,28,11.465625
1.0,26,11.473922
1.0,29,11.483231
1.0,11,11.486763
0.0,4,11.48809
0.0,23,11.495439
1.0,26,11.503781
1.0,11,11.507333
1.0,24,11.51502
0.0,18,11.520799
1.0,27,11.529422
1.0,12,11.53324
1.0,24,11.540805
1.0,23,11.548133
1.0,27,11.556684
1.0,11,11.560182
1.0,23,11.567412
1.0,25,11.575271
0.0,8,11.577873
1.0,11,11.581419
0.0,18,11.587195
1.0,32,11.597365
1.0,32,11.607547
1.0,11,11.611104
1.0,25,11.619053
1.0,25,11.627139
1.0,28,11.636116
0.0,2,11.63678
1.0,25,11.644743
1.0,26,11.652894
1.0,32,11.662915
1.0,13,11.667026
1.0,23,11.674258
1.0,25,11.682198
1.0,28,11.690996
0.0,9,11.693864
0.0,16,11.698884
1.0,28,11.707655
1.0,29,11.716815
1.0,12,11.720612
0.0,6,11.722505
1.0,25,11.730363
0.0,12,11.734155
1.0,11,11.737638
1.0,23,11.744876
1.0,23,11.752197
1.0,27,11.760737
0.0,4,11.762022
1.0,25,11.769866
1.0,23,11.777105
1.0,27,11.785605
1.0,13,11.78972
1.0,25,11.797573
1.0,24,11.805113
0.0,19,11.811129
1.0,15,11.815893
1.0,28,11.824657
1.0,24,11.832202
1.0,27,11.840759
1.0,11,11.844277
1.0,28,11.85305
1.0,25,11.860917
1.0,26,11.86911
1.0,13,11.873209
1.0,27,11.881684
1.0,27,11.890165
1.0,26,11.898508
1.0,15,11.903351
1.0,23,11.910669
1.0,26,11.918939
0.0,4,11.920278
0.0,4,11.921549
1.0,23,11.928795
1.0,29,11.937901
1.0,26,11.946135
0.0,9,11.948985
1.0,28,11.957897
1.0,25,11.965738
1.0,26,11.973922
1.0,12,11.977696
1.0,23,11.984976
1.0,23,11.992203
1.0,29,12.001301
1.0,11,12.004774
1.0,23,12.012037
1.0,27,12.020525
1.0,28,12.029317
1.0,11,12.032795
0.0,20,12.039067
1.0,23,12.046289
1.0,27,12.05478
1.0,11,12.058254
1.0,23,12.065476
1.0,31,12.075162
1.0,29,12.084248
1.0,11,12.087728
1.0,25,12.095565
1.0,23,12.102798
0.0,16,12.107819
0.0,7,12.11004
1.0,23,12.117332
1.0,24,12.124867
0.0,4,12.126135
1.0,11,12.129632
0.0,17,12.135113
1.0,25,12.143181
0.0,21,12.149976
0.0,10,12.153229
1.0,28,12.162208
1.0,30,12.171601
1.0,27,12.180106
1.0,14,12.184505
1.0,28,12.193247
1.0,34,12.203919
1.0,28,12.212785
0.0,9,12.215648
0.0,6,12.217546
1.0,25,12.225394
1.0,25,12.233273
1.0,17,12.238624
1.0,24,12.246166
1.0,23,12.253382
1.0,27,12.26188
1.0,11,12.265366
1.0,25,12.273234
0.0,8,12.275775
0.0,8,12.278291
1.0,11,12.281767
1.0,24,12.289283
1.0,23,12.296523
1.0,30,12.305921
1.0,13,12.310021
1.0,23,12.317277
1.0,24,12.324811
0.0,25,12.332645
1.0,15,12.337372
1.0,25,12.345225
0.0,16,12.350257
1.0,26,12.358443
1.0,11,12.361919
1.0,25,12.369897
1.0,25,12.377753
0.0,15,12.382473
1.0,11,12.385943
1.0,25,12.39378
1.0,26,12.40194
1.0,27,12.410428
1.0,13,12.414594
1.0,25,12.42248
0.0,14,12.426891
1.0,35,12.437881
1.0,13,12.441989
0.0,8,12.444518
1.0,25,12.452354
0.0,8,12.45489
1.0,11,12.458389
1.0,25,12.466262
1.0,28,12.47506
0.0,12,12.478845
1.0,15,12.483581
1.0,34,12.494278
1.0,26,12.502442
1.0,34,12.513182
1.0,11,12.516683
1.0,23,12.523956
1.0,25,12.531803
0.0,12,12.535595
0.0,11,12.539056
1.0,28,12.547811
1.0,23,12.555042
1.0,29,12.564138
1.0,13,12.568344
1.0,23,12.577775
0.0,17,12.58331
1.0,28,12.592129
1.0,12,12.595936
1.0,24,12.603472
0.0,17,12.608806
1.0,28,12.617714
1.0,13,12.621813
1.0,25,12.629653
0.0,9,12.632512
0.0,18,12.638165
0.0,2,12.638812
1.0,23,12.646034
1.0,23,12.653271
1.0,25,12.661126
1.0,11,12.664618
0.0,21,12.671221
1.0,23,12.678429
0.0,16,12.68348
0.0,10,12.686641
1.0,25,12.694498
1.0,23,12.70174
1.0,27,12.710247
1.0,11,12.713802
1.0,23,12.721019
1.0,23,12.728242
1.0,25,12.736105
1.0,11,12.739617
1.0,26,12.747815
0.0,20,12.7543
1.0,37,12.765901
1.0,11,12.769373
1.0,25,12.777345
0.0,4,12.778615
1.0,30,12.788029
1.0,13,12.792121
1.0,23,12.799331
1.0,23,12.806649
1.0,30,12.816334
1.0,11,12.81985
1.0,25,12.827801
1.0,29,12.837001
1.0,31,12.84678
1.0,11,12.850258
1.0,25,12.858107
0.0,18,12.863764
1.0,28,12.872528
1.0,12,12.876312
1.0,25,12.884147
1.0,27,12.892729
1.0,29,12.902017
1.0,13,12.906199
0.0,17,12.91163
1.0,25,12.91962
1.0,31,12.929541
1.0,11,12.933097
1.0,29,12.942306
0.0,4,12.943624
0.0,8,12.946176
1.0,11,12.94971
1.0,26,12.957908
1.0,27,12.966396
1.0,27,12.974879
1.0,11,12.978481
1.0,25,12.986372
1.0,30,12.995747
1.0,27,13.004205
1.0,11,13.007673
1.0,24,13.015313
1.0,23,13.022598
1.0,29,13.03183
1.0,14,13.036309
1.0,30,13.045822
1.0,27,13.054387
0.0,4,13.055702
1.0,13,13.059863
1.0,26,13.068131
1.0,27,13.076721
1.0,27,13.085257
1.0,11,13.088739
0.0,16,13.093759
1.0,28,13.102533
1.0,26,13.110691
1.0,15,13.115444
0.0,4,13.11672
1.0,26,13.124885
1.0,27,13.133405
0.0,2,13.134058
1.0,27,13.142523
1.0,29,13.151774
1.0,25,13.159769
1.0,11,13.163314
0.0,9,13.166177
1.0,31,13.17599
1.0,28,13.184914
0.0,9,13.187788
1.0,23,13.195001
1.0,27,13.203489
1.0,29,13.212616
1.0,12,13.216476
1.0,23,13.22373
0.0,19,13.229716
1.0,25,13.23759
1.0,15,13.24232
1.0,23,13.249552
1.0,23,13.256778
1.0,25,13.264641
1.0,13,13.268806
1.0,27,13.277401
1.0,29,13.286605
1.0,27,13.295216
1.0,11,13.298745
1.0,24,13.306278
1.0,23,13.313481
0.0,27,13.321953
0.0,4,13.323233
1.0,23,13.330428
1.0,25,13.33827
1.0,27,13.346776
1.0,11,13.350269
0.0,18,13.355917
1.0,26,13.364071
1.0,31,13.373779
1.0,13,13.377886
1.0,27,13.386462
1.0,23,13.39368
1.0,27,13.402169
1.0,11,13.405652
1.0,23,13.412855
1.0,25,13.42075
0.0,24,13.42825
1.0,11,13.431731
1.0,26,13.439869
1.0,28,13.44866
1.0,27,13.457139
1.0,13,13.46123
1.0,26,13.469342
1.0,28,13.478087
1.0,32,13.48812
1.0,11,13.491763
1.0,25,13.49992
1.0,23,13.507529
1.0,29,13.517359
1.0,14,13.522209
1.0,27,13.531078
1.0,25,13.539025
1.0,26,13.547259
1.0,13,13.551392
1.0,23,13.558738
1.0,23,13.566047
1.0,31,13.575882
1.0,15,13.580645
1.0,28,13.589655
1.0,28,13.59848
0.0,20,13.604826
1.0,16,13.609895
1.0,25,13.617854
1.0,28,13.626747
1.0,27,13.635288
1.0,11,13.638805
1.0,25,13.646696
0.0,17,13.652038
0.0,4,13.653312
1.0,11,13.656788
0.0,21,13.663412
1.0,25,13.671293
1.0,25,13.679199
1.0,11,13.682687
0.0,9,13.685555
1.0,23,13.692826
1.0,33,13.703243
1.0,13,13.707354
1.0,28,13.716164
0.0,4,13.717459
1.0,29,13.726616
0.0,4,13.727905
1.0,23,13.735141
1.0,23,13.742404
1.0,27,13.750896
1.0,11,13.754368
1.0,24,13.761947
1.0,27,13.770421
1.0,36,13.78176
0.0,11,13.785237
1.0,25,13.793213
0.0,21,13.79981
1.0,36,13.811067
1.0,14,13.815526
1.0,27,13.823986
1.0,25,13.831829
1.0,36,13.843101
1.0,11,13.846589
1.0,23,13.853796
1.0,23,13.860993
1.0,34,13.871628
1.0,11,13.875099
1.0,31,13.884794
1.0,30,13.894259
1.0,27,13.90286
1.0,12,13.906705
1.0,25,13.914633
1.0,23,13.921986
1.0,27,13.930636
1.0,11,13.934169
1.0,27,13.942758
1.0,28,13.95168
1.0,28,13.960547
1.0,11,13.964031
0.0,8,13.966554
0.0,5,13.968138
1.0,28,13.976911
1.0,12,13.98073
0.0,4,13.982041
0.0,6,13.983932
1.0,26,13.992077
1.0,15,13.996933
0.0,12,14.000711
1.0,25,14.008548
0.0,8,14.01107
1.0,11,14.014534
1.0,27,14.023095
1.0,23,14.030312
0.0,18,14.035954
1.0,13,14.040046
1.0,23,14.047253
1.0,25,14.055087
1.0,33,14.065413
1.0,11,14.068887
1.0,28,14.077673
0.0,7,14.079887
1.0,28,14.088668
1.0,14,14.093077
1.0,23,14.100296
1.0,27,14.108765
1.0,27,14.11731
1.0,15,14.122041
1.0,27,14.130486
1.0,31,14.14019
1.0,26,14.14841
1.0,16,14.153458
1.0,24,14.160974
0.0,6,14.16287
1.0,27,14.17133
1.0,11,14.174808
1.0,23,14.182018
0.0,4,14.1833
1.0,36,14.19456
1.0,13,14.198657
1.0,25,14.20664
0.0,9,14.209481
1.0,29,14.218678
1.0,11,14.22216
0.0,14,14.22656
1.0,30,14.235934
1.0,31,14.245637
1.0,11,14.249113
1.0,23,14.256326
1.0,31,14.266013
1.0,30,14.275435
0.0,7,14.277658
1.0,29,14.286727
1.0,23,14.293942
1.0,25,14.301794
1.0,15,14.306501
1.0,27,14.314945
1.0,23,14.322376
1.0,27,14.330973
1.0,12,14.334814
1.0,27,14.343426
1.0,28,14.352294
1.0,29,14.3615
1.0,11,14.365042
1.0,25,14.372995
1.0,23,14.380332
1.0,31,14.390284
1.0,11,14.393863
1.0,25,14.401929
1.0,25,14.410034
0.0,21,14.416787
1.0,14,14.421284
1.0,26,14.429602
0.0,16,14.434689
1.0,25,14.442663
1.0,12,14.446523
1.0,29,14.455812
1.0,23,14.463188
1.0,28,14.472174
0.0,2,14.472819
0.0,4,14.4741
1.0,30,14.483601
1.0,34,14.494548
1.0,12,14.498321
1.0,23,14.505538
1.0,25,14.513372
0.0,8,14.515919
1.0,11,14.519401
0.0,14,14.523857
1.0,25,14.531725
1.0,28,14.540497
1.0,11,14.543969
1.0,25,14.551772
1.0,25,14.559605
1.0,30,14.569025
1.0,13,14.573131
1.0,23,14.580369
1.0,23,14.587592
1.0,27,14.596076
1.0,12,14.599872
1.0,23,14.607081
0.0,9,14.610052
1.0,27,14.618547
1.0,16,14.62366
1.0,25,14.631524
1.0,25,14.639354
0.0,12,14.64314
1.0,11,14.646608
0.0,12,14.65038
1.0,28,14.659152
1.0,29,14.668244
0.0,6,14.670151
1.0,25,14.677973
1.0,28,14.686749
1.0,27,14.695234
1.0,14,14.699641
1.0,23,14.706861
0.0,19,14.712836
1.0,33,14.723223
1.0,11,14.72669
0.0,17,14.732004
1.0,27,14.740461
1.0,25,14.748486
1.0,11,14.752091
1.0,25,14.760167
1.0,25,14.768209
1.0,29,14.777584
1.0,12,14.781503
0.0,17,14.786961
1.0,23,14.794385
1.0,27,14.803056
1.0,11,14.806627
0.0,22,14.813751
1.0,27,14.822414
1.0,29,14.831798
1.0,12,14.835649
0.0,21,14.842391
1.0,23,14.849785
1.0,29,14.859135
1.0,12,14.86301
1.0,25,14.871036
0.0,16,14.876221
1.0,25,14.88426
1.0,13,14.88846
1.0,26,14.896883
1.0,25,14.904885
0.0,26,14.913228
1.0,13,14.91748
1.0,27,14.926221
1.0,29,14.935561
1.0,27,14.944254
1.0,11,14.947822
0.0,19,14.953877
1.0,25,14.961874
1.0,29,14.971193
0.0,6,14.973132
1.0,23,14.98052
1.0,26,14.988831
0.0,11,14.99239
1.0,11,14.995921
1.0,23,15.003234
1.0,27,15.011937
0.0,23,15.019489
0.0,7,15.021784
0.0,6,15.0238
0.0,19,15.029911
1.0,27,15.038589
1.0,11,15.042171
0.0,14,15.046628
1.0,25,15.054602
1.0,25,15.062642
1.0,11,15.066203
1.0,23,15.073589
1.0,25,15.081671
1.0,25,15.089684
0.0,8,15.09226
1.0,27,15.100763
1.0,25,15.108607
0.0,14,15.113014
1.0,11,15.116496
1.0,23,15.123719
0.0,10,15.126874
1.0,33,15.137215
1.0,12,15.141001
1.0,30,15.15039
1.0,29,15.159527
1.0,35,15.170588
1.0,11,15.174065
1.0,28,15.182891
1.0,25,15.190731
1.0,25,15.1986
1.0,14,15.202987
1.0,33,15.213389
0.0,14,15.217805
1.0,27,15.226573
1.0,12,15.230421
1.0,25,15.238383
0.0,10,15.241595
1.0,28,15.250504
1.0,11,15.254033
1.0,27,15.262595
1.0,25,15.270566
1.0,28,15.279492
1.0,11,15.282975
1.0,25,15.290907
1.0,31,15.300752
1.0,27,15.309356
0.0,9,15.312265
0.0,8,15.314796
1.0,25,15.322768
1.0,27,15.331278
1.0,11,15.334749
1.0,25,15.342581
1.0,25,15.350433
1.0,29,15.359583
1.0,11,15.363049
1.0,26,15.371183
1.0,25,15.37901
1.0,25,15.386866
0.0,2,15.387521
0.0,19,15.393461
0.0,19,15.399503
1.0,27,15.408057
1.0,14,15.412464
0.0,8,15.414987
1.0,26,15.423254
1.0,25,15.431317
1.0,11,15.434783
1.0,29,15.443852
1.0,23,15.451068
1.0,27,15.459548
1.0,13,15.463626
1.0,23,15.470831
1.0,25,15.478827
1.0,34,15.489648
1.0,11,15.493181
1.0,27,15.501745
1.0,25,15.509712
1.0,25,15.517732
0.0,2,15.518385
1.0,27,15.526974
0.0,21,15.533679
1.0,28,15.542583
1.0,11,15.546068
1.0,25,15.55392
1.0,27,15.562376
1.0,25,15.570251
1.0,11,15.573755
1.0,26,15.581954
1.0,29,15.591071
1.0,25,15.598953
1.0,13,15.603235
1.0,30,15.612766
1.0,23,15.620101
0.0,19,15.626159
1.0,13,15.630437
1.0,23,15.637772
1.0,27,15.646324
0.0,20,15.652612
0.0,6,15.654525
1.0,28,15.6633
1.0,27,15.671772
0.0,6,15.673677
1.0,12,15.677472
1.0,29,15.686553
0.0,25,15.694397
1.0,25,15.702255
0.0,6,15.70417
0.0,18,15.709815
0.0,6,15.711727
0.0,12,15.715501
1.0,12,15.719386
1.0,28,15.728391
1.0,23,15.735839
1.0,25,15.743923
1.0,11,15.747515
1.0,26,15.75586
1.0,23,15.763262
1.0,28,15.772296
0.0,9,15.775167
0.0,8,15.77773
1.0,33,15.788207
0.0,8,15.790763
1.0,13,15.794933
1.0,23,15.802344
1.0,25,15.810331
1.0,29,15.819697
1.0,13,15.823892
0.0,17,15.829345
1.0,25,15.837486
1.0,33,15.848112
1.0,11,15.851629
1.0,29,15.860827
1.0,27,15.869434
1.0,27,15.878092
1.0,11,15.881661
1.0,23,15.88903
1.0,23,15.896441
0.0,4,15.897765
0.0,2,15.898407
1.0,23,15.905837
1.0,25,15.91385
1.0,29,15.923151
1.0,16,15.928495
1.0,29,15.937813
1.0,27,15.946398
1.0,28,15.955375
1.0,11,15.9589
1.0,27,15.967442
1.0,25,15.975283
1.0,27,15.983857
1.0,11,15.987351
1.0,27,15.995813
1.0,25,16.003652
0.0,19,16.00963
1.0,13,16.013747
0.0,10,16.016906
1.0,26,16.02513
0.0,13,16.029217
1.0,13,16.03333
1.0,23,16.040696
0.0,4,16.041975
1.0,38,16.05389
1.0,12,16.057676
1.0,30,16.067081
1.0,25,16.074922
1.0,33,16.085306
1.0,11,16.088778
1.0,25,16.096613
0.0,18,16.102273
1.0,27,16.110765
1.0,13,16.114872
1.0,25,16.122718
1.0,27,16.131243
1.0,29,16.140334
0.0,4,16.141612
1.0,23,16.148834
1.0,26,16.15697
1.0,29,16.166051
1.0,11,16.169538
0.0,8,16.172071
1.0,29,16.181161
1.0,29,16.190261
1.0,11,16.193742
1.0,25,16.201617
1.0,24,16.209146
1.0,27,16.217648
1.0,11,16.221114
1.0,31,16.230878
1.0,29,16.240033
1.0,28,16.248905
1.0,11,16.252381
1.0,29,16.261474
1.0,23,16.268889
1.0,26,16.277173
1.0,11,16.280705
1.0,27,16.289305
1.0,25,16.297353
1.0,27,16.305956
1.0,13,16.310127
1.0,25,16.318087
1.0,26,16.326355
1.0,31,16.336279
1.0,11,16.339789
1.0,24,16.347423
1.0,29,16.356664
1.0,33,16.367083
1.0,12,16.370871
1.0,26,16.379044
0.0,4,16.380316
1.0,26,16.388486
1.0,11,16.391968
1.0,25,16.399777
0.0,14,16.40418
1.0,31,16.413906
0.0,2,16.414555
0.0,6,16.416452
0.0,8,16.418969
1.0,31,16.428756
0.0,6,16.430677
1.0,23,16.438018
1.0,26,16.44639
1.0,27,16.455001
1.0,12,16.458869
1.0,23,16.466089
1.0,27,16.474556
1.0,28,16.483359
1.0,13,16.487481
1.0,25,16.495327
1.0,25,16.503192
1.0,30,16.512659
1.0,11,16.51617
1.0,24,16.523778
1.0,32,16.533851
1.0,27,16.542392
1.0,13,16.546531
1.0,25,16.554426
0.0,17,16.559812
0.0,28,16.568842
1.0,11,16.572413
1.0,23,16.579735
0.0,21,16.586398
1.0,27,16.594968
1.0,11,16.598472
1.0,25,16.606335
1.0,28,16.615144
1.0,33,16.625601
0.0,2,16.626255
1.0,25,16.634158
1.0,23,16.641412
1.0,25,16.649419
1.0,13,16.653539
1.0,26,16.661758
1.0,34,16.672384
1.0,27,16.680886
1.0,11,16.684477
0.0,4,16.685736
1.0,23,16.693081
1.0,28,16.702014
1.0,11,16.7055
1.0,24,16.713106
0.0,18,16.718748
0.0,16,16.723771
1.0,11,16.727283
1.0,29,16.736428
1.0,23,16.743661
1.0,29,16.752767
1.0,13,16.756864
1.0,25,16.764705
1.0,27,16.773171
1.0,28,16.781982
1.0,13,16.786073
1.0,27,16.794557
1.0,25,16.802453
0.0,27,16.810913
1.0,13,16.815022
1.0,23,16.822246
0.0,4,16.823538
1.0,25,16.831476
1.0,12,16.835268
1.0,23,16.842484
1.0,23,16.84971
0.0,8,16.85235
1.0,11,16.855848
1.0,32,16.865814
1.0,25,16.873659
1.0,29,16.882785
1.0,13,16.886892
1.0,25,16.894745
1.0,25,16.902714
1.0,27,16.911395
1.0,11,16.914913
1.0,23,16.922266
1.0,25,16.930313
0.0,21,16.937051
1.0,11,16.940593
1.0,26,16.948862
1.0,23,16.956155
1.0,29,16.965283
1.0,11,16.968771
0.0,16,16.973806
1.0,27,16.982372
0.0,16,16.987413
1.0,12,16.991201
1.0,25,16.999046
1.0,23,17.006284
1.0,27,17.014786
1.0,13,17.01891
1.0,26,17.02713
1.0,23,17.034365
1.0,26,17.042553
1.0,11,17.046046
1.0,33,17.056438
1.0,23,17.063686
1.0,27,17.072199
1.0,14,17.076605
1.0,27,17.085075
1.0,30,17.094462
1.0,28,17.103284
1.0,11,17.106753
1.0,27,17.115231
0.0,12,17.119024
0.0,6,17.120963
1.0,11,17.124439
1.0,25,17.132349
0.0,20,17.138618
1.0,26,17.146758
1.0,11,17.150235
1.0,24,17.157893
1.0,25,17.165965
1.0,25,17.17397
1.0,13,17.178082
1.0,23,17.185328
1.0,30,17.194748
1.0,27,17.20325
1.0,15,17.207975
1.0,27,17.21646
0.0,6,17.21834
1.0,25,17.226272
1.0,12,17.230057
1.0,23,17.237283
1.0,23,17.244504
1.0,27,17.253007
0.0,8,17.255553
1.0,25,17.263573
1.0,25,17.271424
0.0,26,17.279579
1.0,11,17.283063
1.0,25,17.290898
1.0,25,17.298768
1.0,30,17.308192
1.0,13,17.312302
1.0,27,17.320758
0.0,8,17.323289
1.0,27,17.331805
1.0,12,17.335611
1.0,29,17.344691
1.0,26,17.352883
1.0,31,17.362629
1.0,12,17.366435
0.0,4,17.367715
1.0,25,17.375561
1.0,25,17.383425
1.0,11,17.386902
1.0,26,17.395074
1.0,27,17.40357
1.0,27,17.412051
1.0,12,17.415849
1.0,23,17.42306
1.0,25,17.43095
1.0,27,17.439438
1.0,11,17.442917
1.0,25,17.450774
1.0,23,17.458024
0.0,17,17.463381
1.0,12,17.467297
1.0,28,17.476087
1.0,27,17.484561
0.0,17,17.489895
1.0,11,17.493383
1.0,33,17.503679
1.0,29,17.512786
1.0,31,17.522606
1.0,13,17.526721
1.0,32,17.536739
0.0,4,17.538013
1.0,29,17.547124
1.0,13,17.551233
1.0,25,17.559099
1.0,25,17.566937
1.0,25,17.574825
1.0,13,17.578938
1.0,32,17.588964
1.0,26,17.597138
1.0,25,17.605003
1.0,12,17.608798
1.0,23,17.616023
1.0,27,17.624492
1.0,29,17.633666
1.0,11,17.637211
1.0,23,17.644425
1.0,27,17.652888
1.0,30,17.662294
1.0,11,17.665781
1.0,31,17.675643
0.0,8,17.678167
1.0,25,17.686035
1.0,12,17.689837
0.0,18,17.695488
1.0,25,17.703347
1.0,27,17.711846
1.0,12,17.715629
1.0,29,17.724713
1.0,26,17.732928
0.0,14,17.737326
1.0,11,17.740794
0.0,4,17.742065
1.0,25,17.749963
1.0,31,17.759706
1.0,13,17.763806
1.0,26,17.772001
1.0,26,17.780177
0.0,14,17.784592
1.0,11,17.788075
1.0,25,17.795931
1.0,25,17.8038
1.0,31,17.813532
1.0,12,17.81731
1.0,26,17.825466
1.0,32,17.835546
1.0,31,17.8453
1.0,13,17.849396
1.0,23,17.856621
1.0,31,17.866368
1.0,26,17.874676
1.0,13,17.878779
1.0,24,17.886307
1.0,25,17.894171
1.0,29,17.903421
1.0,13,17.907579
1.0,32,17.917744
0.0,16,17.92283
1.0,27,17.931566
1.0,11,17.935068
1.0,27,17.943679
1.0,23,17.950974
1.0,27,17.959534
1.0,13,17.963625
1.0,27,17.972099
0.0,8,17.974633
1.0,31,17.984478
1.0,15,17.989227
1.0,25,17.99709
1.0,26,18.005248
0.0,6,18.007156
1.0,11,18.010628
1.0,26,18.018792
1.0,27,18.027292
0.0,17,18.032625
1.0,12,18.036412
1.0,24,18.04394
1.0,24,18.051473
1.0,25,18.05933
1.0,11,18.062808
1.0,23,18.070035
1.0,29,18.079307
1.0,32,18.089352
1.0,13,18.09346
1.0,24,18.100997
0.0,10,18.104143
1.0,28,18.112933
1.0,11,18.116415
1.0,23,18.12363
1.0,23,18.130848
1.0,25,18.138722
1.0,13,18.142818
1.0,23,18.150034
1.0,23,18.157266
1.0,29,18.16639
1.0,12,18.170171
1.0,25,18.17801
0.0,9,18.180842
1.0,27,18.189331
1.0,12,18.193119
0.0,26,18.20127
1.0,26,18.209425
1.0,29,18.21855
1.0,11,18.222028
1.0,27,18.230526
1.0,28,18.239328
0.0,25,18.2472
1.0,12,18.250991
0.0,6,18.252887
0.0,4,18.254157
1.0,31,18.263874
1.0,11,18.267348
1.0,24,18.274869
1.0,25,18.282825
0.0,8,18.285359
1.0,15,18.290071
1.0,25,18.297917
1.0,23,18.307518
1.0,28,18.316424
1.0,13,18.320548
1.0,25,18.328431
1.0,28,18.337204
1.0,32,18.34726
0.0,13,18.351372
1.0,25,18.359193
1.0,26,18.367324
0.0,4,18.368594
0.0,2,18.369237
1.0,23,18.37645
1.0,24,18.383958
1.0,31,18.393673
1.0,12,18.397447
1.0,23,18.40466
1.0,26,18.412806
1.0,29,18.421956
1.0,11,18.425449
1.0,23,18.432796
1.0,23,18.440032
1.0,27,18.448524
1.0,13,18.452614
0.0,8,18.455146
1.0,27,18.463625
1.0,25,18.471519
1.0,13,18.475614
1.0,23,18.482813
0.0,6,18.484848
1.0,25,18.492699
1.0,11,18.496179
1.0,23,18.503386
1.0,24,18.510929
1.0,30,18.5205
0.0,10,18.52374
1.0,27,18.532272
1.0,24,18.539827
0.0,4,18.541096
1.0,11,18.544579
1.0,25,18.55242
1.0,23,18.55966
1.0,25,18.56751
1.0,13,18.57161
1.0,28,18.580379
1.0,24,18.587893
1.0,30,18.597306
0.0,9,18.600156
1.0,25,18.607999
0.0,10,18.611148
1.0,29,18.620214
1.0,11,18.623692
1.0,29,18.632849
1.0,23,18.640072
1.0,30,18.649553
1.0,12,18.65332
0.0,14,18.657712
0.0,19,18.663681
0.0,26,18.671824
1.0,11,18.675299
1.0,24,18.68282
1.0,26,18.691101
1.0,32,18.701142
1.0,11,18.704626
1.0,28,18.713412
1.0,25,18.721267
1.0,32,18.731369
1.0,14,18.735775
0.0,21,18.742353
1.0,27,18.750812
1.0,27,18.759293
1.0,17,18.764597
1.0,35,18.775666
1.0,27,18.784414
1.0,33,18.795317
1.0,12,18.799394
0.0,12,18.803473
1.0,27,18.812184
0.0,19,18.81819
1.0,11,18.821681
1.0,25,18.829617
1.0,23,18.836895
1.0,28,18.845752
1.0,16,18.850811
0.0,19,18.856813
1.0,27,18.865343
1.0,31,18.875187
1.0,12,18.879003
1.0,32,18.889067
0.0,12,18.892999
1.0,27,18.901626
1.0,11,18.905183
1.0,25,18.913195
1.0,31,18.923105
1.0,27,18.931861
1.0,12,18.935717
1.0,24,18.943403
1.0,27,18.952036
1.0,27,18.960718
1.0,11,18.964281
1.0,24,18.971863
1.0,25,18.979766
1.0,25,18.987783
0.0,7,18.990014
1.0,23,18.997308
1.0,25,19.005218
1.0,28,19.014132
1.0,14,19.018573
1.0,26,19.026774
1.0,29,19.036012
1.0,29,19.045169
1.0,14,19.04958
1.0,25,19.057427
1.0,23,19.064652
1.0,25,19.072529
0.0,6,19.074437
1.0,27,19.082932
1.0,29,19.092285
1.0,27,19.100931
1.0,13,19.10505
1.0,27,19.113502
1.0,25,19.121346
1.0,29,19.130491
1.0,13,19.134573
1.0,23,19.141889
0.0,18,19.147685
1.0,27,19.15631
1.0,11,19.159816
1.0,24,19.16745
1.0,25,19.175428
1.0,27,19.184049
1.0,11,19.187575
1.0,24,19.195222
0.0,12,19.199047
1.0,28,19.207993
1.0,13,19.212153
1.0,25,19.220057
1.0,28,19.228902
1.0,27,19.237436
1.0,11,19.24091
1.0,25,19.248809
1.0,23,19.256036
1.0,25,19.263899
0.0,2,19.264548
1.0,27,19.273011
1.0,25,19.280845
1.0,34,19.291491
1.0,11,19.294955
0.0,19,19.301034
1.0,30,19.31044
1.0,25,19.318287
0.0,2,19.318933
1.0,23,19.326158
1.0,26,19.334368
1.0,25,19.342227
1.0,11,19.3457
0.0,6,19.3476
1.0,27,19.356092
0.0,14,19.360495
1.0,11,19.363965
1.0,35,19.374899
1.0,27,19.383368
1.0,29,19.392485
1.0,11,19.396
1.0,24,19.403639
1.0,26,19.411817
1.0,31,19.421661
1.0,13,19.425827
1.0,23,19.433113
1.0,30,19.442496
1.0,27,19.450986
1.0,11,19.45446
1.0,25,19.462302
1.0,24,19.469831
0.0,16,19.474873
1.0,12,19.478658
0.0,4,19.479939
1.0,23,19.487166
0.0,21,19.493782
1.0,13,19.4982
1.0,23,19.505734
1.0,24,19.51349
1.0,33,19.524051
0.0,2,19.524752
0.0,17,19.530239
1.0,23,19.537581
1.0,29,19.546838
1.0,11,19.550409
0.0,6,19.552341
1.0,23,19.559752
1.0,25,19.567799
1.0,11,19.571366
1.0,25,19.579387
1.0,25,19.587454
1.0,34,19.598337
1.0,11,19.601855
1.0,27,19.61032
0.0,25,19.618175
0.0,6,19.620084
1.0,13,19.624181
0.0,8,19.626706
1.0,27,19.635236
1.0,27,19.643738
1.0,11,19.647216
0.0,8,19.649745
1.0,27,19.658264
1.0,25,19.66615
1.0,11,19.669635
1.0,25,19.677485
1.0,29,19.686581
1.0,27,19.695085
1.0,13,19.699197
0.0,4,19.700469
1.0,30,19.710007
1.0,27,19.718522
0.0,7,19.720751
1.0,30,19.730199
1.0,29,19.739373
1.0,29,19.7485
0.0,12,19.752297
0.0,18,19.757945
1.0,26,19.766102
1.0,29,19.775224
0.0,4,19.776507
1.0,28,19.785295
1.0,25,19.793149
1.0,32,19.803198
1.0,11,19.806675
1.0,23,19.813896
0.0,21,19.820483
1.0,29,19.829661
1.0,12,19.833456
1.0,24,19.841008
1.0,29,19.850108
0.0,6,19.852012
1.0,15,19.856735
1.0,29,19.865806
0.0,4,19.867087
1.0,25,19.874965
1.0,11,19.878441
1.0,24,19.885983
1.0,28,19.894755
1.0,29,19.904019
1.0,11,19.907542
1.0,25,19.915615
1.0,30,19.925041
0.0,12,19.928907
0.0,4,19.930188
1.0,26,19.938338
1.0,31,19.94806
0.0,18,19.953686
1.0,14,19.958082
1.0,29,19.967126
1.0,24,19.974661
0.0,10,19.977814
1.0,15,19.982573
1.0,31,19.992297
1.0,25,20.000131
1.0,31,20.009839
1.0,11,20.013326
1.0,23,20.02057
1.0,23,20.027807
1.0,25,20.035935
1.0,14,20.040412
1.0,27,20.049015
1.0,23,20.056363
1.0,25,20.064352
1.0,11,20.067865
1.0,29,20.077086
1.0,25,20.085064
0.0,26,20.093356
1.0,11,20.09689
1.0,23,20.104393
1.0,28,20.11341
1.0,25,20.121606
1.0,13,20.125794
1.0,25,20.133874
1.0,29,20.143222
0.0,8,20.145813
1.0,11,20.149366
0.0,25,20.157401
1.0,23,20.16475
1.0,30,20.174268
1.0,11,20.177747
1.0,29,20.186956
1.0,24,20.194645
1.0,25,20.202684
0.0,2,20.20334
1.0,24,20.211038
1.0,25,20.219059
0.0,14,20.223559
0.0,13,20.227737
1.0,24,20.235482
1.0,27,20.244029
1.0,26,20.25234
1.0,15,20.257123
1.0,25,20.265128
1.0,27,20.273799
1.0,31,20.283737
1.0,12,20.287596
0.0,8,20.290146
1.0,27,20.298729
1.0,25,20.306727
1.0,14,20.311254
1.0,28,20.320258
1.0,26,20.328637
1.0,27,20.337304
0.0,8,20.339902
1.0,27,20.348564
1.0,30,20.35813
0.0,10,20.361298
1.0,13,20.365472
1.0,28,20.374339
1.0,27,20.382981
1.0,25,20.391002
1.0,11,20.394568
1.0,25,20.402579
1.0,28,20.411552
1.0,27,20.4202
1.0,14,20.424687
1.0,24,20.432393
1.0,23,20.439712
1.0,27,20.448364
1.0,12,20.452227
1.0,27,20.460688
1.0,24,20.468208
0.0,18,20.473861
1.0,13,20.477942
1.0,25,20.485774
1.0,27,20.494251
1.0,31,20.503947
1.0,11,20.507422
1.0,30,20.516824
1.0,31,20.526756
1.0,25,20.53466
1.0,11,20.538135
1.0,24,20.545654
1.0,25,20.553485
1.0,28,20.562271
1.0,14,20.566675
1.0,23,20.573889
1.0,30,20.583283
1.0,27,20.591746
1.0,11,20.595227
1.0,27,20.603673
1.0,23,20.610886
1.0,32,20.620919
1.0,11,20.624397
0.0,19,20.630404
0.0,12,20.634185
0.0,8,20.636714
1.0,11,20.640173
0.0,14,20.644571
1.0,25,20.652378
1.0,30,20.661844
1.0,11,20.665329
1.0,31,20.67501
1.0,26,20.683224
1.0,29,20.692326
1.0,11,20.695796
0.0,12,20.69958
1.0,28,20.708346
1.0,25,20.716193
1.0,11,20.719675
1.0,29,20.728889
1.0,23,20.736173
1.0,30,20.745594
1.0,11,20.749072
1.0,31,20.758744
0.0,16,20.763783
1.0,30,20.77316
1.0,12,20.77692
1.0,25,20.784749
1.0,30,20.794157
1.0,28,20.803022
1.0,12,20.806806
1.0,25,20.814648
1.0,25,20.822477
1.0,25,20.83037
0.0,9,20.833226
0.0,15,20.837927
1.0,25,20.845751
1.0,29,20.854833
1.0,13,20.85894
1.0,24,20.866453
1.0,25,20.874279
0.0,14,20.878672
1.0,12,20.882449
1.0,25,20.89026
1.0,23,20.897466
1.0,28,20.90638
0.0,9,20.909286
1.0,25,20.917246
1.0,25,20.925127
1.0,32,20.935328
1.0,11,20.938783
1.0,32,20.948927
1.0,25,20.956991
1.0,27,20.965724
0.0,2,20.966391
1.0,29,20.975757
0.0,23,20.983179
1.0,29,20.992445
1.0,12,20.996303
1.0,36,21.00788
1.0,29,21.01718
0.0,8,21.019778
1.0,11,21.023345
1.0,24,21.031042
1.0,26,21.039409
1.0,25,21.047425
1.0,17,21.052895
0.0,5,21.05451
0.0,13,21.058674
1.0,30,21.068238
0.0,2,21.06889
0.0,16,21.07402
1.0,28,21.082946
1.0,29,21.092302
1.0,15,21.097146
1.0,25,21.105156
1.0,25,21.113145
1.0,25,21.121196
1.0,11,21.124776
1.0,26,21.133102
1.0,23,21.140517
1.0,31,21.150323
1.0,11,21.153841
1.0,24,21.161516
1.0,26,21.169762
0.0,18,21.175412
1.0,12,21.17919
1.0,23,21.186407
1.0,25,21.194247
1.0,27,21.202727
1.0,11,21.206196
1.0,26,21.21435
0.0,6,21.216267
0.0,12,21.220061
1.0,14,21.224461
0.0,25,21.232322
0.0,16,21.237339
0.0,10,21.240498
1.0,11,21.243974
1.0,27,21.252393
0.0,4,21.253672
1.0,27,21.262142
1.0,11,21.265608
1.0,27,21.274048
1.0,27,21.282516
0.0,22,21.289405
0.0,2,21.290047
1.0,26,21.298173
1.0,26,21.306322
1.0,33,21.316641
1.0,11,21.320111
1.0,33,21.330413
1.0,23,21.337668
1.0,27,21.346265
1.0,11,21.349743
0.0,8,21.35227
1.0,28,21.361006
1.0,28,21.369769
1.0,11,21.373237
0.0,16,21.378239
0.0,18,21.383863
1.0,25,21.391711
1.0,11,21.395176
1.0,27,21.403622
1.0,23,21.410844
0.0,8,21.41336
1.0,11,21.416834
1.0,23,21.424025
1.0,23,21.431283
0.0,12,21.435076
1.0,11,21.438543
1.0,27,21.447006
1.0,25,21.454886
0.0,19,21.460837
1.0,13,21.464922
1.0,29,21.473959
1.0,34,21.48466
1.0,29,21.493868
1.0,12,21.497705
1.0,23,21.505037
1.0,25,21.512999
1.0,28,21.521933
1.0,13,21.526133
1.0,30,21.535722
0.0,8,21.538278
1.0,28,21.547394
0.0,5,21.549039
0.0,16,21.554184
0.0,22,21.561321
1.0,31,21.571332
1.0,16,21.576528
1.0,25,21.584378
1.0,30,21.593821
1.0,36,21.605164
1.0,11,21.608666
1.0,23,21.616044
1.0,24,21.623715
1.0,29,21.633003
1.0,14,21.637495
1.0,28,21.646424
1.0,25,21.654407
1.0,27,21.663043
0.0,6,21.66503
1.0,29,21.674306
1.0,23,21.681659
1.0,25,21.689544
1.0,12,21.693335
1.0,30,21.70274
0.0,19,21.70873
1.0,26,21.716945
0.0,6,21.718861
1.0,29,21.728072
0.0,11,21.731621
0.0,14,21.736122
1.0,16,21.741264
1.0,25,21.749339
0.0,14,21.753807
1.0,25,21.761683
1.0,11,21.765165
0.0,12,21.768952
1.0,25,21.776886
1.0,29,21.785994
1.0,12,21.789775
1.0,25,21.79762
1.0,23,21.804842
1.0,30,21.81428
1.0,11,21.817751
1.0,25,21.825602
0.0,16,21.830636
1.0,29,21.839802
1.0,11,21.843271
0.0,12,21.847046
1.0,27,21.855497
0.0,21,21.862064
1.0,13,21.866149
1.0,27,21.874608
1.0,25,21.882454
1.0,25,21.890304
1.0,11,21.893786
1.0,25,21.901698
1.0,23,21.909043
1.0,29,21.918257
1.0,11,21.921798
1.0,23,21.929217
1.0,35,21.94037
1.0,25,21.948364
1.0,11,21.951938
1.0,25,21.960032
0.0,17,21.965557
1.0,25,21.973664
1.0,11,21.977217
1.0,25,21.985277
1.0,29,21.994386
0.0,21,22.000989
1.0,11,22.004464
1.0,23,22.0117
1.0,26,22.019834
1.0,29,22.028957
1.0,12,22.032793
1.0,24,22.040325
1.0,31,22.050042
1.0,27,22.058543
1.0,11,22.062021
1.0,24,22.06953
1.0,25,22.077364
1.0,28,22.086147
1.0,12,22.089943
1.0,23,22.097157
1.0,23,22.104375
1.0,31,22.11407
1.0,11,22.117549
0.0,17,22.12288
1.0,25,22.130731
1.0,35,22.141742
1.0,11,22.145218
1.0,23,22.152422
1.0,25,22.160439
1.0,27,22.168915
1.0,11,22.17239
1.0,24,22.180044
1.0,26,22.18849
0.0,16,22.1936
1.0,11,22.197119
1.0,28,22.205886
1.0,25,22.213811
1.0,29,22.222929
1.0,11,22.226408
1.0,23,22.233665
1.0,28,22.242418
1.0,29,22.251516
0.0,6,22.253427
1.0,29,22.26261
1.0,25,22.270471
0.0,17,22.275801
1.0,12,22.279577
1.0,27,22.288042
1.0,28,22.296842
1.0,27,22.305339
1.0,13,22.309417
0.0,18,22.315051
1.0,23,22.322284
1.0,27,22.33079
0.0,7,22.333088
1.0,25,22.340918
1.0,25,22.348747
1.0,29,22.357873
1.0,11,22.361488
0.0,12,22.365283
1.0,27,22.373763
0.0,16,22.37879
1.0,14,22.383205
1.0,25,22.391067
1.0,26,22.399227
1.0,29,22.408322
1.0,11,22.411807
1.0,25,22.419649
1.0,23,22.426873
1.0,28,22.435738
1.0,13,22.439838
1.0,28,22.448613
1.0,23,22.455842
1.0,27,22.464328
1.0,11,22.4678
1.0,27,22.476265
1.0,26,22.484418
1.0,28,22.49321
1.0,11,22.496681
0.0,12,22.500451
1.0,25,22.508277
1.0,26,22.516458
1.0,12,22.520258
1.0,23,22.527512
1.0,25,22.535399
1.0,29,22.544522
1.0,13,22.548616
1.0,27,22.557044
1.0,25,22.565015
1.0,29,22.574115
1.0,13,22.578208
1.0,23,22.585421
1.0,23,22.592649
1.0,27,22.601129
1.0,14,22.605543
1.0,25,22.613389
1.0,25,22.62121
1.0,25,22.629088
1.0,16,22.634212
1.0,23,22.641443
1.0,25,22.649305
0.0,6,22.651217
0.0,10,22.654375
0.0,23,22.661583
1.0,29,22.670655
1.0,29,22.679834
1.0,18,22.685493
1.0,23,22.69271
1.0,25,22.700562
1.0,27,22.70905
1.0,15,22.713755
1.0,28,22.722542
1.0,25,22.730457
0.0,20,22.73681
0.0,2,22.737462
1.0,25,22.745311
1.0,26,22.753473
1.0,27,22.761952
1.0,12,22.765727
1.0,23,22.773075
1.0,25,22.780941
1.0,29,22.790041
1.0,11,22.793515
1.0,23,22.80075
1.0,30,22.810286
0.0,4,22.811617
1.0,12,22.815458
1.0,29,22.824713
1.0,33,22.835186
1.0,29,22.844471
1.0,12,22.848336
0.0,14,22.852752
0.0,20,22.859043
0.0,19,22.865006
1.0,11,22.868481
1.0,29,22.877585
1.0,28,22.886417
0.0,8,22.889039
1.0,11,22.892571
1.0,27,22.901143
1.0,25,22.909159
1.0,28,22.918085
1.0,11,22.921633
1.0,26,22.929986
0.0,23,22.937354
1.0,29,22.946596
1.0,11,22.950132
0.0,12,22.953975
1.0,23,22.961313
1.0,31,22.971207
1.0,11,22.974815
0.0,12,22.978594
1.0,27,22.987178
0.0,22,22.994068
1.0,11,22.99754
1.0,25,23.005433
0.0,10,23.008651
1.0,25,23.016492
1.0,11,23.01997
1.0,27,23.028433
1.0,23,23.03571
1.0,27,23.044198
1.0,11,23.047691
0.0,19,23.053684
1.0,26,23.061862
1.0,25,23.069758
1.0,11,23.073247
0.0,22,23.080137
1.0,25,23.087965
0.0,6,23.089861
1.0,13,23.093962
1.0,24,23.101502
1.0,31,23.111233
0.0,20,23.117503
1.0,12,23.121287
1.0,35,23.132191
1.0,25,23.140097
1.0,25,23.147967
1.0,15,23.15268
1.0,23,23.15995
1.0,23,23.16719
0.0,8,23.169754
0.0,9,23.172597
1.0,27,23.181233
0.0,20,23.187517
0.0,4,23.188788
1.0,11,23.192251
0.0,14,23.196647
1.0,23,23.203866
1.0,27,23.21241
1.0,11,23.21589
0.0,6,23.217794
0.0,21,23.22446
1.0,25,23.232318
1.0,13,23.236518
0.0,14,23.240924
1.0,23,23.248196
1.0,26,23.256357
0.0,6,23.258253
0.0,16,23.263264
1.0,23,23.270457
1.0,31,23.280289
1.0,12,23.284093
0.0,19,23.290069
1.0,23,23.297295
1.0,27,23.305767
1.0,11,23.309237
1.0,23,23.316455
1.0,25,23.324291
1.0,31,23.334081
1.0,15,23.338794
1.0,29,23.347857
1.0,25,23.35577
1.0,28,23.364567
1.0,13,23.368661
0.0,17,23.373988
1.0,29,23.383211
1.0,31,23.392952
1.0,11,23.396488
1.0,31,23.406275
1.0,23,23.413502
1.0,27,23.422081
1.0,11,23.425618
1.0,23,23.432913
1.0,27,23.44141
1.0,25,23.449269
1.0,12,23.453053
1.0,26,23.461221
1.0,25,23.469063
1.0,27,23.477545
1.0,11,23.481037
1.0,24,23.488576
1.0,25,23.496472
1.0,25,23.50438
1.0,11,23.507867
1.0,26,23.516032
0.0,16,23.521074
0.0,27,23.529619
1.0,13,23.533772
1.0,23,23.541
1.0,25,23.548867
0.0,12,23.552657
0.0,9,23.555511
1.0,27,23.563982
1.0,26,23.572131
0.0,27,23.580596
1.0,11,23.584179
1.0,25,23.59208
1.0,25,23.599946
0.0,6,23.601844
1.0,12,23.605633
1.0,23,23.61287
1.0,25,23.620736
0.0,4,23.62201
1.0,11,23.625482
1.0,27,23.634093
0.0,4,23.635437
1.0,27,23.644071
1.0,11,23.647602
1.0,31,23.657487
1.0,29,23.666705
0.0,21,23.673433
1.0,14,23.677914
1.0,23,23.685287
1.0,31,23.695138
1.0,32,23.705181
1.0,11,23.708683
1.0,23,23.715921
1.0,28,23.724726
1.0,30,23.734209
1.0,11,23.737725
1.0,28,23.746547
0.0,4,23.747843
1.0,29,23.757012
1.0,11,23.760572
1.0,25,23.768589
1.0,26,23.776891
1.0,29,23.786139
1.0,14,23.790698
1.0,32,23.800759
1.0,25,23.808644
1.0,25,23.816558
1.0,11,23.820066
1.0,25,23.827956
0.0,18,23.833635
1.0,27,23.842139
1.0,13,23.846268
1.0,29,23.855407
0.0,16,23.860454
1.0,29,23.869582
0.0,15,23.874322
1.0,25,23.882337
1.0,23,23.889694
1.0,33,23.900251
1.0,15,23.905071
1.0,23,23.912427
1.0,29,23.921676
1.0,27,23.930367
1.0,11,23.933908
0.0,23,23.941268
1.0,27,23.949812
1.0,26,23.957972
1.0,14,23.962382
1.0,27,23.97086
1.0,31,23.980562
1.0,29,23.989711
1.0,17,23.995184
1.0,23,24.002395
1.0,23,24.009624
0.0,27,24.018086
1.0,11,24.021568
1.0,25,24.029415
1.0,23,24.036681
1.0,25,24.044546
1.0,11,24.048029
1.0,24,24.055739
1.0,23,24.06331
1.0,31,24.073666
1.0,11,24.077415
1.0,25,24.085889
0.0,12,24.089962
0.0,14,24.094403
1.0,11,24.097905
1.0,29,24.107059
1.0,28,24.115917
0.0,14,24.120352
1.0,11,24.123877
0.0,17,24.129263
1.0,27,24.137859
1.0,27,24.146425
1.0,11,24.149927
1.0,28,24.158787
0.0,12,24.162601
1.0,29,24.171792
1.0,11,24.175291
0.0,23,24.182551
0.0,12,24.186376
1.0,25,24.194287
1.0,12,24.198224
0.0,19,24.204211
0.0,7,24.206433
1.0,29,24.21564
1.0,11,24.219143
1.0,28,24.227988
0.0,12,24.231833
1.0,25,24.239755
1.0,11,24.243256
1.0,29,24.252454
1.0,27,24.261084
1.0,27,24.269802
1.0,11,24.273383
0.0,4,24.274645
1.0,23,24.282013
1.0,27,24.290646
1.0,12,24.294505
0.0,21,24.301275
1.0,24,24.308984
1.0,27,24.31765
0.0,2,24.318303
1.0,25,24.326314
0.0,19,24.332426
1.0,25,24.340432
0.0,6,24.342345
1.0,26,24.350477
1.0,25,24.358323
1.0,29,24.367418
1.0,11,24.370886
1.0,27,24.379374
1.0,26,24.387516
1.0,27,24.396023
0.0,6,24.397933
1.0,28,24.406818
1.0,27,24.415299
1.0,27,24.423796
1.0,11,24.427286
1.0,28,24.436138
1.0,29,24.445234
1.0,30,24.454777
1.0,11,24.45827
1.0,23,24.465503
0.0,20,24.471788
1.0,25,24.479645
1.0,13,24.483752
1.0,23,24.491002
1.0,25,24.498826
0.0,16,24.503864
1.0,11,24.507341
1.0,25,24.515185
1.0,23,24.522402
1.0,29,24.531557
1.0,15,24.536364
1.0,24,24.543876
1.0,25,24.551732
1.0,27,24.560235
1.0,11,24.563718
0.0,16,24.568754
1.0,27,24.577221
1.0,27,24.585696
1.0,11,24.589164
1.0,25,24.597009
0.0,17,24.602347
1.0,30,24.612123
1.0,15,24.616948
1.0,23,24.62439
1.0,23,24.631864
1.0,32,24.642071
1.0,11,24.645576
0.0,4,24.646861
1.0,25,24.654868
1.0,28,24.663882
1.0,12,24.667771
1.0,27,24.676401
1.0,23,24.68373
1.0,32,24.693926
1.0,11,24.697461
0.0,9,24.700364
1.0,26,24.708658
0.0,4,24.709986
1.0,13,24.714077
0.0,4,24.715344
0.0,15,24.72006
1.0,28,24.728847
0.0,2,24.729496
1.0,25,24.737386
1.0,23,24.744608
0.0,20,24.750852
1.0,11,24.754356
1.0,23,24.761599
1.0,23,24.768852
1.0,25,24.776785
1.0,12,24.78057
1.0,27,24.789039
0.0,22,24.795939
1.0,31,24.805716
1.0,17,24.811158
0.0,6,24.813055
1.0,27,24.821534
1.0,37,24.833131
1.0,11,24.836671
1.0,27,24.845127
1.0,26,24.853281
1.0,25,24.861135
1.0,11,24.864602
1.0,25,24.872437
1.0,27,24.880904
0.0,12,24.884681
1.0,14,24.889089
0.0,11,24.892557
0.0,14,24.896965
1.0,26,24.905223
1.0,11,24.908768
1.0,25,24.916721
1.0,25,24.924678
0.0,4,24.926011
1.0,11,24.929535
1.0,33,24.94
1.0,25,24.947957
0.0,8,24.950485
1.0,11,24.954022
1.0,27,24.962621
1.0,28,24.971441
1.0,27,24.979935
1.0,11,24.983465
1.0,24,24.990992
1.0,23,24.998214
1.0,29,25.007321
1.0,13,25.011434
1.0,25,25.019403
1.0,32,25.029444
1.0,29,25.038594
1.0,11,25.042079
1.0,23,25.049311
0.0,17,25.054642
1.0,26,25.062808
1.0,12,25.066584
1.0,24,25.074086
1.0,27,25.082561
1.0,27,25.09106
1.0,11,25.094539
1.0,25,25.102388
1.0,31,25.11212
1.0,27,25.120609
0.0,4,25.121888
0.0,18,25.127537
1.0,25,25.135396
1.0,30,25.144829
1.0,11,25.14832
0.0,21,25.154932
1.0,23,25.162151
1.0,25,25.170027
1.0,14,25.174449
0.0,18,25.180123
1.0,27,25.18864
1.0,29,25.197727
1.0,13,25.201842
1.0,30,25.211268
1.0,24,25.218983
0.0,23,25.226234
1.0,14,25.230643
0.0,19,25.236667
1.0,23,25.243889
0.0,6,25.24579
1.0,11,25.249264
1.0,23,25.256484
1.0,25,25.264338
1.0,29,25.273455
1.0,11,25.276928
1.0,25,25.284767
1.0,25,25.29261
1.0,35,25.303558
0.0,11,25.307023
1.0,25,25.314857
1.0,25,25.322689
1.0,29,25.331796
1.0,13,25.335939
1.0,30,25.345342
0.0,8,25.347896
0.0,8,25.350413
1.0,13,25.354504
1.0,25,25.362329
1.0,23,25.369543
1.0,29,25.378664
1.0,11,25.382147
1.0,25,25.389993
0.0,11,25.393446
1.0,29,25.402533
1.0,11,25.40601
1.0,27,25.414462
1.0,25,25.42255
1.0,34,25.433212
1.0,13,25.437374
1.0,24,25.444973
1.0,24,25.452496
0.0,24,25.460092
1.0,13,25.464284
0.0,22,25.471335
0.0,10,25.474565
0.0,14,25.479102
1.0,11,25.482656
1.0,25,25.490725
1.0,28,25.499768
1.0,31,25.509754
0.0,2,25.510405
1.0,25,25.518392
1.0,32,25.528679
1.0,29,25.537993
1.0,11,25.541538
0.0,6,25.543489
1.0,26,25.551743
1.0,27,25.560374
1.0,11,25.563932
0.0,21,25.570682
1.0,23,25.578057
0.0,16,25.583204
1.0,11,25.586748
1.0,25,25.594823
0.0,24,25.602489
1.0,30,25.612091
1.0,12,25.61598
1.0,26,25.624419
1.0,23,25.631845
0.0,23,25.639319
1.0,13,25.643521
1.0,23,25.650865
1.0,26,25.659139
0.0,14,25.663632
1.0,13,25.667857
0.0,6,25.669791
1.0,28,25.678758
1.0,28,25.687788
1.0,11,25.691331
1.0,23,25.698725
1.0,25,25.706662
0.0,16,25.711756
1.0,14,25.716246
1.0,27,25.724989
1.0,26,25.733342
0.0,10,25.736595
1.0,13,25.743111
1.0,28,25.752279
1.0,27,25.760864
1.0,28,25.769859
1.0,13,25.774087
1.0,23,25.781481
1.0,25,25.789503
0.0,12,25.793395
1.0,11,25.796955
0.0,21,25.803702
1.0,25,25.811656
1.0,29,25.820753
0.0,7,25.822974
1.0,26,25.831262
1.0,25,25.839174
1.0,30,25.848586
1.0,11,25.852056
1.0,26,25.860197
1.0,23,25.86741
1.0,32,25.877429
1.0,13,25.881528
1.0,23,25.888757
1.0,23,25.895995
1.0,32,25.906083
1.0,13,25.91025
1.0,24,25.917893
1.0,23,25.925242
0.0,21,25.93194
1.0,14,25.936392
1.0,29,25.945634
1.0,25,25.953612
1.0,27,25.962209
1.0,11,25.965744
1.0,25,25.97371
1.0,29,25.982944
0.0,6,25.984852
0.0,6,25.986754
1.0,27,25.995227
1.0,26,26.003444
1.0,27,26.011949
1.0,11,26.015504
1.0,23,26.022797
1.0,27,26.031447
1.0,27,26.040174
0.0,2,26.040835
0.0,18,26.046535
0.0,18,26.052251
1.0,27,26.060748
0.0,6,26.062662
1.0,23,26.06987
1.0,25,26.077771
1.0,27,26.086283
1.0,11,26.089784
1.0,30,26.099192
1.0,31,26.108923
0.0,4,26.110202
1.0,11,26.113685
0.0,16,26.118737
0.0,9,26.121607
1.0,25,26.12951
1.0,11,26.133012
1.0,25,26.141026
0.0,6,26.142934
0.0,8,26.145508
0.0,4,26.146765
1.0,26,26.155064
1.0,25,26.163051
1.0,27,26.171715
1.0,11,26.175317
0.0,21,26.182108
1.0,24,26.189899
0.0,25,26.198005
1.0,11,26.201603
1.0,28,26.210699
1.0,31,26.22055
1.0,25,26.228506
1.0,13,26.232715
0.0,20,26.239306
1.0,29,26.248585
0.0,10,26.251723
1.0,11,26.25526
1.0,25,26.263194
1.0,23,26.270513
1.0,31,26.280339
1.0,11,26.283857
1.0,27,26.292434
1.0,23,26.299711
1.0,28,26.308629
1.0,12,26.312428
1.0,27,26.321003
1.0,23,26.328279
0.0,22,26.335281
1.0,11,26.33887
1.0,24,26.346523
1.0,25,26.354504
0.0,9,26.357405
1.0,11,26.360962
1.0,23,26.36831
1.0,25,26.376338
1.0,27,26.385027
1.0,11,26.388603
1.0,27,26.397311
0.0,12,26.401184
1.0,26,26.40959
1.0,11,26.413133
1.0,26,26.421467
1.0,25,26.429536
1.0,27,26.438316
1.0,12,26.442336
0.0,6,26.4443
1.0,28,26.453211
1.0,27,26.461917
1.0,11,26.465492
1.0,23,26.472918
0.0,6,26.474819
0.0,6,26.476774
1.0,13,26.480918
1.0,28,26.489827
1.0,29,26.499002
0.0,9,26.501899
1.0,11,26.505444
1.0,29,26.514582
1.0,29,26.523866
1.0,25,26.531813
1.0,11,26.535291
1.0,27,26.543823
1.0,27,26.552307
1.0,33,26.56265
1.0,11,26.566141
1.0,27,26.574603
1.0,27,26.583059
0.0,8,26.585596
1.0,13,26.589689
1.0,23,26.596939
0.0,8,26.599559
1.0,25,26.607534
1.0,11,26.611048
1.0,28,26.619994
1.0,25,26.6279
1.0,25,26.635775
1.0,13,26.639935
1.0,23,26.647274
0.0,12,26.651071
0.0,6,26.652961
1.0,11,26.656438
0.0,20,26.662703
1.0,29,26.671802
0.0,12,26.675593
0.0,4,26.676867
1.0,38,26.688766
1.0,23,26.696025
1.0,33,26.706483
1.0,11,26.709996
1.0,23,26.717271
1.0,26,26.725483
1.0,28,26.734405
1.0,11,26.738027
1.0,25,26.746008
1.0,25,26.754009
0.0,8,26.756602
1.0,13,26.760739
1.0,25,26.768617
1.0,23,26.77586
1.0,32,26.785917
1.0,13,26.790056
1.0,27,26.798497
1.0,27,26.806997
1.0,33,26.817397
1.0,14,26.821895
1.0,26,26.830048
0.0,19,26.83602
1.0,29,26.845233
1.0,14,26.849811
0.0,16,26.854907
1.0,25,26.862901
1.0,29,26.872205
1.0,15,26.877017
1.0,25,26.884976
0.0,9,26.887856
1.0,27,26.896509
1.0,11,26.900045
0.0,15,26.904832
1.0,25,26.912847
1.0,27,26.921448
1.0,14,26.925906
1.0,25,26.933848
0.0,18,26.939618
1.0,31,26.949324
1.0,11,26.952806
0.0,6,26.9547
1.0,23,26.961919
1.0,27,26.970449
1.0,11,26.973935
1.0,23,26.98114
1.0,23,26.988433
1.0,25,26.996479
1.0,13,27.000695
1.0,23,27.008056
1.0,25,27.016059
1.0,27,27.024739
1.0,12,27.028587
1.0,25,27.036605
0.0,4,27.037943
1.0,27,27.046536
1.0,12,27.050409
0.0,16,27.055696
1.0,23,27.063082
1.0,27,27.071786
1.0,13,27.075975
1.0,26,27.084357
1.0,25,27.092421
1.0,34,27.103304
1.0,12,27.107198
1.0,27,27.115876
1.0,24,27.123556
1.0,32,27.133753
1.0,11,27.137336
1.0,29,27.146659
1.0,23,27.154098
1.0,31,27.164103
1.0,11,27.167709
0.0,12,27.171552
1.0,25,27.179583
1.0,28,27.188612
1.0,13,27.192811
0.0,6,27.194723
1.0,31,27.204736
0.0,6,27.206707
1.0,15,27.211591
1.0,29,27.220978
1.0,25,27.228974
1.0,28,27.238025
1.0,12,27.241887
1.0,23,27.249262
1.0,25,27.257314
1.0,25,27.265311
1.0,11,27.268854
1.0,27,27.277306
1.0,23,27.28458
1.0,29,27.293718
1.0,13,27.297806
1.0,23,27.305045
1.0,23,27.312271
1.0,31,27.322019
0.0,9,27.324884
1.0,25,27.332824
1.0,30,27.342293
1.0,25,27.350216
1.0,12,27.354019
1.0,23,27.361272
1.0,28,27.370181
1.0,27,27.378839
1.0,12,27.382699
1.0,25,27.390728
1.0,27,27.399394
1.0,29,27.408674
1.0,12,27.412544
1.0,27,27.421204
1.0,23,27.42858
1.0,25,27.436591
1.0,11,27.440181
1.0,25,27.4481
1.0,34,27.458773
1.0,28,27.467768
1.0,12,27.471569
0.0,6,27.47348
1.0,27,27.481988
0.0,19,27.488038
1.0,11,27.49157
1.0,23,27.498897
1.0,23,27.506242
1.0,25,27.514333
1.0,15,27.519191
1.0,24,27.52689
0.0,10,27.530126
1.0,34,27.540964
1.0,15,27.545824
0.0,19,27.551899
1.0,29,27.561196
1.0,30,27.570791
1.0,13,27.575042
1.0,25,27.583133
0.0,23,27.590483
1.0,27,27.599168
1.0,12,27.603022
1.0,25,27.610991
1.0,23,27.618317
1.0,31,27.628281
1.0,11,27.631844
1.0,27,27.640578
0.0,12,27.644377
1.0,29,27.653701
1.0,12,27.657552
0.0,21,27.664393
0.0,15,27.669199
1.0,29,27.678463
1.0,16,27.683659
0.0,18,27.68946
1.0,29,27.698735
0.0,19,27.70488
1.0,11,27.708426
0.0,16,27.713541
0.0,8,27.716136
1.0,25,27.724155
1.0,13,27.728387
1.0,27,27.737036
1.0,31,27.746974
0.0,12,27.750761
1.0,11,27.754265
1.0,23,27.761573
1.0,24,27.769125
1.0,27,27.777695
1.0,11,27.781185
1.0,25,27.789053
1.0,30,27.798503
1.0,25,27.806409
1.0,11,27.809909
1.0,27,27.818402
1.0,27,27.826909
1.0,27,27.835415
1.0,13,27.839616
1.0,32,27.849627
1.0,27,27.858119
1.0,29,27.867298
1.0,11,27.870909
1.0,25,27.878746
0.0,6,27.880692
1.0,26,27.88895
1.0,11,27.892441
1.0,25,27.90032
1.0,29,27.909485
1.0,30,27.919075
1.0,11,27.922639
1.0,26,27.930983
1.0,24,27.938545
0.0,21,27.945228
1.0,12,27.94903
0.0,4,27.950296
1.0,27,27.958783
1.0,37,27.970399
1.0,12,27.974197
1.0,28,27.982971
1.0,26,27.991096
1.0,27,27.999607
1.0,11,28.003128
1.0,23,28.010353
1.0,27,28.018828
1.0,27,28.027356
1.0,13,28.031482
1.0,27,28.040025
0.0,21,28.046775
1.0,29,28.056141
1.0,11,28.059717
1.0,23,28.067055
1.0,25,28.075224
0.0,4,28.076517
1.0,12,28.080425
1.0,28,28.089355
1.0,28,28.098311
1.0,26,28.106748
1.0,13,28.110945
0.0,17,28.116339
0.0,20,28.122765
1.0,28,28.131785
1.0,11,28.135375
1.0,25,28.143372
0.0,11,28.146899
1.0,27,28.15559
1.0,13,28.159809
1.0,27,28.168414
0.0,18,28.174196
1.0,25,28.182227
1.0,11,28.185811
1.0,28,28.194728
1.0,26,28.203058
1.0,27,28.211842
1.0,11,28.215446
1.0,25,28.223444
0.0,16,28.228624
0.0,18,28.234362
0.0,2,28.235031
1.0,23,28.242453
1.0,25,28.250367
1.0,28,28.259401
1.0,13,28.263626
1.0,25,28.27163
1.0,26,28.28001
0.0,18,28.285668
1.0,11,28.289219
1.0,23,28.296687
1.0,27,28.305296
1.0,32,28.31538
0.0,2,28.316034
1.0,24,28.323674
1.0,23,28.330916
1.0,25,28.338833
1.0,14,28.343322
1.0,27,28.351799
0.0,12,28.355585
0.0,14,28.360001
1.0,11,28.363486
1.0,28,28.372365
1.0,29,28.381503
1.0,31,28.391256
0.0,2,28.39191
0.0,4,28.393175
1.0,31,28.402926
1.0,31,28.412683
1.0,14,28.41709
1.0,26,28.425246
1.0,25,28.433109
1.0,27,28.441705
1.0,14,28.446125
1.0,23,28.453419
0.0,16,28.458508
1.0,25,28.466372
1.0,13,28.470473
0.0,20,28.476753
1.0,26,28.485056
0.0,9,28.487901
1.0,12,28.491698
1.0,26,28.499859
1.0,24,28.507402
1.0,27,28.515866
1.0,11,28.519357
1.0,23,28.526629
1.0,26,28.534765
1.0,30,28.544244
0.0,8,28.546772
1.0,27,28.555235
1.0,23,28.562473
1.0,27,28.571128
1.0,13,28.575279
1.0,25,28.583296
1.0,25,28.591181
0.0,8,28.593764
1.0,13,28.597927
1.0,27,28.606552
0.0,6,28.608499
0.0,16,28.613775
1.0,15,28.618582
1.0,25,28.626615
0.0,8,28.62921
1.0,27,28.637889
1.0,11,28.641454
0.0,17,28.646876
1.0,23,28.654277
1.0,28,28.663262
1.0,11,28.666733
1.0,28,28.675684
1.0,25,28.683804
0.0,14,28.688395
1.0,11,28.691873
0.0,6,28.693763
1.0,31,28.703703
1.0,27,28.712405
1.0,11,28.715948
1.0,28,28.724769
1.0,28,28.733755
1.0,29,28.743086
1.0,11,28.746566
1.0,26,28.754953
1.0,23,28.762344
1.0,29,28.771576
1.0,15,28.776359
1.0,25,28.784347
1.0,23,28.791746
1.0,29,28.800916
1.0,13,28.805027
0.0,8,28.807553
1.0,27,28.816091
1.0,29,28.825214
1.0,11,28.828701
1.0,29,28.837758
1.0,30,28.847232
1.0,31,28.856979
1.0,13,28.861084
0.0,17,28.866434
1.0,26,28.874613
1.0,27,28.883127
1.0,11,28.886607
1.0,25,28.894589
1.0,24,28.902146
0.0,12,28.905939
1.0,13,28.9101
1.0,28,28.918996
1.0,28,28.927929
1.0,28,28.936884
1.0,11,28.940398
1.0,25,28.948276
0.0,20,28.954622
1.0,31,28.96437
1.0,15,28.969099
0.0,4,28.970369
1.0,25,28.978226
1.0,29,28.987407
1.0,15,28.992135
1.0,25,29.000011
1.0,26,29.00822
1.0,25,29.016122
1.0,11,29.0196
1.0,25,29.027436
1.0,23,29.034629
1.0,27,29.043186
1.0,11,29.046666
1.0,29,29.055728
1.0,23,29.063004
1.0,31,29.072798
1.0,11,29.076276
1.0,27,29.08481
0.0,6,29.08674
1.0,25,29.094892
1.0,11,29.098484
1.0,23,29.10588
1.0,26,29.114116
1.0,27,29.122782
1.0,11,29.126334
1.0,26,29.13461
1.0,25,29.142577
1.0,29,29.151914
1.0,17,29.157374
1.0,24,29.165065
1.0,27,29.173641
1.0,29,29.182924
1.0,13,29.18708
0.0,9,29.189922
1.0,27,29.198595
1.0,26,29.206944
0.0,4,29.208284
1.0,25,29.216237
0.0,18,29.222022
0.0,12,29.225835
1.0,13,29.230034
1.0,27,29.238735
1.0,23,29.246114
1.0,25,29.254216
1.0,13,29.258444
0.0,11,29.262012
1.0,25,29.269957
1.0,33,29.280591
1.0,11,29.284172
1.0,23,29.291518
1.0,26,29.299806
1.0,29,29.30898
1.0,12,29.312771
1.0,27,29.321268
0.0,6,29.323208
0.0,14,29.327612
1.0,13,29.331689
1.0,29,29.34093
1.0,25,29.348959
1.0,25,29.357305
1.0,13,29.361738
1.0,23,29.369558
0.0,4,29.370958
1.0,31,29.381309
1.0,11,29.38498
1.0,23,29.392398
0.0,4,29.393676
1.0,28,29.402628
1.0,14,29.407142
1.0,23,29.414488
1.0,28,29.423438
0.0,8,29.426013
1.0,12,29.429874
1.0,25,29.43789
1.0,27,29.446569
1.0,27,29.455137
1.0,13,29.459257
0.0,20,29.465573
1.0,27,29.474144
1.0,26,29.482376
1.0,12,29.486163
1.0,25,29.494058
0.0,21,29.500838
1.0,26,29.50907
1.0,13,29.513178
0.0,8,29.515728
1.0,25,29.523603
1.0,28,29.532581
1.0,11,29.536142
1.0,23,29.543495
1.0,27,29.552128
0.0,15,29.556874
1.0,11,29.560412
1.0,23,29.567709
1.0,25,29.57561
1.0,27,29.584221
1.0,13,29.58835
1.0,26,29.596638
1.0,25,29.604537
1.0,25,29.612503
0.0,6,29.614486
0.0,22,29.621539
1.0,25,29.629583
0.0,21,29.636289
1.0,13,29.640453
1.0,24,29.648184
0.0,12,29.65203
1.0,27,29.660588
1.0,13,29.664746
1.0,28,29.673691
0.0,17,29.679142
1.0,25,29.687128
1.0,16,29.692199
1.0,25,29.700188
1.0,25,29.708291
1.0,26,29.716627
1.0,11,29.720183
1.0,26,29.728502
0.0,4,29.729845
1.0,25,29.73782
1.0,13,29.741973
1.0,28,29.750962
1.0,24,29.758671
1.0,27,29.767202
1.0,13,29.771399
1.0,23,29.778806
1.0,31,29.788751
1.0,29,29.797958
1.0,19,29.803989
0.0,4,29.805322
1.0,23,29.812708
1.0,30,29.822209
1.0,11,29.825782
1.0,23,29.833179
1.0,23,29.840564
0.0,19,29.846584
1.0,13,29.850763
1.0,27,29.859218
1.0,26,29.86739
1.0,26,29.875623
0.0,9,29.878506
1.0,24,29.886046
1.0,27,29.894536
1.0,28,29.90339
1.0,11,29.906862
0.0,15,29.911823
1.0,27,29.920453
1.0,28,29.929386
1.0,11,29.932938
1.0,25,29.940793
1.0,23,29.948024
1.0,32,29.958033
1.0,11,29.96151
1.0,24,29.969057
1.0,23,29.976304
1.0,29,29.985451
1.0,12,29.989277
1.0,26,29.99744
1.0,23,30.004663
0.0,20,30.010961
1.0,12,30.014737
1.0,25,30.022602
0.0,16,30.027648
1.0,29,30.036843
0.0,7,30.039056
1.0,25,30.046998
1.0,23,30.054284
1.0,26,30.062462
1.0,11,30.065938
1.0,27,30.074403
1.0,27,30.08287
1.0,25,30.090727
1.0,11,30.094213
1.0,26,30.102377
1.0,26,30.110587
0.0,6,30.112622
1.0,11,30.116097
1.0,23,30.123397
1.0,29,30.13251
1.0,26,30.140883
1.0,11,30.144448
1.0,27,30.15309
1.0,23,30.160393
1.0,25,30.168443
1.0,14,30.17295
0.0,20,30.179292
1.0,26,30.187502
0.0,16,30.192662
1.0,11,30.196224
0.0,4,30.197522
0.0,20,30.203944
1.0,26,30.212193
1.0,18,30.217934
1.0,32,30.228086
1.0,25,30.236013
1.0,33,30.246597
1.0,11,30.250165
1.0,26,30.258445
1.0,23,30.265731
1.0,30,30.275331
1.0,13,30.279516
1.0,28,30.288422
1.0,23,30.295782
1.0,26,30.304163
1.0,11,30.307735
1.0,23,30.314975
1.0,28,30.324009
0.0,20,30.330431
1.0,11,30.334011
1.0,25,30.341953
1.0,27,30.35065
1.0,32,30.360883
1.0,11,30.364363
0.0,14,30.368774
1.0,23,30.376009
0.0,19,30.382008
0.0,4,30.383295
1.0,27,30.391781
1.0,25,30.399751
1.0,25,30.407702
1.0,11,30.411191
1.0,25,30.419128
1.0,25,30.426967
1.0,25,30.434882
1.0,13,30.439042
1.0,23,30.446358
1.0,27,30.454829
1.0,26,30.463024
1.0,13,30.467129
1.0,27,30.475613
1.0,27,30.48416
1.0,29,30.493306
1.0,11,30.496791
1.0,23,30.504019
0.0,18,30.509731
0.0,16,30.514762
1.0,13,30.518869
1.0,30,30.528458
1.0,23,30.535665
1.0,29,30.54496
1.0,13,30.54908
0.0,8,30.551598
1.0,28,30.560374
1.0,28,30.569204
1.0,15,30.573991
0.0,19,30.580023
1.0,25,30.587885
1.0,25,30.595816
1.0,14,30.600231
1.0,28,30.609027
1.0,25,30.61688
1.0,27,30.625422
1.0,11,30.628885
1.0,25,30.636734
1.0,23,30.644012
1.0,25,30.651871
1.0,13,30.656003
1.0,36,30.66752
0.0,19,30.67367
1.0,27,30.682275
1.0,13,30.686432
1.0,25,30.694465
1.0,26,30.702685
1.0,27,30.711276
1.0,11,30.714847
0.0,12,30.718689
1.0,26,30.727131
1.0,30,30.736597
0.0,8,30.739209
1.0,26,30.747523
1.0,25,30.755459
0.0,21,30.762113
1.0,11,30.76567
1.0,23,30.773085
1.0,23,30.780443
0.0,8,30.782966
1.0,11,30.786433
1.0,25,30.794393
0.0,12,30.798192
1.0,26,30.806559
1.0,11,30.810073
0.0,18,30.815915
1.0,25,30.824001
0.0,14,30.828578
1.0,11,30.832198
1.0,25,30.840296
0.0,19,30.846446
1.0,27,30.855198
0.0,6,30.857158
0.0,14,30.86165
1.0,23,30.869024
1.0,29,30.878367
1.0,11,30.881932
0.0,4,30.883257
1.0,29,30.892486
0.0,8,30.895047
1.0,15,30.89983
1.0,34,30.910713
1.0,23,30.918136
1.0,31,30.928212
1.0,13,30.932467
1.0,23,30.939899
1.0,23,30.947325
1.0,27,30.956046
1.0,11,30.959589
1.0,31,30.969533
1.0,23,30.9769
1.0,29,30.986303
1.0,15,30.991078
1.0,26,30.999429
1.0,24,31.007095
1.0,25,31.015127
1.0,11,31.018698
1.0,23,31.026091
1.0,28,31.035051
1.0,31,31.045026
1.0,12,31.048856
1.0,25,31.056802
1.0,23,31.064136
0.0,17,31.069578
1.0,11,31.073113
1.0,23,31.080496
1.0,27,31.089151
1.0,31,31.099146
1.0,11,31.102693
1.0,27,31.111411
1.0,23,31.118785
0.0,19,31.124853
1.0,11,31.12835
1.0,23,31.135798
1.0,24,31.14351
0.0,8,31.146072
1.0,12,31.14996
1.0,27,31.158634
1.0,25,31.166684
1.0,26,31.17498
1.0,13,31.179085
0.0,9,31.181994
0.0,12,31.185881
1.0,29,31.195223
1.0,11,31.198782
1.0,26,31.207019
1.0,25,31.215053
1.0,26,31.223397
1.0,15,31.228223
1.0,23,31.235556
1.0,23,31.242947
1.0,28,31.251968
1.0,13,31.25608
1.0,26,31.264377
1.0,24,31.272003
1.0,27,31.280518
0.0,6,31.282431
0.0,8,31.284961
1.0,30,31.294596
1.0,27,31.303293
1.0,14,31.307698
1.0,27,31.316225
1.0,25,31.32413
1.0,28,31.333101
1.0,11,31.336709
1.0,28,31.345686
0.0,18,31.3515
1.0,27,31.360095
1.0,12,31.363871
0.0,18,31.369601
1.0,31,31.379517
1.0,31,31.389353
1.0,11,31.392911
1.0,29,31.402255
1.0,23,31.409741
1.0,29,31.418996
1.0,12,31.422854
1.0,24,31.430512
0.0,17,31.435883
1.0,31,31.445681
1.0,11,31.449154
0.0,22,31.456085
1.0,26,31.464245
1.0,30,31.473671
1.0,13,31.477896
1.0,25,31.485998
1.0,23,31.49348
1.0,25,31.501667
1.0,11,31.505222
1.0,25,31.513297
1.0,25,31.521374
1.0,27,31.53004
0.0,6,31.531995
0.0,17,31.537416
1.0,25,31.545527
0.0,4,31.546807
1.0,11,31.550309
0.0,18,31.556099
1.0,25,31.564105
1.0,29,31.573481
1.0,14,31.577978
1.0,29,31.587265
1.0,23,31.594653
0.0,4,31.595958
1.0,11,31.599519
0.0,18,31.605323
1.0,28,31.614266
1.0,27,31.622939
1.0,13,31.627109
0.0,6,31.629062
1.0,29,31.63824
1.0,29,31.647557
1.0,12,31.651397
1.0,23,31.658808
0.0,18,31.664549
1.0,28,31.673538
1.0,16,31.678712
1.0,24,31.686404
1.0,27,31.69513
1.0,27,31.703671
0.0,9,31.706589
1.0,23,31.713973
1.0,27,31.722647
1.0,28,31.731514
1.0,11,31.735046
1.0,23,31.742405
0.0,21,31.74918
1.0,26,31.757557
1.0,11,31.761094
1.0,23,31.768558
1.0,29,31.777864
1.0,29,31.78726
1.0,13,31.791476
1.0,25,31.799455
1.0,27,31.808145
