# {"t_start": 1614138614.459628, "env_id": "Half-Cheetah-RM2-v0"} 
r,l,t
-551.571822,1000,8.278443
-581.815286,1000,13.227154
-568.604653,1000,18.257344
-550.765136,1000,23.537027
-535.523269,1000,28.859545
-560.675862,1000,34.229685
-571.580784,1000,39.594891
-590.935563,1000,45.174759
-541.671788,1000,51.213395
-557.348614,1000,57.205709
-512.996414,1000,63.229535
-513.854589,1000,69.178705
-483.945142,1000,75.111125
-592.110153,1000,80.850331
-534.978329,1000,86.196533
-560.986917,1000,91.586408
-587.572842,1000,97.521834
-520.857561,1000,103.46552
-570.969114,1000,109.472857
-469.84558,1000,115.449373
-421.507582,1000,121.108218
-500.782497,1000,126.451919
-487.622636,1000,131.942329
-458.871516,1000,137.345536
-527.416209,1000,142.780549
-487.894376,1000,148.110111
-483.63337,1000,153.561602
-480.028657,1000,158.962771
-448.026699,1000,164.427807
-409.988605,1000,169.963698
-412.260285,1000,175.429224
-446.044506,1000,180.882407
-447.308235,1000,186.341356
-334.211433,1000,191.815153
-392.44408,1000,197.254315
-397.838658,1000,202.59679
-375.660921,1000,208.068637
-397.607432,1000,213.475543
-371.34352,1000,219.032799
-414.772494,1000,224.530818
-427.90294,1000,230.078748
-389.248836,1000,235.606231
-341.478312,1000,241.301922
-364.528837,1000,246.914042
-364.110746,1000,252.588915
-376.576473,1000,258.235219
-359.340261,1000,263.887984
-360.032424,1000,269.316677
-344.841133,1000,274.799018
-356.183923,1000,280.214162
-344.270844,1000,285.983898
-360.862225,1000,291.506623
-336.471441,1000,297.114192
-314.107503,1000,302.596932
-354.528937,1000,308.204744
-321.470284,1000,314.356438
-348.365561,1000,320.614825
-348.733964,1000,326.767741
-335.125943,1000,333.04393
-319.877489,1000,339.176578
-313.482105,1000,345.438482
-307.896604,1000,351.574098
-328.86492,1000,357.478123
-320.630266,1000,363.730729
-318.034973,1000,370.219946
-329.52744,1000,376.150798
-332.356619,1000,382.180191
-320.110378,1000,387.958975
-362.771676,1000,393.795291
-315.694633,1000,399.466299
-324.285767,1000,405.266677
-420.394767,1000,410.995925
-425.785412,1000,416.798491
-315.887657,1000,422.522566
-324.295505,1000,428.389172
-320.894893,1000,434.225831
-379.308276,1000,440.267366
-317.698419,1000,446.203871
-318.823788,1000,452.342546
-315.496068,1000,458.45881
-309.108291,1000,464.548643
-323.350193,1000,470.582662
-324.19764,1000,476.787158
-333.991523,1000,482.817983
-337.832423,1000,489.05735
-303.821543,1000,495.073527
-367.880531,1000,501.161837
-332.645968,1000,507.14203
687.539232,663,511.467961
-432.724258,1000,517.39879
-395.501673,1000,523.510635
-594.417695,1000,529.573464
-593.039923,1000,535.911985
-547.600724,1000,541.95936
-539.216422,1000,548.201603
-529.630157,1000,554.246115
-548.502656,1000,560.527855
-569.532083,1000,566.846371
-581.216626,1000,573.129154
-530.594038,1000,579.200932
-494.2844,1000,585.356577
-565.986677,1000,591.496488
-541.567159,1000,597.608591
-540.893167,1000,603.569456
-532.9228,1000,609.618569
-542.432126,1000,615.46853
-546.0777,1000,621.49298
-572.955154,1000,627.356934
-585.565936,1000,633.52168
-549.949714,1000,639.456094
-550.879848,1000,645.494945
-540.177595,1000,651.317474
-546.543715,1000,657.452455
-551.072035,1000,663.345017
-526.166199,1000,669.812188
-534.068664,1000,676.25996
-536.6068,1000,682.958905
-518.198175,1000,689.372531
-566.236898,1000,696.0429
633.295442,657,700.483647
-566.106192,1000,707.08882
-562.67533,1000,713.030768
-561.74961,1000,719.296788
-595.404596,1000,725.156475
-494.115797,1000,731.245902
-562.488831,1000,737.189191
-521.798234,1000,743.260646
-546.077765,1000,749.070964
-532.608063,1000,755.084928
-497.664884,1000,760.844075
-566.787448,1000,766.957103
-550.855699,1000,772.894986
-536.190016,1000,779.277007
-548.299934,1000,785.495756
-560.135173,1000,791.814611
-544.629892,1000,797.77934
-536.793868,1000,804.079376
-548.172673,1000,810.079285
-582.517651,1000,816.485827
-514.906386,1000,822.662432
-571.847094,1000,829.199618
-519.628425,1000,835.471707
-499.099636,1000,842.109562
-582.134285,1000,848.568133
-549.44335,1000,855.424296
-538.656294,1000,861.68304
-506.059725,1000,868.299614
-541.458628,1000,874.480783
745.839327,480,877.070139
-553.502332,1000,883.592833
-515.711019,1000,889.890939
-496.614148,1000,896.592285
-552.794112,1000,902.876155
-543.345377,1000,909.514081
-495.655189,1000,915.823229
-483.870721,1000,922.45202
-490.551619,1000,928.881446
-460.792604,1000,935.705835
-475.196989,1000,942.413522
-559.899968,1000,949.71672
-489.607944,1000,956.726327
-504.840048,1000,964.013756
-515.058175,1000,970.956555
-522.335201,1000,977.892178
-509.158906,1000,984.291922
-560.046898,1000,990.96445
-530.149675,1000,997.278164
-495.22246,1000,1004.048928
-560.424714,1000,1010.629831
-548.661152,1000,1017.475351
-551.613239,1000,1023.868626
-497.672358,1000,1030.864008
-546.98638,1000,1037.508834
-510.644387,1000,1044.450966
-519.069629,1000,1051.021459
-495.732236,1000,1058.181447
-532.989074,1000,1064.904561
-513.970674,1000,1071.655965
-555.145005,1000,1078.016413
-498.816678,1000,1084.828686
-464.283078,1000,1091.373588
-578.076728,1000,1098.240234
-504.854342,1000,1104.65435
-502.27223,1000,1111.371802
-509.103363,1000,1117.850117
-536.765144,1000,1124.900256
-478.122119,1000,1131.499483
-549.883732,1000,1138.235582
-578.502226,1000,1144.695015
-536.801448,1000,1151.586082
-524.097906,1000,1158.038868
-551.146573,1000,1164.967414
-504.138165,1000,1171.422033
-546.237468,1000,1178.301553
-564.040214,1000,1184.706154
-544.759905,1000,1191.501756
-456.703078,1000,1197.9056
-433.854855,1000,1204.784498
-484.54695,1000,1211.254744
-517.340025,1000,1218.231889
-479.017071,1000,1225.031993
-436.968132,1000,1232.054943
-470.692228,1000,1239.089623
-495.015477,1000,1246.069517
-536.271507,1000,1252.659408
-508.608502,1000,1259.691067
-596.223225,1000,1266.231206
-599.313165,1000,1273.295535
-567.710139,1000,1280.282508
-597.577361,1000,1287.577238
-595.365486,1000,1294.178207
-572.093615,1000,1301.249509
-517.079984,1000,1307.906441
-582.266774,1000,1315.048958
-562.89253,1000,1321.821364
-572.436417,1000,1329.029562
-523.502507,1000,1335.94097
-580.276728,1000,1343.06483
-555.138332,1000,1349.637937
-571.292316,1000,1356.814631
-585.094299,1000,1363.512567
-536.909437,1000,1370.62044
-568.763288,1000,1377.364393
-551.5615,1000,1384.53448
-594.381843,1000,1391.225334
-520.239046,1000,1398.410058
-536.080428,1000,1405.163037
-564.773162,1000,1412.317822
-576.053945,1000,1419.021722
-593.541002,1000,1426.216455
-579.518544,1000,1432.97976
-510.854307,1000,1440.161592
-521.842283,1000,1446.848197
-503.344736,1000,1453.997824
-546.290188,1000,1460.640526
-530.718044,1000,1467.920933
-530.753395,1000,1474.743033
-544.328187,1000,1481.987347
-501.076638,1000,1488.619978
-513.761274,1000,1495.681784
-509.135976,1000,1502.567439
-505.559618,1000,1509.927197
-509.137844,1000,1516.810441
-542.285048,1000,1524.1036
-490.918522,1000,1530.855045
-516.307218,1000,1538.103454
-411.518655,1000,1544.966716
-509.935182,1000,1552.45008
-419.549145,1000,1559.326994
-478.393064,1000,1566.677591
-476.390148,1000,1573.458629
-464.070264,1000,1580.708541
-430.999104,1000,1587.385144
-420.45088,1000,1594.6137
-447.188835,1000,1601.229612
-423.042035,1000,1608.491008
-495.837978,1000,1615.329998
-496.639759,1000,1622.877814
-527.998409,1000,1629.875871
-432.139873,1000,1637.349677
-485.33535,1000,1644.602831
-441.7329,1000,1651.956337
-503.027075,1000,1658.740517
-500.346902,1000,1666.07184
-504.79468,1000,1672.919122
-504.734941,1000,1680.160407
-508.779843,1000,1686.931085
-501.858531,1000,1694.241302
-460.34596,1000,1701.042384
-474.532112,1000,1708.391163
-520.862388,1000,1714.985394
-463.678889,1000,1722.821119
-489.270876,1000,1730.004076
-483.704274,1000,1737.512262
-497.856803,1000,1744.254894
-415.813351,1000,1751.688479
-496.742678,1000,1759.084364
-465.756735,1000,1766.796271
-494.064382,1000,1773.644836
-568.638881,1000,1780.952591
-576.364826,1000,1787.786693
-575.079537,1000,1795.171312
-531.808299,1000,1802.329625
-599.722489,1000,1810.233724
-599.598116,1000,1817.616533
-599.325574,1000,1825.493195
-599.955455,1000,1832.874212
-597.141766,1000,1840.880497
-599.672659,1000,1848.382002
-599.683695,1000,1856.373752
-589.72793,1000,1863.436126
-599.981307,1000,1871.420678
-597.122108,1000,1878.64299
-599.278073,1000,1885.975294
-587.977238,1000,1892.855453
-599.608965,1000,1900.399481
-599.750408,1000,1907.285019
-586.006475,1000,1914.775995
-599.99962,1000,1921.683424
-599.913942,1000,1929.162777
-577.373342,1000,1935.896265
-594.470938,1000,1943.240549
-599.214587,1000,1950.192594
-597.851323,1000,1957.643611
-546.294049,1000,1964.426593
-599.932931,1000,1971.987891
-599.998433,1000,1979.078372
-599.998959,1000,1986.908455
-598.380876,1000,1993.999141
-599.378445,1000,2001.700321
-599.990486,1000,2008.775836
-599.986356,1000,2016.475381
-599.989514,1000,2023.578219
-599.871602,1000,2031.114191
-599.074032,1000,2037.967381
-597.562946,1000,2045.638854
-599.627853,1000,2052.659965
-599.971423,1000,2060.171855
-599.999911,1000,2067.164228
-599.999999,1000,2074.837899
-600.0,1000,2081.773135
-599.999999,1000,2089.457786
-599.999997,1000,2096.484025
-599.999994,1000,2103.972011
-600.0,1000,2111.088818
-600.0,1000,2118.870886
-599.99662,1000,2126.096138
-600.0,1000,2133.740493
-599.999999,1000,2140.676304
-600.0,1000,2148.315151
-597.762524,1000,2155.601264
-600.0,1000,2163.445104
-595.490845,1000,2170.534876
-597.642436,1000,2178.411805
-599.869951,1000,2185.547399
-599.607068,1000,2193.377191
-599.936412,1000,2200.524559
-600.0,1000,2208.521898
-599.999997,1000,2215.819277
-600.0,1000,2224.27512
-599.250624,1000,2231.479871
-599.936668,1000,2239.317748
-594.594233,1000,2246.4786
-599.996665,1000,2254.566475
-599.999804,1000,2261.897622
-599.920337,1000,2269.878519
-598.011363,1000,2276.902197
-573.431406,1000,2284.674317
-599.987279,1000,2291.753845
-599.749427,1000,2299.407097
-599.999951,1000,2306.380111
-599.915115,1000,2314.04662
-599.969273,1000,2320.904704
-599.154696,1000,2328.60539
-598.458376,1000,2335.548919
-590.036933,1000,2343.281342
-588.700105,1000,2350.157261
-591.972097,1000,2357.967161
-599.980061,1000,2365.036021
-593.325772,1000,2372.744118
-599.978222,1000,2379.694134
-599.543024,1000,2387.427274
-599.999061,1000,2394.379958
-599.870338,1000,2402.187513
-599.997005,1000,2409.185032
-599.99916,1000,2416.936453
-599.419045,1000,2423.998723
-598.504703,1000,2431.957336
-599.999949,1000,2439.193998
-599.999644,1000,2447.165668
-599.895151,1000,2454.343327
-599.975851,1000,2462.282936
-599.99913,1000,2469.454555
-599.999998,1000,2477.518505
-599.999999,1000,2484.744416
-599.999987,1000,2493.191761
-599.206679,1000,2500.760105
-598.384244,1000,2509.180031
-597.32326,1000,2516.756432
-599.999983,1000,2524.672185
-599.999176,1000,2531.588919
-599.999998,1000,2539.379365
-599.99995,1000,2546.495929
-600.0,1000,2554.540525
-599.99917,1000,2561.855039
-599.999731,1000,2569.911482
-599.941644,1000,2577.142548
-592.546064,1000,2585.139222
-600.0,1000,2592.311584
-599.928008,1000,2600.303149
-599.991395,1000,2607.572234
-600.0,1000,2615.683221
-599.999034,1000,2622.924036
-598.794013,1000,2630.915818
-600.0,1000,2638.111306
-600.0,1000,2646.078228
-599.999974,1000,2653.322058
-599.975982,1000,2661.338707
-599.577465,1000,2668.520673
-599.999891,1000,2676.514442
-599.99961,1000,2683.73293
-598.685975,1000,2692.069418
-598.350898,1000,2699.910901
-592.75678,1000,2708.570089
-599.999939,1000,2716.365272
-589.12604,1000,2724.953722
-599.999998,1000,2732.886687
-600.0,1000,2741.737095
-600.0,1000,2749.710764
-599.969914,1000,2758.597802
-599.999865,1000,2766.700935
-600.0,1000,2775.352803
-599.895081,1000,2782.879836
-589.126401,1000,2790.985928
-599.90521,1000,2798.388351
-599.813272,1000,2806.524449
-599.999999,1000,2813.815036
-599.823868,1000,2821.832603
-599.999905,1000,2829.031005
-599.950567,1000,2837.220507
-599.999959,1000,2844.597855
-600.0,1000,2852.650932
-599.964094,1000,2859.779127
-561.647283,1000,2867.890887
-599.997992,1000,2875.149857
-599.997799,1000,2883.333268
-599.976083,1000,2890.632065
-600.0,1000,2898.775848
-559.998392,1000,2906.126368
-600.0,1000,2914.166349
-599.899411,1000,2921.320477
-599.999975,1000,2929.706619
-599.94379,1000,2937.25664
-599.999975,1000,2945.45211
-600.0,1000,2952.650025
-600.0,1000,2960.813062
-599.937224,1000,2968.152065
-600.0,1000,2976.32845
-600.0,1000,2983.713118
-600.0,1000,2992.096193
-569.862261,1000,2999.430588
-600.0,1000,3007.978901
-600.0,1000,3015.38466
-600.0,1000,3023.520751
-599.739695,1000,3030.723217
-600.0,1000,3038.845356
-600.0,1000,3046.058413
-600.0,1000,3054.319755
-598.952148,1000,3061.681446
-599.896332,1000,3069.796346
-599.888958,1000,3077.390986
-599.998281,1000,3086.129858
-599.960519,1000,3093.982789
-599.996974,1000,3102.73165
-599.997375,1000,3110.360354
-600.0,1000,3118.539707
-600.0,1000,3125.828843
-599.999981,1000,3134.070037
-600.0,1000,3141.792968
-600.0,1000,3150.507023
-600.0,1000,3158.513137
-600.0,1000,3167.356785
-600.0,1000,3175.336456
-599.992752,1000,3184.150706
-600.0,1000,3192.143779
-600.0,1000,3200.758746
-597.655183,1000,3208.399495
-599.96423,1000,3217.041407
-599.872853,1000,3224.688491
-599.996424,1000,3233.302131
-600.0,1000,3241.104939
-599.999999,1000,3249.783432
-599.999998,1000,3257.461451
-598.696068,1000,3266.728947
-599.999713,1000,3275.051002
-599.999361,1000,3284.231333
-594.979802,1000,3291.96977
-599.996102,1000,3300.6536
-600.0,1000,3308.376624
-600.0,1000,3317.39579
-600.0,1000,3325.527587
782.517489,365,3329.681347
-600.0,1000,3337.821724
-600.0,1000,3346.828323
-600.0,1000,3354.73865
-600.0,1000,3363.509765
-600.0,1000,3371.552636
-599.999954,1000,3380.427377
-599.999934,1000,3388.22456
-599.999998,1000,3397.04851
-597.021705,1000,3404.91308
-598.693709,1000,3413.642098
-598.134949,1000,3421.412777
-596.542479,1000,3430.216365
-600.0,1000,3438.035853
-600.0,1000,3446.956707
-599.2904,1000,3454.980366
-600.0,1000,3464.304622
-599.579079,1000,3472.902673
-599.924294,1000,3482.181562
-599.999883,1000,3490.13665
-600.0,1000,3498.969902
-599.996093,1000,3506.796254
-599.79817,1000,3515.625914
-600.0,1000,3523.572387
-600.0,1000,3532.354411
-590.364037,1000,3540.195691
-598.345501,1000,3549.033022
-599.999999,1000,3556.80133
-600.0,1000,3565.825436
-599.999829,1000,3573.822221
-599.999927,1000,3583.254922
-599.793462,1000,3591.715644
-600.0,1000,3601.13496
-599.999989,1000,3609.146394
-599.912523,1000,3618.110374
-598.838026,1000,3626.017769
-599.999844,1000,3635.004647
-600.0,1000,3642.981297
-600.0,1000,3652.429198
-599.951675,1000,3660.879594
-598.828614,1000,3670.398044
-599.762792,1000,3678.884449
-599.993504,1000,3688.39312
-600.0,1000,3696.876047
-600.0,1000,3706.108384
-599.816721,1000,3714.101706
-599.276031,1000,3723.133457
-600.0,1000,3731.066656
-598.64579,1000,3740.057204
-598.078072,1000,3748.025513
-599.778182,1000,3757.090587
-600.0,1000,3764.951237
-600.0,1000,3773.878056
-600.0,1000,3782.211286
-600.0,1000,3791.845145
-599.9979,1000,3800.399205
-600.0,1000,3810.061178
-599.432831,1000,3818.612813
-592.494645,1000,3828.146831
-600.0,1000,3836.253429
-599.990462,1000,3845.35919
725.766333,460,3849.24832
-600.0,1000,3857.34243
-599.838874,1000,3866.497955
-599.999999,1000,3874.469909
-598.434557,1000,3883.539562
-600.0,1000,3891.50622
-600.0,1000,3900.523402
-600.0,1000,3908.460375
-600.0,1000,3917.592821
-600.0,1000,3925.628422
-599.938359,1000,3934.713078
-599.997843,1000,3942.634629
-600.0,1000,3951.671577
-600.0,1000,3959.626806
-599.938134,1000,3968.671342
-598.451531,1000,3976.579941
-599.951565,1000,3985.588714
-600.0,1000,3993.4436
-600.0,1000,4002.483918
-599.999994,1000,4010.489388
-599.286522,1000,4019.683581
-599.999958,1000,4027.733268
-596.473006,1000,4036.856272
-599.848257,1000,4044.874103
-600.0,1000,4054.037755
-599.433609,1000,4062.057146
-600.0,1000,4071.227916
-600.0,1000,4079.293683
-600.0,1000,4088.502384
-599.77518,1000,4096.683568
-599.97281,1000,4105.821173
-600.0,1000,4113.959753
-600.0,1000,4123.338146
-599.999961,1000,4131.524269
-600.0,1000,4140.853141
-599.999467,1000,4149.059305
-600.0,1000,4158.339219
-600.0,1000,4166.557133
-599.999989,1000,4175.945618
-598.135898,1000,4184.187456
-598.322549,1000,4193.685461
-599.999978,1000,4201.98797
-600.0,1000,4211.511651
-597.714868,1000,4219.896806
-599.999288,1000,4229.413441
-599.977918,1000,4237.676836
-599.998552,1000,4247.226805
-600.0,1000,4255.626446
-599.985755,1000,4265.06534
-597.02848,1000,4273.354248
-600.0,1000,4282.857249
-599.939454,1000,4291.091813
-600.0,1000,4300.465127
-600.0,1000,4308.704875
-600.0,1000,4318.320822
-599.999182,1000,4326.746366
-597.035944,1000,4336.264277
-599.948727,1000,4344.763579
-599.017962,1000,4354.545189
-599.999482,1000,4362.992759
-571.350291,1000,4372.617661
-600.0,1000,4380.88477
555.680565,745,4387.938253
-599.915152,1000,4396.261406
-600.0,1000,4405.762234
-599.998643,1000,4414.080908
836.177247,275,4416.552995
-600.0,1000,4426.306361
-599.903676,1000,4434.589856
-600.0,1000,4444.00781
-599.918958,1000,4452.745639
-600.0,1000,4462.812183
-599.90163,1000,4471.451777
-600.0,1000,4481.253714
-599.999996,1000,4489.699653
-600.0,1000,4499.250746
-600.0,1000,4507.677881
-600.0,1000,4517.385062
-597.14022,1000,4525.86815
-600.0,1000,4535.582761
-600.0,1000,4544.052087
-600.0,1000,4553.641374
-598.012289,1000,4561.955993
-594.56731,1000,4571.505361
-598.900981,1000,4579.800687
-599.991138,1000,4589.372744
-599.943527,1000,4597.660198
-600.0,1000,4607.215917
-599.998735,1000,4615.546337
-599.870104,1000,4625.123152
-595.213144,1000,4633.331562
-599.98013,1000,4642.891347
-599.806208,1000,4651.166856
-599.941294,1000,4660.696304
-599.995416,1000,4668.990261
-599.716396,1000,4678.556514
-599.978747,1000,4686.857114
-599.208997,1000,4696.414329
-590.208736,1000,4704.641412
-600.0,1000,4714.070317
-600.0,1000,4722.215444
-599.999861,1000,4731.700298
-599.024492,1000,4739.948221
-569.904194,1000,4749.503742
-599.998913,1000,4757.77639
-600.0,1000,4767.296983
-597.182126,1000,4775.506516
-599.634451,1000,4785.183304
-599.665484,1000,4793.581705
-599.99827,1000,4803.255522
-595.116409,1000,4811.664739
-600.0,1000,4821.369026
-599.999606,1000,4829.768441
-599.85163,1000,4839.452744
-599.999983,1000,4847.704226
-598.280295,1000,4857.210695
-600.0,1000,4865.421552
-600.0,1000,4875.40252
-599.869895,1000,4883.738672
-597.948987,1000,4893.396141
-597.126125,1000,4901.668247
-600.0,1000,4911.405058
-596.423637,1000,4919.796971
-592.735857,1000,4929.504973
-600.0,1000,4937.933425
-599.981606,1000,4947.661656
-599.729714,1000,4955.955723
-599.919938,1000,4965.636255
-599.987576,1000,4974.082471
-600.0,1000,4983.911654
-599.998167,1000,4992.420041
-599.551213,1000,5002.278966
-600.0,1000,5010.816424
-600.0,1000,5020.685426
-600.0,1000,5029.346598
-599.901935,1000,5039.135664
-600.0,1000,5047.555346
-600.0,1000,5057.140183
-600.0,1000,5065.292475
-600.0,1000,5074.828063
-600.0,1000,5083.178996
-600.0,1000,5092.920986
-600.0,1000,5101.463389
-598.929188,1000,5111.230208
-599.999707,1000,5119.55961
-599.7812,1000,5129.364908
-600.0,1000,5137.728952
-600.0,1000,5147.484606
-600.0,1000,5155.704746
-600.0,1000,5165.516173
-599.993052,1000,5173.944263
-600.0,1000,5183.711052
-598.875784,1000,5192.09893
-599.999984,1000,5201.942602
-599.518349,1000,5210.317186
-599.822617,1000,5220.064106
-600.0,1000,5228.42039
-599.994005,1000,5238.197498
-596.888647,1000,5246.498929
-599.999303,1000,5256.330416
-599.98203,1000,5264.575464
-599.960713,1000,5274.406464
-599.540059,1000,5282.733769
-600.0,1000,5292.503429
-599.90745,1000,5300.93485
-599.218409,1000,5311.294813
-600.0,1000,5320.18694
-600.0,1000,5330.046481
-596.715333,1000,5338.382796
-599.999997,1000,5348.066395
-600.0,1000,5356.338145
-599.991308,1000,5365.973562
-597.312608,1000,5374.146792
-600.0,1000,5383.753535
-599.595687,1000,5392.019515
-599.999992,1000,5401.597643
-599.994326,1000,5409.916183
-600.0,1000,5419.636924
-599.996781,1000,5428.13559
-599.542638,1000,5438.001713
-600.0,1000,5446.433496
-600.0,1000,5456.246189
-599.648464,1000,5464.782388
-599.521947,1000,5474.658293
-600.0,1000,5482.961779
-599.869469,1000,5492.758487
-599.999296,1000,5501.136697
-600.0,1000,5510.927824
-599.987032,1000,5519.25834
-597.09915,1000,5529.159429
-595.74789,1000,5538.025958
-600.0,1000,5547.744258
-600.0,1000,5556.056745
-599.99853,1000,5565.836163
-599.995219,1000,5574.157811
-600.0,1000,5583.967427
-589.460822,1000,5592.283086
-600.0,1000,5602.122267
-599.999,1000,5610.457654
-600.0,1000,5620.350068
-600.0,1000,5628.577713
-600.0,1000,5638.326695
-600.0,1000,5646.563261
-600.0,1000,5656.331294
-600.0,1000,5664.610281
-600.0,1000,5674.352459
-599.999997,1000,5682.572478
-600.0,1000,5692.363556
-600.0,1000,5700.679103
-600.0,1000,5710.541087
-600.0,1000,5718.778344
-600.0,1000,5728.621795
-599.988828,1000,5736.92435
-600.0,1000,5746.774066
-599.999069,1000,5755.16557
-600.0,1000,5764.909835
-600.0,1000,5773.159971
-600.0,1000,5782.865039
-600.0,1000,5791.112348
-599.912669,1000,5800.898921
-599.931,1000,5809.139256
-599.999422,1000,5819.018694
-599.901476,1000,5827.440387
-599.999312,1000,5837.261643
-600.0,1000,5845.560671
-600.0,1000,5855.543238
-600.0,1000,5863.914841
-598.005612,1000,5873.86066
-599.999999,1000,5882.197586
-600.0,1000,5892.041402
-597.980639,1000,5900.36464
-599.988857,1000,5910.213333
-600.0,1000,5918.462998
-599.987028,1000,5928.34463
-598.008937,1000,5936.664385
-600.0,1000,5946.482269
-600.0,1000,5954.85824
-599.985416,1000,5964.584825
-599.950328,1000,5972.887765
-599.9775,1000,5982.795668
-600.0,1000,5991.173393
-600.0,1000,6001.102034
-599.940204,1000,6009.446708
-600.0,1000,6019.296371
-600.0,1000,6027.569169
-594.498172,1000,6037.405659
-600.0,1000,6045.674149
-600.0,1000,6055.547919
-595.628328,1000,6063.853914
-600.0,1000,6073.706572
-599.999749,1000,6082.049364
-600.0,1000,6092.296008
-599.999088,1000,6101.177852
-600.0,1000,6111.62588
-600.0,1000,6120.49813
-599.800949,1000,6130.990186
-599.784107,1000,6139.919824
-600.0,1000,6150.439337
-600.0,1000,6159.345122
-599.91251,1000,6169.685637
-600.0,1000,6177.98037
-600.0,1000,6187.809831
-598.862238,1000,6196.550376
-599.996797,1000,6206.891765
-599.986868,1000,6215.25012
-599.996582,1000,6225.372764
-599.999978,1000,6233.800416
-600.0,1000,6243.700155
-600.0,1000,6251.897634
-599.338682,1000,6261.737563
-600.0,1000,6269.968588
-599.999839,1000,6279.833694
-597.310826,1000,6288.095567
-600.0,1000,6298.017154
-599.79813,1000,6306.278238
-600.0,1000,6316.278979
-599.928587,1000,6324.564531
-599.906424,1000,6334.389934
-600.0,1000,6342.646448
-599.999783,1000,6352.68578
-599.52433,1000,6361.085426
-599.82646,1000,6371.087102
-596.032663,1000,6379.462473
-589.944971,1000,6389.488525
-600.0,1000,6397.86026
-600.0,1000,6407.86921
-600.0,1000,6416.265114
-600.0,1000,6426.245609
-595.351086,1000,6434.483978
-600.0,1000,6444.293422
-600.0,1000,6452.539915
-596.908712,1000,6462.497458
-600.0,1000,6470.763256
-600.0,1000,6480.659086
-600.0,1000,6488.840835
-600.0,1000,6498.722942
-599.187191,1000,6506.884802
-599.999994,1000,6516.773779
-599.278935,1000,6525.092351
-600.0,1000,6535.109359
-600.0,1000,6543.523846
-598.150699,1000,6553.630891
-600.0,1000,6562.049757
-599.999997,1000,6572.077948
-600.0,1000,6580.357836
-599.998773,1000,6590.790026
-599.999564,1000,6599.553382
-600.0,1000,6609.514602
-600.0,1000,6617.819571
-599.994818,1000,6627.952698
-599.964891,1000,6636.831298
-599.969831,1000,6647.205554
-600.0,1000,6655.759688
-599.982105,1000,6665.724706
-600.0,1000,6674.044826
-599.776085,1000,6684.073393
-599.975683,1000,6692.354703
-587.768646,1000,6702.34581
-599.527174,1000,6710.737219
-599.928967,1000,6720.791675
-600.0,1000,6729.116351
-592.703422,1000,6739.155379
-600.0,1000,6747.411675
-600.0,1000,6757.428819
-600.0,1000,6765.649621
-600.0,1000,6775.964875
-599.999998,1000,6784.286029
-599.999998,1000,6794.470049
-599.511562,1000,6802.85955
-599.907726,1000,6812.883872
-599.889678,1000,6821.100493
-599.909129,1000,6831.008176
-599.999999,1000,6839.26126
-600.0,1000,6849.375086
-600.0,1000,6857.61186
-600.0,1000,6867.654792
-600.0,1000,6875.950563
-599.999997,1000,6886.024493
-598.373476,1000,6894.405965
-600.0,1000,6904.795532
-599.978771,1000,6913.605745
-600.0,1000,6923.721711
-600.0,1000,6931.978234
-599.963527,1000,6942.066597
-600.0,1000,6950.397673
-600.0,1000,6960.521778
-592.03978,1000,6968.801471
-593.543757,1000,6979.111029
-600.0,1000,6987.609308
-599.8939,1000,6997.671555
-600.0,1000,7006.0029
-599.947135,1000,7016.010023
-600.0,1000,7024.296825
-600.0,1000,7034.290225
-599.999997,1000,7042.524182
-599.973464,1000,7052.579319
-600.0,1000,7060.873962
-600.0,1000,7070.900268
-599.999974,1000,7079.273337
-600.0,1000,7089.594214
-600.0,1000,7098.007517
-600.0,1000,7108.221731
-600.0,1000,7116.647457
-598.929563,1000,7126.85215
-598.663822,1000,7135.285372
-600.0,1000,7145.431648
-600.0,1000,7153.668869
-600.0,1000,7163.764597
-599.999097,1000,7172.060181
-599.998433,1000,7182.197602
-600.0,1000,7190.563281
-600.0,1000,7200.734454
-598.738824,1000,7209.021348
-600.0,1000,7219.07184
-599.999996,1000,7227.452042
-599.990046,1000,7237.555969
-600.0,1000,7245.837472
-599.95534,1000,7256.069008
-600.0,1000,7264.39678
-600.0,1000,7274.520222
-598.758183,1000,7282.880012
-600.0,1000,7293.120464
-599.999997,1000,7301.483752
-598.86713,1000,7311.596412
-598.530659,1000,7319.848883
-599.99981,1000,7330.011366
-599.909709,1000,7338.304905
-600.0,1000,7348.52669
-587.326294,1000,7356.789631
-600.0,1000,7366.969157
-600.0,1000,7375.202112
-599.97333,1000,7385.316499
-600.0,1000,7393.624903
-600.0,1000,7403.782955
-599.320528,1000,7412.117404
-599.999671,1000,7422.388244
-600.0,1000,7430.830154
-600.0,1000,7441.04993
-600.0,1000,7449.358164
-599.999999,1000,7459.635755
-599.99814,1000,7468.033966
-598.865364,1000,7478.288924
-573.213592,1000,7486.50382
-600.0,1000,7496.635306
-600.0,1000,7504.89428
-599.992569,1000,7515.06648
-599.967002,1000,7523.367342
-600.0,1000,7533.564709
-599.789362,1000,7541.781147
-598.605123,1000,7551.923801
-600.0,1000,7560.238165
-599.958617,1000,7570.505548
-600.0,1000,7578.784649
-600.0,1000,7588.949756
-600.0,1000,7597.380146
-600.0,1000,7607.661825
-600.0,1000,7616.083655
-599.923999,1000,7626.330414
-599.999609,1000,7634.66462
-599.999993,1000,7644.907715
-599.460771,1000,7653.196253
-600.0,1000,7663.456316
-599.535318,1000,7671.730035
-600.0,1000,7681.962247
-600.0,1000,7690.37619
-599.610652,1000,7700.726653
-600.0,1000,7709.014331
-599.571752,1000,7719.273354
-598.795818,1000,7727.622548
-600.0,1000,7737.975342
-600.0,1000,7746.260839
-600.0,1000,7756.657539
-599.999726,1000,7764.90256
-600.0,1000,7775.044205
-599.816992,1000,7783.300788
-600.0,1000,7794.063379
-600.0,1000,7802.53902
-600.0,1000,7812.764476
-596.579623,1000,7821.043172
-600.0,1000,7831.320173
-596.537308,1000,7839.546445
-599.863142,1000,7849.816537
-599.994746,1000,7858.424837
-599.885089,1000,7868.691389
-599.761769,1000,7877.142685
-596.655745,1000,7887.434836
-600.0,1000,7896.035281
-598.543132,1000,7906.468972
-599.583754,1000,7914.849792
-599.043734,1000,7925.488883
-599.901201,1000,7933.908987
-600.0,1000,7944.305448
-600.0,1000,7952.72232
-600.0,1000,7962.880135
-599.999998,1000,7971.40034
-600.0,1000,7982.25613
-600.0,1000,7991.112372
-600.0,1000,8001.933101
-600.0,1000,8010.250508
-599.955263,1000,8020.624803
-596.009573,1000,8028.985908
-599.999013,1000,8039.373294
-599.980553,1000,8047.700701
-599.364067,1000,8058.040599
-600.0,1000,8066.349134
-599.728248,1000,8076.698817
-600.0,1000,8085.004014
-600.0,1000,8095.398857
-584.247045,1000,8103.782353
-600.0,1000,8114.336394
-599.998078,1000,8123.323949
-600.0,1000,8134.014857
-599.26558,1000,8142.364477
-599.897224,1000,8153.173502
-600.0,1000,8161.769648
-600.0,1000,8171.985885
-600.0,1000,8180.197248
-599.80554,1000,8190.679608
-596.562832,1000,8199.255001
-596.238588,1000,8209.718277
-599.994873,1000,8218.045892
-600.0,1000,8228.35789
-599.909124,1000,8236.760848
-599.89692,1000,8247.177883
-600.0,1000,8255.525497
-599.999994,1000,8265.880591
-599.130677,1000,8274.166281
-580.632968,1000,8284.500713
-577.103592,1000,8292.720804
-598.981193,1000,8303.097483
-599.179997,1000,8311.455752
-599.999851,1000,8321.845496
-600.0,1000,8330.176553
-600.0,1000,8340.573603
-600.0,1000,8348.899754
-598.615524,1000,8359.694786
-598.134506,1000,8368.517629
-600.0,1000,8379.470077
-600.0,1000,8388.364453
-599.937955,1000,8399.315514
-599.999998,1000,8408.208217
-600.0,1000,8419.25975
-599.862528,1000,8428.361263
-599.632616,1000,8439.407222
-598.822962,1000,8448.113178
-600.0,1000,8458.615852
-599.994659,1000,8466.960408
-599.949627,1000,8477.320428
-597.278649,1000,8485.656909
-600.0,1000,8496.151841
-599.999988,1000,8504.368099
-600.0,1000,8514.857348
-600.0,1000,8523.133764
-598.021492,1000,8533.588451
-600.0,1000,8541.954533
-599.999998,1000,8552.611586
-597.16348,1000,8561.107597
-600.0,1000,8571.607258
-599.999759,1000,8579.950494
-600.0,1000,8590.432843
-599.99667,1000,8598.872165
-600.0,1000,8609.345146
-600.0,1000,8617.718894
-600.0,1000,8628.196366
-599.374357,1000,8636.773436
-589.095797,1000,8647.115833
-600.0,1000,8655.396001
-599.947793,1000,8665.838228
-598.205458,1000,8674.102469
-593.284161,1000,8684.516881
-600.0,1000,8692.851918
-600.0,1000,8703.340142
-600.0,1000,8711.730125
-600.0,1000,8722.186468
-600.0,1000,8731.057456
-596.551057,1000,8742.075191
-600.0,1000,8750.94967
-597.99013,1000,8761.684392
-595.195245,1000,8770.019738
-599.987278,1000,8780.530643
-599.180362,1000,8788.86527
-600.0,1000,8799.486168
-599.357014,1000,8807.828556
-599.579217,1000,8818.419886
-600.0,1000,8826.725456
-599.794767,1000,8837.174192
-600.0,1000,8845.377248
-600.0,1000,8855.807193
-578.06472,1000,8864.0775
-594.094028,1000,8874.611964
-598.804349,1000,8882.931855
-600.0,1000,8893.508046
-599.999851,1000,8901.800188
-599.997509,1000,8912.714448
-598.727966,1000,8921.521968
-599.794235,1000,8932.101992
-600.0,1000,8940.489968
-599.62704,1000,8950.998939
-599.946541,1000,8959.312447
-600.0,1000,8969.877118
-596.493046,1000,8978.197515
-599.62292,1000,8988.607077
-599.284391,1000,8996.86816
-600.0,1000,9007.330096
-600.0,1000,9015.742086
-599.841987,1000,9026.386401
-599.488201,1000,9034.795629
-600.0,1000,9045.402986
-599.904361,1000,9053.86293
-599.261156,1000,9064.427565
-599.786238,1000,9073.131588
-600.0,1000,9083.610112
-599.999992,1000,9092.042744
-599.912792,1000,9102.684143
-598.051547,1000,9111.091893
-599.999941,1000,9121.7939
-599.999993,1000,9130.209288
-599.905349,1000,9141.242012
-599.995248,1000,9150.120544
-600.0,1000,9161.230357
-599.999936,1000,9169.706324
-600.0,1000,9180.333846
-599.983413,1000,9188.648621
-599.827762,1000,9199.291485
-599.990525,1000,9207.629006
-600.0,1000,9218.333921
-600.0,1000,9226.754204
-599.206029,1000,9237.383794
-600.0,1000,9245.82446
-599.974165,1000,9256.500082
-597.498762,1000,9264.961929
-599.992315,1000,9275.515331
-599.09173,1000,9283.7356
-600.0,1000,9294.30172
-599.974602,1000,9302.635008
-600.0,1000,9313.627374
-598.369613,1000,9322.497283
-599.087412,1000,9333.082556
-599.96868,1000,9341.467272
-599.663837,1000,9352.134058
-599.999865,1000,9361.066904
-600.0,1000,9372.168029
718.8979,471,9376.260408
-599.6869,1000,9386.78254
-599.999911,1000,9395.082251
-594.331574,1000,9405.597975
-598.922919,1000,9413.986623
-599.999999,1000,9424.663666
-600.0,1000,9433.1081
-600.0,1000,9443.766389
-599.915868,1000,9452.282049
-599.996816,1000,9463.106696
-594.238292,1000,9471.557707
-599.753867,1000,9482.179207
-600.0,1000,9490.433146
-599.998988,1000,9501.204137
-599.930528,1000,9509.825436
-598.618415,1000,9520.679017
-599.99996,1000,9529.066817
-600.0,1000,9539.726688
-599.903927,1000,9548.080411
-599.999635,1000,9558.802756
-600.0,1000,9567.177803
-597.369922,1000,9578.46314
-599.859391,1000,9587.399264
-599.928926,1000,9598.400826
-599.925889,1000,9606.822507
-599.999986,1000,9617.483121
-600.0,1000,9625.729487
-599.886784,1000,9636.386716
-600.0,1000,9644.875399
-600.0,1000,9655.604522
-600.0,1000,9664.002808
-599.999933,1000,9674.68134
-599.049884,1000,9683.119457
-600.0,1000,9693.906978
-599.850229,1000,9702.223899
-599.999999,1000,9713.509383
-600.0,1000,9722.479992
-598.859474,1000,9733.775006
-600.0,1000,9742.729243
-599.851866,1000,9754.029229
-599.999986,1000,9762.98567
-599.728481,1000,9774.307131
-600.0,1000,9783.284688
-599.998866,1000,9794.58819
-600.0,1000,9803.503787
-598.255084,1000,9814.847427
-597.495195,1000,9823.813961
-596.969881,1000,9835.183051
-600.0,1000,9844.159727
-600.0,1000,9855.484599
-599.798455,1000,9863.819815
-600.0,1000,9874.562059
-600.0,1000,9882.869665
-596.943491,1000,9893.760981
-599.653912,1000,9902.395971
-599.290543,1000,9913.100334
-600.0,1000,9921.393403
-599.914281,1000,9932.099004
-598.339277,1000,9940.548811
-600.0,1000,9951.359243
-593.825141,1000,9959.795728
-599.973635,1000,9970.781955
-600.0,1000,9979.170242
-600.0,1000,9989.991845
-600.0,1000,9998.606373
-600.0,1000,10009.381176
-597.708688,1000,10017.850515
-599.134103,1000,10028.754046
-595.499294,1000,10037.232032
-597.527338,1000,10048.185939
-599.999148,1000,10056.707327
-595.948986,1000,10067.491147
-597.328264,1000,10075.830051
-600.0,1000,10086.605847
-599.94363,1000,10094.946223
-598.304722,1000,10105.721401
-599.139072,1000,10114.025365
-600.0,1000,10124.919095
-598.20096,1000,10133.231052
-600.0,1000,10144.107697
-589.125962,1000,10152.665808
-599.995953,1000,10163.351159
-600.0,1000,10171.681951
-598.643953,1000,10182.604949
-599.675581,1000,10191.018064
-600.0,1000,10201.880412
-596.718598,1000,10210.259802
-599.9994,1000,10221.174463
-599.961607,1000,10229.553715
-599.955156,1000,10240.440356
-599.927598,1000,10248.846783
-600.0,1000,10259.787148
-596.893727,1000,10268.165338
-600.0,1000,10279.020406
-599.999894,1000,10287.306976
-599.59887,1000,10297.982588
-600.0,1000,10306.226872
-599.999601,1000,10317.118046
-599.746105,1000,10325.487901
-599.992736,1000,10336.250399
-599.999999,1000,10344.601255
-599.937852,1000,10355.442698
-598.020628,1000,10363.741714
-600.0,1000,10374.591107
-597.026702,1000,10383.467427
-600.0,1000,10394.881068
-599.607087,1000,10403.52179
-600.0,1000,10414.636529
-600.0,1000,10423.549808
-600.0,1000,10434.570943
-596.529194,1000,10442.893312
514.231162,814,10449.51023
-600.0,1000,10460.300242
-597.405227,1000,10468.570186
-597.654938,1000,10479.352397
-599.999186,1000,10487.690966
-600.0,1000,10498.575769
-600.0,1000,10507.066475
-599.999996,1000,10517.877204
-600.0,1000,10526.159807
-599.999996,1000,10537.041443
-573.916935,1000,10545.421174
-599.092628,1000,10556.298754
-600.0,1000,10564.62592
-599.999186,1000,10575.546613
-599.718455,1000,10583.790316
-600.0,1000,10594.621688
-599.976183,1000,10602.934343
-600.0,1000,10613.74562
-600.0,1000,10622.003751
-600.0,1000,10632.800029
-600.0,1000,10641.045943
-599.922684,1000,10651.972687
-600.0,1000,10660.255992
-600.0,1000,10671.133697
-600.0,1000,10679.486244
-600.0,1000,10690.344034
-600.0,1000,10699.15296
-599.996073,1000,10710.670549
-599.995808,1000,10719.624699
-599.840791,1000,10731.114124
-598.801857,1000,10739.433232
-600.0,1000,10750.344342
-598.11202,1000,10758.687472
-600.0,1000,10769.523928
-599.828105,1000,10777.880997
-600.0,1000,10788.795933
-600.0,1000,10797.214624
-600.0,1000,10808.5824
-600.0,1000,10816.97077
-600.0,1000,10827.90644
-599.907224,1000,10836.292297
-600.0,1000,10847.222116
-600.0,1000,10855.516657
-598.766465,1000,10866.380104
-599.929946,1000,10874.873569
-599.999936,1000,10885.969043
-599.999992,1000,10894.266027
-595.033716,1000,10905.162189
-599.998131,1000,10913.469332
-594.251846,1000,10924.550674
-597.46565,1000,10933.025221
-600.0,1000,10944.570028
-595.740427,1000,10952.916048
-600.0,1000,10963.916652
-600.0,1000,10972.289971
-597.255093,1000,10983.270945
-600.0,1000,10991.596464
-599.999983,1000,11002.532149
-598.156588,1000,11010.840931
-600.0,1000,11021.787452
-600.0,1000,11030.084111
-599.933099,1000,11041.028379
-598.215853,1000,11049.302287
-597.532941,1000,11060.196698
-600.0,1000,11068.433353
-600.0,1000,11079.376914
-600.0,1000,11087.730442
-600.0,1000,11098.716299
-599.999998,1000,11107.220043
-599.999228,1000,11118.149863
-599.978885,1000,11126.484258
-600.0,1000,11137.556168
-600.0,1000,11145.914654
-600.0,1000,11156.946729
-600.0,1000,11165.284384
-599.838561,1000,11176.199684
-599.999995,1000,11184.532341
-598.882913,1000,11195.551608
-600.0,1000,11203.869575
-599.344512,1000,11214.87375
-600.0,1000,11223.262696
-600.0,1000,11234.293277
-587.195526,1000,11242.626633
-599.999863,1000,11253.586869
712.759455,481,11258.035821
-600.0,1000,11269.414215
-600.0,1000,11277.790756
-599.425552,1000,11288.879068
-600.0,1000,11297.251035
-599.979836,1000,11308.28433
-600.0,1000,11316.66017
-600.0,1000,11327.666606
-599.999999,1000,11335.989535
-600.0,1000,11347.009294
-599.999988,1000,11355.328679
-600.0,1000,11366.323837
-598.571504,1000,11374.685936
-596.17156,1000,11385.656104
-599.950482,1000,11394.416795
-599.324715,1000,11405.831391
-600.0,1000,11414.337846
-600.0,1000,11425.365852
-600.0,1000,11433.55157
-600.0,1000,11444.438586
-599.999585,1000,11452.716789
-599.914968,1000,11463.978013
-599.995521,1000,11472.334532
-599.999102,1000,11483.419087
-600.0,1000,11492.082153
-599.999902,1000,11503.724401
-600.0,1000,11512.166518
-599.999996,1000,11523.215724
-599.92402,1000,11531.556738
-600.0,1000,11542.717621
-600.0,1000,11550.994318
-599.954307,1000,11562.089233
-600.0,1000,11570.353969
-600.0,1000,11581.393201
-599.843645,1000,11589.639279
-599.974361,1000,11600.713234
-600.0,1000,11608.983719
-599.962607,1000,11620.07055
-599.999993,1000,11628.378935
-599.602058,1000,11639.451392
-595.270134,1000,11647.674192
-599.781192,1000,11658.72604
-599.771851,1000,11666.938903
-597.868317,1000,11678.000295
-600.0,1000,11686.394723
-600.0,1000,11697.537059
-590.609902,1000,11705.825558
-599.959233,1000,11716.934994
-600.0,1000,11725.288586
-599.871191,1000,11736.489339
-599.985347,1000,11744.911373
-599.999928,1000,11756.417661
-598.400272,1000,11764.898067
-600.0,1000,11776.156487
-599.986694,1000,11785.052884
-599.794661,1000,11796.708814
-599.985574,1000,11805.591209
-600.0,1000,11817.130334
-600.0,1000,11825.457326
-599.969086,1000,11836.529861
-600.0,1000,11844.767711
-598.649921,1000,11855.80026
-597.549566,1000,11864.065379
-600.0,1000,11875.183287
-599.944057,1000,11883.487316
-599.999265,1000,11894.553836
-600.0,1000,11902.760608
-599.999719,1000,11914.050756
-598.437202,1000,11922.989855
-595.838621,1000,11934.468364
-600.0,1000,11943.108028
-599.999999,1000,11954.768291
-600.0,1000,11962.985823
-598.461276,1000,11974.010656
-599.995618,1000,11982.238168
-599.996186,1000,11993.367391
-600.0,1000,12001.839126
-600.0,1000,12013.522493
-598.13898,1000,12022.426055
-597.036106,1000,12033.91569
-600.0,1000,12042.190287
-599.907731,1000,12053.297339
-599.972181,1000,12061.607023
-600.0,1000,12072.740461
-599.232287,1000,12080.977855
-594.034902,1000,12092.14547
-600.0,1000,12100.445448
-599.935797,1000,12111.673867
-600.0,1000,12120.157906
-599.999722,1000,12131.314195
-600.0,1000,12139.574227
-600.0,1000,12150.704666
-600.0,1000,12159.181508
-599.934919,1000,12170.68996
-596.840012,1000,12179.151215
-600.0,1000,12190.497665
-597.140087,1000,12199.442511
-599.990799,1000,12211.05454
-599.970539,1000,12219.429181
-600.0,1000,12230.605385
-600.0,1000,12238.965463
-599.967775,1000,12250.147738
-599.999784,1000,12258.441368
-599.999956,1000,12269.58718
-599.999992,1000,12277.886501
-600.0,1000,12289.032804
-599.9937,1000,12297.394413
-594.983438,1000,12308.565204
-599.982228,1000,12316.922616
-599.999919,1000,12328.115083
-595.900196,1000,12336.49985
-599.998775,1000,12347.77667
-600.0,1000,12356.621517
-597.532552,1000,12368.06296
-600.0,1000,12376.930923
-600.0,1000,12388.716239
-599.980229,1000,12397.669231
-599.995645,1000,12409.511228
-599.993779,1000,12418.400572
-599.807927,1000,12430.189778
-599.595924,1000,12439.030233
-599.999998,1000,12450.283821
-600.0,1000,12458.733738
-597.344679,1000,12470.03695
-600.0,1000,12478.325476
-600.0,1000,12489.513717
-599.950055,1000,12497.822572
-599.919591,1000,12508.943429
-599.937149,1000,12517.114583
-599.999999,1000,12528.464243
-599.999864,1000,12536.724144
-599.963986,1000,12548.011112
-600.0,1000,12556.371387
-600.0,1000,12567.63332
-600.0,1000,12575.896341
-600.0,1000,12587.153435
-599.975352,1000,12595.421631
-599.903536,1000,12606.692505
-599.999998,1000,12614.935902
-599.967439,1000,12626.295421
-600.0,1000,12634.515758
-599.322349,1000,12645.79704
-599.999828,1000,12654.161198
-600.0,1000,12665.468298
-595.322349,1000,12673.774412
-599.70778,1000,12685.27297
-599.999987,1000,12693.629184
-599.999998,1000,12704.893327
-598.28739,1000,12713.199394
-600.0,1000,12724.665116
-598.934434,1000,12733.077025
-600.0,1000,12744.445883
-599.83538,1000,12752.811666
-599.941599,1000,12764.102399
-595.962405,1000,12772.430526
-600.0,1000,12783.633466
-599.902507,1000,12792.082518
-599.951268,1000,12803.958152
-600.0,1000,12812.826981
-600.0,1000,12824.49911
-596.791023,1000,12832.88264
-600.0,1000,12844.158916
-599.99103,1000,12852.502216
-600.0,1000,12863.852422
-599.532076,1000,12872.211262
-600.0,1000,12883.420964
-599.999885,1000,12891.693579
-600.0,1000,12903.039398
-599.999039,1000,12911.390786
-600.0,1000,12922.873368
-599.999117,1000,12931.160963
-600.0,1000,12942.563523
-599.695888,1000,12950.993778
-600.0,1000,12962.519051
-599.999992,1000,12970.936111
-599.999999,1000,12982.177643
-599.999622,1000,12990.402986
-598.728467,1000,13001.778171
-600.0,1000,13010.089705
-600.0,1000,13021.598144
-600.0,1000,13029.968661
-599.367621,1000,13041.364056
-599.926132,1000,13049.659359
-599.987208,1000,13061.018804
-599.777854,1000,13069.297497
-599.997588,1000,13080.676565
-598.163517,1000,13089.007489
-599.995739,1000,13100.435853
-599.972357,1000,13108.790901
-600.0,1000,13120.277525
-600.0,1000,13128.673453
-600.0,1000,13140.155205
-600.0,1000,13148.581214
-600.0,1000,13159.985653
-599.999456,1000,13168.482257
-597.54734,1000,13179.978768
-599.908808,1000,13188.472979
-599.733677,1000,13199.963507
-599.999997,1000,13208.286662
-600.0,1000,13219.659287
-599.999959,1000,13227.969053
-600.0,1000,13239.530488
-599.998063,1000,13247.942909
-598.850876,1000,13259.342885
-600.0,1000,13267.8642
-597.171012,1000,13279.424614
-599.916266,1000,13287.833809
-600.0,1000,13299.382036
-598.806544,1000,13307.666806
-599.214665,1000,13318.982512
-599.995604,1000,13327.265393
-599.999989,1000,13338.667954
-600.0,1000,13346.951922
-599.999992,1000,13358.369858
-600.0,1000,13366.775513
-600.0,1000,13378.348686
-600.0,1000,13386.78332
-599.901998,1000,13398.265534
-599.251531,1000,13406.619774
-599.899823,1000,13418.158609
-599.639921,1000,13426.518969
-599.616815,1000,13438.084663
-600.0,1000,13446.476669
-599.879259,1000,13458.036092
-598.966002,1000,13466.278683
-596.51625,1000,13477.717694
-599.999988,1000,13486.054339
-599.988603,1000,13497.547372
-600.0,1000,13505.855453
-593.823879,1000,13517.354048
-600.0,1000,13525.673992
-596.839434,1000,13537.058346
-600.0,1000,13545.389994
-599.844216,1000,13556.924849
-599.966606,1000,13565.231909
-597.209184,1000,13576.777002
-596.716956,1000,13585.243604
-600.0,1000,13596.826195
-600.0,1000,13605.255085
-598.925907,1000,13616.79332
-599.752593,1000,13625.216725
-597.78683,1000,13636.626249
-599.999996,1000,13645.255278
-600.0,1000,13657.245161
-599.621215,1000,13666.121822
-600.0,1000,13678.178699
-596.806711,1000,13686.786853
-599.528975,1000,13698.540478
-599.86081,1000,13707.515657
-596.6174,1000,13719.228036
-600.0,1000,13727.689306
-589.88161,1000,13739.083125
-599.999282,1000,13747.250622
-600.0,1000,13758.608921
-599.990769,1000,13766.915901
-599.937987,1000,13778.391456
-600.0,1000,13786.762825
-600.0,1000,13798.330836
-594.354587,1000,13806.654996
-600.0,1000,13818.051536
-600.0,1000,13826.406703
-599.999135,1000,13837.939487
-600.0,1000,13846.330544
-598.393033,1000,13857.867176
-599.998557,1000,13866.209629
-600.0,1000,13877.684766
-599.883633,1000,13886.30103
-598.196796,1000,13898.395687
-600.0,1000,13906.999147
-600.0,1000,13918.574969
-600.0,1000,13926.950238
-599.999669,1000,13938.537852
-599.292194,1000,13946.871319
-600.0,1000,13958.335185
-600.0,1000,13966.608886
-600.0,1000,13978.261269
-600.0,1000,13986.61572
-599.974944,1000,13998.112082
-599.466625,1000,14006.353137
-599.999991,1000,14017.871491
-600.0,1000,14026.175112
-599.999929,1000,14037.92948
-598.794229,1000,14046.243784
-599.930256,1000,14057.804142
-599.999953,1000,14066.105707
-599.985224,1000,14077.727941
-600.0,1000,14086.030862
-599.925136,1000,14097.721418
-599.977748,1000,14106.038836
-600.0,1000,14117.665013
-598.690588,1000,14125.975906
-598.531735,1000,14137.624675
-599.999884,1000,14145.937046
-599.999976,1000,14157.403913
-600.0,1000,14165.907495
-599.540104,1000,14178.095984
-600.0,1000,14186.969018
-599.988457,1000,14199.118584
-599.999994,1000,14208.012945
-599.883206,1000,14219.602734
-599.974441,1000,14227.973403
-600.0,1000,14239.566629
-600.0,1000,14247.902114
-599.973969,1000,14259.439067
-599.645402,1000,14267.75676
-599.90952,1000,14279.30299
-598.428539,1000,14287.70147
-599.736191,1000,14299.280363
-598.48314,1000,14307.557876
-599.995306,1000,14319.15433
-599.651912,1000,14327.437974
-587.663964,1000,14339.01794
-599.99938,1000,14347.296679
-600.0,1000,14358.916593
-599.999968,1000,14367.232181
-600.0,1000,14378.792796
-600.0,1000,14387.053166
-599.999611,1000,14398.71985
-595.553242,1000,14406.996995
-599.962802,1000,14418.64015
-599.899812,1000,14426.894487
-599.92193,1000,14438.534475
-599.947415,1000,14446.856496
-599.997227,1000,14458.996849
-600.0,1000,14467.353203
-599.321216,1000,14478.967226
-599.999999,1000,14487.353175
-599.866094,1000,14498.972488
-600.0,1000,14507.261594
-600.0,1000,14518.902984
-600.0,1000,14527.152173
-598.247076,1000,14538.98966
-597.916123,1000,14547.918086
-600.0,1000,14559.920795
-598.819652,1000,14568.313883
-599.999045,1000,14580.11073
-600.0,1000,14588.47507
-600.0,1000,14600.154907
-599.104991,1000,14608.49494
-596.280107,1000,14620.195737
-599.92711,1000,14628.547586
-600.0,1000,14640.188226
-599.900709,1000,14648.606236
-600.0,1000,14660.646005
-600.0,1000,14669.551875
-600.0,1000,14681.413078
-599.670404,1000,14689.705878
-600.0,1000,14701.381816
-599.984556,1000,14709.594674
-600.0,1000,14721.285988
-599.999999,1000,14729.580894
-599.907912,1000,14741.270481
-600.0,1000,14749.494292
-600.0,1000,14761.228675
-597.331884,1000,14769.536997
-600.0,1000,14781.387928
-600.0,1000,14789.829608
-600.0,1000,14801.719708
-599.999755,1000,14810.192649
-599.622,1000,14822.048759
655.011207,576,14826.356949
-599.719293,1000,14834.825284
-597.231647,1000,14846.618411
-596.474281,1000,14855.00931
-600.0,1000,14866.702605
-599.843902,1000,14875.041034
-600.0,1000,14886.673686
-600.0,1000,14895.010417
-599.999652,1000,14906.822936
-599.984971,1000,14915.41948
-599.999409,1000,14927.363475
-600.0,1000,14935.909967
-600.0,1000,14947.80432
-599.144618,1000,14956.054282
-599.999859,1000,14967.716276
-599.995047,1000,14975.958778
-599.80333,1000,14987.645353
-599.97026,1000,14996.528449
-600.0,1000,15008.758356
-599.999991,1000,15017.401163
-598.546814,1000,15029.251048
-600.0,1000,15037.621181
-600.0,1000,15049.41077
-600.0,1000,15057.831097
-596.307148,1000,15069.843714
-589.15995,1000,15078.704005
-598.436689,1000,15090.98408
-600.0,1000,15099.341581
-599.631485,1000,15111.037026
-599.881924,1000,15119.907248
-599.999959,1000,15132.33991
-599.923782,1000,15141.269582
-599.960668,1000,15153.649213
-598.911457,1000,15162.608315
-599.999999,1000,15174.655257
-599.95831,1000,15183.006413
-600.0,1000,15194.748859
-600.0,1000,15203.008383
-600.0,1000,15214.699685
-600.0,1000,15222.939515
-600.0,1000,15234.89057
-600.0,1000,15243.834854
-600.0,1000,15256.219446
-598.982392,1000,15265.086371
-600.0,1000,15276.965923
-600.0,1000,15285.42702
-600.0,1000,15297.303086
-599.899742,1000,15305.646435
-599.996099,1000,15317.290883
-599.508267,1000,15325.618339
-599.219394,1000,15337.379694
-599.880799,1000,15345.803305
-600.0,1000,15357.910501
-599.999811,1000,15366.307315
-600.0,1000,15378.158614
-599.991198,1000,15386.410072
-600.0,1000,15398.250174
-600.0,1000,15406.621966
-599.964054,1000,15418.491149
-600.0,1000,15426.855368
-599.999981,1000,15438.764445
-599.999977,1000,15447.068226
-599.936453,1000,15458.971672
-591.61968,1000,15467.520628
-597.983797,1000,15479.383469
-599.999419,1000,15487.546514
-600.0,1000,15499.305352
-599.990486,1000,15507.595525
-599.999986,1000,15519.500882
-599.161402,1000,15527.760609
-600.0,1000,15539.701294
-598.849609,1000,15547.927032
-595.840398,1000,15559.657449
-600.0,1000,15568.063524
-600.0,1000,15580.087435
-600.0,1000,15588.315282
-599.908998,1000,15600.300029
-600.0,1000,15608.609988
-600.0,1000,15620.506148
-600.0,1000,15628.93684
-598.88212,1000,15640.918994
-600.0,1000,15649.47595
-600.0,1000,15661.57987
-600.0,1000,15670.02411
-599.840638,1000,15681.920065
-599.949231,1000,15690.259244
-599.94992,1000,15702.128911
-599.987652,1000,15710.467785
-599.296191,1000,15722.190092
-600.0,1000,15730.523147
-600.0,1000,15742.413976
-578.432119,1000,15751.252635
-597.252208,1000,15763.740915
-599.968482,1000,15772.497838
-599.846163,1000,15784.371071
-600.0,1000,15792.689952
-600.0,1000,15804.659503
-596.622258,1000,15813.625967
-600.0,1000,15826.196519
-600.0,1000,15835.176098
-600.0,1000,15847.711476
-599.996797,1000,15856.376526
-599.177725,1000,15868.902509
-599.866532,1000,15877.776127
-600.0,1000,15889.72127
-600.0,1000,15898.018711
-599.370605,1000,15909.966878
-599.999873,1000,15918.336045
-599.908746,1000,15930.346601
-594.354423,1000,15938.751823
-599.428234,1000,15950.659714
-594.812355,1000,15958.988952
-598.033399,1000,15971.010371
-599.085396,1000,15979.305665
-599.51986,1000,15991.234962
-600.0,1000,15999.584858
-600.0,1000,16011.535275
-599.27109,1000,16019.93329
-599.995788,1000,16031.893499
-599.999992,1000,16040.207674
-596.137596,1000,16052.105518
-600.0,1000,16060.428319
-600.0,1000,16072.302623
-599.891356,1000,16080.656352
-598.668586,1000,16092.687575
-600.0,1000,16100.961861
-600.0,1000,16112.698415
-599.999974,1000,16121.016606
-599.990873,1000,16133.411016
-599.999999,1000,16141.698173
-600.0,1000,16153.682826
-599.904123,1000,16161.976512
-600.0,1000,16173.896083
-599.613203,1000,16182.299015
-599.931484,1000,16194.379289
-600.0,1000,16203.167363
-600.0,1000,16215.75046
-600.0,1000,16224.695987
-597.724241,1000,16236.659151
-599.906008,1000,16244.955534
-600.0,1000,16256.882169
-600.0,1000,16265.165832
-600.0,1000,16277.114285
-598.550011,1000,16285.591547
-600.0,1000,16297.583957
-599.905672,1000,16305.889169
-599.843955,1000,16317.932187
-597.925034,1000,16326.301419
-596.313317,1000,16338.367418
-599.916152,1000,16346.690562
-599.685513,1000,16358.76207
-600.0,1000,16367.257084
-600.0,1000,16379.785289
-600.0,1000,16388.652654
-597.283788,1000,16401.180306
-600.0,1000,16410.110544
-599.94186,1000,16422.803087
-599.475877,1000,16431.082213
-600.0,1000,16443.151331
-600.0,1000,16451.432943
-599.644647,1000,16463.438176
-599.669737,1000,16471.590325
-599.999844,1000,16483.628454
-599.999999,1000,16491.832962
-600.0,1000,16503.881445
-599.217028,1000,16512.245437
-600.0,1000,16524.333554
-600.0,1000,16532.513376
-599.999973,1000,16544.500817
-600.0,1000,16552.805205
-572.953823,1000,16564.83883
-600.0,1000,16573.069814
-598.743739,1000,16585.064718
-599.999997,1000,16593.309052
-600.0,1000,16605.261098
-599.830749,1000,16613.537997
-600.0,1000,16625.643084
-599.999846,1000,16633.996998
713.855246,479,16641.868666
-600.0,1000,16650.073868
-599.724803,1000,16662.043663
-600.0,1000,16670.490597
-599.999985,1000,16682.562799
-600.0,1000,16690.825256
700.894297,503,16694.95738
-599.868862,1000,16706.913796
-599.997142,1000,16715.124425
-600.0,1000,16727.59064
-600.0,1000,16736.543906
-600.0,1000,16748.822596
-599.736826,1000,16757.079853
-598.874791,1000,16769.123284
-599.983183,1000,16777.44502
-598.511089,1000,16789.504181
-598.218769,1000,16797.808533
-600.0,1000,16810.22468
-599.999908,1000,16818.861231
-599.262332,1000,16830.848109
-599.999997,1000,16839.240799
-599.969561,1000,16851.429104
-599.997774,1000,16859.84119
-599.999905,1000,16872.094764
-600.0,1000,16880.451406
-592.545506,1000,16892.550618
-600.0,1000,16900.841048
-599.880312,1000,16912.910141
-600.0,1000,16921.606944
-599.999998,1000,16934.190307
-600.0,1000,16942.516123
-599.18033,1000,16954.69219
-600.0,1000,16963.153585
-598.602734,1000,16975.445455
-599.999996,1000,16983.735173
-600.0,1000,16995.793167
-599.931744,1000,17004.02598
-599.731641,1000,17016.15858
-599.989218,1000,17024.408441
-599.733019,1000,17036.558852
-600.0,1000,17044.89793
-600.0,1000,17057.172012
-600.0,1000,17065.56369
-599.178282,1000,17077.794987
-599.998321,1000,17086.173635
-599.649993,1000,17098.477017
-599.186633,1000,17106.851057
-599.761289,1000,17119.125296
-598.531999,1000,17127.540814
-600.0,1000,17139.860918
-600.0,1000,17148.257158
-600.0,1000,17160.367539
-600.0,1000,17168.6489
-599.959638,1000,17180.716842
-599.065603,1000,17188.959699
-599.999989,1000,17201.226158
-600.0,1000,17209.613367
-599.992424,1000,17221.8799
-599.999999,1000,17230.260658
-600.0,1000,17242.366917
-600.0,1000,17250.749269
-600.0,1000,17263.44491
-600.0,1000,17272.389157
-599.999664,1000,17285.187716
-594.960057,1000,17293.6488
-599.956345,1000,17305.98749
-600.0,1000,17314.447229
-596.858504,1000,17326.678755
-600.0,1000,17335.057803
-597.920986,1000,17347.233865
-600.0,1000,17355.680219
-600.0,1000,17367.874187
-600.0,1000,17376.191636
-600.0,1000,17388.592141
-599.716989,1000,17397.563243
-599.520613,1000,17410.406708
-598.62854,1000,17418.918528
-599.997731,1000,17431.310239
-599.997676,1000,17439.818449
-597.024478,1000,17452.074902
-600.0,1000,17460.497391
-599.924315,1000,17473.457772
-600.0,1000,17482.386409
-600.0,1000,17495.259948
-599.99939,1000,17503.52913
-599.910142,1000,17515.746007
-599.163739,1000,17524.209409
-599.930933,1000,17536.606774
-600.0,1000,17545.045147
-600.0,1000,17557.364851
-600.0,1000,17565.651582
-600.0,1000,17577.948296
-597.890791,1000,17586.304155
-599.89299,1000,17598.558525
-599.532763,1000,17606.721637
-599.997184,1000,17618.817033
-600.0,1000,17627.025167
-599.671485,1000,17639.398227
-600.0,1000,17647.709792
-599.810903,1000,17659.99365
-597.225805,1000,17668.22067
-599.989799,1000,17680.478434
-599.82096,1000,17688.778198
-598.418961,1000,17701.197539
-599.977984,1000,17709.48537
-600.0,1000,17721.6379
-599.990527,1000,17729.830226
-600.0,1000,17742.073897
-600.0,1000,17750.335364
-599.999427,1000,17762.688761
-599.99999,1000,17771.037261
-600.0,1000,17783.364314
-600.0,1000,17792.221066
-599.117568,1000,17805.064789
-600.0,1000,17813.729415
-597.951386,1000,17826.417526
-600.0,1000,17834.860515
-600.0,1000,17847.25509
-599.927704,1000,17855.593812
-600.0,1000,17867.852745
-597.328041,1000,17876.104652
-598.011884,1000,17888.413594
-599.999973,1000,17896.754482
-599.995769,1000,17909.083581
-599.999897,1000,17917.395468
-600.0,1000,17929.777198
-599.521169,1000,17938.11622
-600.0,1000,17950.440974
-598.422422,1000,17958.767204
-600.0,1000,17971.093048
-600.0,1000,17979.486876
-598.238148,1000,17991.862754
-600.0,1000,18000.263622
-599.999997,1000,18012.692148
-600.0,1000,18021.663442
-599.989734,1000,18034.302674
-599.999988,1000,18042.767495
-600.0,1000,18055.379544
-600.0,1000,18063.796632
-600.0,1000,18076.284101
766.446635,392,18079.635705
-599.985513,1000,18092.028203
-600.0,1000,18100.429622
-600.0,1000,18112.725743
-600.0,1000,18121.485382
-599.96731,1000,18133.98912
-600.0,1000,18142.357782
-598.462702,1000,18154.931151
-599.954011,1000,18163.278845
-600.0,1000,18175.57028
-600.0,1000,18184.12993
-597.631196,1000,18196.499827
-597.262857,1000,18204.910685
-599.982948,1000,18217.338128
-600.0,1000,18225.804126
-599.992599,1000,18238.322137
-597.593671,1000,18246.918199
-599.539898,1000,18259.448278
-600.0,1000,18267.758021
-599.976706,1000,18280.053644
-599.9113,1000,18288.58239
-597.359372,1000,18301.365297
-600.0,1000,18309.712896
-599.870963,1000,18322.155089
-596.606189,1000,18330.331398
-600.0,1000,18342.646269
-598.135314,1000,18350.906844
-599.921392,1000,18363.335771
-596.556306,1000,18371.615083
-599.999995,1000,18383.995166
-599.905966,1000,18392.224957
-599.629678,1000,18404.521676
-598.754879,1000,18412.694741
-599.946401,1000,18425.184734
-586.755554,1000,18433.525286
-600.0,1000,18445.960236
-600.0,1000,18454.279393
-568.249309,1000,18466.73123
-600.0,1000,18474.977505
-598.374475,1000,18487.468247
-599.999985,1000,18495.70367
-600.0,1000,18508.141754
-591.365638,1000,18516.416651
-600.0,1000,18528.94945
-596.494731,1000,18537.187321
-599.873933,1000,18549.655383
-600.0,1000,18558.017063
-600.0,1000,18570.501591
-600.0,1000,18578.819683
-600.0,1000,18591.437243
-599.962852,1000,18599.764726
-600.0,1000,18612.155133
-599.966644,1000,18620.509063
-599.923381,1000,18632.947818
-597.291756,1000,18641.312973
-600.0,1000,18653.761625
-599.984191,1000,18662.130223
-600.0,1000,18674.544189
-599.269661,1000,18682.873467
-600.0,1000,18695.208109
-598.806968,1000,18703.418349
-600.0,1000,18715.836014
-600.0,1000,18724.804065
-599.98201,1000,18737.816822
-600.0,1000,18746.230556
-600.0,1000,18758.796103
-599.99999,1000,18767.230053
-599.660407,1000,18779.672927
-599.999124,1000,18788.06693
-599.999979,1000,18800.622337
-599.999411,1000,18809.034194
-600.0,1000,18821.493713
-599.711518,1000,18829.868278
-599.972007,1000,18842.399551
-600.0,1000,18850.665722
-595.565962,1000,18863.153469
-597.999076,1000,18871.485695
-599.994637,1000,18884.022235
-596.442163,1000,18892.982478
-599.508852,1000,18906.443906
-599.43358,1000,18915.396302
-600.0,1000,18928.352645
-600.0,1000,18936.561056
-600.0,1000,18949.047326
-599.711272,1000,18957.345156
-600.0,1000,18969.793641
-600.0,1000,18978.228724
-599.936416,1000,18990.766045
-600.0,1000,18998.929209
-599.9288,1000,19011.362063
-599.999825,1000,19019.671649
-599.922898,1000,19032.243062
-599.160469,1000,19040.859157
-600.0,1000,19053.422829
-600.0,1000,19061.750502
-600.0,1000,19074.339603
-599.999956,1000,19083.18448
-600.0,1000,19096.380158
-600.0,1000,19104.740408
-599.99976,1000,19117.188708
-600.0,1000,19125.539833
-600.0,1000,19138.131839
-599.599269,1000,19146.764417
-599.008047,1000,19159.34373
-599.544711,1000,19167.795457
-599.453696,1000,19180.430231
795.842702,342,19183.698364
-600.0,1000,19192.000022
-599.741571,1000,19204.507883
-599.798337,1000,19212.99606
-599.928856,1000,19225.488964
-599.998245,1000,19233.768599
-599.999835,1000,19246.354852
-599.999754,1000,19254.629876
-599.974558,1000,19267.067841
-600.0,1000,19275.358809
-596.67705,1000,19287.946168
-599.999999,1000,19296.187483
-599.5574,1000,19308.717997
-599.996783,1000,19316.919069
-599.97879,1000,19329.435569
-599.982232,1000,19337.759239
-598.758187,1000,19350.225774
-599.994991,1000,19358.42941
-600.0,1000,19370.953166
-599.999901,1000,19379.32719
-600.0,1000,19392.088125
-600.0,1000,19400.32719
-594.588284,1000,19412.833127
-597.845167,1000,19420.991648
-600.0,1000,19433.52025
-599.992975,1000,19441.766747
-600.0,1000,19454.35804
-599.813219,1000,19463.207576
-600.0,1000,19476.428514
-597.916904,1000,19485.289863
-597.356286,1000,19498.295588
-600.0,1000,19506.646501
-599.565568,1000,19519.270908
-599.999729,1000,19527.544465
-599.725038,1000,19540.274215
-600.0,1000,19548.581777
-599.22141,1000,19561.251521
-599.999933,1000,19569.569079
-599.761785,1000,19582.174696
-600.0,1000,19590.521214
-599.9952,1000,19603.323408
-599.42878,1000,19611.704397
-600.0,1000,19624.395874
-594.169227,1000,19632.859711
-600.0,1000,19645.543181
-599.631458,1000,19653.906379
-599.990432,1000,19666.528747
-599.871727,1000,19674.905317
-600.0,1000,19687.625475
-599.955803,1000,19695.93724
-600.0,1000,19708.480536
-600.0,1000,19716.766833
-599.727778,1000,19729.328488
-600.0,1000,19737.792848
-598.89128,1000,19750.572083
-600.0,1000,19759.021991
-599.99999,1000,19771.831223
-600.0,1000,19780.341937
-600.0,1000,19793.258333
-597.905009,1000,19801.723533
-600.0,1000,19814.392143
-596.107526,1000,19822.826737
-600.0,1000,19835.578368
-600.0,1000,19843.801517
-600.0,1000,19856.353878
-599.998953,1000,19864.705105
-600.0,1000,19877.349728
-600.0,1000,19885.631703
-599.817296,1000,19898.497257
-600.0,1000,19906.9508
-599.920749,1000,19919.622211
-599.999148,1000,19927.932793
-599.999166,1000,19940.595785
-600.0,1000,19948.908794
-600.0,1000,19961.674816
-600.0,1000,19970.023526
-599.484635,1000,19982.7844
-599.960226,1000,19991.066561
-600.0,1000,20003.76441
-596.617397,1000,20012.054042
-599.966637,1000,20024.782037
-597.424287,1000,20033.034967
-600.0,1000,20045.782123
-600.0,1000,20054.072838
-600.0,1000,20066.933524
-600.0,1000,20075.209484
-598.595444,1000,20087.974972
-594.657291,1000,20096.273326
-599.919758,1000,20108.973619
-599.780231,1000,20117.147224
-598.69038,1000,20129.827853
-600.0,1000,20138.110744
-600.0,1000,20150.857117
-600.0,1000,20159.149585
-600.0,1000,20172.071775
-599.999995,1000,20180.391488
-599.935562,1000,20193.390069
-596.464396,1000,20201.662594
-599.992562,1000,20214.315056
-599.999984,1000,20222.695547
-600.0,1000,20235.679784
-597.796638,1000,20244.132355
-600.0,1000,20257.068567
-599.706456,1000,20265.595544
-600.0,1000,20278.256147
-600.0,1000,20286.615193
-600.0,1000,20299.392793
-600.0,1000,20307.711813
-600.0,1000,20320.37261
-600.0,1000,20328.673709
-599.611626,1000,20341.434487
-600.0,1000,20349.851581
-591.811492,1000,20362.649762
-599.740212,1000,20371.022224
-600.0,1000,20383.77516
-599.903643,1000,20392.058401
-600.0,1000,20404.972967
-599.999993,1000,20413.343338
-600.0,1000,20426.605755
-600.0,1000,20434.959453
-600.0,1000,20447.817207
-599.999989,1000,20456.207865
-599.536687,1000,20468.992164
-599.569995,1000,20477.328734
-599.998876,1000,20490.169353
-597.230827,1000,20498.514008
-600.0,1000,20511.244679
-599.999997,1000,20519.95816
-599.998786,1000,20533.337766
-599.999903,1000,20541.683879
-600.0,1000,20554.463903
-600.0,1000,20562.790344
-595.161216,1000,20575.487826
-599.968715,1000,20583.846181
-599.725981,1000,20596.683221
-599.999997,1000,20604.987667
-599.2365,1000,20617.861457
-600.0,1000,20626.106069
-598.867868,1000,20638.955983
-599.965346,1000,20647.279976
-599.720758,1000,20660.181921
-600.0,1000,20668.474645
-598.883786,1000,20681.568969
-600.0,1000,20689.877771
-599.913649,1000,20702.870584
-600.0,1000,20711.217651
-600.0,1000,20724.091076
-600.0,1000,20732.345215
-598.960022,1000,20745.186873
-600.0,1000,20753.399542
-600.0,1000,20766.232276
-599.896227,1000,20774.483918
552.374265,751,20784.937956
-600.0,1000,20793.211984
-600.0,1000,20806.082518
-600.0,1000,20814.309117
-600.0,1000,20827.278317
-599.105177,1000,20835.57293
-598.92922,1000,20848.491777
-599.999084,1000,20856.825056
-599.500761,1000,20869.753689
-599.999973,1000,20878.18222
-599.999444,1000,20891.781857
-599.853725,1000,20900.400502
-599.96214,1000,20913.361483
-600.0,1000,20921.744378
-600.0,1000,20934.772226
-598.341678,1000,20943.193454
-600.0,1000,20956.208423
-599.098643,1000,20964.648546
-597.003853,1000,20977.551648
-599.584534,1000,20985.890714
-600.0,1000,20999.006349
-600.0,1000,21007.359891
-600.0,1000,21020.78606
-599.788855,1000,21029.775612
-600.0,1000,21043.392206
-600.0,1000,21052.397008
-600.0,1000,21065.532617
-599.990383,1000,21073.847465
-599.224711,1000,21086.659211
-599.933662,1000,21094.999595
-599.432323,1000,21107.836936
-600.0,1000,21116.151397
-600.0,1000,21129.239953
-599.922961,1000,21137.616927
-599.998222,1000,21150.472474
-600.0,1000,21158.72488
-599.277706,1000,21171.573396
-599.999999,1000,21179.920941
-599.999997,1000,21192.961213
-600.0,1000,21201.336331
-600.0,1000,21214.370274
-600.0,1000,21222.692444
-599.68207,1000,21235.679378
-599.999997,1000,21243.987234
-600.0,1000,21256.89057
-600.0,1000,21265.226205
-600.0,1000,21278.29417
-600.0,1000,21286.665701
-597.087647,1000,21299.802963
-600.0,1000,21308.073441
-600.0,1000,21321.135318
-599.100864,1000,21329.426168
-599.999987,1000,21342.335644
-599.999355,1000,21350.64015
-599.937395,1000,21363.691494
-600.0,1000,21371.999412
-600.0,1000,21385.117064
-598.461725,1000,21393.50127
-599.943803,1000,21406.628211
-600.0,1000,21415.052306
-599.888457,1000,21428.007601
-600.0,1000,21436.307771
-600.0,1000,21449.481351
-599.994579,1000,21458.364826
-599.990435,1000,21471.862076
-599.863642,1000,21480.705667
-600.0,1000,21493.653433
-599.991052,1000,21501.947755
-597.882894,1000,21514.92224
-600.0,1000,21523.251636
-599.990556,1000,21536.307637
-599.999992,1000,21544.737283
-599.974588,1000,21558.032015
-600.0,1000,21566.482555
-595.864371,1000,21579.55472
-599.997103,1000,21587.993518
-599.584088,1000,21601.113663
-600.0,1000,21609.459289
-599.53842,1000,21622.607592
-599.930903,1000,21631.201095
-600.0,1000,21644.320941
-600.0,1000,21652.677305
-600.0,1000,21665.657724
-600.0,1000,21674.014857
-600.0,1000,21686.937731
-600.0,1000,21695.111345
-599.883485,1000,21708.080434
-600.0,1000,21716.560268
-599.993244,1000,21729.599285
-597.979568,1000,21738.116827
-600.0,1000,21751.823835
-599.842685,1000,21760.716838
-599.971037,1000,21773.959505
-599.882783,1000,21782.370094
-599.925349,1000,21795.572847
-599.399785,1000,21803.857314
-600.0,1000,21816.858886
-599.639435,1000,21825.104201
-600.0,1000,21838.116472
-598.773132,1000,21846.380107
-568.953256,1000,21859.533715
-600.0,1000,21867.899411
-600.0,1000,21881.211258
-600.0,1000,21890.050111
-599.006318,1000,21903.485445
-600.0,1000,21911.884665
-599.999843,1000,21924.994215
-598.98628,1000,21933.23537
-598.363933,1000,21946.250062
-599.999908,1000,21954.502383
-599.99969,1000,21967.51643
-598.784915,1000,21975.793046
-599.642343,1000,21988.812611
-599.86978,1000,21997.139189
-600.0,1000,22010.231816
-595.056082,1000,22018.679264
-596.841834,1000,22031.627796
-595.464108,1000,22040.014831
-594.133419,1000,22052.984851
-599.999899,1000,22061.201511
-599.999826,1000,22074.205703
-600.0,1000,22082.540901
-600.0,1000,22095.801558
-599.968365,1000,22104.158391
-600.0,1000,22117.513593
-600.0,1000,22126.169488
-599.999804,1000,22139.26916
-600.0,1000,22147.647511
-599.547893,1000,22160.754568
-599.905431,1000,22169.126753
-600.0,1000,22182.311704
-600.0,1000,22190.89768
-599.22752,1000,22204.030327
-599.42672,1000,22212.327147
-600.0,1000,22225.264669
-599.999997,1000,22233.466968
-600.0,1000,22246.520385
-599.977163,1000,22254.807568
-600.0,1000,22267.89476
-598.662084,1000,22276.259502
-599.997959,1000,22289.349311
-600.0,1000,22297.670339
-600.0,1000,22310.746364
-600.0,1000,22319.1028
-600.0,1000,22332.307544
-596.805855,1000,22340.675745
-599.999949,1000,22353.888108
-599.841877,1000,22362.268066
-599.999911,1000,22375.423731
-599.997966,1000,22383.746816
-599.893502,1000,22396.867113
-600.0,1000,22405.173623
-600.0,1000,22418.148804
-599.999972,1000,22426.491862
-600.0,1000,22439.782335
-600.0,1000,22448.163928
-599.780513,1000,22461.332272
-599.999995,1000,22469.574973
-599.915739,1000,22482.676372
-599.999378,1000,22491.062458
-600.0,1000,22504.36849
-600.0,1000,22512.676293
-599.947834,1000,22525.845145
-599.999998,1000,22534.038179
-589.094916,1000,22547.22018
-599.999867,1000,22555.495894
-599.999999,1000,22568.807583
-599.556039,1000,22577.175857
-599.902211,1000,22590.407389
-600.0,1000,22598.67853
-600.0,1000,22611.86185
-599.947939,1000,22620.1333
-600.0,1000,22633.358465
-597.117166,1000,22641.656677
-594.953454,1000,22654.81429
-599.991307,1000,22663.117443
-600.0,1000,22676.466271
-600.0,1000,22685.342718
-599.999972,1000,22699.032887
-596.631258,1000,22707.908247
-599.999952,1000,22721.601405
-598.425946,1000,22730.32271
-599.997942,1000,22743.573393
-599.99954,1000,22751.823289
-600.0,1000,22764.96252
-599.995334,1000,22773.338742
-600.0,1000,22786.556215
-600.0,1000,22794.86807
-599.999939,1000,22808.51363
-599.999979,1000,22817.018799
-599.987944,1000,22830.239596
-599.999744,1000,22838.509895
-600.0,1000,22851.734625
-600.0,1000,22860.06831
-599.929981,1000,22873.379719
-600.0,1000,22882.024673
-599.999341,1000,22895.285703
-600.0,1000,22903.701153
-599.978648,1000,22917.090935
-597.101841,1000,22925.482852
-600.0,1000,22938.741521
-600.0,1000,22947.06793
-599.946326,1000,22960.365814
-599.995663,1000,22968.912715
-600.0,1000,22982.72043
-599.93395,1000,22991.477243
-599.983928,1000,23004.868428
-599.795495,1000,23013.049011
-600.0,1000,23026.450878
-597.536603,1000,23034.78711
-598.991728,1000,23048.069294
-600.0,1000,23056.396331
-599.989573,1000,23069.78592
-600.0,1000,23077.98363
-600.0,1000,23091.313898
-600.0,1000,23099.719423
-600.0,1000,23113.519384
-599.904383,1000,23122.428156
-598.175531,1000,23135.948283
-599.880024,1000,23144.256512
-598.092841,1000,23157.704577
-599.904863,1000,23166.230358
-599.999939,1000,23179.477133
-599.99992,1000,23187.785382
-600.0,1000,23201.090869
-597.874928,1000,23209.744111
-600.0,1000,23223.280168
-600.0,1000,23231.757028
-600.0,1000,23245.260547
-599.822558,1000,23253.580677
-599.998834,1000,23266.749669
-600.0,1000,23275.064005
-599.999967,1000,23288.317365
-599.995197,1000,23296.620978
-597.360614,1000,23309.891608
-600.0,1000,23318.204928
-600.0,1000,23331.465818
-600.0,1000,23339.78203
-599.794663,1000,23353.145511
-600.0,1000,23361.467489
-600.0,1000,23374.842517
-595.024213,1000,23383.219431
-600.0,1000,23396.522418
-599.999908,1000,23405.249732
-599.930694,1000,23418.448544
-594.84205,1000,23426.791616
-598.710334,1000,23440.339941
-600.0,1000,23448.669915
-600.0,1000,23461.814059
-599.996136,1000,23470.030909
-600.0,1000,23483.423753
-593.219362,1000,23491.676983
-600.0,1000,23504.891663
-599.999999,1000,23513.340173
-599.838417,1000,23526.871194
-600.0,1000,23535.312391
-600.0,1000,23548.690998
-600.0,1000,23556.835892
-600.0,1000,23570.105692
-599.993848,1000,23578.298637
-600.0,1000,23591.694112
-600.0,1000,23599.954199
-599.238972,1000,23613.311374
-600.0,1000,23621.580493
-599.983627,1000,23635.072961
-598.844373,1000,23643.355013
-599.5709,1000,23656.695791
-599.748704,1000,23665.046956
-598.835275,1000,23678.444761
-600.0,1000,23686.612473
-595.164403,1000,23700.069892
-599.754556,1000,23708.332392
-599.991601,1000,23721.664702
-599.999999,1000,23729.913454
-588.806984,1000,23743.293419
-599.35388,1000,23751.480185
-600.0,1000,23764.786937
-599.707802,1000,23772.92938
-600.0,1000,23786.243141
-596.836088,1000,23794.408228
-598.917046,1000,23807.717491
-600.0,1000,23815.98867
-599.999795,1000,23829.387716
-599.959033,1000,23837.637076
-600.0,1000,23850.870594
-600.0,1000,23859.023643
-600.0,1000,23872.261727
-599.999999,1000,23880.543364
-599.999901,1000,23894.082683
-599.987327,1000,23902.399204
-599.923727,1000,23915.814975
-600.0,1000,23924.21281
-597.649128,1000,23937.632516
-599.982632,1000,23945.920476
-597.625264,1000,23959.741321
-599.828882,1000,23968.214104
-599.998711,1000,23981.759241
-599.999958,1000,23990.172695
-600.0,1000,24003.715094
-600.0,1000,24012.179029
-600.0,1000,24025.546405
-596.424891,1000,24033.864948
-600.0,1000,24047.331249
-600.0,1000,24055.650526
-599.500358,1000,24069.193785
-600.0,1000,24077.531847
-599.936854,1000,24090.943946
-600.0,1000,24099.244529
-600.0,1000,24112.832833
-598.101644,1000,24121.796203
-599.678841,1000,24135.936296
-600.0,1000,24144.887405
-599.157907,1000,24158.39301
-599.738656,1000,24166.727905
-600.0,1000,24180.154633
-599.735355,1000,24188.473582
-599.999962,1000,24202.021091
-599.317978,1000,24210.466855
-600.0,1000,24224.101159
-599.787842,1000,24232.403616
-599.855628,1000,24245.924141
-600.0,1000,24254.210525
-599.999817,1000,24267.685095
-599.896822,1000,24275.955801
-599.966451,1000,24289.535062
-600.0,1000,24297.964039
-590.144849,1000,24312.099068
-599.999999,1000,24321.030819
-598.422713,1000,24334.6155
-599.650394,1000,24342.91101
-599.956124,1000,24356.610637
-599.999683,1000,24365.05121
-597.284301,1000,24378.823093
-599.986571,1000,24387.195224
-599.925843,1000,24400.690167
-598.175052,1000,24408.993147
-599.999985,1000,24422.512004
-599.981323,1000,24430.788415
-597.38463,1000,24444.383217
-593.74611,1000,24452.662444
-600.0,1000,24466.025615
-599.988196,1000,24474.183828
-600.0,1000,24487.614522
-600.0,1000,24495.961856
-599.999575,1000,24509.521407
-600.0,1000,24517.937661
-599.999967,1000,24531.491907
-600.0,1000,24540.018834
-600.0,1000,24553.921913
-600.0,1000,24562.29098
-600.0,1000,24575.837229
-600.0,1000,24584.210371
-599.946612,1000,24597.657962
-600.0,1000,24606.086663
-600.0,1000,24620.05118
-599.999999,1000,24628.447909
-600.0,1000,24641.999807
-599.966257,1000,24650.328878
-599.999732,1000,24663.911227
-599.937556,1000,24672.373388
-598.347522,1000,24686.53592
-600.0,1000,24695.192565
-600.0,1000,24708.663327
-599.992059,1000,24717.133049
-595.904662,1000,24731.369015
-600.0,1000,24740.295646
-597.810393,1000,24754.558935
-599.955918,1000,24763.431728
-599.865801,1000,24777.648191
-577.423137,1000,24786.545685
-599.827967,1000,24800.329935
-600.0,1000,24808.596906
-599.997534,1000,24822.190144
-598.714606,1000,24830.447527
-599.900001,1000,24844.007176
-599.999254,1000,24852.280595
-600.0,1000,24865.969499
-600.0,1000,24874.268521
-600.0,1000,24887.837879
-600.0,1000,24896.153298
-599.941802,1000,24909.889474
-598.719092,1000,24918.123949
-599.976356,1000,24931.708505
-600.0,1000,24939.922385
-599.620867,1000,24953.564642
-599.906819,1000,24961.898288
-599.570022,1000,24975.510759
-599.862766,1000,24983.903283
-599.420367,1000,24997.529562
-600.0,1000,25005.75823
-597.919609,1000,25019.490242
-600.0,1000,25027.922308
-600.0,1000,25041.620955
-600.0,1000,25050.063704
-597.15765,1000,25063.709737
-600.0,1000,25072.151896
-600.0,1000,25085.937939
-599.999965,1000,25094.281324
-599.8858,1000,25107.795664
-599.024851,1000,25116.039218
-597.485009,1000,25129.655423
-599.982063,1000,25138.027629
-599.968284,1000,25151.608108
-600.0,1000,25160.018806
-599.999176,1000,25173.702579
-600.0,1000,25182.095789
-598.687813,1000,25195.591282
-597.663983,1000,25204.020661
-598.746823,1000,25218.037577
-599.999997,1000,25226.960577
-598.333329,1000,25241.21592
-600.0,1000,25250.071654
-599.23088,1000,25263.884713
-599.998975,1000,25272.228955
-594.701851,1000,25285.98065
-598.754681,1000,25294.478088
-600.0,1000,25308.180533
-600.0,1000,25316.45989
-600.0,1000,25330.076514
-585.806329,1000,25338.270841
-599.999311,1000,25351.857757
-600.0,1000,25360.157654
-599.999977,1000,25373.881541
-599.999999,1000,25382.195487
-599.932224,1000,25395.907002
-599.739522,1000,25404.21179
-600.0,1000,25418.024574
-598.389263,1000,25426.319381
-598.734563,1000,25440.032667
-599.999926,1000,25448.584857
-600.0,1000,25462.372568
-600.0,1000,25470.633896
-599.981866,1000,25484.434767
-600.0,1000,25492.653716
-599.999991,1000,25506.240197
-599.111778,1000,25514.425006
-600.0,1000,25528.224989
-600.0,1000,25536.54152
-599.680892,1000,25550.315849
-600.0,1000,25558.777496
-599.159707,1000,25572.697349
-597.958536,1000,25581.137998
-600.0,1000,25594.755195
-599.517013,1000,25603.049176
-599.999993,1000,25616.773687
-599.600849,1000,25625.408841
-599.743242,1000,25639.708463
-599.99999,1000,25648.631822
-600.0,1000,25662.959648
-599.959604,1000,25671.91844
-599.002136,1000,25686.309344
-600.0,1000,25695.259406
-600.0,1000,25709.593608
-600.0,1000,25718.311574
-597.14526,1000,25732.282831
-600.0,1000,25740.632082
-600.0,1000,25754.300101
-595.751741,1000,25762.621731
-600.0,1000,25776.435025
-599.354051,1000,25784.922815
-599.871821,1000,25799.196106
-599.929214,1000,25808.273769
-599.708263,1000,25822.835412
-600.0,1000,25831.735769
-599.84575,1000,25846.150207
-600.0,1000,25854.696999
-596.820328,1000,25868.481798
-600.0,1000,25876.719942
-600.0,1000,25890.508178
-600.0,1000,25898.802231
-600.0,1000,25912.714943
-599.999571,1000,25920.96826
-600.0,1000,25934.671725
-600.0,1000,25942.990572
-600.0,1000,25956.833757
-597.299619,1000,25965.117797
-599.898058,1000,25979.034562
-600.0,1000,25987.356476
-600.0,1000,26001.255985
-600.0,1000,26009.646093
-599.999834,1000,26023.586283
-600.0,1000,26031.962177
-600.0,1000,26045.793787
-600.0,1000,26054.04748
-599.908947,1000,26067.838352
-600.0,1000,26076.03788
-598.344899,1000,26089.952521
-600.0,1000,26098.338319
-600.0,1000,26112.177542
-600.0,1000,26120.356312
-600.0,1000,26134.219638
-599.849835,1000,26142.495786
-598.236545,1000,26156.340639
-598.859245,1000,26164.624981
-598.109212,1000,26178.800448
-600.0,1000,26187.773963
-596.337072,1000,26202.298118
-599.757693,1000,26211.315587
-600.0,1000,26225.361797
-599.903635,1000,26233.701715
-600.0,1000,26247.481196
-599.999881,1000,26255.769518
-599.996892,1000,26269.563016
-597.508118,1000,26277.842163
-600.0,1000,26291.60521
-599.948857,1000,26299.858407
-599.99999,1000,26313.522629
-599.999746,1000,26321.837703
-599.972004,1000,26335.865331
-599.824672,1000,26344.773889
-600.0,1000,26359.190908
-599.988115,1000,26368.051659
-595.033135,1000,26382.518955
-599.987464,1000,26390.983837
-600.0,1000,26404.79834
-600.0,1000,26413.10044
-599.899582,1000,26426.915439
-599.900214,1000,26435.215528
-599.960536,1000,26449.041666
-600.0,1000,26457.32882
-600.0,1000,26471.304055
-600.0,1000,26479.773546
-599.989491,1000,26493.825467
-597.623415,1000,26502.27941
-599.896395,1000,26516.309734
-600.0,1000,26524.778575
-600.0,1000,26538.861269
-600.0,1000,26547.314613
-599.907807,1000,26561.228887
-600.0,1000,26569.53443
-599.999859,1000,26583.538827
-600.0,1000,26591.853052
-599.999904,1000,26605.755819
-600.0,1000,26614.0028
-599.999046,1000,26627.99212
-598.010029,1000,26636.231977
-597.717314,1000,26650.102305
-598.916071,1000,26658.348126
-599.572412,1000,26672.385572
-598.913507,1000,26680.895339
-599.945425,1000,26694.855473
-600.0,1000,26703.167528
-600.0,1000,26717.082982
-583.764849,1000,26725.362423
-599.367359,1000,26739.498886
-600.0,1000,26747.78986
-599.853789,1000,26761.872579
-599.99978,1000,26770.164945
-599.988892,1000,26784.046813
-600.0,1000,26792.354544
-600.0,1000,26806.150053
-599.354421,1000,26814.43092
-599.993956,1000,26828.345898
-600.0,1000,26836.635029
-600.0,1000,26850.586913
-600.0,1000,26858.805143
-599.606831,1000,26872.815802
-600.0,1000,26881.118802
-586.374766,1000,26894.970512
-598.164933,1000,26903.25189
-600.0,1000,26917.22221
-600.0,1000,26925.50719
-596.990486,1000,26939.427262
-599.999977,1000,26947.692524
-599.999652,1000,26961.590743
-598.691722,1000,26969.853471
-596.031399,1000,26983.74857
-595.380848,1000,26991.997346
-592.70027,1000,27005.936679
-600.0,1000,27014.198759
-599.932937,1000,27028.221071
-595.780898,1000,27036.565517
-599.999926,1000,27050.471599
-600.0,1000,27058.810637
-599.630518,1000,27072.87331
-599.999785,1000,27081.186855
-599.950519,1000,27095.303319
-599.999996,1000,27103.659433
-599.361681,1000,27117.649645
-600.0,1000,27126.111983
-596.009334,1000,27140.145083
-599.999998,1000,27148.547016
-600.0,1000,27162.566862
-599.595749,1000,27170.870809
-598.308987,1000,27184.826071
-600.0,1000,27193.086138
-599.937957,1000,27207.126731
-599.999411,1000,27215.464067
-599.999967,1000,27229.424988
-598.704688,1000,27237.76303
-600.0,1000,27251.800479
-600.0,1000,27260.205326
-599.809632,1000,27274.241155
-600.0,1000,27282.527514
-600.0,1000,27296.486528
-599.914751,1000,27304.898903
-599.455426,1000,27319.170711
-600.0,1000,27327.50504
-600.0,1000,27341.489472
-600.0,1000,27349.87857
-600.0,1000,27364.084122
-599.986356,1000,27372.842006
-600.0,1000,27387.194126
-600.0,1000,27395.571926
-599.999912,1000,27409.786044
-599.999588,1000,27418.165547
-582.562384,1000,27432.346681
-599.847975,1000,27440.769394
-600.0,1000,27454.971264
-600.0,1000,27463.284238
-599.999852,1000,27477.54839
-599.999997,1000,27486.121754
-599.968122,1000,27500.256286
-600.0,1000,27508.642043
-599.269056,1000,27522.856822
-599.582616,1000,27531.346237
-600.0,1000,27545.535052
-598.976049,1000,27553.941734
-600.0,1000,27568.182977
-597.832822,1000,27576.508798
-599.984084,1000,27590.599876
-600.0,1000,27599.0071
-599.939137,1000,27613.259998
-599.891513,1000,27621.738189
-599.989033,1000,27635.962268
-600.0,1000,27644.414444
-600.0,1000,27658.719692
-600.0,1000,27667.198498
-599.906024,1000,27681.595061
-597.473919,1000,27689.993446
-586.140637,1000,27704.234162
-600.0,1000,27712.650238
-600.0,1000,27727.007132
-598.420094,1000,27735.463143
-600.0,1000,27749.772058
-600.0,1000,27758.080338
-599.839596,1000,27772.598753
-598.717444,1000,27781.615581
-599.606125,1000,27796.493978
-600.0,1000,27804.957371
-599.999999,1000,27819.148937
-598.087717,1000,27827.504446
-599.351991,1000,27841.695356
-600.0,1000,27850.097252
-598.005174,1000,27864.425929
-600.0,1000,27872.877088
-599.999579,1000,27887.201061
-600.0,1000,27895.678403
-594.895489,1000,27909.95218
-599.999827,1000,27918.405157
-600.0,1000,27932.670563
-599.984759,1000,27941.05115
-599.813787,1000,27955.426188
-600.0,1000,27963.78737
-599.999996,1000,27978.093732
-599.242578,1000,27986.583483
-599.835438,1000,28000.954129
-596.525066,1000,28009.33358
-598.541725,1000,28023.543494
-599.968177,1000,28031.887844
-600.0,1000,28046.40007
-599.999018,1000,28054.760912
-599.824143,1000,28068.95849
-598.09499,1000,28077.439132
-600.0,1000,28091.876115
-600.0,1000,28100.172196
-600.0,1000,28114.369564
-600.0,1000,28122.806974
-600.0,1000,28137.038801
-599.999223,1000,28145.61861
-600.0,1000,28159.890538
-599.824003,1000,28168.28507
-600.0,1000,28182.667977
-600.0,1000,28191.020162
-600.0,1000,28205.267143
-596.219372,1000,28213.640801
-600.0,1000,28227.869838
-599.999998,1000,28236.233368
-599.99874,1000,28251.161032
-600.0,1000,28260.157825
-598.800266,1000,28274.423742
-600.0,1000,28282.843942
-600.0,1000,28297.192772
-600.0,1000,28305.653024
-599.999433,1000,28319.96992
-599.889418,1000,28328.315976
-600.0,1000,28342.5556
-600.0,1000,28350.90484
-599.462442,1000,28365.26159
-600.0,1000,28373.578461
-599.90293,1000,28387.83003
-596.442582,1000,28396.21898
-599.989499,1000,28410.582411
-599.999993,1000,28419.003526
-599.999999,1000,28433.29383
-600.0,1000,28441.677626
-598.86364,1000,28456.060131
-600.0,1000,28464.298496
-598.826767,1000,28478.475751
-600.0,1000,28486.880659
-599.999985,1000,28501.244092
-599.971994,1000,28509.593923
-599.999996,1000,28523.803445
-600.0,1000,28531.993753
-599.900889,1000,28546.245907
-599.88982,1000,28554.641631
-600.0,1000,28569.226961
-600.0,1000,28577.543579
-599.371,1000,28591.814581
-599.367143,1000,28600.138175
-600.0,1000,28614.536325
-600.0,1000,28622.871612
-599.645501,1000,28637.110898
-600.0,1000,28645.444389
-600.0,1000,28659.699401
-600.0,1000,28668.004533
-600.0,1000,28682.362387
-599.999989,1000,28690.624951
-600.0,1000,28704.961529
-599.984834,1000,28713.361658
-598.762503,1000,28727.722986
-599.999939,1000,28736.034417
-600.0,1000,28750.346773
-599.999922,1000,28758.64702
-600.0,1000,28772.974925
-599.999999,1000,28781.265361
-599.774548,1000,28795.689065
-600.0,1000,28804.226564
-599.999033,1000,28818.635381
-600.0,1000,28827.259101
-600.0,1000,28841.74496
-600.0,1000,28850.200145
