# {"t_start": 1614834011.4386828, "env_id": "Office-v0"} 
r,l,t
0.0,24,0.011582
0.0,30,0.023814
0.0,2,0.024668
0.0,57,0.047537
0.0,23,0.056775
0.0,29,0.068552
0.0,14,0.074251
0.0,70,0.102551
0.0,25,0.11261
0.0,167,0.179819
0.0,26,0.190762
0.0,32,0.204193
0.0,27,0.215028
0.0,47,0.233912
0.0,90,0.272475
0.0,22,0.281392
1.0,97,0.320079
0.0,149,0.377942
0.0,52,0.398151
0.0,66,0.423556
0.0,95,0.460437
0.0,76,0.489602
0.0,90,0.524574
0.0,57,0.546548
0.0,226,0.633438
0.0,135,0.684674
0.0,26,0.694934
0.0,138,0.747208
0.0,335,0.874071
0.0,65,0.89887
0.0,193,0.97238
0.0,146,1.029385
0.0,72,1.057542
0.0,224,1.143619
0.0,260,1.243963
0.0,125,1.292195
0.0,25,1.301955
0.0,31,1.314004
0.0,99,1.352497
0.0,111,1.396906
0.0,16,1.403426
0.0,81,1.434523
0.0,11,1.439053
0.0,32,1.451941
0.0,421,1.620248
0.0,5,1.622445
0.0,7,1.625281
0.0,525,1.833736
0.0,673,2.103076
0.0,58,2.12562
0.0,30,2.1378
0.0,44,2.155679
0.0,112,2.200681
0.0,140,2.258316
0.0,130,2.310906
0.0,23,2.320202
0.0,113,2.365591
0.0,141,2.421613
0.0,123,2.471126
0.0,96,2.509121
1.0,138,2.5642
0.0,73,2.593497
0.0,144,2.651527
0.0,33,2.66488
0.0,323,2.793892
0.0,79,2.824682
0.0,31,2.83719
0.0,99,2.877042
0.0,252,2.978231
0.0,59,3.001951
0.0,150,3.062639
0.0,614,3.308267
0.0,109,3.352333
1.0,189,3.427095
0.0,289,3.543904
0.0,69,3.571777
0.0,454,3.753213
0.0,72,3.782335
0.0,39,3.798129
0.0,42,3.814208
0.0,665,4.081621
0.0,161,4.146034
0.0,510,4.35116
0.0,12,4.356153
0.0,15,4.362251
0.0,13,4.367558
0.0,313,4.493093
0.0,20,4.50104
0.0,207,4.584507
0.0,62,4.609125
0.0,38,4.624549
0.0,73,4.653025
0.0,116,4.702008
1.0,377,4.852004
0.0,240,4.948246
0.0,150,5.007711
0.0,32,5.020646
0.0,218,5.107607
0.0,82,5.140985
0.0,146,5.198949
0.0,723,5.486863
0.0,189,5.562034
0.0,35,5.576228
0.0,155,5.637456
0.0,79,5.669096
0.0,72,5.698272
0.0,221,5.786793
0.0,256,5.887706
0.0,22,5.896654
0.0,418,6.063135
0.0,7,6.066116
0.0,122,6.114194
0.0,46,6.132663
0.0,321,6.260084
0.0,234,6.353974
0.0,367,6.497018
0.0,25,6.50701
0.0,144,6.562568
0.0,27,6.573308
0.0,717,6.850628
0.0,521,7.064092
0.0,113,7.111699
0.0,19,7.119979
0.0,25,7.130801
0.0,84,7.16581
0.0,63,7.191735
0.0,296,7.312878
0.0,75,7.342679
0.0,111,7.386987
0.0,158,7.449356
0.0,193,7.528287
0.0,53,7.550907
1.0,148,7.613519
1.0,365,7.766537
0.0,264,7.875838
0.0,58,7.899546
0.0,35,7.913693
0.0,24,7.923475
0.0,251,8.025542
0.0,125,8.07592
0.0,13,8.081301
0.0,73,8.110273
0.0,104,8.152054
1.0,405,8.314111
1.0,40,8.330283
0.0,179,8.401799
0.0,225,8.491037
0.0,161,8.555231
1.0,44,8.572988
0.0,16,8.579485
1.0,154,8.642101
1.0,255,8.747772
0.0,14,8.753775
0.0,26,8.764927
1.0,232,8.860277
0.0,8,8.863542
1.0,43,8.880785
1.0,198,8.960031
0.0,42,8.977022
1.0,243,9.074097
1.0,22,9.083072
1.0,158,9.14596
0.0,56,9.168542
1.0,141,9.225847
0.0,8,9.22913
0.0,112,9.274215
0.0,74,9.303528
1.0,304,9.423598
1.0,59,9.447167
1.0,178,9.518822
1.0,177,9.588985
0.0,27,9.599782
1.0,45,9.617682
1.0,150,9.677827
1.0,181,9.751563
1.0,139,9.808945
1.0,18,9.816498
0.0,41,9.833728
1.0,175,9.906412
1.0,51,9.927686
1.0,14,9.933419
0.0,159,9.998654
1.0,63,10.024365
1.0,71,10.052956
0.0,4,10.054643
1.0,191,10.133465
0.0,49,10.153044
0.0,147,10.212127
1.0,13,10.217521
1.0,120,10.266227
0.0,6,10.268733
1.0,58,10.292547
1.0,13,10.297847
0.0,31,10.310514
1.0,143,10.368367
1.0,46,10.386885
1.0,11,10.39134
0.0,41,10.408097
1.0,111,10.453202
1.0,32,10.466091
1.0,11,10.470595
0.0,29,10.482455
1.0,148,10.542091
1.0,81,10.575418
0.0,4,10.57711
1.0,150,10.638324
1.0,79,10.670882
0.0,56,10.693599
1.0,11,10.69816
0.0,23,10.707707
1.0,151,10.769597
0.0,27,10.780274
1.0,11,10.784731
1.0,83,10.818741
0.0,67,10.845847
0.0,16,10.85245
0.0,5,10.854528
0.0,75,10.885051
0.0,54,10.906994
1.0,53,10.928721
1.0,13,10.934083
0.0,15,10.940227
1.0,90,10.976225
1.0,69,11.004397
0.0,7,11.007331
0.0,87,11.042475
0.0,59,11.066584
1.0,30,11.079027
1.0,15,11.085262
1.0,67,11.112672
0.0,4,11.114356
0.0,106,11.15708
1.0,11,11.161612
0.0,75,11.191887
1.0,75,11.222726
1.0,50,11.242999
1.0,11,11.247493
0.0,73,11.277294
1.0,82,11.31003
1.0,34,11.324082
1.0,14,11.329764
1.0,55,11.352058
1.0,52,11.373413
1.0,76,11.403976
1.0,11,11.408426
0.0,56,11.430994
1.0,108,11.475275
0.0,8,11.478658
1.0,11,11.483184
1.0,26,11.494026
0.0,18,11.501346
1.0,44,11.519759
1.0,11,11.524283
0.0,57,11.547307
0.0,4,11.549011
1.0,38,11.564548
0.0,9,11.568198
1.0,97,11.608128
1.0,65,11.634345
1.0,33,11.647885
0.0,4,11.649571
1.0,55,11.67198
0.0,36,11.686464
0.0,49,11.706472
1.0,14,11.712156
1.0,45,11.730426
0.0,9,11.734123
1.0,33,11.747541
1.0,14,11.753199
1.0,25,11.763469
0.0,10,11.767589
1.0,45,11.786089
1.0,12,11.79094
1.0,51,11.811988
1.0,47,11.831252
0.0,4,11.83292
1.0,11,11.837533
1.0,70,11.868037
1.0,63,11.893676
0.0,8,11.896984
1.0,11,11.901533
0.0,36,11.916271
0.0,4,11.917972
1.0,27,11.92902
1.0,11,11.933489
1.0,28,11.944831
1.0,58,11.968352
0.0,4,11.970026
1.0,13,11.975358
1.0,36,11.990042
1.0,42,12.006929
0.0,19,12.014734
1.0,13,12.020013
1.0,29,12.031934
1.0,76,12.063026
1.0,27,12.074041
1.0,11,12.078524
1.0,65,12.105126
1.0,51,12.125799
1.0,27,12.136826
1.0,11,12.1413
1.0,53,12.162935
1.0,45,12.181038
1.0,29,12.192786
1.0,11,12.197258
0.0,9,12.200907
0.0,21,12.209275
1.0,25,12.219679
1.0,17,12.2267
0.0,7,12.229614
1.0,38,12.244898
1.0,25,12.255133
1.0,11,12.259604
0.0,27,12.270561
0.0,51,12.291267
1.0,32,12.30428
1.0,11,12.308748
1.0,58,12.332334
1.0,36,12.346998
1.0,31,12.359717
1.0,11,12.364195
1.0,30,12.376148
1.0,49,12.395725
1.0,27,12.40672
1.0,11,12.411269
1.0,88,12.447001
0.0,22,12.455976
0.0,8,12.45926
1.0,15,12.465302
1.0,32,12.478139
1.0,39,12.493795
1.0,25,12.504023
1.0,14,12.509761
1.0,40,12.525882
0.0,19,12.533551
0.0,4,12.5352
1.0,11,12.539921
0.0,13,12.545553
0.0,137,12.602476
0.0,4,12.604183
1.0,11,12.608778
1.0,35,12.62349
1.0,126,12.673581
1.0,40,12.690038
1.0,12,12.694892
1.0,23,12.704258
1.0,52,12.725184
0.0,30,12.737461
1.0,12,12.742308
1.0,26,12.752736
1.0,51,12.773358
1.0,36,12.788197
1.0,11,12.792904
1.0,23,12.802819
1.0,71,12.831973
1.0,27,12.843396
1.0,12,12.848268
1.0,26,12.858733
1.0,31,12.871378
1.0,27,12.882786
1.0,11,12.887411
1.0,30,12.899704
1.0,38,12.915308
0.0,6,12.91783
1.0,13,12.923241
0.0,19,12.931086
0.0,44,12.949093
1.0,30,12.961587
1.0,11,12.966195
0.0,4,12.967877
1.0,48,12.987305
1.0,30,12.999486
1.0,13,13.004865
1.0,25,13.015171
1.0,31,13.028067
1.0,30,13.040638
1.0,11,13.045237
0.0,16,13.051974
1.0,33,13.065862
1.0,31,13.078809
0.0,9,13.082645
1.0,23,13.091952
1.0,31,13.104517
1.0,33,13.118097
0.0,2,13.118949
0.0,4,13.120617
1.0,29,13.132465
1.0,25,13.142779
1.0,11,13.147251
1.0,23,13.156568
0.0,26,13.167019
1.0,27,13.17797
1.0,11,13.182487
1.0,28,13.193872
0.0,9,13.197652
0.0,10,13.201744
1.0,14,13.207422
1.0,25,13.217469
1.0,33,13.230855
1.0,29,13.242964
0.0,9,13.246701
0.0,5,13.248773
0.0,19,13.256689
1.0,30,13.269547
0.0,6,13.272093
1.0,23,13.281704
1.0,33,13.295284
1.0,31,13.307964
1.0,11,13.312418
0.0,12,13.317405
1.0,32,13.330426
1.0,25,13.340662
1.0,13,13.346182
0.0,9,13.350098
0.0,7,13.353091
1.0,25,13.363717
1.0,13,13.369097
1.0,27,13.380309
0.0,9,13.384091
1.0,29,13.396128
1.0,12,13.401086
1.0,26,13.411945
1.0,51,13.432786
1.0,27,13.44378
1.0,11,13.448225
1.0,24,13.457966
1.0,44,13.475791
1.0,32,13.488745
0.0,9,13.492453
1.0,28,13.503846
0.0,13,13.509117
1.0,25,13.519309
1.0,11,13.523803
1.0,28,13.535094
1.0,33,13.548275
1.0,27,13.559214
1.0,11,13.563666
1.0,24,13.573406
1.0,31,13.585912
0.0,6,13.588415
1.0,11,13.5929
0.0,16,13.599388
0.0,21,13.60785
0.0,4,13.609509
1.0,11,13.61396
0.0,9,13.6176
1.0,31,13.630109
1.0,27,13.64105
1.0,12,13.646023
1.0,25,13.656253
1.0,34,13.669901
0.0,14,13.675504
1.0,11,13.679968
0.0,4,13.681633
1.0,37,13.696495
1.0,33,13.709882
1.0,11,13.714356
1.0,25,13.724544
1.0,32,13.737437
1.0,73,13.766534
1.0,13,13.77176
1.0,27,13.782604
1.0,34,13.796328
1.0,27,13.807286
0.0,6,13.809759
1.0,27,13.820692
1.0,31,13.833167
0.0,6,13.835629
1.0,13,13.840832
0.0,9,13.844496
1.0,37,13.859547
1.0,38,13.874897
1.0,11,13.87936
1.0,30,13.891262
1.0,31,13.903655
1.0,25,13.91386
0.0,13,13.919149
1.0,23,13.928466
1.0,57,13.951436
1.0,29,13.96326
1.0,13,13.968515
1.0,26,13.97914
1.0,29,13.990808
0.0,19,13.998381
1.0,11,14.002889
1.0,25,14.012894
1.0,30,14.025451
0.0,19,14.033386
1.0,11,14.03798
1.0,26,14.048728
0.0,37,14.064065
1.0,27,14.075387
1.0,11,14.079922
1.0,27,14.091098
1.0,34,14.105231
1.0,32,14.118519
1.0,12,14.123394
1.0,25,14.133568
1.0,33,14.14689
1.0,25,14.157098
1.0,15,14.163198
1.0,23,14.172632
1.0,34,14.186369
1.0,26,14.196815
1.0,11,14.201339
1.0,26,14.211695
1.0,31,14.224176
1.0,31,14.236882
1.0,13,14.242198
1.0,24,14.251951
1.0,31,14.264559
1.0,25,14.274702
1.0,15,14.280757
0.0,6,14.283206
0.0,2,14.284037
1.0,28,14.295359
1.0,11,14.299886
1.0,23,14.309251
1.0,31,14.32172
1.0,25,14.331923
1.0,11,14.33639
1.0,23,14.345706
1.0,31,14.358212
1.0,25,14.368416
1.0,11,14.372873
0.0,14,14.378613
1.0,30,14.39072
1.0,27,14.401658
1.0,14,14.407303
1.0,27,14.417911
0.0,4,14.419471
0.0,10,14.423379
1.0,12,14.428076
1.0,28,14.438949
1.0,37,14.453174
1.0,27,14.464076
1.0,15,14.469888
1.0,23,14.478765
0.0,5,14.480714
1.0,27,14.491446
1.0,18,14.498314
1.0,28,14.508928
0.0,13,14.514062
1.0,27,14.524778
0.0,4,14.526382
1.0,36,14.54016
1.0,39,14.55531
0.0,8,14.558534
1.0,11,14.562796
1.0,66,14.588769
1.0,36,14.602951
1.0,27,14.613951
1.0,11,14.618391
1.0,23,14.627444
1.0,29,14.639089
1.0,25,14.649519
1.0,11,14.653938
1.0,25,14.664115
1.0,29,14.675976
1.0,29,14.688152
0.0,7,14.691133
1.0,25,14.701452
1.0,33,14.714995
1.0,29,14.726929
0.0,2,14.72779
1.0,29,14.739566
1.0,40,14.755945
0.0,8,14.759316
1.0,11,14.763895
0.0,7,14.766805
1.0,35,14.781357
1.0,25,14.791844
1.0,11,14.796367
1.0,29,14.80819
1.0,31,14.820837
1.0,25,14.83114
1.0,11,14.835677
1.0,29,14.847546
1.0,33,14.861299
0.0,14,14.867298
1.0,16,14.87387
1.0,31,14.886364
0.0,12,14.891418
1.0,26,14.902331
1.0,11,14.906814
0.0,14,14.912665
1.0,48,14.932549
1.0,31,14.945353
0.0,6,14.94787
1.0,31,14.96081
1.0,36,14.975597
0.0,14,14.981388
1.0,12,14.986383
1.0,31,14.998963
1.0,29,15.010949
1.0,30,15.023465
1.0,15,15.029629
0.0,9,15.033346
0.0,22,15.042374
1.0,29,15.054436
1.0,12,15.059506
1.0,29,15.071487
1.0,33,15.085035
1.0,25,15.095506
1.0,13,15.100908
1.0,23,15.110372
1.0,40,15.126654
1.0,29,15.138506
0.0,9,15.14222
0.0,17,15.149181
1.0,32,15.162183
1.0,31,15.174441
1.0,11,15.17887
1.0,23,15.187883
1.0,31,15.199874
1.0,29,15.211243
1.0,11,15.21565
1.0,27,15.226261
1.0,33,15.239684
0.0,21,15.248464
1.0,12,15.25353
1.0,27,15.264515
1.0,32,15.277432
1.0,25,15.287638
0.0,4,15.289311
1.0,27,15.300235
1.0,35,15.314573
1.0,27,15.325844
1.0,11,15.33036
1.0,25,15.340631
0.0,2,15.341488
0.0,4,15.34315
1.0,13,15.348446
1.0,27,15.359366
0.0,20,15.367474
1.0,27,15.378614
1.0,11,15.383115
1.0,23,15.392551
1.0,38,15.407982
1.0,28,15.419466
1.0,13,15.424801
0.0,13,15.430163
1.0,36,15.444888
1.0,27,15.455983
1.0,13,15.461278
0.0,6,15.463775
1.0,34,15.477576
0.0,25,15.48791
1.0,11,15.492415
1.0,23,15.501798
0.0,6,15.504275
1.0,29,15.516384
1.0,11,15.520981
1.0,27,15.531913
0.0,18,15.53928
1.0,29,15.550939
1.0,11,15.555365
1.0,28,15.566535
0.0,23,15.575756
1.0,28,15.587139
1.0,13,15.592507
0.0,8,15.595867
1.0,29,15.607316
1.0,32,15.620109
1.0,11,15.62456
1.0,28,15.635658
1.0,32,15.648525
1.0,27,15.659377
1.0,11,15.663718
0.0,16,15.670016
1.0,31,15.682322
1.0,30,15.693933
1.0,11,15.698236
0.0,23,15.706974
0.0,20,15.714598
1.0,31,15.726478
1.0,13,15.731457
1.0,23,15.740338
1.0,36,15.753929
1.0,27,15.764384
1.0,13,15.769477
0.0,20,15.777181
1.0,30,15.788757
0.0,14,15.794204
1.0,11,15.798434
1.0,23,15.80729
1.0,31,15.819242
0.0,28,15.830417
0.0,9,15.834018
1.0,25,15.843772
1.0,37,15.858273
1.0,25,15.868106
1.0,14,15.873581
1.0,24,15.883011
1.0,31,15.895068
1.0,27,15.905572
1.0,12,15.910172
1.0,23,15.919293
1.0,33,15.93211
0.0,4,15.933712
1.0,17,15.940189
1.0,26,15.950078
1.0,34,15.962974
1.0,27,15.973476
1.0,12,15.978149
1.0,31,15.990088
0.0,7,15.992806
1.0,33,16.005383
1.0,17,16.011795
1.0,25,16.021371
1.0,29,16.032427
1.0,27,16.042785
1.0,11,16.047242
1.0,29,16.058743
1.0,31,16.070991
1.0,34,16.08437
1.0,13,16.089609
1.0,35,16.103412
1.0,36,16.117508
0.0,12,16.122324
1.0,13,16.127415
1.0,29,16.139221
1.0,29,16.151248
1.0,29,16.163232
1.0,11,16.167743
1.0,27,16.178778
1.0,31,16.19139
1.0,28,16.202796
1.0,14,16.208527
1.0,25,16.218723
1.0,33,16.232116
1.0,27,16.243077
1.0,17,16.249456
1.0,23,16.258339
1.0,32,16.270584
0.0,14,16.276229
1.0,15,16.28212
0.0,21,16.290302
0.0,6,16.292651
1.0,27,16.303543
1.0,13,16.308517
0.0,8,16.311724
1.0,37,16.326197
1.0,28,16.33708
1.0,13,16.342192
0.0,4,16.343756
1.0,36,16.357725
1.0,25,16.367512
1.0,11,16.371822
1.0,24,16.381233
1.0,30,16.392915
1.0,30,16.404602
0.0,9,16.408114
1.0,25,16.417746
1.0,38,16.432461
1.0,25,16.442224
1.0,11,16.44652
0.0,4,16.448121
1.0,35,16.461746
1.0,27,16.472428
1.0,14,16.477841
1.0,29,16.489176
1.0,36,16.503138
1.0,30,16.5149
1.0,15,16.520658
1.0,23,16.529646
1.0,38,16.544411
1.0,28,16.555273
1.0,11,16.559526
1.0,29,16.570848
0.0,17,16.5775
0.0,24,16.586952
0.0,7,16.589754
1.0,31,16.6016
1.0,31,16.613525
1.0,27,16.624249
1.0,14,16.629636
1.0,25,16.639226
1.0,33,16.65191
1.0,29,16.663172
1.0,16,16.669303
1.0,23,16.678114
1.0,31,16.689963
1.0,33,16.702845
1.0,13,16.707921
1.0,32,16.720036
1.0,29,16.73113
1.0,27,16.741709
1.0,12,16.746336
1.0,26,16.756191
1.0,37,16.770506
1.0,32,16.782975
1.0,11,16.787222
1.0,25,16.796815
1.0,36,16.810567
1.0,29,16.82189
1.0,11,16.826101
1.0,26,16.836101
0.0,30,16.847892
0.0,4,16.849527
1.0,13,16.854657
0.0,6,16.857017
1.0,33,16.869556
1.0,27,16.880015
1.0,13,16.884903
1.0,25,16.894669
1.0,34,16.908146
1.0,25,16.918162
1.0,14,16.923689
1.0,26,16.934037
1.0,32,16.946641
1.0,26,16.956953
1.0,13,16.962132
1.0,26,16.97225
1.0,35,16.985889
1.0,26,16.996199
1.0,13,17.001342
1.0,31,17.013502
1.0,35,17.027022
1.0,25,17.03695
1.0,11,17.041307
1.0,27,17.051845
1.0,33,17.064886
1.0,31,17.077275
1.0,13,17.082335
1.0,29,17.093744
1.0,42,17.110157
1.0,29,17.121311
1.0,13,17.126303
1.0,25,17.137984
1.0,30,17.149821
1.0,32,17.162257
1.0,14,17.167713
1.0,23,17.176663
1.0,32,17.189123
1.0,29,17.2006
1.0,11,17.204896
1.0,25,17.214748
1.0,30,17.226394
1.0,25,17.236109
1.0,11,17.240388
1.0,30,17.251915
1.0,36,17.265869
1.0,26,17.276101
1.0,11,17.280374
0.0,14,17.285815
0.0,6,17.288159
0.0,12,17.292808
1.0,13,17.297768
1.0,27,17.308116
1.0,35,17.321885
1.0,31,17.333959
1.0,11,17.338173
1.0,26,17.348057
1.0,35,17.361533
1.0,29,17.372693
0.0,6,17.375062
1.0,29,17.386284
1.0,33,17.399045
1.0,25,17.408736
1.0,11,17.41294
1.0,25,17.422456
1.0,31,17.434384
1.0,25,17.444031
1.0,12,17.448678
0.0,17,17.455261
0.0,6,17.457613
1.0,28,17.468496
1.0,14,17.473855
1.0,27,17.484114
1.0,34,17.497234
1.0,25,17.507114
1.0,12,17.511789
1.0,25,17.521708
0.0,16,17.528015
1.0,25,17.53793
1.0,11,17.542217
0.0,17,17.548895
0.0,9,17.552424
0.0,6,17.554794
1.0,11,17.559018
1.0,42,17.575254
1.0,35,17.588826
1.0,25,17.59845
1.0,12,17.603069
1.0,25,17.612622
0.0,12,17.617268
1.0,31,17.629301
1.0,13,17.634278
0.0,12,17.638896
0.0,28,17.649603
1.0,27,17.660113
1.0,17,17.666513
1.0,24,17.675561
1.0,32,17.687871
1.0,31,17.699766
1.0,11,17.703977
1.0,23,17.71271
1.0,32,17.725177
1.0,29,17.736387
1.0,12,17.741044
0.0,21,17.749218
0.0,31,17.76111
0.0,19,17.768446
1.0,11,17.772765
0.0,6,17.775118
0.0,28,17.785994
1.0,27,17.796362
1.0,11,17.800684
1.0,23,17.809521
1.0,35,17.822855
0.0,14,17.828454
1.0,16,17.834834
1.0,28,17.846068
1.0,30,17.857893
1.0,28,17.8688
1.0,17,17.875396
1.0,23,17.884368
0.0,19,17.891816
1.0,27,17.902534
1.0,11,17.906838
1.0,29,17.918351
1.0,32,17.931091
1.0,27,17.941758
1.0,11,17.945983
1.0,27,17.95643
1.0,32,17.969005
1.0,25,17.979257
1.0,11,17.983782
0.0,17,17.990799
1.0,36,18.005217
1.0,30,18.017391
1.0,11,18.021935
1.0,25,18.032008
1.0,32,18.044987
1.0,25,18.055235
1.0,11,18.059717
1.0,24,18.069226
0.0,19,18.076945
1.0,25,18.087165
1.0,13,18.092441
0.0,6,18.094922
1.0,35,18.109204
1.0,27,18.120256
1.0,13,18.1255
1.0,29,18.137442
1.0,34,18.151296
1.0,31,18.164098
1.0,11,18.168743
0.0,12,18.173646
1.0,31,18.186084
0.0,23,18.195531
1.0,13,18.200698
1.0,26,18.211171
1.0,32,18.224054
1.0,27,18.235071
1.0,11,18.239541
1.0,26,18.250154
1.0,33,18.263458
1.0,25,18.273583
1.0,12,18.278407
1.0,27,18.289367
1.0,35,18.303606
1.0,27,18.314733
0.0,4,18.3164
1.0,25,18.326413
1.0,32,18.33945
1.0,27,18.350498
1.0,11,18.354985
1.0,31,18.367294
1.0,34,18.381203
1.0,30,18.393572
1.0,11,18.398073
0.0,17,18.405025
1.0,32,18.41798
1.0,25,18.428223
1.0,11,18.432667
0.0,19,18.44052
1.0,36,18.455099
0.0,20,18.463193
1.0,11,18.467635
0.0,19,18.475216
1.0,31,18.487747
1.0,25,18.497941
1.0,11,18.502439
1.0,23,18.511637
1.0,30,18.523786
1.0,27,18.53471
0.0,2,18.535542
1.0,23,18.544982
1.0,32,18.557819
1.0,25,18.568112
0.0,14,18.573868
1.0,25,18.584027
1.0,30,18.59609
1.0,27,18.607111
1.0,13,18.612447
1.0,27,18.623247
1.0,33,18.636556
1.0,29,18.648435
1.0,12,18.653286
1.0,25,18.663239
1.0,30,18.675272
1.0,32,18.688271
1.0,11,18.692781
1.0,23,18.702194
0.0,20,18.710295
1.0,30,18.722414
1.0,11,18.726851
1.0,27,18.737521
0.0,10,18.741632
1.0,34,18.755436
1.0,13,18.760664
1.0,25,18.770797
1.0,32,18.783691
1.0,25,18.793817
1.0,11,18.798244
0.0,19,18.805973
1.0,27,18.816784
1.0,31,18.82938
1.0,12,18.834181
1.0,23,18.843477
0.0,23,18.852738
1.0,29,18.864547
1.0,14,18.870189
1.0,26,18.880727
1.0,35,18.894676
0.0,8,18.898018
1.0,11,18.90257
0.0,16,18.909086
1.0,35,18.923006
0.0,6,18.925356
1.0,11,18.929736
1.0,24,18.939291
1.0,30,18.951519
1.0,27,18.962704
1.0,11,18.967171
1.0,25,18.977218
0.0,30,18.989408
1.0,25,18.999626
1.0,13,19.004842
0.0,14,19.010362
1.0,29,19.021878
1.0,25,19.032004
1.0,11,19.036513
1.0,25,19.046568
1.0,40,19.062665
1.0,31,19.07517
1.0,11,19.079616
1.0,27,19.090317
0.0,2,19.09111
1.0,33,19.104426
1.0,13,19.109655
1.0,27,19.120491
1.0,33,19.133724
1.0,32,19.146571
1.0,15,19.152741
1.0,27,19.163478
0.0,4,19.165124
1.0,29,19.176897
0.0,6,19.179296
1.0,30,19.191307
1.0,36,19.20637
1.0,40,19.222811
1.0,11,19.227403
0.0,13,19.232683
1.0,29,19.244632
0.0,19,19.252315
0.0,13,19.257659
0.0,16,19.26408
1.0,33,19.277269
1.0,27,19.288154
1.0,12,19.292959
1.0,28,19.304016
1.0,33,19.317444
1.0,30,19.329499
1.0,11,19.333899
1.0,24,19.343481
0.0,20,19.351524
1.0,29,19.363359
1.0,15,19.369286
0.0,21,19.377486
1.0,31,19.389918
1.0,27,19.400733
1.0,13,19.405933
1.0,25,19.415888
1.0,36,19.430343
0.0,18,19.437651
1.0,11,19.442071
1.0,29,19.453604
1.0,33,19.466782
1.0,29,19.478403
1.0,13,19.483514
1.0,32,19.49649
1.0,35,19.510434
1.0,27,19.521246
1.0,13,19.526281
1.0,24,19.535726
0.0,25,19.545602
0.0,4,19.547232
1.0,13,19.552409
1.0,23,19.561679
1.0,32,19.574214
1.0,25,19.584032
1.0,13,19.58916
0.0,19,19.596591
1.0,34,19.609952
1.0,27,19.620711
1.0,11,19.625025
1.0,23,19.634116
1.0,29,19.645543
1.0,25,19.655567
1.0,14,19.661095
1.0,23,19.670149
0.0,13,19.675313
0.0,16,19.681651
1.0,14,19.687309
1.0,25,19.697113
1.0,39,19.712498
1.0,28,19.723712
1.0,11,19.728113
1.0,27,19.738646
0.0,23,19.747729
1.0,31,19.760184
1.0,11,19.764609
0.0,8,19.767883
1.0,29,19.779399
1.0,28,19.79066
1.0,12,19.795364
1.0,27,19.806098
0.0,4,19.807721
1.0,37,19.822364
1.0,11,19.826716
1.0,29,19.838102
1.0,33,19.851304
1.0,26,19.86163
1.0,11,19.86609
1.0,27,19.876678
0.0,7,19.879449
1.0,27,19.890342
1.0,13,19.89554
1.0,27,19.906316
1.0,33,19.919411
1.0,25,19.929415
1.0,13,19.934566
1.0,27,19.945181
1.0,31,19.957484
1.0,30,19.969523
1.0,13,19.974701
1.0,36,19.988748
1.0,35,20.002409
1.0,29,20.01395
1.0,11,20.018263
1.0,27,20.028857
1.0,36,20.042883
1.0,29,20.054274
1.0,14,20.059891
0.0,6,20.062191
1.0,30,20.073963
0.0,61,20.09788
1.0,11,20.102266
1.0,25,20.112324
1.0,33,20.125358
1.0,27,20.136134
1.0,11,20.140435
1.0,25,20.150214
1.0,29,20.161718
1.0,25,20.171774
0.0,6,20.174168
1.0,25,20.183942
0.0,9,20.187528
1.0,28,20.198523
0.0,7,20.201343
1.0,30,20.213113
1.0,29,20.224609
1.0,28,20.23583
1.0,13,20.240968
1.0,29,20.252292
1.0,36,20.266297
1.0,25,20.27619
1.0,18,20.283166
1.0,29,20.29445
1.0,31,20.30657
1.0,28,20.317559
1.0,12,20.322182
1.0,23,20.331221
1.0,31,20.343518
1.0,29,20.354953
1.0,13,20.360049
1.0,23,20.369139
1.0,35,20.382991
1.0,31,20.395232
1.0,12,20.399953
1.0,25,20.409768
1.0,29,20.421249
1.0,31,20.433509
1.0,11,20.437918
1.0,25,20.44774
0.0,32,20.460244
1.0,27,20.470892
1.0,12,20.47563
1.0,24,20.484965
0.0,7,20.487762
1.0,27,20.498441
0.0,2,20.49926
0.0,14,20.504694
1.0,32,20.517262
1.0,27,20.527964
1.0,13,20.533165
1.0,25,20.542965
1.0,34,20.55636
0.0,20,20.564192
1.0,12,20.568911
1.0,23,20.578122
1.0,31,20.590204
0.0,16,20.596647
1.0,11,20.600997
0.0,12,20.605765
1.0,33,20.618709
1.0,25,20.628779
1.0,15,20.634714
1.0,27,20.645239
0.0,17,20.651985
0.0,24,20.661514
1.0,13,20.666605
0.0,8,20.66979
0.0,18,20.67683
1.0,25,20.686847
1.0,11,20.691189
1.0,27,20.701724
1.0,30,20.713553
0.0,4,20.715142
0.0,2,20.715957
1.0,31,20.728053
1.0,34,20.741474
1.0,28,20.752596
1.0,11,20.757032
0.0,4,20.75865
1.0,31,20.770783
1.0,32,20.783429
1.0,11,20.787851
1.0,27,20.798424
1.0,35,20.812125
1.0,27,20.822743
1.0,14,20.828151
1.0,24,20.83755
1.0,35,20.851259
0.0,14,20.856752
1.0,16,20.863046
1.0,23,20.872084
1.0,31,20.884356
0.0,19,20.891953
1.0,15,20.897916
1.0,25,20.907733
0.0,23,20.916916
1.0,25,20.926957
0.0,8,20.930093
1.0,28,20.941055
1.0,29,20.952499
0.0,17,20.959188
1.0,14,20.964738
1.0,29,20.975968
1.0,33,20.98874
0.0,21,20.997153
1.0,15,21.003005
0.0,8,21.006199
1.0,31,21.018489
1.0,30,21.030346
1.0,13,21.035497
1.0,23,21.044563
1.0,29,21.055781
1.0,29,21.066828
1.0,16,21.07292
1.0,27,21.083223
0.0,20,21.090793
1.0,31,21.102765
1.0,12,21.107394
1.0,29,21.118416
0.0,11,21.122693
0.0,14,21.127994
1.0,13,21.13294
1.0,27,21.143186
1.0,29,21.154326
1.0,25,21.164006
0.0,9,21.167506
1.0,25,21.177219
1.0,30,21.188703
1.0,27,21.199286
1.0,11,21.203618
1.0,23,21.212382
1.0,30,21.22381
1.0,30,21.235226
1.0,12,21.239771
1.0,27,21.250089
1.0,35,21.263247
1.0,25,21.272846
1.0,13,21.277726
0.0,6,21.280044
0.0,17,21.286624
1.0,30,21.29856
1.0,11,21.302773
1.0,25,21.312351
1.0,31,21.324111
0.0,19,21.331461
1.0,11,21.335674
1.0,25,21.345073
1.0,34,21.358062
1.0,33,21.37071
1.0,11,21.374924
0.0,8,21.378013
1.0,31,21.389875
0.0,8,21.392983
1.0,11,21.397223
1.0,27,21.407794
0.0,20,21.41539
0.0,14,21.420863
1.0,11,21.425127
1.0,28,21.435903
1.0,33,21.448581
1.0,30,21.460097
0.0,6,21.462456
0.0,12,21.46713
0.0,9,21.470646
1.0,25,21.480289
0.0,8,21.483415
1.0,30,21.494709
0.0,17,21.501282
1.0,27,21.511794
1.0,11,21.516074
1.0,30,21.527583
1.0,35,21.541169
1.0,27,21.551663
1.0,11,21.555904
0.0,12,21.560546
1.0,36,21.574343
1.0,31,21.586547
1.0,13,21.591511
1.0,26,21.601643
0.0,19,21.609126
1.0,31,21.621062
1.0,11,21.62533
0.0,6,21.627667
1.0,34,21.640696
1.0,29,21.652144
0.0,6,21.654531
0.0,10,21.658445
1.0,29,21.669734
1.0,31,21.682355
1.0,11,21.686842
1.0,27,21.697671
1.0,33,21.711072
1.0,27,21.721886
1.0,11,21.726102
0.0,6,21.728381
1.0,31,21.740168
1.0,27,21.750714
1.0,11,21.754944
0.0,6,21.757258
1.0,31,21.76924
1.0,27,21.779599
1.0,15,21.78532
1.0,25,21.794765
1.0,33,21.807702
1.0,25,21.817455
1.0,11,21.821651
1.0,24,21.831013
1.0,29,21.842074
1.0,29,21.853194
1.0,15,21.859025
1.0,27,21.869357
1.0,31,21.881264
1.0,30,21.892927
1.0,13,21.897954
1.0,24,21.907178
1.0,34,21.920125
1.0,29,21.931297
1.0,11,21.935511
1.0,31,21.947339
1.0,29,21.958514
1.0,33,21.971185
1.0,12,21.97569
1.0,25,21.985203
1.0,29,21.996361
1.0,29,22.00757
1.0,15,22.013514
1.0,24,22.022773
1.0,31,22.03481
0.0,17,22.041282
1.0,11,22.045527
1.0,29,22.05643
1.0,31,22.068378
1.0,32,22.080805
1.0,11,22.08516
0.0,18,22.092176
1.0,31,22.103987
0.0,14,22.109407
1.0,11,22.113678
1.0,25,22.123277
1.0,33,22.135884
1.0,27,22.146273
1.0,13,22.151267
1.0,23,22.160134
1.0,37,22.174407
0.0,17,22.181084
1.0,11,22.185364
1.0,25,22.195033
0.0,10,22.198999
0.0,16,22.205136
0.0,2,22.205954
1.0,23,22.215059
0.0,21,22.223146
1.0,25,22.232942
1.0,13,22.237994
1.0,27,22.248445
1.0,32,22.260955
1.0,26,22.271269
1.0,12,22.275966
1.0,25,22.285854
0.0,15,22.291779
1.0,25,22.301621
1.0,13,22.30674
1.0,25,22.316389
1.0,36,22.330253
1.0,28,22.341691
1.0,11,22.346168
1.0,27,22.357149
1.0,35,22.371552
1.0,27,22.382785
0.0,7,22.385737
1.0,27,22.396796
1.0,32,22.410305
1.0,29,22.422793
1.0,11,22.427448
1.0,23,22.437184
1.0,35,22.451922
1.0,29,22.464084
1.0,11,22.46854
1.0,28,22.479736
0.0,23,22.489038
1.0,25,22.499205
1.0,11,22.503667
1.0,24,22.513278
1.0,34,22.526896
1.0,29,22.538352
1.0,12,22.543085
1.0,30,22.55504
1.0,33,22.56833
1.0,32,22.581324
1.0,11,22.58573
1.0,23,22.594966
1.0,29,22.606652
1.0,29,22.618311
1.0,12,22.623289
0.0,19,22.630682
1.0,33,22.643754
1.0,29,22.655327
1.0,11,22.659679
0.0,6,22.662079
1.0,31,22.674335
1.0,27,22.68514
1.0,11,22.689408
1.0,27,22.70025
1.0,33,22.71362
1.0,30,22.725697
1.0,11,22.730145
1.0,24,22.740172
1.0,33,22.753802
1.0,27,22.764776
1.0,13,22.770059
1.0,25,22.780239
1.0,31,22.792836
1.0,29,22.804549
1.0,11,22.809022
1.0,23,22.818365
0.0,18,22.825457
1.0,29,22.837361
1.0,13,22.842644
1.0,26,22.853041
1.0,31,22.865684
1.0,25,22.875861
1.0,11,22.880311
1.0,24,22.889947
0.0,25,22.900056
1.0,29,22.911805
1.0,11,22.91623
1.0,24,22.925905
0.0,16,22.932451
1.0,27,22.94328
1.0,13,22.948648
1.0,25,22.958739
1.0,35,22.972252
1.0,27,22.982951
1.0,11,22.987309
0.0,17,22.994021
1.0,31,23.006124
1.0,25,23.015916
1.0,14,23.021333
0.0,21,23.029622
1.0,30,23.041298
1.0,27,23.051817
1.0,11,23.056129
1.0,25,23.065768
0.0,29,23.07691
1.0,26,23.087404
1.0,11,23.091796
1.0,27,23.102402
1.0,29,23.113881
1.0,30,23.12576
1.0,12,23.130502
1.0,31,23.142763
1.0,33,23.156001
0.0,25,23.165839
1.0,13,23.171106
1.0,25,23.181326
1.0,35,23.195564
1.0,32,23.208735
1.0,11,23.21321
1.0,26,23.22373
1.0,31,23.236293
0.0,4,23.238036
1.0,11,23.242515
1.0,27,23.253376
1.0,32,23.266299
1.0,27,23.277171
1.0,11,23.281641
0.0,17,23.288518
1.0,33,23.301831
0.0,19,23.309431
1.0,11,23.313874
1.0,23,23.323365
1.0,36,23.337913
1.0,35,23.352385
1.0,12,23.357278
1.0,27,23.368202
1.0,34,23.382067
1.0,28,23.39361
1.0,12,23.398427
1.0,29,23.409935
1.0,30,23.422231
0.0,18,23.42962
1.0,11,23.434328
1.0,25,23.444919
1.0,29,23.456776
1.0,29,23.468599
0.0,6,23.471175
1.0,25,23.481633
1.0,40,23.497668
1.0,29,23.509374
0.0,2,23.510221
1.0,29,23.521685
1.0,33,23.534753
0.0,13,23.539997
1.0,11,23.544436
1.0,27,23.555452
1.0,31,23.567926
1.0,27,23.578986
1.0,11,23.583444
1.0,25,23.593472
1.0,41,23.609972
1.0,27,23.621117
1.0,12,23.626008
0.0,19,23.633757
1.0,32,23.646821
1.0,27,23.657755
1.0,13,23.662966
0.0,8,23.666201
0.0,10,23.670181
1.0,25,23.680263
1.0,13,23.685522
1.0,25,23.695299
1.0,29,23.707163
1.0,27,23.717744
1.0,14,23.723067
1.0,25,23.732737
1.0,30,23.74433
1.0,31,23.756385
1.0,11,23.760663
0.0,6,23.763049
1.0,38,23.777657
1.0,25,23.787217
1.0,12,23.791798
1.0,28,23.802544
1.0,29,23.813593
1.0,26,23.823677
1.0,11,23.827863
1.0,23,23.836599
1.0,33,23.849145
1.0,29,23.860521
1.0,15,23.866124
1.0,23,23.875045
1.0,37,23.889687
1.0,33,23.90259
1.0,15,23.908351
0.0,4,23.909969
1.0,35,23.923623
0.0,6,23.92598
1.0,11,23.930284
1.0,23,23.939245
1.0,30,23.950757
1.0,25,23.96081
1.0,13,23.966028
1.0,25,23.975953
1.0,30,23.987891
1.0,25,23.997817
1.0,11,24.00422
1.0,27,24.014909
0.0,9,24.018464
1.0,27,24.028968
1.0,12,24.033618
1.0,28,24.044366
1.0,35,24.05794
1.0,27,24.068395
1.0,11,24.072604
1.0,28,24.083025
1.0,32,24.095229
1.0,27,24.105677
1.0,11,24.109871
1.0,25,24.119261
1.0,30,24.130732
1.0,27,24.141084
1.0,14,24.146496
1.0,23,24.155313
1.0,33,24.167762
1.0,31,24.179573
1.0,11,24.183762
1.0,25,24.193209
0.0,28,24.203893
1.0,25,24.213662
1.0,11,24.217873
1.0,23,24.226566
0.0,16,24.232733
1.0,32,24.245079
1.0,14,24.250432
1.0,33,24.262868
0.0,17,24.269469
1.0,27,24.279839
1.0,12,24.284432
1.0,25,24.293903
1.0,31,24.305711
1.0,35,24.31913
1.0,11,24.323413
1.0,26,24.333388
1.0,29,24.344755
1.0,29,24.355794
1.0,11,24.360095
1.0,25,24.369518
0.0,2,24.370301
1.0,31,24.382178
1.0,12,24.386734
1.0,27,24.397174
0.0,26,24.407132
1.0,33,24.419772
1.0,13,24.424699
1.0,27,24.435179
0.0,21,24.443172
0.0,12,24.447822
1.0,11,24.451993
0.0,19,24.459203
1.0,32,24.471587
1.0,30,24.48307
1.0,11,24.48725
1.0,27,24.497637
1.0,34,24.510418
0.0,10,24.514236
1.0,18,24.521017
1.0,26,24.530912
1.0,35,24.544199
0.0,23,24.55296
1.0,13,24.557913
1.0,25,24.567409
1.0,35,24.580549
0.0,4,24.582095
1.0,11,24.586265
1.0,26,24.596137
1.0,38,24.610562
1.0,27,24.620832
1.0,16,24.626888
1.0,27,24.63716
1.0,39,24.651877
1.0,27,24.662192
1.0,15,24.667892
1.0,26,24.677844
0.0,18,24.684719
1.0,29,24.69573
1.0,12,24.700276
1.0,27,24.710469
1.0,39,24.725183
1.0,28,24.735857
1.0,11,24.740282
1.0,23,24.749307
0.0,17,24.755975
1.0,25,24.765839
1.0,12,24.770523
1.0,23,24.779435
0.0,18,24.786409
1.0,29,24.797523
1.0,12,24.802145
1.0,23,24.811003
1.0,31,24.822945
1.0,32,24.835817
1.0,11,24.84029
1.0,25,24.850346
1.0,29,24.861999
1.0,27,24.872831
1.0,12,24.877761
0.0,22,24.886482
0.0,6,24.888909
0.0,15,24.894989
1.0,11,24.899453
0.0,6,24.901895
1.0,30,24.913987
1.0,35,24.928071
1.0,11,24.932447
1.0,25,24.94215
1.0,30,24.953523
0.0,21,24.961428
1.0,11,24.965662
1.0,25,24.975097
1.0,36,24.988737
1.0,26,24.998722
1.0,11,25.002915
0.0,8,25.005999
0.0,27,25.016258
1.0,29,25.02739
1.0,11,25.031572
1.0,24,25.040642
1.0,34,25.053639
0.0,12,25.058304
1.0,12,25.062932
1.0,26,25.07292
0.0,32,25.085486
1.0,25,25.095079
1.0,11,25.099374
1.0,26,25.109509
1.0,30,25.121174
1.0,39,25.136071
1.0,11,25.14038
1.0,25,25.150017
1.0,37,25.164251
1.0,26,25.174417
1.0,11,25.178638
1.0,27,25.189052
0.0,15,25.194893
1.0,27,25.205657
1.0,13,25.210762
0.0,4,25.212302
0.0,6,25.214624
1.0,32,25.227185
1.0,11,25.231475
1.0,35,25.245559
0.0,20,25.253614
1.0,27,25.264577
1.0,13,25.269806
1.0,23,25.279053
1.0,38,25.294225
1.0,27,25.305001
1.0,11,25.309334
1.0,28,25.320251
1.0,30,25.332122
1.0,25,25.342147
1.0,11,25.346494
1.0,26,25.356748
0.0,25,25.366622
1.0,27,25.377337
1.0,11,25.381733
1.0,34,25.395016
1.0,31,25.407278
0.0,19,25.414819
1.0,15,25.420743
1.0,27,25.431467
1.0,34,25.445021
1.0,27,25.455615
1.0,11,25.459985
1.0,24,25.469427
1.0,33,25.482554
1.0,26,25.493248
1.0,11,25.497757
1.0,23,25.507061
1.0,32,25.519503
1.0,36,25.53383
1.0,11,25.538318
1.0,23,25.547573
1.0,32,25.560438
1.0,32,25.573259
1.0,13,25.578478
1.0,25,25.588439
1.0,36,25.602821
0.0,20,25.610844
1.0,11,25.615287
1.0,24,25.624891
1.0,30,25.636832
1.0,30,25.648923
1.0,11,25.653366
1.0,26,25.663609
1.0,38,25.678577
1.0,25,25.688551
1.0,12,25.693364
1.0,26,25.703743
0.0,18,25.710932
1.0,31,25.723254
1.0,13,25.728384
1.0,25,25.738181
0.0,15,25.744166
1.0,29,25.755679
1.0,11,25.759921
1.0,24,25.769296
0.0,14,25.774925
1.0,25,25.785034
1.0,12,25.789755
1.0,23,25.798876
1.0,34,25.812356
1.0,29,25.823966
0.0,4,25.825622
1.0,27,25.83637
0.0,29,25.847709
1.0,33,25.860922
0.0,10,25.865111
1.0,23,25.874319
1.0,30,25.88628
1.0,31,25.898731
1.0,15,25.904653
1.0,29,25.916094
1.0,31,25.928416
1.0,31,25.940831
1.0,12,25.945654
1.0,25,25.955471
1.0,38,25.970371
1.0,25,25.980194
1.0,11,25.984504
1.0,27,25.995249
1.0,33,26.008328
1.0,30,26.020221
1.0,11,26.024601
0.0,16,26.030984
0.0,9,26.034612
1.0,34,26.047959
1.0,12,26.052816
1.0,27,26.06356
1.0,29,26.075051
1.0,31,26.087261
1.0,11,26.091629
1.0,26,26.101943
1.0,29,26.113507
0.0,18,26.120671
1.0,13,26.125798
0.0,6,26.128215
1.0,38,26.143073
1.0,28,26.154272
1.0,13,26.159439
1.0,27,26.169988
1.0,31,26.182547
1.0,37,26.197076
1.0,13,26.202251
1.0,23,26.211384
1.0,40,26.227078
1.0,25,26.236995
1.0,13,26.242122
1.0,29,26.253541
0.0,20,26.261482
1.0,27,26.272208
0.0,7,26.275023
1.0,33,26.288079
1.0,34,26.301401
1.0,28,26.312591
1.0,11,26.31697
1.0,23,26.325955
0.0,6,26.32837
0.0,8,26.331558
1.0,15,26.33746
0.0,21,26.345748
1.0,30,26.357619
1.0,34,26.370758
1.0,13,26.37587
1.0,23,26.385115
1.0,35,26.399066
1.0,28,26.410271
1.0,12,26.415011
1.0,27,26.425623
1.0,34,26.439096
1.0,29,26.450842
1.0,12,26.455539
1.0,25,26.465358
0.0,7,26.468174
0.0,21,26.476584
1.0,16,26.482903
1.0,25,26.492785
1.0,32,26.505339
1.0,25,26.515505
1.0,13,26.520606
1.0,25,26.530391
1.0,33,26.543657
1.0,29,26.555212
1.0,15,26.561109
0.0,23,26.570203
1.0,30,26.582129
1.0,27,26.592955
1.0,13,26.598143
1.0,27,26.608965
1.0,33,26.622152
1.0,29,26.633828
1.0,11,26.638189
1.0,23,26.647306
1.0,33,26.660307
1.0,25,26.670299
1.0,14,26.675724
0.0,8,26.679014
0.0,8,26.682202
1.0,27,26.693011
1.0,11,26.697356
1.0,31,26.709647
1.0,30,26.721875
1.0,31,26.734257
1.0,11,26.738625
1.0,23,26.747951
0.0,4,26.749628
1.0,25,26.759744
1.0,13,26.764867
1.0,23,26.773955
1.0,30,26.785994
1.0,28,26.797256
1.0,12,26.801957
1.0,29,26.813249
1.0,32,26.825889
1.0,25,26.835792
1.0,11,26.84017
1.0,26,26.850473
0.0,12,26.855357
1.0,28,26.866523
1.0,12,26.87131
0.0,12,26.876122
1.0,36,26.890398
0.0,6,26.892842
1.0,11,26.897226
1.0,27,26.907939
1.0,39,26.923344
0.0,18,26.930467
1.0,12,26.935137
1.0,32,26.947764
1.0,32,26.960516
1.0,28,26.971644
1.0,11,26.976018
0.0,8,26.979265
0.0,23,26.988356
1.0,25,26.998316
1.0,13,27.003429
1.0,25,27.013278
0.0,30,27.02514
1.0,25,27.035141
1.0,11,27.039612
1.0,27,27.050344
1.0,35,27.064178
0.0,19,27.071675
0.0,7,27.074466
1.0,25,27.08439
1.0,35,27.098412
1.0,27,27.109244
1.0,13,27.114393
1.0,27,27.125208
0.0,8,27.128381
1.0,42,27.145159
1.0,11,27.14959
1.0,25,27.159472
1.0,31,27.171762
0.0,21,27.180236
1.0,11,27.184649
1.0,31,27.196733
1.0,35,27.210538
1.0,25,27.220619
0.0,6,27.223022
1.0,25,27.232995
1.0,31,27.245295
1.0,25,27.255329
1.0,12,27.260077
1.0,24,27.269692
0.0,11,27.274047
1.0,25,27.28412
1.0,13,27.289253
1.0,27,27.299927
1.0,31,27.312207
1.0,31,27.324599
1.0,14,27.330109
1.0,28,27.34109
0.0,10,27.345147
0.0,20,27.353129
1.0,13,27.358315
1.0,23,27.367483
1.0,37,27.381953
1.0,27,27.392732
1.0,13,27.397853
0.0,6,27.400225
1.0,30,27.412183
1.0,29,27.423619
1.0,12,27.428328
1.0,24,27.437735
1.0,34,27.451196
1.0,27,27.462062
1.0,13,27.467223
1.0,28,27.478289
1.0,34,27.49158
1.0,25,27.50149
1.0,13,27.506678
1.0,24,27.51631
1.0,33,27.529488
1.0,33,27.542886
1.0,11,27.547329
1.0,25,27.55728
1.0,33,27.570385
1.0,32,27.583173
1.0,15,27.589083
1.0,29,27.600571
1.0,29,27.612283
1.0,27,27.623133
1.0,16,27.629528
1.0,23,27.638791
1.0,33,27.652043
1.0,30,27.664069
1.0,11,27.668504
1.0,24,27.678005
1.0,33,27.691339
1.0,25,27.701426
0.0,7,27.704273
1.0,27,27.715081
1.0,40,27.731064
0.0,18,27.738589
1.0,11,27.74299
1.0,25,27.753042
0.0,8,27.756283
1.0,28,27.767511
0.0,4,27.769151
0.0,21,27.77758
1.0,35,27.791509
1.0,27,27.802468
0.0,9,27.806131
1.0,25,27.816167
1.0,31,27.828635
1.0,29,27.840263
1.0,11,27.844692
1.0,23,27.853973
1.0,29,27.865577
1.0,27,27.87654
1.0,11,27.880948
1.0,27,27.891922
0.0,20,27.899945
1.0,28,27.91143
1.0,11,27.915869
1.0,32,27.928739
1.0,29,27.940596
0.0,12,27.945467
1.0,15,27.951616
1.0,27,27.962496
0.0,22,27.971448
1.0,33,27.984707
1.0,11,27.989119
1.0,28,28.000248
0.0,20,28.008273
1.0,27,28.019302
1.0,13,28.024483
0.0,4,28.026098
0.0,17,28.032867
1.0,28,28.044047
1.0,13,28.049262
1.0,25,28.059315
0.0,9,28.062997
1.0,27,28.074057
1.0,11,28.078518
1.0,25,28.088649
1.0,29,28.10036
0.0,10,28.104383
0.0,7,28.107263
1.0,23,28.116552
1.0,31,28.128989
1.0,29,28.140714
1.0,13,28.146033
1.0,29,28.157651
1.0,32,28.170482
1.0,33,28.183776
1.0,15,28.189803
1.0,23,28.199016
1.0,32,28.211841
1.0,31,28.224315
1.0,12,28.229173
1.0,25,28.239356
0.0,4,28.241005
1.0,33,28.254233
1.0,11,28.258619
1.0,25,28.268593
0.0,17,28.275491
1.0,28,28.28695
0.0,2,28.287789
1.0,24,28.29743
0.0,7,28.300279
1.0,35,28.314409
0.0,2,28.315234
1.0,28,28.326406
1.0,37,28.341027
1.0,28,28.35229
1.0,13,28.35754
0.0,16,28.364008
1.0,36,28.378334
1.0,29,28.390068
1.0,11,28.394472
1.0,29,28.405919
1.0,30,28.418017
1.0,26,28.428407
0.0,2,28.429252
1.0,27,28.440044
1.0,34,28.453645
1.0,26,28.464194
1.0,11,28.468544
1.0,28,28.479807
1.0,34,28.493471
1.0,25,28.503576
1.0,11,28.508006
1.0,25,28.518075
0.0,36,28.532438
1.0,31,28.545123
1.0,11,28.549651
1.0,25,28.559729
1.0,31,28.572177
1.0,27,28.583174
1.0,12,28.588055
1.0,28,28.599352
1.0,38,28.614458
1.0,27,28.625494
1.0,11,28.630002
1.0,24,28.639699
1.0,30,28.651708
1.0,27,28.662541
1.0,11,28.667011
0.0,14,28.672554
1.0,30,28.684628
1.0,27,28.695534
1.0,13,28.700727
1.0,25,28.710877
1.0,25,28.720788
1.0,28,28.732177
0.0,2,28.732971
1.0,23,28.742426
0.0,14,28.748299
1.0,27,28.759517
1.0,11,28.764038
1.0,23,28.77346
1.0,34,28.787347
1.0,25,28.79769
1.0,11,28.802273
0.0,6,28.804779
0.0,25,28.814845
0.0,4,28.816498
0.0,8,28.819735
1.0,25,28.829864
1.0,39,28.845499
0.0,18,28.852823
1.0,11,28.857339
0.0,12,28.862309
1.0,36,28.876739
1.0,26,28.887262
1.0,11,28.891689
1.0,31,28.904087
1.0,34,28.917797
1.0,29,28.929649
1.0,11,28.934224
1.0,28,28.945422
0.0,27,28.956452
1.0,30,28.968873
1.0,12,28.973817
0.0,10,28.977913
1.0,40,28.993919
1.0,25,29.003991
1.0,12,29.008796
0.0,14,29.014475
1.0,35,29.028583
1.0,33,29.041765
1.0,11,29.046157
1.0,24,29.055852
1.0,34,29.069526
1.0,25,29.079588
1.0,12,29.084423
1.0,27,29.095057
0.0,33,29.108441
1.0,29,29.120265
1.0,11,29.124699
1.0,25,29.134742
1.0,30,29.146891
1.0,25,29.156932
1.0,11,29.161388
1.0,29,29.173114
1.0,33,29.18637
1.0,29,29.198198
1.0,18,29.205341
1.0,25,29.215286
1.0,25,29.225255
1.0,27,29.236102
1.0,12,29.240954
1.0,23,29.250288
1.0,33,29.263538
0.0,6,29.265997
1.0,14,29.271566
0.0,18,29.278759
1.0,38,29.293951
1.0,27,29.304903
1.0,11,29.309469
0.0,12,29.314347
1.0,32,29.327103
1.0,32,29.339962
0.0,9,29.343628
1.0,24,29.353175
1.0,35,29.367378
1.0,25,29.377524
0.0,2,29.378355
1.0,23,29.387474
1.0,30,29.399506
1.0,30,29.41156
0.0,4,29.413187
1.0,28,29.424444
1.0,32,29.437362
0.0,6,29.439811
1.0,11,29.444244
1.0,26,29.454554
0.0,29,29.466204
1.0,30,29.478337
0.0,16,29.484704
1.0,23,29.494015
0.0,16,29.500541
1.0,30,29.51268
1.0,11,29.517112
1.0,26,29.527567
1.0,36,29.542046
1.0,25,29.552189
1.0,11,29.556583
1.0,27,29.567512
0.0,23,29.576869
0.0,19,29.584376
1.0,12,29.589293
1.0,25,29.599159
1.0,32,29.611923
1.0,27,29.622819
1.0,11,29.627291
1.0,31,29.639617
1.0,32,29.652474
1.0,27,29.663354
0.0,6,29.665794
1.0,23,29.674997
0.0,29,29.686627
1.0,31,29.699312
1.0,11,29.70374
0.0,4,29.705357
0.0,22,29.714157
1.0,27,29.725087
0.0,7,29.727949
1.0,23,29.737259
1.0,38,29.752514
1.0,31,29.765261
1.0,16,29.77164
1.0,23,29.780923
1.0,29,29.792587
1.0,25,29.80267
1.0,11,29.807105
1.0,27,29.818088
0.0,15,29.824162
1.0,25,29.834398
1.0,13,29.839653
1.0,26,29.849975
1.0,33,29.863235
1.0,28,29.874729
1.0,13,29.879953
1.0,25,29.889972
1.0,31,29.902498
1.0,29,29.914174
1.0,11,29.918599
1.0,23,29.928143
1.0,31,29.940843
1.0,31,29.953465
1.0,14,29.959077
1.0,25,29.969112
0.0,9,29.972755
0.0,6,29.97522
1.0,13,29.980534
1.0,27,29.991215
1.0,31,30.003547
1.0,26,30.014115
1.0,12,30.018928
1.0,27,30.02963
1.0,37,30.044478
1.0,27,30.055367
1.0,13,30.060543
1.0,23,30.069692
1.0,35,30.083605
1.0,27,30.094644
1.0,11,30.099096
1.0,29,30.11069
1.0,32,30.123504
1.0,25,30.133727
1.0,12,30.138469
1.0,36,30.152942
0.0,26,30.163505
1.0,27,30.17463
1.0,17,30.181477
1.0,23,30.190709
1.0,30,30.202886
1.0,28,30.214071
1.0,12,30.218784
1.0,23,30.228038
1.0,30,30.240163
1.0,29,30.251931
1.0,12,30.256749
1.0,23,30.266185
0.0,9,30.269872
0.0,10,30.273898
1.0,11,30.278316
1.0,25,30.28841
1.0,37,30.30336
0.0,4,30.304992
1.0,11,30.309401
0.0,8,30.312647
1.0,33,30.325905
0.0,6,30.328313
1.0,11,30.33275
1.0,27,30.343504
1.0,34,30.357245
1.0,26,30.367735
1.0,11,30.372296
0.0,9,30.375962
0.0,29,30.38781
0.0,4,30.389452
1.0,16,30.395655
0.0,12,30.400519
1.0,30,30.41254
1.0,25,30.422686
1.0,11,30.427254
1.0,23,30.436474
0.0,31,30.448939
1.0,27,30.45992
0.0,6,30.462363
1.0,26,30.472735
1.0,39,30.488296
1.0,26,30.498919
1.0,17,30.505732
1.0,37,30.520428
1.0,31,30.532819
1.0,27,30.543589
1.0,11,30.548039
0.0,14,30.553781
1.0,36,30.568166
1.0,27,30.579089
1.0,14,30.584621
1.0,23,30.593884
1.0,37,30.608653
0.0,4,30.610307
0.0,6,30.612767
1.0,25,30.622934
1.0,35,30.636985
1.0,26,30.647598
1.0,11,30.652048
1.0,25,30.662019
1.0,39,30.677544
0.0,15,30.683642
1.0,13,30.688846
1.0,24,30.698625
0.0,17,30.705479
1.0,27,30.716552
1.0,11,30.721034
1.0,25,30.731007
1.0,35,30.744971
1.0,25,30.755123
1.0,11,30.759618
1.0,23,30.768969
1.0,30,30.781183
1.0,35,30.79554
1.0,11,30.800021
1.0,23,30.809432
0.0,27,30.820443
1.0,27,30.831481
1.0,11,30.835989
1.0,29,30.847606
1.0,34,30.8612
1.0,25,30.871471
1.0,14,30.877289
1.0,27,30.888244
0.0,30,30.900546
1.0,25,30.910731
1.0,13,30.916053
1.0,23,30.92548
1.0,40,30.941822
1.0,25,30.95209
1.0,14,30.957817
1.0,23,30.967173
1.0,37,30.982229
1.0,34,30.996073
1.0,14,31.001936
1.0,27,31.012883
1.0,35,31.027132
1.0,25,31.037364
1.0,13,31.042666
1.0,23,31.052014
0.0,20,31.060246
1.0,31,31.073069
1.0,14,31.078749
1.0,26,31.089413
1.0,37,31.104405
1.0,28,31.115925
1.0,11,31.120429
1.0,27,31.131552
1.0,29,31.143469
1.0,25,31.153665
1.0,14,31.15944
1.0,25,31.169509
1.0,31,31.181983
1.0,25,31.192124
1.0,13,31.197414
1.0,23,31.207321
0.0,12,31.212575
1.0,32,31.225972
1.0,13,31.231444
1.0,23,31.241216
0.0,14,31.247162
1.0,27,31.258792
0.0,9,31.262736
1.0,23,31.272172
1.0,34,31.285752
1.0,27,31.296444
1.0,14,31.302029
1.0,23,31.311219
1.0,33,31.324418
1.0,27,31.335378
1.0,11,31.339815
1.0,24,31.349471
1.0,32,31.362571
0.0,17,31.369504
1.0,15,31.375359
1.0,23,31.384629
1.0,33,31.397992
1.0,29,31.410204
1.0,11,31.414844
1.0,23,31.424275
1.0,29,31.436095
1.0,26,31.44669
1.0,12,31.451544
1.0,27,31.462517
0.0,19,31.47025
1.0,29,31.482122
1.0,16,31.488574
1.0,31,31.500995
1.0,31,31.513518
1.0,37,31.528239
0.0,2,31.529085
1.0,25,31.539026
0.0,24,31.548461
1.0,31,31.560746
1.0,12,31.565424
1.0,27,31.576077
1.0,31,31.588435
0.0,18,31.595747
1.0,11,31.600118
1.0,27,31.611044
0.0,6,31.613487
1.0,27,31.624375
1.0,11,31.628655
1.0,25,31.638557
1.0,36,31.65259
1.0,31,31.665063
1.0,12,31.669857
1.0,25,31.679898
1.0,34,31.693124
0.0,16,31.699356
1.0,11,31.703725
1.0,25,31.713636
1.0,33,31.726875
1.0,29,31.738333
1.0,11,31.742584
1.0,29,31.75412
0.0,19,31.761594
1.0,30,31.773295
1.0,11,31.777737
1.0,27,31.788467
1.0,33,31.801522
0.0,6,31.803952
1.0,11,31.808312
1.0,25,31.818291
1.0,29,31.829969
1.0,27,31.841004
0.0,11,31.84558
1.0,24,31.855242
0.0,9,31.85894
1.0,27,31.869738
1.0,11,31.874226
1.0,27,31.885026
1.0,36,31.899817
1.0,25,31.910202
1.0,12,31.915092
1.0,27,31.925884
1.0,32,31.938862
1.0,28,31.950269
1.0,11,31.954683
0.0,18,31.961614
1.0,31,31.973827
0.0,8,31.976978
1.0,12,31.981713
1.0,29,31.99299
1.0,31,32.005131
0.0,21,32.013527
1.0,14,32.018909
0.0,16,32.025256
1.0,32,32.038024
1.0,34,32.051505
1.0,13,32.056517
0.0,9,32.060089
1.0,35,32.073458
1.0,32,32.085836
1.0,12,32.090514
1.0,28,32.10142
0.0,27,32.112167
0.0,16,32.118498
1.0,13,32.123565
1.0,23,32.132454
0.0,10,32.136389
1.0,27,32.147261
1.0,11,32.151635
1.0,29,32.163138
1.0,36,32.17744
1.0,27,32.188256
1.0,13,32.193426
0.0,23,32.202756
1.0,29,32.214518
1.0,25,32.224692
1.0,12,32.229593
1.0,24,32.238985
0.0,8,32.242204
1.0,25,32.252204
1.0,11,32.256691
0.0,16,32.263074
1.0,34,32.276649
1.0,26,32.287024
1.0,13,32.29225
1.0,28,32.303023
0.0,21,32.311185
0.0,13,32.316222
1.0,11,32.320489
1.0,29,32.331825
1.0,31,32.344118
1.0,34,32.357668
1.0,11,32.362089
1.0,26,32.372442
0.0,10,32.376439
1.0,25,32.386546
1.0,16,32.392835
1.0,25,32.40272
1.0,30,32.414569
1.0,29,32.426356
1.0,13,32.431665
1.0,25,32.441676
1.0,33,32.454754
1.0,30,32.466634
1.0,13,32.471793
1.0,23,32.480988
0.0,21,32.489392
0.0,8,32.492678
0.0,7,32.495533
1.0,23,32.504723
1.0,33,32.51774
1.0,29,32.529495
0.0,7,32.532388
1.0,23,32.541677
0.0,4,32.543324
1.0,29,32.554988
1.0,11,32.559418
0.0,16,32.565817
1.0,35,32.579628
0.0,17,32.586581
1.0,13,32.591738
0.0,12,32.596461
0.0,21,32.604922
1.0,28,32.616147
1.0,11,32.620437
1.0,24,32.629961
1.0,32,32.642876
1.0,28,32.654193
1.0,12,32.658989
0.0,4,32.66052
1.0,31,32.672708
1.0,27,32.683312
1.0,13,32.688476
1.0,23,32.697601
0.0,15,32.703601
1.0,26,32.713948
0.0,4,32.715503
1.0,23,32.724566
1.0,29,32.736105
1.0,25,32.746022
1.0,13,32.751148
1.0,25,32.760962
1.0,32,32.773588
1.0,25,32.783391
1.0,13,32.788479
1.0,27,32.799287
1.0,34,32.81251
1.0,29,32.824065
0.0,6,32.826478
1.0,25,32.836102
1.0,31,32.848425
1.0,25,32.858509
1.0,11,32.862952
1.0,23,32.872176
1.0,35,32.886055
1.0,27,32.896782
1.0,13,32.901978
0.0,6,32.904311
1.0,33,32.917467
1.0,26,32.929763
1.0,11,32.934167
1.0,27,32.944577
0.0,31,32.956647
1.0,29,32.968097
1.0,13,32.973266
1.0,27,32.984192
1.0,33,32.997093
1.0,27,33.007732
1.0,15,33.013519
1.0,23,33.022507
1.0,31,33.034563
1.0,28,33.045627
1.0,14,33.050984
1.0,26,33.061095
1.0,29,33.072517
0.0,20,33.080267
1.0,11,33.084596
1.0,23,33.093629
1.0,30,33.105475
1.0,29,33.1173
1.0,13,33.122573
1.0,23,33.131564
1.0,37,33.146153
1.0,27,33.156932
1.0,15,33.163061
1.0,27,33.173664
0.0,15,33.179537
1.0,29,33.190996
1.0,16,33.197085
1.0,26,33.207462
1.0,35,33.22108
1.0,35,33.234776
1.0,13,33.239794
1.0,23,33.248675
1.0,29,33.259676
1.0,33,33.27215
1.0,11,33.276348
0.0,8,33.279424
1.0,33,33.292102
1.0,34,33.30505
1.0,15,33.31075
1.0,23,33.319536
1.0,32,33.331666
0.0,8,33.33476
1.0,11,33.339079
1.0,32,33.351273
1.0,33,33.36372
1.0,26,33.373605
1.0,11,33.377794
0.0,12,33.382437
1.0,29,33.393502
1.0,27,33.403917
1.0,14,33.409229
1.0,23,33.417978
1.0,35,33.431207
1.0,29,33.442535
1.0,14,33.447962
0.0,7,33.450871
1.0,32,33.463274
1.0,34,33.476263
0.0,4,33.477823
0.0,4,33.479352
1.0,35,33.492766
0.0,4,33.494383
1.0,13,33.499421
1.0,23,33.508512
0.0,20,33.516373
1.0,28,33.527223
1.0,11,33.531473
0.0,19,33.538837
1.0,33,33.551482
1.0,31,33.563242
1.0,11,33.567428
1.0,25,33.576995
1.0,35,33.590295
1.0,33,33.602873
1.0,15,33.608532
1.0,25,33.618136
1.0,43,33.634294
1.0,32,33.646498
1.0,12,33.651123
1.0,25,33.660964
1.0,29,33.672229
1.0,33,33.685046
1.0,11,33.689406
1.0,30,33.701045
1.0,29,33.712285
1.0,27,33.723059
1.0,11,33.727407
1.0,26,33.737735
0.0,2,33.738575
1.0,30,33.750741
0.0,8,33.753973
0.0,7,33.756791
1.0,42,33.773473
1.0,28,33.784685
1.0,11,33.789058
0.0,4,33.790677
0.0,15,33.796582
0.0,13,33.801822
1.0,11,33.806259
1.0,23,33.815421
1.0,30,33.827517
1.0,26,33.838055
1.0,11,33.842512
1.0,26,33.853056
1.0,33,33.866192
1.0,27,33.877098
0.0,2,33.877947
1.0,23,33.887212
1.0,32,33.899849
0.0,6,33.902314
0.0,6,33.904719
0.0,12,33.909621
0.0,2,33.910455
1.0,35,33.924584
1.0,13,33.929812
1.0,28,33.940963
1.0,32,33.953808
0.0,4,33.95547
1.0,11,33.959805
1.0,27,33.97062
0.0,19,33.978149
1.0,25,33.988155
1.0,11,33.992544
1.0,23,34.001839
1.0,29,34.013796
0.0,19,34.021544
0.0,7,34.024405
1.0,25,34.034382
0.0,23,34.043718
1.0,25,34.053842
1.0,11,34.058259
1.0,23,34.067731
1.0,33,34.080897
1.0,29,34.092463
1.0,11,34.096808
1.0,27,34.107629
1.0,34,34.12096
1.0,25,34.131126
0.0,8,34.134286
1.0,26,34.144618
1.0,31,34.156918
1.0,28,34.167958
1.0,11,34.172357
1.0,27,34.182917
1.0,30,34.194827
1.0,27,34.205652
1.0,11,34.210106
1.0,25,34.219929
1.0,29,34.231683
0.0,6,34.23424
1.0,11,34.238681
1.0,27,34.249719
1.0,33,34.263149
1.0,27,34.274441
0.0,4,34.276136
1.0,27,34.287048
1.0,32,34.29995
1.0,27,34.310897
1.0,11,34.315309
1.0,31,34.327558
1.0,33,34.340872
1.0,27,34.351853
1.0,11,34.356279
1.0,31,34.368374
1.0,29,34.37998
1.0,27,34.3908
1.0,13,34.395974
0.0,6,34.39843
1.0,30,34.410591
1.0,27,34.421568
1.0,11,34.426013
1.0,28,34.437255
1.0,31,34.449783
1.0,28,34.461226
1.0,12,34.466053
1.0,27,34.476944
1.0,30,34.488956
1.0,28,34.50019
1.0,11,34.504624
1.0,27,34.515484
1.0,34,34.529165
1.0,28,34.540456
1.0,14,34.545959
1.0,23,34.555098
1.0,34,34.568861
1.0,27,34.580032
1.0,11,34.58447
1.0,28,34.595767
1.0,31,34.608142
1.0,28,34.619378
0.0,9,34.623047
1.0,28,34.634178
0.0,2,34.634987
1.0,27,34.645793
1.0,14,34.651338
1.0,25,34.661384
0.0,18,34.668534
1.0,28,34.679817
1.0,11,34.68423
0.0,19,34.691782
0.0,8,34.694978
1.0,29,34.70677
1.0,11,34.711193
1.0,23,34.72045
1.0,30,34.732424
1.0,29,34.744173
1.0,15,34.750075
1.0,28,34.761335
0.0,17,34.768257
1.0,28,34.779427
1.0,11,34.783873
1.0,23,34.792961
1.0,32,34.805707
1.0,32,34.818367
1.0,13,34.8235
1.0,28,34.834637
1.0,30,34.846562
0.0,18,34.853745
1.0,11,34.858137
1.0,29,34.869688
1.0,30,34.881696
0.0,18,34.888807
1.0,13,34.894031
1.0,26,34.904392
1.0,38,34.919394
1.0,30,34.931281
1.0,11,34.935713
0.0,6,34.938109
1.0,36,34.952196
1.0,27,34.962919
1.0,11,34.967315
0.0,15,34.973411
0.0,8,34.97664
1.0,25,34.986689
1.0,17,34.993379
0.0,4,34.995
1.0,37,35.009648
1.0,28,35.020766
1.0,11,35.02511
1.0,29,35.036666
1.0,30,35.048523
1.0,25,35.058565
1.0,11,35.062884
1.0,23,35.072008
1.0,30,35.083988
1.0,32,35.096707
1.0,11,35.101068
1.0,25,35.110938
1.0,32,35.123714
1.0,28,35.134854
1.0,13,35.140031
1.0,31,35.152285
1.0,35,35.166058
1.0,30,35.177974
1.0,12,35.182734
1.0,24,35.192121
1.0,23,35.201208
1.0,27,35.21213
1.0,12,35.21682
0.0,17,35.223566
0.0,8,35.226835
1.0,30,35.2389
1.0,11,35.243315
1.0,25,35.253183
1.0,30,35.265072
1.0,28,35.276299
1.0,11,35.28072
1.0,27,35.2915
1.0,37,35.30607
1.0,27,35.316758
1.0,13,35.321923
1.0,27,35.332465
0.0,8,35.335702
0.0,20,35.343706
1.0,12,35.348404
1.0,23,35.357565
0.0,29,35.369117
1.0,29,35.380784
1.0,11,35.385361
0.0,19,35.393064
1.0,36,35.407531
1.0,28,35.419001
1.0,14,35.424556
1.0,26,35.434969
1.0,35,35.448731
1.0,25,35.458864
1.0,12,35.463627
1.0,24,35.47322
0.0,4,35.474834
1.0,31,35.487403
0.0,6,35.489903
0.0,19,35.497653
1.0,31,35.510252
1.0,25,35.520257
0.0,9,35.524039
1.0,26,35.534473
1.0,29,35.546143
0.0,19,35.553896
1.0,11,35.558369
0.0,21,35.567044
0.0,4,35.568728
1.0,27,35.58008
1.0,11,35.584512
1.0,23,35.593812
1.0,33,35.606825
1.0,28,35.617935
1.0,11,35.622303
1.0,25,35.632465
1.0,31,35.644906
0.0,18,35.652158
1.0,16,35.6585
1.0,25,35.668385
1.0,30,35.680317
1.0,27,35.691145
0.0,7,35.694052
1.0,23,35.703276
0.0,4,35.704903
1.0,28,35.716243
1.0,14,35.721802
1.0,23,35.731206
1.0,34,35.744806
1.0,25,35.755129
1.0,13,35.7604
1.0,23,35.769714
1.0,33,35.782897
1.0,31,35.795514
1.0,11,35.799933
1.0,30,35.811958
1.0,37,35.826872
1.0,29,35.838767
1.0,11,35.843207
1.0,24,35.85293
0.0,6,35.855382
0.0,21,35.863864
1.0,12,35.868525
1.0,27,35.87933
1.0,33,35.892552
1.0,29,35.904376
1.0,13,35.90956
1.0,23,35.918934
1.0,33,35.93223
0.0,11,35.93665
1.0,13,35.941835
0.0,6,35.944252
1.0,34,35.957806
1.0,31,35.970512
1.0,18,35.977709
1.0,28,35.988869
0.0,17,35.995719
1.0,27,36.006505
1.0,11,36.010912
1.0,25,36.02078
1.0,36,36.035081
1.0,30,36.047223
1.0,13,36.052429
0.0,10,36.056496
1.0,29,36.068211
1.0,25,36.07834
1.0,14,36.083896
0.0,17,36.090695
1.0,34,36.104414
1.0,31,36.116861
1.0,15,36.122853
1.0,25,36.132711
1.0,36,36.146983
1.0,25,36.15712
1.0,14,36.162642
1.0,31,36.174949
1.0,31,36.187574
1.0,25,36.19787
1.0,11,36.202302
1.0,30,36.214282
1.0,33,36.227489
1.0,32,36.240372
0.0,7,36.24332
0.0,17,36.250317
1.0,35,36.264366
1.0,25,36.274772
0.0,2,36.275602
1.0,23,36.285113
1.0,31,36.297614
1.0,28,36.30891
1.0,11,36.313348
1.0,27,36.324092
1.0,29,36.335712
1.0,26,36.346233
1.0,11,36.350649
1.0,32,36.363491
1.0,36,36.377946
1.0,26,36.388411
1.0,15,36.394275
1.0,25,36.404403
1.0,33,36.417569
0.0,17,36.424572
1.0,13,36.429786
0.0,19,36.437541
0.0,2,36.438376
1.0,27,36.449222
1.0,11,36.453601
1.0,27,36.464487
1.0,31,36.476787
1.0,32,36.489727
0.0,4,36.491389
1.0,36,36.505631
1.0,30,36.517726
0.0,14,36.523277
1.0,12,36.528123
1.0,25,36.538092
1.0,36,36.552575
1.0,32,36.565505
1.0,11,36.570006
0.0,2,36.570823
1.0,36,36.585466
1.0,25,36.59567
0.0,4,36.597307
1.0,23,36.606579
1.0,37,36.621381
1.0,25,36.631521
1.0,11,36.635943
1.0,25,36.64593
1.0,32,36.65871
0.0,12,36.663567
0.0,7,36.666427
0.0,14,36.67204
1.0,31,36.684516
1.0,27,36.695489
1.0,12,36.700373
1.0,25,36.710357
1.0,29,36.722124
1.0,27,36.733033
1.0,13,36.738244
1.0,23,36.747464
1.0,29,36.759048
0.0,21,36.767567
1.0,11,36.772033
0.0,14,36.777594
1.0,33,36.79074
1.0,27,36.801696
1.0,12,36.806516
1.0,23,36.81569
1.0,39,36.831021
0.0,23,36.840272
0.0,4,36.841929
1.0,27,36.852603
1.0,31,36.864984
1.0,29,36.876722
1.0,13,36.882025
1.0,25,36.892138
1.0,34,36.90591
1.0,27,36.916813
1.0,15,36.92276
1.0,23,36.932048
1.0,30,36.944031
1.0,36,36.958366
1.0,11,36.96281
1.0,25,36.972945
0.0,2,36.973787
1.0,26,36.984322
1.0,12,36.989019
1.0,30,37.001028
1.0,35,37.015064
1.0,32,37.027807
1.0,11,37.03222
1.0,24,37.041856
1.0,31,37.054258
1.0,27,37.065288
1.0,11,37.069719
1.0,33,37.082652
1.0,36,37.096946
1.0,25,37.107128
1.0,11,37.111528
1.0,23,37.120728
1.0,36,37.135157
1.0,29,37.146719
1.0,11,37.151098
1.0,23,37.160193
1.0,35,37.174128
1.0,32,37.187218
1.0,15,37.193294
1.0,29,37.205049
0.0,21,37.213432
1.0,29,37.224962
1.0,11,37.229349
1.0,30,37.241309
0.0,2,37.242144
1.0,28,37.253522
1.0,12,37.258333
1.0,26,37.268741
1.0,34,37.282335
1.0,27,37.293262
1.0,11,37.297705
1.0,31,37.310113
0.0,23,37.319368
0.0,16,37.325931
1.0,13,37.33123
1.0,27,37.342108
1.0,31,37.354589
1.0,27,37.365406
1.0,11,37.369823
0.0,12,37.37471
0.0,4,37.376325
1.0,29,37.388131
1.0,12,37.392949
0.0,17,37.399779
0.0,17,37.406635
0.0,21,37.414855
1.0,12,37.419581
1.0,25,37.429592
1.0,31,37.442199
1.0,28,37.453603
1.0,11,37.458074
0.0,18,37.46545
1.0,32,37.478319
1.0,25,37.488458
1.0,11,37.493032
0.0,14,37.498682
1.0,29,37.510287
1.0,25,37.52051
1.0,15,37.52669
1.0,27,37.537737
1.0,37,37.552636
0.0,6,37.555209
1.0,11,37.559716
1.0,27,37.570663
1.0,29,37.582341
0.0,14,37.588011
1.0,11,37.592502
1.0,26,37.603162
0.0,23,37.612444
1.0,28,37.62382
1.0,12,37.628656
1.0,23,37.637868
1.0,31,37.650213
1.0,29,37.66184
1.0,15,37.667874
1.0,25,37.67781
1.0,30,37.689859
0.0,20,37.697934
1.0,17,37.704759
1.0,27,37.715524
1.0,33,37.728749
1.0,29,37.740525
1.0,13,37.74571
0.0,8,37.748971
1.0,32,37.761855
1.0,29,37.773138
1.0,11,37.777398
0.0,6,37.779756
1.0,32,37.791897
1.0,32,37.804213
1.0,13,37.809222
1.0,25,37.81864
1.0,33,37.83118
1.0,25,37.840766
1.0,11,37.844984
1.0,27,37.85535
0.0,29,37.866436
1.0,29,37.878004
1.0,12,37.882708
1.0,29,37.893762
1.0,36,37.907432
1.0,29,37.918633
1.0,11,37.922869
1.0,23,37.931679
1.0,32,37.944073
1.0,27,37.954583
1.0,13,37.959552
1.0,23,37.968314
1.0,29,37.97931
0.0,23,37.988031
1.0,11,37.992305
0.0,24,38.001694
0.0,11,38.005871
0.0,16,38.012016
1.0,11,38.016185
1.0,31,38.028093
1.0,32,38.040245
1.0,25,38.049917
1.0,15,38.055739
1.0,23,38.064654
1.0,35,38.078226
0.0,16,38.08448
1.0,11,38.088783
1.0,29,38.100335
1.0,35,38.113962
1.0,32,38.126393
1.0,13,38.131336
1.0,25,38.140942
1.0,29,38.152308
1.0,26,38.162545
0.0,4,38.164132
1.0,26,38.174203
1.0,29,38.185295
0.0,20,38.192952
0.0,10,38.196847
1.0,24,38.206114
1.0,32,38.218361
1.0,29,38.229635
1.0,11,38.2339
1.0,23,38.242867
1.0,31,38.254947
1.0,29,38.266605
1.0,11,38.271033
1.0,23,38.280074
1.0,34,38.29321
0.0,25,38.302849
1.0,13,38.307974
1.0,24,38.317253
1.0,35,38.330962
1.0,25,38.340787
1.0,11,38.345122
0.0,24,38.354658
1.0,33,38.367285
1.0,25,38.37705
1.0,11,38.381318
1.0,26,38.391433
1.0,33,38.404346
0.0,4,38.405969
1.0,13,38.41108
1.0,35,38.424621
1.0,32,38.437659
1.0,27,38.448438
1.0,12,38.453267
1.0,25,38.463141
1.0,29,38.474919
1.0,29,38.48685
1.0,13,38.492292
1.0,31,38.504744
1.0,35,38.519139
0.0,12,38.524165
1.0,11,38.528722
0.0,16,38.535239
1.0,33,38.548686
0.0,24,38.558542
1.0,13,38.563736
1.0,25,38.57392
1.0,31,38.58631
1.0,26,38.596859
1.0,11,38.601315
0.0,6,38.603816
0.0,13,38.608919
1.0,29,38.620725
0.0,6,38.62319
1.0,23,38.632453
0.0,27,38.643277
1.0,27,38.65419
1.0,13,38.659586
1.0,31,38.672087
0.0,6,38.674541
1.0,27,38.685505
0.0,4,38.687147
1.0,25,38.697095
0.0,9,38.700765
1.0,27,38.711661
1.0,12,38.716483
1.0,30,38.728473
0.0,21,38.737003
1.0,30,38.749107
1.0,15,38.755249
0.0,8,38.7585
1.0,32,38.771529
0.0,6,38.773991
0.0,9,38.777673
1.0,24,38.787413
0.0,6,38.78986
1.0,25,38.800006
1.0,13,38.805245
1.0,27,38.816123
0.0,24,38.825844
1.0,25,38.836089
1.0,11,38.840507
1.0,29,38.852065
1.0,31,38.864516
1.0,27,38.875499
1.0,11,38.879932
1.0,26,38.89044
0.0,17,38.897367
0.0,18,38.904572
1.0,12,38.909419
0.0,19,38.917228
0.0,14,38.923021
0.0,12,38.927932
1.0,11,38.932429
0.0,19,38.940246
1.0,31,38.952958
1.0,27,38.96427
1.0,11,38.968817
1.0,23,38.978046
1.0,32,38.990914
1.0,28,39.002372
0.0,11,39.006823
0.0,14,39.012471
1.0,33,39.025694
1.0,30,39.037741
1.0,13,39.043026
1.0,23,39.052408
0.0,22,39.061268
0.0,4,39.062914
1.0,15,39.06891
1.0,33,39.082023
0.0,33,39.095285
1.0,25,39.105473
1.0,11,39.109985
0.0,4,39.111625
1.0,33,39.124983
1.0,29,39.136725
1.0,14,39.142334
1.0,25,39.152336
0.0,25,39.162481
1.0,31,39.175182
1.0,12,39.180006
1.0,26,39.190312
1.0,31,39.202803
1.0,29,39.214559
1.0,13,39.219794
1.0,25,39.229644
0.0,19,39.237439
1.0,29,39.249221
1.0,11,39.25365
1.0,28,39.264886
1.0,29,39.276735
1.0,25,39.286942
1.0,14,39.292563
1.0,23,39.301817
1.0,29,39.313407
1.0,27,39.324282
1.0,11,39.328728
1.0,25,39.338807
0.0,6,39.341241
0.0,8,39.344493
1.0,13,39.349687
1.0,29,39.361213
1.0,29,39.372971
1.0,28,39.384216
1.0,11,39.388753
0.0,17,39.395495
0.0,25,39.40554
1.0,25,39.415697
1.0,15,39.421722
0.0,12,39.426641
1.0,32,39.43949
1.0,27,39.450438
1.0,14,39.456008
0.0,14,39.461587
1.0,32,39.474411
1.0,26,39.484753
1.0,12,39.4895
0.0,21,39.498103
0.0,8,39.501397
0.0,6,39.503837
0.0,4,39.505465
1.0,25,39.515571
1.0,38,39.530813
0.0,6,39.53324
0.0,4,39.534884
0.0,15,39.540917
1.0,35,39.555129
1.0,27,39.566397
1.0,15,39.572402
1.0,23,39.581577
1.0,32,39.594384
1.0,34,39.608106
0.0,11,39.612666
0.0,16,39.6191
1.0,35,39.633153
1.0,29,39.644813
1.0,13,39.65004
1.0,29,39.661666
1.0,29,39.673449
0.0,4,39.675079
1.0,11,39.679526
1.0,27,39.690424
1.0,32,39.703317
1.0,31,39.715712
1.0,13,39.720941
1.0,27,39.731793
1.0,30,39.743863
1.0,35,39.757913
1.0,13,39.763098
1.0,30,39.775244
1.0,31,39.787778
0.0,6,39.790231
1.0,11,39.794639
1.0,28,39.805924
0.0,27,39.816902
1.0,27,39.827773
1.0,11,39.832207
1.0,30,39.844016
1.0,30,39.856005
1.0,30,39.868177
1.0,13,39.87345
1.0,29,39.885163
0.0,19,39.892949
0.0,16,39.899478
1.0,11,39.903924
0.0,18,39.91117
1.0,38,39.926299
1.0,27,39.937297
1.0,13,39.942588
1.0,23,39.95191
1.0,35,39.966164
