# {"t_start": 1614834882.2969818, "env_id": "Office-v0"} 
r,l,t
0.0,58,0.021566
0.0,7,0.02386
0.0,11,0.027441
0.0,56,0.045425
0.0,42,0.059007
0.0,8,0.061568
0.0,24,0.069217
0.0,10,0.072595
0.0,57,0.090522
0.0,24,0.09813
0.0,121,0.136508
0.0,36,0.150832
0.0,67,0.172049
0.0,126,0.212169
0.0,41,0.225329
0.0,91,0.254527
0.0,20,0.260847
0.0,91,0.289563
0.0,13,0.2937
0.0,72,0.316287
0.0,33,0.326647
0.0,88,0.35467
0.0,135,0.397289
0.0,70,0.419376
1.0,85,0.446197
0.0,86,0.473189
1.0,114,0.509753
0.0,197,0.572636
0.0,45,0.58721
0.0,103,0.621322
0.0,47,0.636892
0.0,82,0.664134
1.0,66,0.686006
0.0,36,0.697805
1.0,508,0.857261
0.0,77,0.881704
1.0,149,0.928895
0.0,75,0.952614
1.0,340,1.060009
1.0,263,1.142971
1.0,67,1.164118
1.0,322,1.268886
0.0,116,1.307445
0.0,5,1.309165
1.0,59,1.328886
0.0,12,1.332885
0.0,9,1.336004
0.0,8,1.338614
0.0,22,1.3461
0.0,37,1.358661
0.0,23,1.366517
0.0,16,1.371877
1.0,47,1.387576
1.0,120,1.427854
0.0,47,1.443579
0.0,17,1.449291
1.0,50,1.465972
1.0,229,1.542823
0.0,7,1.545222
0.0,261,1.632259
1.0,32,1.642836
1.0,346,1.755125
0.0,242,1.831679
0.0,241,1.908652
1.0,26,1.917052
0.0,42,1.930628
1.0,267,2.016079
0.0,81,2.042331
1.0,27,2.051144
0.0,142,2.096911
1.0,251,2.179548
0.0,8,2.182233
1.0,58,2.201082
0.0,117,2.239227
1.0,300,2.336864
0.0,269,2.422993
0.0,63,2.443401
0.0,90,2.472409
0.0,166,2.525399
1.0,253,2.605583
0.0,17,2.611012
0.0,41,2.623995
0.0,12,2.627798
1.0,131,2.669303
1.0,41,2.682297
1.0,233,2.75645
0.0,260,2.839056
0.0,39,2.851418
1.0,26,2.85968
0.0,80,2.884948
0.0,70,2.907074
0.0,596,3.095522
1.0,42,3.108881
0.0,113,3.144741
0.0,91,3.173461
0.0,259,3.255863
1.0,25,3.263823
0.0,62,3.283411
0.0,35,3.294515
0.0,105,3.328078
1.0,28,3.337258
0.0,5,3.338863
0.0,9,3.341727
0.0,14,3.34618
1.0,13,3.35036
1.0,104,3.383389
0.0,37,3.395221
0.0,60,3.414517
1.0,11,3.418195
1.0,298,3.51625
0.0,11,3.520004
0.0,31,3.530049
1.0,11,3.533564
0.0,9,3.536435
1.0,156,3.586204
0.0,64,3.606464
1.0,13,3.610709
1.0,136,3.654079
0.0,72,3.677062
0.0,343,3.78584
1.0,11,3.789399
0.0,43,3.80305
1.0,222,3.873604
0.0,263,3.957861
1.0,12,3.961704
1.0,162,4.013257
0.0,181,4.070675
0.0,10,4.073915
1.0,15,4.078684
0.0,51,4.094882
0.0,55,4.112316
0.0,36,4.123798
1.0,13,4.127946
1.0,111,4.163848
0.0,235,4.239991
0.0,303,4.336544
1.0,12,4.340406
1.0,84,4.367902
1.0,112,4.403948
0.0,21,4.410619
1.0,11,4.414213
0.0,106,4.447671
0.0,47,4.462562
0.0,184,4.520442
1.0,13,4.524596
0.0,64,4.544782
0.0,140,4.589226
1.0,68,4.610846
1.0,11,4.614459
1.0,192,4.675075
1.0,89,4.70329
0.0,213,4.77307
1.0,13,4.77733
0.0,35,4.78849
0.0,33,4.798937
0.0,73,4.822021
1.0,13,4.826156
1.0,37,4.837882
1.0,59,4.856832
0.0,95,4.887088
1.0,11,4.890664
1.0,58,4.908978
1.0,62,4.928538
0.0,571,5.11
1.0,13,5.114285
1.0,74,5.137777
0.0,27,5.14643
0.0,4,5.147794
1.0,14,5.152375
0.0,38,5.164585
0.0,11,5.168164
0.0,167,5.221959
0.0,6,5.224024
1.0,43,5.238518
1.0,54,5.256598
0.0,47,5.27212
0.0,4,5.273433
0.0,76,5.29817
1.0,78,5.323697
0.0,807,5.585646
1.0,13,5.589916
1.0,49,5.605815
1.0,26,5.614249
0.0,35,5.625588
1.0,13,5.629803
1.0,57,5.648275
1.0,86,5.676054
0.0,35,5.687371
1.0,13,5.691607
1.0,122,5.730918
1.0,48,5.746414
0.0,470,5.898319
0.0,2,5.899014
1.0,102,5.932008
1.0,73,5.955704
1.0,59,5.974806
1.0,15,5.979721
1.0,44,5.994303
1.0,43,6.008257
0.0,75,6.032439
1.0,11,6.03602
1.0,35,6.047322
1.0,29,6.05673
1.0,55,6.074638
1.0,11,6.078263
1.0,92,6.108951
1.0,32,6.119527
0.0,63,6.139939
1.0,11,6.143514
1.0,37,6.155869
1.0,24,6.163915
0.0,71,6.187661
1.0,11,6.191415
0.0,34,6.202809
0.0,139,6.248007
0.0,100,6.280361
1.0,13,6.284616
1.0,40,6.297496
1.0,30,6.307103
0.0,265,6.392476
1.0,11,6.396173
0.0,4,6.397497
1.0,35,6.408751
0.0,234,6.484554
1.0,13,6.488708
0.0,4,6.489998
1.0,24,6.497728
1.0,47,6.512872
1.0,11,6.516405
0.0,54,6.533606
1.0,39,6.546117
0.0,422,6.680893
1.0,13,6.685185
1.0,27,6.693799
0.0,11,6.697426
0.0,26,6.705912
1.0,11,6.709575
1.0,23,6.71711
1.0,49,6.733045
1.0,33,6.743935
0.0,9,6.746833
1.0,25,6.755136
1.0,23,6.762889
0.0,615,6.969314
1.0,15,6.974381
1.0,26,6.983115
1.0,25,6.99151
0.0,215,7.063535
0.0,9,7.066587
1.0,25,7.07508
1.0,25,7.083465
0.0,836,7.363561
1.0,11,7.367283
1.0,25,7.375659
0.0,8,7.37836
0.0,11,7.382055
1.0,15,7.387097
1.0,35,7.398783
1.0,26,7.407501
1.0,57,7.426675
1.0,11,7.430379
1.0,29,7.440079
1.0,23,7.447771
0.0,30,7.457817
1.0,11,7.461516
1.0,26,7.470328
0.0,14,7.475023
1.0,47,7.490705
1.0,11,7.494399
0.0,23,7.502086
1.0,25,7.510417
0.0,15,7.515456
1.0,12,7.519533
1.0,24,7.527603
0.0,23,7.535272
0.0,93,7.566158
1.0,13,7.570522
0.0,6,7.572547
1.0,27,7.581675
1.0,48,7.597726
1.0,14,7.602423
1.0,28,7.611816
1.0,25,7.620297
1.0,32,7.631051
1.0,15,7.63616
1.0,26,7.644844
0.0,23,7.652529
1.0,25,7.660924
1.0,11,7.664637
1.0,23,7.672358
1.0,23,7.680055
0.0,2,7.680747
1.0,11,7.684442
1.0,23,7.69223
1.0,23,7.699936
0.0,345,7.815213
1.0,11,7.818941
1.0,28,7.828421
1.0,27,7.837457
1.0,27,7.846507
0.0,6,7.84855
1.0,23,7.856386
1.0,23,7.86406
0.0,291,7.961056
1.0,11,7.964777
1.0,28,7.974274
1.0,23,7.98201
1.0,32,7.992762
1.0,13,7.997144
1.0,25,8.005523
1.0,25,8.013891
1.0,27,8.02299
1.0,11,8.026784
1.0,26,8.035599
1.0,25,8.043989
1.0,29,8.053742
0.0,9,8.056785
1.0,23,8.064528
0.0,16,8.069907
0.0,24,8.077964
1.0,12,8.082121
1.0,23,8.089847
1.0,26,8.098567
0.0,23,8.106309
0.0,9,8.109346
1.0,27,8.118398
1.0,27,8.127448
1.0,33,8.138641
1.0,13,8.143021
1.0,33,8.156211
1.0,33,8.167313
0.0,21,8.174363
1.0,11,8.178091
1.0,27,8.187167
1.0,24,8.195297
0.0,19,8.20165
1.0,12,8.205677
0.0,16,8.211057
1.0,26,8.219745
1.0,29,8.229521
0.0,6,8.231626
1.0,27,8.240707
1.0,25,8.249142
0.0,79,8.275516
0.0,7,8.277883
1.0,27,8.286921
1.0,26,8.295599
1.0,29,8.305407
0.0,2,8.306098
1.0,25,8.314457
1.0,27,8.323466
1.0,29,8.333189
1.0,11,8.33689
1.0,25,8.345322
1.0,23,8.35299
1.0,26,8.361815
0.0,4,8.363172
0.0,6,8.365194
1.0,28,8.374516
0.0,29,8.384232
1.0,13,8.388586
1.0,25,8.396906
1.0,23,8.404601
1.0,34,8.416014
0.0,9,8.419081
1.0,25,8.427443
1.0,26,8.436244
0.0,16,8.441452
1.0,11,8.445052
1.0,25,8.453071
1.0,23,8.460441
0.0,19,8.466544
1.0,11,8.470164
1.0,23,8.477644
1.0,27,8.486255
1.0,27,8.495023
1.0,11,8.498527
1.0,25,8.506707
0.0,4,8.508001
1.0,26,8.516514
1.0,11,8.520157
1.0,25,8.52823
1.0,29,8.537591
0.0,7,8.539846
0.0,6,8.541786
0.0,6,8.543733
1.0,34,8.554739
1.0,30,8.564564
1.0,11,8.56816
1.0,29,8.577494
1.0,28,8.586776
1.0,25,8.594952
1.0,12,8.598908
0.0,4,8.600302
1.0,27,8.609389
1.0,27,8.618345
1.0,11,8.622029
1.0,24,8.630127
1.0,26,8.638673
1.0,27,8.64781
1.0,11,8.651397
1.0,23,8.658902
1.0,25,8.667182
1.0,26,8.675725
1.0,13,8.680104
1.0,23,8.687646
1.0,27,8.696438
0.0,8,8.69907
1.0,11,8.702727
1.0,23,8.710231
1.0,23,8.717718
1.0,35,8.729333
1.0,13,8.733621
1.0,27,8.742341
0.0,19,8.748728
1.0,27,8.757598
0.0,6,8.759529
1.0,29,8.768717
1.0,23,8.776088
1.0,28,8.785231
0.0,2,8.785892
1.0,25,8.794045
1.0,28,8.803133
0.0,16,8.808356
1.0,11,8.811947
0.0,19,8.818091
1.0,26,8.826436
1.0,39,8.839101
1.0,11,8.842702
1.0,23,8.850356
1.0,23,8.857903
1.0,32,8.869277
0.0,4,8.870706
1.0,25,8.879059
1.0,29,8.888797
1.0,28,8.898138
1.0,13,8.902523
0.0,12,8.906562
1.0,32,8.917333
1.0,27,8.926357
1.0,11,8.930051
1.0,25,8.93844
1.0,25,8.94673
1.0,29,8.956322
1.0,11,8.959984
1.0,24,8.96784
1.0,26,8.976335
0.0,8,8.97893
1.0,11,8.982542
1.0,25,8.990532
1.0,23,8.997907
0.0,13,9.002185
1.0,13,9.006339
1.0,24,9.014263
1.0,23,9.021828
1.0,27,9.030658
0.0,6,9.032742
1.0,29,9.042092
1.0,25,9.050328
1.0,29,9.059829
1.0,15,9.06465
0.0,19,9.070755
1.0,23,9.078141
1.0,29,9.087633
0.0,11,9.09124
1.0,26,9.099727
1.0,27,9.108531
1.0,27,9.117466
1.0,12,9.121452
0.0,20,9.127973
0.0,6,9.129913
1.0,47,9.145235
0.0,9,9.148217
0.0,8,9.15095
1.0,26,9.15949
0.0,25,9.167969
1.0,13,9.172426
0.0,15,9.177556
1.0,27,9.186735
1.0,25,9.195323
1.0,13,9.199795
1.0,26,9.208638
0.0,18,9.214833
1.0,28,9.224377
1.0,13,9.228819
1.0,29,9.238696
1.0,32,9.249368
1.0,26,9.257969
1.0,11,9.261522
1.0,28,9.270437
0.0,14,9.274969
0.0,6,9.276901
1.0,12,9.28074
0.0,17,9.28617
1.0,25,9.294342
1.0,28,9.303336
1.0,11,9.30687
1.0,23,9.314416
1.0,27,9.323182
1.0,29,9.332623
1.0,15,9.337574
1.0,25,9.345641
1.0,27,9.354263
0.0,4,9.355568
1.0,11,9.359126
1.0,23,9.366625
0.0,16,9.371826
1.0,31,9.381943
1.0,11,9.385483
1.0,26,9.393936
1.0,25,9.402105
0.0,14,9.406593
1.0,13,9.410881
1.0,28,9.420112
1.0,26,9.428544
1.0,25,9.436626
0.0,4,9.437916
1.0,23,9.44535
0.0,19,9.451614
1.0,28,9.460914
1.0,11,9.464536
1.0,25,9.472701
1.0,24,9.480488
1.0,27,9.489295
1.0,14,9.493829
0.0,8,9.49648
0.0,4,9.497757
1.0,32,9.508342
0.0,2,9.509006
1.0,28,9.5181
1.0,23,9.525767
0.0,19,9.532157
1.0,12,9.536048
1.0,24,9.543795
0.0,6,9.545731
1.0,34,9.556791
1.0,13,9.561083
1.0,23,9.568525
1.0,23,9.575977
1.0,27,9.584788
1.0,15,9.589708
0.0,8,9.592416
1.0,23,9.599758
1.0,29,9.609119
1.0,11,9.612674
1.0,29,9.622
1.0,23,9.629437
1.0,26,9.637833
1.0,13,9.642066
1.0,27,9.650827
0.0,19,9.656987
0.0,16,9.662354
1.0,12,9.666217
1.0,27,9.67487
1.0,29,9.684143
1.0,25,9.692243
1.0,11,9.695796
1.0,27,9.70455
1.0,25,9.71259
1.0,27,9.721381
1.0,12,9.725299
1.0,27,9.733927
1.0,25,9.742101
1.0,34,9.753348
0.0,9,9.7563
1.0,26,9.764814
1.0,23,9.772255
1.0,31,9.782283
1.0,14,9.7868
0.0,6,9.788741
1.0,33,9.799356
1.0,32,9.809875
1.0,11,9.813575
0.0,17,9.819428
1.0,27,9.828259
1.0,31,9.838396
1.0,11,9.842037
0.0,20,9.848711
1.0,25,9.857106
0.0,12,9.861032
1.0,15,9.86601
1.0,25,9.874299
1.0,23,9.881806
1.0,25,9.890288
0.0,4,9.891643
1.0,30,9.901393
1.0,25,9.909511
1.0,27,9.918288
1.0,14,9.922825
1.0,25,9.93137
1.0,29,9.941103
0.0,12,9.94515
1.0,11,9.948859
1.0,26,9.95757
1.0,27,9.966622
0.0,7,9.969084
1.0,11,9.972803
1.0,27,9.982048
0.0,20,9.988852
1.0,26,9.997802
1.0,11,10.001672
1.0,27,10.011122
1.0,27,10.020533
0.0,4,10.021896
1.0,11,10.025711
1.0,23,10.033571
1.0,25,10.042002
1.0,27,10.051123
1.0,13,10.055512
0.0,19,10.061918
1.0,23,10.069563
1.0,28,10.07861
1.0,11,10.082162
1.0,31,10.09203
0.0,12,10.095927
1.0,29,10.105201
1.0,15,10.110065
1.0,25,10.118066
1.0,28,10.127006
1.0,25,10.134918
1.0,12,10.138717
1.0,29,10.148048
1.0,25,10.156149
1.0,26,10.164534
1.0,16,10.16973
1.0,26,10.178053
1.0,25,10.18612
1.0,27,10.194752
1.0,13,10.199109
1.0,31,10.209093
1.0,25,10.217163
1.0,28,10.226088
1.0,11,10.229604
1.0,30,10.239166
1.0,23,10.246497
1.0,29,10.255738
1.0,11,10.259272
1.0,27,10.267981
1.0,25,10.276115
0.0,23,10.283442
0.0,6,10.28538
1.0,26,10.293861
1.0,23,10.301654
1.0,27,10.310802
1.0,12,10.314838
1.0,24,10.322938
0.0,12,10.326992
1.0,31,10.337359
1.0,13,10.341677
1.0,25,10.349794
1.0,24,10.357558
1.0,36,10.36926
1.0,12,10.373148
0.0,12,10.377245
1.0,26,10.38554
0.0,444,10.533959
1.0,13,10.538393
1.0,30,10.548521
1.0,23,10.556128
1.0,25,10.564206
1.0,11,10.567818
1.0,25,10.575898
1.0,29,10.585238
0.0,9,10.588113
0.0,8,10.590672
1.0,26,10.599089
0.0,21,10.605867
0.0,6,10.607877
1.0,12,10.611745
1.0,23,10.619194
1.0,25,10.627265
1.0,27,10.636209
1.0,14,10.640798
0.0,20,10.647257
1.0,24,10.655098
1.0,29,10.664514
1.0,11,10.668181
0.0,9,10.671075
1.0,25,10.679399
1.0,27,10.688377
1.0,11,10.691992
1.0,23,10.699515
1.0,29,10.709016
1.0,25,10.71733
1.0,11,10.720969
1.0,25,10.729133
1.0,30,10.738864
0.0,16,10.744165
1.0,11,10.747739
1.0,24,10.755654
1.0,23,10.763144
0.0,6,10.765132
1.0,11,10.76885
1.0,26,10.777367
0.0,10,10.780677
1.0,25,10.788864
1.0,11,10.792465
1.0,24,10.800256
1.0,25,10.808314
1.0,26,10.81675
1.0,13,10.820918
1.0,25,10.828994
1.0,25,10.837176
1.0,29,10.846607
1.0,15,10.851479
1.0,35,10.862686
1.0,27,10.871287
1.0,28,10.880357
1.0,11,10.884036
1.0,29,10.893334
0.0,21,10.900069
1.0,27,10.908809
1.0,11,10.912424
1.0,25,10.92061
0.0,6,10.92257
1.0,26,10.930993
1.0,11,10.934591
1.0,25,10.942884
0.0,15,10.947762
1.0,28,10.956964
1.0,16,10.96214
1.0,25,10.970289
1.0,25,10.978518
1.0,27,10.987456
1.0,13,10.991773
1.0,26,11.00038
1.0,31,11.01045
0.0,6,11.01249
1.0,12,11.016436
1.0,25,11.024525
1.0,27,11.033304
1.0,29,11.042659
1.0,14,11.047297
1.0,23,11.054711
0.0,4,11.056104
0.0,19,11.0622
1.0,12,11.066045
0.0,22,11.073229
0.0,16,11.078325
1.0,28,11.087396
1.0,12,11.091339
1.0,29,11.100556
1.0,24,11.108277
1.0,27,11.117127
1.0,13,11.121281
0.0,22,11.128391
1.0,27,11.13713
0.0,19,11.143305
1.0,11,11.146841
1.0,26,11.155299
0.0,19,11.161594
1.0,26,11.170004
1.0,11,11.173646
1.0,25,11.181777
0.0,8,11.184344
0.0,6,11.186272
1.0,11,11.189901
1.0,27,11.198653
1.0,25,11.206726
0.0,4,11.208105
1.0,11,11.211643
1.0,25,11.219691
1.0,29,11.229004
1.0,32,11.239389
1.0,12,11.243311
1.0,25,11.251296
1.0,33,11.2619
1.0,26,11.27034
1.0,13,11.274626
0.0,8,11.277219
1.0,26,11.285538
1.0,28,11.294745
1.0,13,11.298954
1.0,31,11.308865
1.0,28,11.318094
0.0,8,11.320835
1.0,11,11.324614
1.0,32,11.33533
1.0,23,11.343118
1.0,27,11.352285
1.0,11,11.356026
1.0,25,11.364384
1.0,25,11.372437
1.0,25,11.380548
1.0,11,11.384263
0.0,14,11.388704
1.0,27,11.397336
0.0,13,11.401548
1.0,12,11.405458
1.0,27,11.414098
1.0,27,11.422796
1.0,29,11.43223
1.0,15,11.436977
1.0,24,11.444821
1.0,23,11.452211
1.0,27,11.460895
1.0,11,11.464419
1.0,27,11.47311
0.0,19,11.47929
1.0,30,11.488992
1.0,11,11.492506
1.0,26,11.500981
1.0,23,11.508402
1.0,34,11.519389
1.0,13,11.523596
1.0,23,11.530986
0.0,14,11.535561
0.0,19,11.541634
1.0,13,11.545876
1.0,27,11.554544
0.0,12,11.55847
1.0,25,11.566502
1.0,11,11.570022
0.0,10,11.5733
0.0,14,11.577819
1.0,29,11.587128
1.0,13,11.591304
1.0,25,11.599389
1.0,25,11.607569
1.0,26,11.616101
1.0,11,11.619642
0.0,21,11.626387
1.0,26,11.634646
1.0,27,11.643364
1.0,11,11.646928
1.0,29,11.656212
1.0,27,11.664952
1.0,25,11.673176
1.0,11,11.676705
1.0,25,11.684941
1.0,24,11.692772
1.0,27,11.701575
1.0,12,11.70541
1.0,25,11.713532
1.0,25,11.721596
1.0,34,11.732482
1.0,13,11.736722
0.0,12,11.740533
1.0,25,11.748487
1.0,29,11.75795
1.0,11,11.761463
1.0,25,11.769479
0.0,18,11.77525
0.0,8,11.77785
1.0,11,11.781459
1.0,24,11.789312
1.0,25,11.797352
0.0,186,11.856985
1.0,11,11.860566
1.0,27,11.869319
1.0,23,11.876676
1.0,27,11.885512
1.0,19,11.891928
1.0,28,11.901279
1.0,30,11.911115
1.0,26,11.919562
1.0,11,11.923254
1.0,25,11.931371
1.0,28,11.940461
0.0,6,11.942378
1.0,13,11.946627
1.0,26,11.9551
1.0,27,11.963856
0.0,16,11.969017
1.0,11,11.972597
1.0,27,11.981346
1.0,27,11.990074
1.0,25,11.998231
1.0,14,12.002778
1.0,23,12.010326
1.0,24,12.018138
1.0,27,12.026888
1.0,11,12.030519
1.0,29,12.039967
1.0,26,12.048434
1.0,25,12.05661
1.0,20,12.063049
1.0,25,12.071204
0.0,17,12.076718
1.0,30,12.086391
1.0,14,12.090915
1.0,29,12.100548
0.0,4,12.101835
0.0,17,12.107303
1.0,15,12.112281
0.0,12,12.116195
1.0,25,12.124163
0.0,12,12.127971
1.0,12,12.131841
1.0,26,12.140214
1.0,24,12.147823
0.0,4,12.149129
1.0,13,12.153274
1.0,27,12.161946
1.0,23,12.16936
1.0,27,12.178019
1.0,17,12.183523
1.0,25,12.191558
1.0,23,12.19893
1.0,25,12.206879
1.0,11,12.210388
1.0,29,12.219581
0.0,4,12.220873
0.0,22,12.227937
1.0,11,12.231444
1.0,23,12.238776
1.0,27,12.247349
1.0,29,12.256536
1.0,11,12.26007
1.0,31,12.269873
1.0,27,12.278404
0.0,19,12.28454
1.0,11,12.288033
1.0,27,12.296576
0.0,20,12.302901
1.0,36,12.314452
1.0,11,12.317949
1.0,27,12.326474
1.0,27,12.335027
0.0,21,12.34185
1.0,18,12.3477
1.0,24,12.355489
1.0,32,12.365854
1.0,32,12.376358
1.0,13,12.380603
0.0,19,12.38673
1.0,23,12.394115
1.0,30,12.403608
1.0,12,12.407435
1.0,29,12.416633
1.0,25,12.424555
0.0,20,12.430934
1.0,12,12.434753
1.0,26,12.442985
1.0,23,12.450356
1.0,27,12.458997
1.0,11,12.462525
1.0,23,12.469811
1.0,26,12.478031
1.0,29,12.487249
1.0,13,12.491395
1.0,25,12.499295
1.0,28,12.508248
1.0,27,12.517084
0.0,7,12.519377
1.0,29,12.528622
1.0,23,12.535909
1.0,31,12.545743
1.0,11,12.549263
1.0,25,12.559376
1.0,25,12.567437
1.0,33,12.577935
1.0,13,12.582097
1.0,24,12.589728
1.0,23,12.597013
1.0,27,12.605623
1.0,13,12.609867
1.0,25,12.618035
1.0,26,12.626492
1.0,29,12.635995
1.0,11,12.639628
1.0,23,12.647202
0.0,18,12.653125
0.0,11,12.656736
1.0,11,12.660353
1.0,35,12.671793
1.0,27,12.680606
1.0,29,12.690041
1.0,13,12.694295
1.0,28,12.703319
1.0,26,12.711638
1.0,28,12.72077
1.0,13,12.72495
0.0,14,12.72951
1.0,25,12.737699
0.0,12,12.741719
1.0,11,12.74544
1.0,23,12.753137
1.0,26,12.761606
0.0,19,12.767819
0.0,4,12.769146
1.0,23,12.776671
0.0,21,12.783649
1.0,27,12.792349
1.0,11,12.795853
1.0,26,12.804084
1.0,27,12.812825
1.0,25,12.821069
1.0,11,12.824707
1.0,25,12.833196
0.0,12,12.837232
1.0,30,12.847462
1.0,17,12.853182
1.0,24,12.86127
1.0,23,12.868972
0.0,25,12.877372
1.0,13,12.881759
1.0,23,12.889519
1.0,23,12.897338
0.0,17,12.903015
1.0,11,12.906752
1.0,24,12.914831
1.0,25,12.923229
0.0,23,12.931016
1.0,13,12.935396
1.0,23,12.943148
0.0,16,12.948527
1.0,29,12.958264
1.0,11,12.961965
1.0,23,12.969682
0.0,6,12.971725
0.0,17,12.977441
1.0,12,12.981475
1.0,26,12.990171
0.0,22,12.997567
1.0,25,13.00595
1.0,11,13.009758
1.0,23,13.017658
1.0,23,13.025437
1.0,32,13.036192
0.0,2,13.036885
1.0,23,13.044598
1.0,28,13.053961
1.0,31,13.064362
1.0,16,13.069738
1.0,25,13.078105
0.0,8,13.080806
1.0,27,13.089919
1.0,11,13.093675
1.0,25,13.102169
1.0,30,13.112349
1.0,25,13.1209
1.0,11,13.124628
1.0,26,13.133464
1.0,27,13.142499
1.0,26,13.151249
1.0,11,13.155036
0.0,14,13.159779
1.0,27,13.168825
1.0,28,13.178348
1.0,11,13.18208
1.0,23,13.189803
1.0,28,13.199211
1.0,25,13.207625
0.0,4,13.208992
1.0,23,13.21671
1.0,23,13.224421
1.0,30,13.234591
1.0,11,13.238306
1.0,24,13.246368
0.0,14,13.251107
0.0,6,13.253131
1.0,12,13.257183
1.0,27,13.266259
1.0,25,13.274705
0.0,14,13.279446
1.0,11,13.283164
1.0,27,13.292317
1.0,27,13.301376
0.0,4,13.302737
1.0,12,13.306774
0.0,4,13.308126
1.0,23,13.315829
1.0,26,13.324585
1.0,13,13.328959
1.0,23,13.336787
1.0,23,13.34458
1.0,36,13.356736
1.0,15,13.361779
1.0,27,13.370812
1.0,23,13.37851
1.0,29,13.388336
1.0,11,13.39205
1.0,27,13.401222
1.0,29,13.410928
1.0,28,13.420311
1.0,12,13.424356
1.0,25,13.432734
1.0,24,13.440763
1.0,25,13.449165
1.0,11,13.452885
1.0,29,13.462672
1.0,23,13.470386
1.0,25,13.478816
1.0,13,13.483217
1.0,23,13.490913
1.0,23,13.4986
1.0,28,13.508059
1.0,14,13.51274
0.0,14,13.517432
1.0,31,13.527791
1.0,29,13.537631
1.0,13,13.542011
1.0,25,13.550535
1.0,24,13.558591
1.0,30,13.568756
1.0,18,13.574814
0.0,14,13.579533
1.0,25,13.587913
1.0,29,13.597644
1.0,12,13.601688
1.0,29,13.611614
1.0,24,13.619827
0.0,19,13.62633
1.0,11,13.630091
1.0,28,13.63951
1.0,23,13.647246
0.0,20,13.653971
1.0,13,13.658348
1.0,23,13.66608
1.0,25,13.674548
1.0,29,13.684335
1.0,11,13.688066
1.0,26,13.696801
0.0,4,13.698171
1.0,25,13.706584
1.0,14,13.71131
0.0,4,13.712675
1.0,27,13.721814
1.0,25,13.730205
1.0,13,13.734576
1.0,28,13.744169
1.0,23,13.751883
0.0,21,13.758956
1.0,11,13.762651
1.0,25,13.771016
0.0,17,13.77677
1.0,27,13.785886
1.0,11,13.7896
0.0,19,13.795971
1.0,26,13.804772
0.0,25,13.813248
1.0,11,13.81711
1.0,24,13.825278
1.0,30,13.835335
1.0,28,13.844722
1.0,11,13.84853
1.0,27,13.857576
1.0,25,13.865952
1.0,31,13.876367
0.0,2,13.877061
1.0,28,13.886466
0.0,12,13.890517
1.0,32,13.901306
1.0,17,13.907057
0.0,16,13.912494
1.0,27,13.921607
1.0,27,13.930748
0.0,2,13.931447
0.0,12,13.935479
1.0,33,13.946592
1.0,27,13.955663
0.0,6,13.957697
1.0,34,13.969157
0.0,4,13.970519
1.0,35,13.982247
1.0,14,13.986983
1.0,28,13.996375
0.0,19,14.002738
0.0,14,14.007432
1.0,11,14.011164
0.0,14,14.015869
1.0,27,14.024916
1.0,27,14.034021
1.0,11,14.037726
1.0,28,14.047099
1.0,25,14.055487
0.0,14,14.060192
1.0,11,14.063887
1.0,27,14.072929
1.0,25,14.081298
1.0,27,14.090361
1.0,12,14.094396
1.0,23,14.102115
0.0,18,14.108155
0.0,28,14.117543
1.0,11,14.12126
1.0,29,14.130974
1.0,26,14.139678
1.0,27,14.14882
1.0,13,14.153191
1.0,25,14.161572
1.0,29,14.171274
1.0,32,14.182032
0.0,7,14.184519
1.0,23,14.192248
1.0,28,14.201669
0.0,6,14.203711
1.0,13,14.208094
1.0,28,14.217488
1.0,31,14.227864
1.0,29,14.237612
1.0,16,14.242965
1.0,28,14.252334
1.0,33,14.26336
1.0,26,14.2721
1.0,11,14.2758
1.0,30,14.285986
1.0,25,14.294342
1.0,31,14.304818
1.0,13,14.309202
1.0,25,14.317691
1.0,29,14.327505
0.0,12,14.331597
1.0,11,14.335434
1.0,30,14.345448
1.0,28,14.354919
1.0,26,14.363665
1.0,11,14.367373
1.0,29,14.37708
0.0,19,14.383502
1.0,30,14.393576
1.0,13,14.397938
1.0,25,14.40631
1.0,23,14.414119
1.0,29,14.423826
1.0,11,14.427523
1.0,25,14.435848
1.0,23,14.44355
1.0,26,14.452272
1.0,13,14.456658
1.0,29,14.466327
1.0,30,14.476336
1.0,28,14.485733
1.0,12,14.489766
1.0,26,14.498465
1.0,23,14.506145
1.0,25,14.514523
1.0,12,14.51859
0.0,19,14.524976
1.0,27,14.534023
1.0,31,14.544431
1.0,11,14.548144
1.0,23,14.555918
1.0,28,14.565318
1.0,33,14.576567
1.0,11,14.580277
0.0,22,14.58762
1.0,37,14.599927
1.0,29,14.609672
1.0,11,14.613382
0.0,21,14.620447
0.0,4,14.621801
1.0,29,14.631547
1.0,11,14.635263
1.0,29,14.645029
1.0,26,14.653728
0.0,12,14.657761
0.0,12,14.661794
1.0,24,14.669825
0.0,12,14.673862
1.0,29,14.683616
1.0,13,14.688015
1.0,25,14.696399
1.0,23,14.704114
1.0,27,14.713215
1.0,11,14.716928
0.0,20,14.723644
1.0,23,14.731371
1.0,35,14.743194
1.0,17,14.748982
1.0,28,14.758361
0.0,8,14.761175
1.0,25,14.769557
1.0,11,14.77328
1.0,25,14.781684
1.0,24,14.7897
1.0,27,14.7988
1.0,11,14.802614
1.0,28,14.811989
1.0,25,14.820438
1.0,29,14.830253
1.0,11,14.833966
1.0,27,14.843002
1.0,27,14.852036
1.0,27,14.861104
1.0,11,14.864815
1.0,32,14.875523
1.0,34,14.886914
1.0,27,14.895989
1.0,12,14.900015
1.0,28,14.909402
1.0,26,14.918144
1.0,27,14.92744
1.0,11,14.931144
1.0,29,14.94083
1.0,23,14.948527
1.0,27,14.95786
1.0,11,14.961663
1.0,27,14.970951
1.0,25,14.979531
0.0,20,14.986372
1.0,13,14.990838
1.0,26,14.999797
1.0,24,15.008045
1.0,28,15.017654
1.0,13,15.022117
1.0,23,15.030028
1.0,26,15.03882
1.0,28,15.048404
1.0,13,15.052775
0.0,21,15.059806
1.0,32,15.070457
0.0,4,15.07182
1.0,11,15.07552
1.0,29,15.08528
0.0,14,15.089987
0.0,20,15.096661
1.0,11,15.10036
1.0,26,15.109069
1.0,25,15.117442
1.0,27,15.126509
1.0,13,15.130888
0.0,8,15.133575
1.0,25,15.14204
1.0,31,15.15241
1.0,11,15.156116
1.0,25,15.164493
1.0,24,15.172639
0.0,13,15.176986
1.0,17,15.182683
1.0,25,15.19106
1.0,26,15.199859
1.0,25,15.208221
1.0,11,15.211923
0.0,14,15.216634
0.0,19,15.222999
0.0,15,15.228041
1.0,12,15.232088
0.0,20,15.238793
1.0,25,15.247168
1.0,29,15.256916
1.0,11,15.260619
1.0,24,15.268659
1.0,33,15.279686
1.0,28,15.289096
1.0,13,15.293458
1.0,29,15.303113
1.0,26,15.3118
0.0,22,15.319158
1.0,13,15.323528
1.0,23,15.331321
1.0,27,15.340377
1.0,33,15.351442
1.0,11,15.355161
1.0,23,15.362986
1.0,25,15.371377
1.0,25,15.379945
1.0,11,15.383661
1.0,23,15.391379
1.0,33,15.402416
1.0,25,15.410789
0.0,11,15.414505
1.0,26,15.423321
1.0,24,15.431355
1.0,25,15.439741
1.0,11,15.44344
1.0,31,15.453811
1.0,27,15.462809
1.0,28,15.472291
1.0,13,15.47666
1.0,32,15.487355
0.0,6,15.489379
0.0,14,15.494071
1.0,11,15.497771
1.0,25,15.506151
1.0,27,15.515204
1.0,27,15.524405
1.0,13,15.528877
0.0,6,15.530901
1.0,27,15.539946
1.0,29,15.549637
0.0,7,15.552037
1.0,26,15.560906
1.0,23,15.568702
0.0,4,15.570057
1.0,11,15.573766
1.0,33,15.585017
0.0,23,15.592731
0.0,18,15.598792
0.0,2,15.599486
1.0,25,15.607931
1.0,25,15.616326
1.0,27,15.625367
1.0,12,15.629424
1.0,26,15.638164
1.0,25,15.646659
1.0,27,15.655736
1.0,13,15.66012
1.0,28,15.669501
1.0,26,15.678215
0.0,10,15.681583
1.0,11,15.685295
0.0,8,15.687998
1.0,31,15.698484
1.0,27,15.707592
1.0,11,15.711314
1.0,23,15.719042
0.0,4,15.720406
1.0,30,15.730447
1.0,15,15.735501
1.0,27,15.744526
1.0,23,15.752341
1.0,27,15.761454
0.0,6,15.763501
0.0,6,15.765527
1.0,28,15.77489
0.0,27,15.784038
1.0,12,15.78809
1.0,27,15.797184
1.0,27,15.806228
1.0,28,15.815731
1.0,11,15.819442
0.0,14,15.824149
0.0,14,15.828839
0.0,17,15.834564
0.0,7,15.836943
1.0,26,15.8457
0.0,16,15.851103
1.0,26,15.859846
1.0,11,15.863623
1.0,27,15.872787
1.0,23,15.880635
1.0,32,15.89149
1.0,15,15.896637
1.0,31,15.907408
1.0,26,15.916261
1.0,29,15.926164
1.0,12,15.930184
1.0,24,15.938118
1.0,25,15.946328
1.0,28,15.95559
0.0,9,15.958498
1.0,27,15.96725
1.0,23,15.974892
1.0,31,15.985173
1.0,11,15.98889
0.0,6,15.990913
1.0,25,15.999142
1.0,30,16.009322
1.0,11,16.013189
1.0,24,16.021389
1.0,23,16.029269
0.0,22,16.036689
1.0,11,16.040403
1.0,23,16.048226
1.0,25,16.056732
0.0,17,16.062498
1.0,11,16.066237
1.0,23,16.0739
1.0,23,16.081689
0.0,6,16.083693
1.0,11,16.087493
1.0,25,16.095993
1.0,25,16.104528
0.0,18,16.110667
1.0,11,16.114457
1.0,23,16.122321
0.0,4,16.123717
1.0,25,16.132178
1.0,11,16.135899
1.0,23,16.143716
1.0,26,16.152485
0.0,17,16.158179
1.0,13,16.162558
1.0,25,16.170952
0.0,8,16.17365
1.0,27,16.18271
0.0,2,16.183405
1.0,25,16.1919
1.0,25,16.200361
1.0,29,16.210069
1.0,14,16.21477
1.0,23,16.222481
1.0,25,16.230837
0.0,6,16.232871
1.0,12,16.236908
1.0,30,16.246948
1.0,25,16.255366
1.0,25,16.26388
1.0,11,16.267634
1.0,29,16.27734
1.0,29,16.287044
0.0,8,16.289736
1.0,13,16.294117
1.0,24,16.302144
1.0,23,16.30987
1.0,31,16.320395
1.0,11,16.324103
1.0,25,16.332459
1.0,27,16.341532
1.0,25,16.350026
1.0,13,16.354402
1.0,24,16.362533
1.0,24,16.370621
1.0,25,16.379102
1.0,13,16.383577
1.0,26,16.392118
0.0,21,16.39894
1.0,31,16.409041
1.0,12,16.412966
1.0,23,16.420466
0.0,14,16.425111
1.0,33,16.435802
1.0,11,16.439383
1.0,23,16.446879
1.0,25,16.455143
1.0,27,16.464173
1.0,11,16.467785
1.0,24,16.475687
1.0,25,16.484295
1.0,26,16.493194
1.0,11,16.496998
1.0,26,16.505869
1.0,23,16.5136
1.0,34,16.524992
0.0,6,16.52704
1.0,27,16.536178
1.0,26,16.544858
1.0,33,16.555939
1.0,12,16.559991
0.0,6,16.562007
1.0,26,16.570677
0.0,12,16.574714
1.0,12,16.578749
1.0,26,16.587482
1.0,25,16.59604
1.0,27,16.605159
1.0,14,16.609924
1.0,23,16.617763
1.0,25,16.626215
1.0,25,16.634706
1.0,15,16.639742
0.0,15,16.64478
1.0,32,16.655463
0.0,6,16.65752
1.0,11,16.661239
0.0,4,16.66262
0.0,12,16.666527
1.0,25,16.674809
1.0,12,16.678716
1.0,24,16.686601
1.0,25,16.694697
1.0,29,16.704711
1.0,13,16.709087
1.0,23,16.716889
1.0,24,16.725109
1.0,27,16.734195
1.0,11,16.737821
1.0,25,16.745921
0.0,4,16.747254
0.0,14,16.751824
0.0,8,16.754406
1.0,28,16.763479
1.0,31,16.773382
1.0,30,16.783294
1.0,13,16.787624
1.0,25,16.795765
0.0,6,16.7977
1.0,31,16.808024
1.0,12,16.811872
1.0,23,16.819397
1.0,27,16.828264
1.0,26,16.836843
1.0,11,16.840492
1.0,31,16.850454
1.0,25,16.858413
1.0,29,16.86772
1.0,13,16.872061
1.0,23,16.879413
1.0,28,16.888323
1.0,31,16.898377
0.0,6,16.90039
1.0,28,16.909631
1.0,25,16.91762
1.0,25,16.925736
1.0,11,16.929342
1.0,23,16.936808
1.0,29,16.946203
1.0,27,16.954967
0.0,9,16.957855
1.0,26,16.966145
0.0,4,16.96745
1.0,26,16.97574
1.0,13,16.979912
1.0,25,16.987977
1.0,30,16.99756
0.0,14,17.002075
0.0,4,17.003426
0.0,6,17.005479
1.0,23,17.012851
1.0,28,17.021945
1.0,11,17.025616
1.0,25,17.03362
1.0,34,17.044511
0.0,6,17.046442
1.0,11,17.049978
1.0,23,17.057333
1.0,26,17.06569
1.0,27,17.074378
1.0,11,17.077918
0.0,8,17.080495
1.0,28,17.089513
1.0,27,17.098245
1.0,13,17.102432
1.0,25,17.110473
1.0,25,17.118515
1.0,28,17.127584
1.0,11,17.131228
1.0,25,17.139292
1.0,25,17.147319
1.0,29,17.156646
1.0,12,17.160513
1.0,31,17.170406
1.0,27,17.179023
1.0,28,17.187977
1.0,14,17.192453
1.0,26,17.200702
0.0,6,17.202632
1.0,25,17.210817
1.0,11,17.214341
1.0,25,17.222351
0.0,19,17.228631
1.0,25,17.236811
1.0,11,17.240447
1.0,26,17.248977
1.0,23,17.256542
0.0,6,17.258503
1.0,11,17.262206
1.0,23,17.26981
1.0,23,17.277397
0.0,12,17.281376
1.0,13,17.285682
1.0,25,17.293957
1.0,27,17.302938
0.0,6,17.304998
1.0,14,17.309657
1.0,23,17.317558
1.0,27,17.326936
1.0,27,17.336237
1.0,13,17.340698
1.0,25,17.349138
1.0,25,17.357591
1.0,26,17.366452
1.0,12,17.370528
1.0,23,17.378437
1.0,23,17.386265
0.0,18,17.392387
1.0,13,17.396821
1.0,29,17.406753
1.0,25,17.41537
0.0,17,17.421195
1.0,13,17.425508
1.0,23,17.43305
0.0,17,17.438434
0.0,16,17.443634
0.0,6,17.445557
1.0,29,17.454973
0.0,10,17.458187
0.0,6,17.460214
1.0,13,17.464371
1.0,31,17.474368
0.0,19,17.48062
1.0,27,17.489429
1.0,14,17.493909
1.0,28,17.502992
0.0,12,17.506971
1.0,27,17.515816
0.0,12,17.519757
1.0,25,17.528035
1.0,24,17.535941
1.0,25,17.544228
1.0,11,17.547872
1.0,27,17.556657
1.0,29,17.566059
1.0,29,17.575619
1.0,11,17.579206
1.0,25,17.587323
0.0,18,17.593157
1.0,29,17.602654
1.0,12,17.606635
1.0,26,17.615119
1.0,25,17.623326
1.0,25,17.631433
1.0,15,17.636321
1.0,23,17.643851
1.0,26,17.652254
1.0,25,17.660495
1.0,11,17.664063
0.0,6,17.665991
1.0,28,17.675083
1.0,25,17.683205
0.0,4,17.684566
1.0,26,17.692963
1.0,25,17.701058
1.0,27,17.709867
1.0,13,17.714138
0.0,5,17.715812
1.0,23,17.723261
1.0,28,17.732341
1.0,12,17.736403
1.0,27,17.745213
1.0,29,17.754611
1.0,27,17.763429
1.0,11,17.76706
1.0,31,17.777093
1.0,25,17.785224
1.0,28,17.79435
1.0,13,17.798819
1.0,31,17.808786
1.0,24,17.816552
1.0,33,17.827459
1.0,11,17.831053
1.0,25,17.83917
0.0,14,17.843705
1.0,31,17.853731
1.0,11,17.85727
1.0,23,17.86469
0.0,6,17.866624
1.0,25,17.874724
1.0,12,17.87867
1.0,25,17.886744
1.0,29,17.896139
1.0,29,17.905526
1.0,11,17.909138
1.0,23,17.916571
1.0,25,17.924618
1.0,31,17.934563
1.0,11,17.938196
1.0,23,17.945616
1.0,23,17.953046
1.0,31,17.963043
1.0,11,17.966586
1.0,23,17.974066
1.0,25,17.98215
1.0,28,17.991274
1.0,11,17.994951
1.0,25,18.003159
1.0,24,18.011071
1.0,25,18.019343
0.0,8,18.021996
1.0,32,18.032559
1.0,29,18.041982
1.0,27,18.050827
1.0,15,18.055813
1.0,24,18.06384
1.0,23,18.071315
0.0,16,18.076605
1.0,13,18.080853
1.0,27,18.089674
1.0,23,18.097281
1.0,29,18.106771
0.0,2,18.107491
1.0,23,18.114984
1.0,31,18.125104
1.0,28,18.134246
1.0,13,18.138524
1.0,27,18.147348
1.0,23,18.154904
0.0,22,18.162235
1.0,11,18.165859
1.0,23,18.173324
1.0,24,18.181072
1.0,33,18.191713
1.0,11,18.195302
1.0,23,18.202719
1.0,25,18.210912
1.0,32,18.221356
1.0,11,18.225004
1.0,29,18.234452
0.0,18,18.24036
1.0,25,18.248496
1.0,12,18.252399
1.0,31,18.262415
1.0,26,18.270766
0.0,25,18.281008
1.0,14,18.285593
1.0,25,18.293649
1.0,29,18.30304
1.0,31,18.313131
1.0,12,18.317002
1.0,27,18.325718
0.0,19,18.332002
0.0,4,18.333323
1.0,11,18.336969
1.0,23,18.344535
1.0,27,18.353388
1.0,31,18.363669
1.0,14,18.368337
0.0,4,18.369635
1.0,24,18.377545
1.0,25,18.385815
0.0,2,18.386485
1.0,29,18.396088
1.0,30,18.405825
1.0,25,18.41405
0.0,6,18.416063
0.0,6,18.418024
1.0,26,18.4265
1.0,27,18.43541
1.0,11,18.439045
1.0,29,18.448447
0.0,12,18.45239
1.0,28,18.461428
1.0,11,18.464978
1.0,28,18.473975
1.0,35,18.485292
0.0,24,18.493068
1.0,14,18.497618
0.0,8,18.500176
0.0,14,18.50475
1.0,27,18.513483
1.0,11,18.517023
1.0,29,18.526391
1.0,23,18.533855
1.0,31,18.543918
1.0,11,18.547509
0.0,12,18.551436
1.0,27,18.560178
1.0,32,18.570565
1.0,11,18.574212
1.0,23,18.581659
1.0,24,18.589401
1.0,35,18.600775
1.0,13,18.605031
1.0,28,18.614166
0.0,4,18.615462
1.0,30,18.625139
1.0,11,18.628801
1.0,33,18.639495
1.0,23,18.646914
1.0,34,18.65796
1.0,11,18.661518
1.0,25,18.669692
0.0,16,18.67497
1.0,33,18.685822
1.0,11,18.689414
1.0,24,18.697214
1.0,24,18.705024
1.0,31,18.715128
1.0,11,18.718747
1.0,28,18.727804
1.0,27,18.736514
1.0,33,18.747132
1.0,11,18.750712
1.0,30,18.760488
1.0,24,18.768325
1.0,29,18.777769
1.0,11,18.781407
0.0,23,18.788783
1.0,25,18.796838
1.0,27,18.805567
1.0,11,18.80913
0.0,4,18.810439
0.0,6,18.812485
1.0,26,18.820908
1.0,13,18.825092
1.0,27,18.83388
0.0,14,18.83847
1.0,26,18.847017
1.0,12,18.850985
0.0,16,18.856304
1.0,23,18.863825
0.0,14,18.868456
1.0,11,18.872063
1.0,23,18.879553
1.0,23,18.88708
1.0,25,18.89538
1.0,11,18.898988
1.0,26,18.907483
0.0,4,18.908837
1.0,27,18.917655
1.0,13,18.921901
0.0,21,18.928782
0.0,14,18.933348
0.0,16,18.938559
1.0,11,18.942179
1.0,27,18.951075
0.0,7,18.953391
1.0,27,18.962193
1.0,11,18.965817
1.0,27,18.974506
1.0,23,18.981936
1.0,27,18.990745
0.0,9,18.99367
0.0,23,19.001259
1.0,25,19.009379
1.0,29,19.018801
1.0,11,19.022424
1.0,24,19.030261
1.0,23,19.037788
1.0,26,19.046333
1.0,13,19.050492
0.0,17,19.056089
0.0,14,19.060672
0.0,16,19.065761
1.0,11,19.069372
1.0,29,19.078691
1.0,29,19.088027
1.0,25,19.0962
1.0,11,19.099717
1.0,25,19.107755
1.0,23,19.115215
1.0,27,19.123935
1.0,11,19.127525
1.0,24,19.135302
1.0,27,19.144185
1.0,27,19.152921
0.0,6,19.15486
1.0,23,19.162278
1.0,26,19.170738
0.0,9,19.173719
0.0,9,19.176727
1.0,25,19.184792
0.0,4,19.186087
0.0,4,19.187414
1.0,14,19.192022
1.0,28,19.201089
0.0,14,19.205565
1.0,27,19.214275
1.0,14,19.218867
1.0,27,19.227679
1.0,28,19.23678
0.0,19,19.243012
1.0,11,19.246635
0.0,12,19.250707
1.0,25,19.258808
1.0,26,19.267337
1.0,11,19.270958
1.0,23,19.278466
1.0,26,19.287323
1.0,25,19.295479
1.0,12,19.299341
0.0,8,19.301889
1.0,30,19.311784
0.0,22,19.319026
1.0,11,19.322637
1.0,25,19.330849
1.0,28,19.340083
1.0,29,19.349509
1.0,15,19.354393
0.0,4,19.355753
1.0,27,19.364549
1.0,34,19.375602
1.0,11,19.379194
1.0,25,19.387311
1.0,23,19.394728
1.0,34,19.405739
1.0,11,19.409396
1.0,26,19.417775
1.0,27,19.42645
1.0,29,19.43593
1.0,11,19.439486
1.0,25,19.447601
1.0,26,19.456118
0.0,6,19.458061
1.0,12,19.462094
1.0,23,19.469553
1.0,28,19.478561
0.0,19,19.484756
1.0,17,19.49027
1.0,23,19.497717
1.0,23,19.505188
0.0,4,19.506485
0.0,4,19.50778
1.0,25,19.515859
1.0,23,19.52328
0.0,14,19.527819
1.0,13,19.532009
1.0,25,19.540061
1.0,23,19.547555
1.0,31,19.557568
1.0,12,19.561497
0.0,16,19.566703
1.0,30,19.576374
0.0,19,19.582433
1.0,13,19.586692
1.0,24,19.594426
1.0,29,19.60374
1.0,30,19.613485
1.0,11,19.617122
0.0,14,19.621688
1.0,23,19.629102
1.0,25,19.637179
1.0,11,19.640703
1.0,25,19.648767
1.0,27,19.657826
0.0,6,19.659829
1.0,15,19.664747
1.0,26,19.673175
1.0,23,19.680597
1.0,27,19.689318
1.0,11,19.692842
1.0,27,19.701539
1.0,29,19.710965
1.0,25,19.719023
1.0,11,19.722543
1.0,27,19.731314
1.0,23,19.738709
1.0,29,19.748117
1.0,12,19.75207
0.0,14,19.75663
1.0,31,19.76655
1.0,31,19.776677
0.0,2,19.777339
1.0,30,19.786964
1.0,23,19.79438
0.0,14,19.79892
1.0,11,19.802444
0.0,8,19.805014
1.0,26,19.813328
1.0,27,19.822079
1.0,15,19.826993
1.0,30,19.836838
1.0,25,19.845014
0.0,16,19.85023
1.0,11,19.853862
1.0,25,19.862115
0.0,16,19.867378
1.0,34,19.878477
1.0,11,19.882105
0.0,4,19.883397
1.0,25,19.891341
1.0,28,19.900357
1.0,15,19.905175
1.0,27,19.91385
1.0,23,19.921191
1.0,29,19.930467
1.0,13,19.934632
0.0,18,19.940367
1.0,25,19.948315
1.0,27,19.956995
1.0,13,19.961155
0.0,6,19.963086
0.0,19,19.969114
0.0,14,19.973584
1.0,12,19.977523
1.0,25,19.985576
1.0,23,19.992976
0.0,18,19.9987
0.0,2,19.999408
1.0,30,20.009066
1.0,24,20.0169
1.0,27,20.025848
1.0,15,20.030743
0.0,21,20.03768
1.0,30,20.047755
1.0,27,20.056867
1.0,13,20.061441
1.0,27,20.070527
1.0,26,20.079078
1.0,31,20.089349
0.0,6,20.091469
0.0,4,20.092957
0.0,19,20.099961
1.0,30,20.110851
0.0,2,20.111634
1.0,23,20.119665
0.0,12,20.123958
1.0,37,20.136879
1.0,11,20.140749
1.0,23,20.148716
1.0,25,20.157387
1.0,30,20.167938
1.0,11,20.171776
1.0,24,20.180156
0.0,9,20.183236
1.0,34,20.194982
1.0,12,20.199295
1.0,23,20.207415
1.0,25,20.216367
1.0,28,20.226299
0.0,6,20.228488
1.0,23,20.236579
1.0,26,20.245883
0.0,19,20.252689
1.0,12,20.257034
1.0,23,20.265256
1.0,23,20.27335
1.0,26,20.282647
1.0,12,20.286971
1.0,29,20.297351
1.0,26,20.306664
1.0,29,20.316905
1.0,13,20.32159
1.0,31,20.332717
1.0,26,20.341986
1.0,35,20.354269
1.0,11,20.35826
1.0,29,20.368517
0.0,17,20.374478
0.0,8,20.377395
1.0,11,20.381372
1.0,27,20.390925
1.0,23,20.398903
1.0,27,20.408491
1.0,17,20.414628
1.0,23,20.422926
1.0,27,20.432478
0.0,22,20.440321
0.0,2,20.441014
1.0,23,20.449022
1.0,26,20.458327
1.0,29,20.468689
1.0,11,20.472648
1.0,24,20.481112
1.0,25,20.489923
1.0,32,20.500787
1.0,11,20.504561
1.0,27,20.513894
1.0,23,20.521729
1.0,25,20.530281
1.0,13,20.534738
1.0,23,20.542558
1.0,29,20.552426
1.0,26,20.561426
1.0,13,20.566066
1.0,23,20.574083
0.0,8,20.576927
1.0,26,20.586011
1.0,11,20.589875
0.0,12,20.594067
1.0,24,20.602478
1.0,29,20.612912
1.0,13,20.617593
1.0,27,20.627029
1.0,31,20.637703
1.0,28,20.647397
1.0,12,20.651462
1.0,23,20.659562
0.0,4,20.660988
1.0,29,20.671279
1.0,14,20.676147
1.0,25,20.684954
0.0,6,20.687113
1.0,26,20.696403
1.0,12,20.700715
1.0,25,20.709615
1.0,26,20.718853
0.0,18,20.725283
1.0,16,20.730977
0.0,17,20.737022
1.0,25,20.745498
1.0,29,20.755738
1.0,13,20.760427
1.0,24,20.768657
1.0,25,20.777485
1.0,25,20.786441
1.0,11,20.790398
0.0,15,20.795754
0.0,16,20.801465
1.0,25,20.810433
0.0,4,20.811914
1.0,23,20.820196
1.0,24,20.828522
1.0,25,20.83718
0.0,2,20.83792
1.0,25,20.846895
1.0,25,20.855872
1.0,29,20.866297
1.0,11,20.87024
0.0,19,20.877092
1.0,25,20.885967
0.0,14,20.890797
0.0,9,20.894082
1.0,28,20.903774
0.0,19,20.910439
1.0,29,20.920447
1.0,11,20.924404
1.0,26,20.9334
1.0,25,20.942014
1.0,32,20.952928
1.0,14,20.957658
1.0,27,20.96688
1.0,27,20.976432
1.0,27,20.985789
1.0,13,20.99033
0.0,16,20.996002
0.0,18,21.002316
1.0,28,21.012293
1.0,13,21.016935
1.0,23,21.025093
1.0,25,21.033943
1.0,29,21.04424
1.0,14,21.048973
1.0,25,21.057494
1.0,25,21.066048
1.0,26,21.075025
1.0,13,21.079504
1.0,28,21.089618
1.0,23,21.097787
1.0,28,21.107874
1.0,12,21.112196
1.0,23,21.120293
1.0,24,21.128567
1.0,29,21.138476
1.0,13,21.1429
1.0,23,21.151027
1.0,29,21.161366
1.0,27,21.170898
1.0,15,21.17627
1.0,23,21.184551
0.0,16,21.1903
1.0,25,21.199214
0.0,2,21.199957
1.0,23,21.208093
1.0,29,21.218053
0.0,8,21.220926
1.0,11,21.224865
1.0,23,21.232989
1.0,25,21.241836
1.0,30,21.252627
0.0,9,21.255897
0.0,4,21.257295
1.0,28,21.266817
1.0,33,21.278498
1.0,11,21.282462
1.0,29,21.292756
1.0,23,21.3009
1.0,29,21.311107
1.0,12,21.315419
1.0,28,21.325382
1.0,27,21.335087
1.0,32,21.346535
1.0,15,21.351958
1.0,24,21.360292
1.0,31,21.371449
0.0,14,21.376524
1.0,11,21.380497
1.0,29,21.3908
1.0,24,21.399412
1.0,26,21.408648
1.0,11,21.412627
1.0,27,21.422228
1.0,34,21.434467
0.0,16,21.44028
1.0,11,21.444176
1.0,23,21.452306
1.0,23,21.460547
1.0,28,21.470608
1.0,11,21.474592
1.0,27,21.484257
0.0,17,21.490369
1.0,25,21.499365
1.0,11,21.503359
1.0,31,21.514462
1.0,27,21.524178
0.0,13,21.528885
1.0,17,21.535032
1.0,24,21.543543
1.0,25,21.552195
1.0,28,21.56198
1.0,12,21.566323
1.0,26,21.575702
1.0,23,21.583999
0.0,13,21.588712
1.0,20,21.59588
1.0,25,21.604764
1.0,25,21.613742
1.0,27,21.623257
1.0,11,21.627192
1.0,23,21.635439
1.0,25,21.644389
1.0,25,21.653112
1.0,11,21.656977
1.0,24,21.665298
0.0,6,21.667413
1.0,25,21.675997
1.0,11,21.679849
1.0,27,21.689353
1.0,30,21.700003
1.0,29,21.710365
1.0,11,21.714324
0.0,14,21.719338
1.0,29,21.729669
1.0,29,21.740025
1.0,11,21.743999
1.0,23,21.752217
1.0,25,21.761163
0.0,4,21.762609
0.0,9,21.765854
1.0,23,21.774064
0.0,18,21.780486
1.0,30,21.791191
1.0,11,21.795161
1.0,31,21.806253
1.0,25,21.815263
1.0,30,21.82607
1.0,13,21.830781
1.0,27,21.840507
1.0,28,21.850307
1.0,30,21.861118
1.0,11,21.865111
1.0,25,21.87406
1.0,26,21.883372
0.0,24,21.891958
1.0,11,21.895777
1.0,31,21.906904
1.0,25,21.915878
1.0,28,21.925788
1.0,11,21.929769
1.0,24,21.938231
0.0,19,21.944966
0.0,9,21.948242
1.0,11,21.952081
0.0,8,21.954878
1.0,23,21.962806
1.0,27,21.972471
1.0,18,21.978521
1.0,25,21.987286
1.0,29,21.997622
1.0,28,22.007512
1.0,12,22.011722
1.0,28,22.021679
1.0,31,22.032733
1.0,30,22.04338
1.0,11,22.047361
1.0,28,22.057317
1.0,24,22.065877
0.0,6,22.068045
0.0,7,22.07057
1.0,25,22.079501
1.0,23,22.087735
1.0,32,22.099161
1.0,11,22.103126
0.0,18,22.109548
1.0,25,22.118463
1.0,26,22.127802
1.0,11,22.131755
1.0,27,22.141404
0.0,4,22.142858
1.0,26,22.152
1.0,11,22.155958
1.0,32,22.166863
1.0,23,22.174725
0.0,20,22.181571
0.0,4,22.182982
1.0,23,22.190857
1.0,26,22.199889
1.0,29,22.2103
1.0,13,22.214986
0.0,19,22.22157
1.0,23,22.229494
0.0,17,22.235408
1.0,12,22.239576
1.0,26,22.248843
1.0,25,22.257656
1.0,25,22.266381
1.0,12,22.2705
1.0,32,22.281927
1.0,23,22.290078
1.0,27,22.299219
1.0,15,22.30444
0.0,8,22.307202
1.0,28,22.316793
1.0,31,22.327284
1.0,13,22.331749
1.0,27,22.34091
1.0,27,22.350093
0.0,21,22.357481
1.0,11,22.361378
1.0,29,22.371387
0.0,14,22.376285
1.0,27,22.385866
1.0,11,22.38982
0.0,4,22.391293
1.0,25,22.400226
1.0,25,22.408886
1.0,13,22.413549
1.0,27,22.423145
1.0,23,22.431314
1.0,25,22.439976
1.0,11,22.443805
1.0,25,22.452447
1.0,25,22.461119
1.0,29,22.471144
1.0,13,22.475683
0.0,16,22.481242
0.0,14,22.485945
0.0,17,22.491786
1.0,12,22.495844
1.0,25,22.504272
1.0,29,22.514154
1.0,26,22.523094
1.0,11,22.526962
0.0,11,22.530797
1.0,23,22.538669
1.0,26,22.547449
1.0,11,22.5512
1.0,26,22.55996
1.0,23,22.567697
0.0,8,22.570403
1.0,11,22.574128
0.0,19,22.580644
1.0,23,22.5885
1.0,25,22.596982
1.0,11,22.600722
1.0,25,22.609156
1.0,23,22.616894
1.0,29,22.626681
1.0,11,22.63044
1.0,26,22.639169
1.0,27,22.648334
1.0,27,22.657443
1.0,11,22.661194
0.0,25,22.669599
1.0,23,22.677348
1.0,25,22.685833
1.0,14,22.690565
1.0,23,22.698439
1.0,25,22.706858
1.0,28,22.716396
1.0,18,22.722459
1.0,30,22.732525
0.0,8,22.735232
1.0,25,22.743685
1.0,11,22.747412
1.0,31,22.757957
1.0,25,22.766447
1.0,26,22.775226
1.0,11,22.77896
1.0,25,22.787376
1.0,23,22.795116
1.0,25,22.803535
1.0,13,22.807921
1.0,29,22.817649
0.0,16,22.82306
1.0,25,22.831331
1.0,11,22.834961
1.0,27,22.843975
1.0,23,22.851415
1.0,35,22.862679
1.0,11,22.866316
1.0,25,22.874443
1.0,30,22.88422
1.0,29,22.893648
1.0,15,22.898565
1.0,25,22.906727
1.0,25,22.914934
1.0,25,22.923535
1.0,14,22.928269
1.0,25,22.936578
1.0,25,22.94498
0.0,8,22.947741
0.0,6,22.94976
1.0,26,22.958282
1.0,32,22.968641
1.0,32,22.979218
1.0,11,22.98284
1.0,23,22.990345
1.0,27,22.999113
1.0,33,23.009912
0.0,10,23.013296
1.0,23,23.020856
1.0,26,23.029341
1.0,27,23.038184
1.0,11,23.04189
1.0,24,23.049741
1.0,25,23.057795
1.0,25,23.065924
1.0,12,23.069765
1.0,29,23.079159
1.0,23,23.086593
1.0,29,23.096198
1.0,14,23.100698
0.0,16,23.105916
1.0,23,23.113512
1.0,31,23.12364
1.0,15,23.12866
1.0,28,23.137721
1.0,23,23.145276
0.0,6,23.147251
1.0,11,23.150872
1.0,23,23.158322
1.0,29,23.167711
1.0,26,23.176221
1.0,13,23.180541
1.0,24,23.188391
1.0,27,23.197125
0.0,4,23.198424
1.0,12,23.202399
1.0,28,23.211621
1.0,25,23.219715
1.0,29,23.22915
1.0,13,23.233456
1.0,27,23.242237
1.0,28,23.251309
1.0,28,23.260576
0.0,4,23.261962
0.0,16,23.267376
1.0,23,23.274956
1.0,25,23.283358
0.0,9,23.286348
1.0,25,23.294639
1.0,25,23.30297
1.0,26,23.311436
1.0,13,23.315735
1.0,25,23.323854
1.0,27,23.332679
1.0,27,23.341526
1.0,11,23.345282
0.0,18,23.35119
0.0,6,23.353176
1.0,29,23.362625
1.0,11,23.366262
1.0,31,23.376741
1.0,25,23.385048
0.0,17,23.390672
1.0,15,23.395646
1.0,24,23.403617
1.0,27,23.412556
0.0,10,23.416087
1.0,13,23.4207
1.0,29,23.430794
1.0,27,23.440232
1.0,29,23.450132
1.0,11,23.453879
1.0,25,23.462415
1.0,24,23.470482
1.0,29,23.480525
1.0,13,23.485193
1.0,25,23.494083
1.0,23,23.502187
1.0,27,23.51177
1.0,15,23.517014
1.0,25,23.525965
0.0,8,23.528798
1.0,33,23.540542
1.0,13,23.545168
1.0,25,23.553638
1.0,25,23.561793
0.0,16,23.567065
0.0,6,23.569072
1.0,28,23.578295
1.0,23,23.585838
0.0,16,23.591071
1.0,11,23.594692
1.0,25,23.602837
1.0,24,23.610705
1.0,25,23.618916
1.0,12,23.62282
1.0,28,23.632044
1.0,24,23.639935
1.0,31,23.650037
1.0,14,23.654598
1.0,30,23.664356
0.0,18,23.670147
1.0,28,23.679271
1.0,11,23.682849
1.0,23,23.690321
1.0,27,23.699093
1.0,27,23.707918
1.0,13,23.712182
1.0,25,23.720402
1.0,27,23.729169
0.0,18,23.735029
1.0,15,23.74004
1.0,27,23.748892
1.0,23,23.756399
1.0,27,23.765205
1.0,11,23.768826
1.0,30,23.778491
1.0,24,23.786314
1.0,26,23.794822
1.0,17,23.80062
1.0,25,23.808744
0.0,6,23.810657
1.0,29,23.820161
1.0,11,23.823788
1.0,31,23.833874
1.0,24,23.841695
1.0,25,23.849871
1.0,11,23.853501
1.0,23,23.861039
1.0,23,23.868546
1.0,31,23.878606
1.0,15,23.883538
0.0,14,23.888188
1.0,27,23.896979
0.0,14,23.901542
0.0,9,23.904541
1.0,23,23.912028
1.0,23,23.919508
1.0,31,23.929605
1.0,14,23.934186
0.0,6,23.936212
1.0,27,23.945209
1.0,31,23.955293
1.0,11,23.958903
1.0,26,23.967355
1.0,27,23.976158
1.0,29,23.985592
1.0,13,23.989824
0.0,6,23.991812
1.0,25,23.999936
1.0,27,24.008736
0.0,9,24.011686
1.0,23,24.019257
1.0,25,24.02739
1.0,26,24.035915
0.0,9,24.038831
1.0,31,24.048984
1.0,27,24.057761
1.0,30,24.067575
1.0,13,24.071854
1.0,27,24.080748
1.0,25,24.088969
0.0,19,24.09517
1.0,11,24.098754
1.0,29,24.108321
1.0,29,24.117714
0.0,19,24.123929
1.0,14,24.128525
1.0,23,24.136015
1.0,24,24.143844
1.0,27,24.152829
1.0,13,24.157122
1.0,23,24.164667
0.0,18,24.170513
1.0,29,24.180035
1.0,13,24.184325
1.0,27,24.193101
0.0,18,24.19896
1.0,34,24.210492
1.0,11,24.214133
1.0,25,24.222261
1.0,25,24.230391
1.0,25,24.238571
1.0,11,24.242183
1.0,27,24.250993
0.0,4,24.252364
1.0,30,24.262191
0.0,4,24.263596
1.0,25,24.271765
1.0,29,24.281184
1.0,33,24.29197
1.0,13,24.296234
1.0,27,24.30499
1.0,25,24.313152
0.0,22,24.320333
1.0,14,24.324907
1.0,33,24.335606
1.0,27,24.344414
1.0,27,24.353306
1.0,11,24.356927
1.0,30,24.366747
1.0,33,24.377532
1.0,27,24.38646
1.0,13,24.390704
1.0,27,24.39952
1.0,23,24.406966
0.0,21,24.413782
1.0,11,24.417384
1.0,26,24.425764
1.0,25,24.433881
1.0,25,24.442073
1.0,11,24.445707
1.0,27,24.454504
1.0,25,24.462659
1.0,29,24.472175
1.0,11,24.475844
1.0,27,24.484681
1.0,23,24.492214
1.0,28,24.501336
0.0,6,24.503308
1.0,24,24.511131
0.0,21,24.517977
1.0,27,24.526789
1.0,11,24.530426
1.0,29,24.539938
0.0,9,24.542864
1.0,25,24.551052
1.0,13,24.555352
0.0,18,24.561298
1.0,29,24.570731
0.0,4,24.572113
1.0,11,24.575715
1.0,23,24.583291
1.0,23,24.590772
1.0,25,24.598962
1.0,11,24.602571
1.0,23,24.610144
0.0,9,24.613142
1.0,29,24.622575
0.0,9,24.625552
1.0,24,24.633375
1.0,25,24.641503
1.0,28,24.650601
0.0,4,24.65197
1.0,28,24.66122
1.0,27,24.670004
0.0,18,24.675895
1.0,13,24.680173
1.0,23,24.687664
0.0,19,24.69386
1.0,29,24.703324
1.0,13,24.707587
1.0,25,24.715731
1.0,29,24.725158
0.0,8,24.727792
1.0,11,24.731394
1.0,27,24.740227
0.0,12,24.744149
1.0,26,24.752751
1.0,12,24.756679
1.0,28,24.765867
1.0,23,24.773362
1.0,28,24.782454
1.0,11,24.786169
0.0,15,24.791188
1.0,28,24.800581
1.0,27,24.809552
0.0,6,24.811538
1.0,23,24.819335
1.0,26,24.82831
1.0,26,24.836937
1.0,16,24.842129
1.0,27,24.850946
1.0,25,24.859117
1.0,28,24.868356
1.0,13,24.872622
1.0,26,24.881292
1.0,25,24.889823
1.0,31,24.90029
1.0,13,24.904688
1.0,27,24.913764
1.0,24,24.921846
1.0,25,24.930091
1.0,11,24.933785
1.0,23,24.941551
1.0,25,24.949951
1.0,27,24.959033
1.0,13,24.963485
0.0,4,24.964908
1.0,26,24.973653
1.0,25,24.982139
1.0,11,24.985873
1.0,25,24.994401
1.0,23,25.002153
1.0,25,25.010597
1.0,15,25.015674
1.0,25,25.024259
0.0,21,25.031387
1.0,29,25.041314
1.0,11,25.045132
1.0,24,25.053297
1.0,26,25.062147
1.0,27,25.07125
1.0,11,25.074977
1.0,23,25.082696
0.0,8,25.085402
0.0,12,25.089425
1.0,11,25.093134
1.0,25,25.101484
1.0,25,25.109987
0.0,8,25.112697
1.0,11,25.116403
0.0,21,25.123421
1.0,27,25.132483
0.0,6,25.134512
1.0,13,25.138885
1.0,30,25.14893
1.0,23,25.156678
1.0,29,25.166609
1.0,14,25.171446
1.0,27,25.180508
1.0,27,25.189253
1.0,25,25.197676
1.0,14,25.202358
1.0,23,25.210116
1.0,23,25.217858
1.0,31,25.228376
1.0,11,25.232094
0.0,17,25.237809
1.0,25,25.246225
1.0,25,25.254667
1.0,12,25.258739
0.0,6,25.260778
1.0,25,25.269173
0.0,8,25.27194
1.0,11,25.275678
0.0,6,25.277697
1.0,25,25.286088
1.0,29,25.295817
1.0,11,25.299401
1.0,23,25.306921
1.0,23,25.314635
0.0,16,25.320041
1.0,15,25.325005
0.0,23,25.332711
1.0,23,25.340448
1.0,26,25.349214
1.0,12,25.353246
1.0,23,25.360967
1.0,26,25.369696
1.0,27,25.378902
1.0,13,25.38328
0.0,11,25.386833
1.0,27,25.395693
1.0,27,25.404549
1.0,11,25.408177
1.0,23,25.415639
1.0,23,25.423137
1.0,29,25.432608
1.0,12,25.436552
1.0,23,25.444202
0.0,19,25.450589
0.0,24,25.458706
1.0,13,25.462942
1.0,28,25.472033
1.0,23,25.479605
0.0,19,25.48576
1.0,11,25.48936
0.0,6,25.491325
1.0,23,25.498758
1.0,30,25.508617
1.0,11,25.512233
1.0,30,25.521944
1.0,29,25.531393
1.0,30,25.541168
1.0,11,25.544786
0.0,20,25.551288
1.0,25,25.559435
1.0,25,25.567688
1.0,11,25.571274
1.0,26,25.579793
1.0,27,25.588589
1.0,25,25.596761
1.0,11,25.600381
1.0,33,25.611076
1.0,27,25.619869
1.0,25,25.628016
1.0,12,25.631932
0.0,4,25.633237
1.0,28,25.642261
1.0,29,25.651859
1.0,11,25.655552
1.0,24,25.663337
1.0,26,25.671787
0.0,24,25.679596
1.0,14,25.684195
1.0,27,25.692939
1.0,31,25.702936
1.0,31,25.715138
1.0,13,25.7195
1.0,27,25.728335
1.0,29,25.737721
1.0,33,25.74852
0.0,4,25.749814
1.0,27,25.758548
1.0,25,25.766683
0.0,12,25.77061
1.0,13,25.774857
1.0,35,25.786306
1.0,29,25.795763
0.0,10,25.798998
1.0,11,25.802566
1.0,27,25.811353
1.0,23,25.818803
1.0,28,25.827976
1.0,11,25.831563
1.0,25,25.839695
1.0,24,25.847508
1.0,27,25.856344
1.0,13,25.860595
1.0,25,25.868732
1.0,23,25.876294
1.0,27,25.88512
1.0,11,25.888786
0.0,18,25.894584
1.0,23,25.902078
1.0,27,25.910811
1.0,11,25.91442
0.0,4,25.915764
1.0,25,25.923858
1.0,26,25.932349
1.0,13,25.936586
1.0,25,25.944835
1.0,23,25.952328
1.0,27,25.961103
1.0,11,25.964711
1.0,25,25.97282
0.0,17,25.978318
1.0,29,25.98791
0.0,7,25.990191
0.0,19,25.99643
1.0,28,26.005509
1.0,27,26.01429
1.0,13,26.018574
0.0,4,26.019936
0.0,17,26.025429
1.0,25,26.033606
1.0,11,26.037222
1.0,23,26.044738
1.0,27,26.053489
1.0,25,26.061664
1.0,11,26.065286
1.0,25,26.073413
1.0,24,26.081209
0.0,12,26.085149
1.0,11,26.088775
1.0,25,26.096861
1.0,31,26.107017
1.0,25,26.115223
1.0,13,26.119471
1.0,23,26.126976
1.0,25,26.135138
1.0,30,26.144924
1.0,13,26.149166
1.0,24,26.157007
1.0,25,26.16518
1.0,33,26.175948
1.0,11,26.179541
0.0,8,26.182139
1.0,28,26.19133
1.0,31,26.201457
0.0,2,26.20212
1.0,23,26.209643
0.0,6,26.211649
1.0,27,26.220487
1.0,11,26.224194
1.0,26,26.232816
1.0,25,26.241145
1.0,25,26.2493
1.0,11,26.252916
1.0,26,26.261348
1.0,25,26.269453
1.0,28,26.278566
1.0,11,26.282205
1.0,24,26.290026
1.0,25,26.298179
1.0,30,26.308049
1.0,11,26.31177
1.0,24,26.31983
0.0,19,26.3262
1.0,32,26.337054
1.0,11,26.340783
0.0,8,26.343494
0.0,21,26.350529
1.0,25,26.358958
1.0,11,26.362676
1.0,23,26.37028
1.0,25,26.378499
1.0,27,26.387603
1.0,13,26.392061
1.0,25,26.400485
0.0,6,26.402533
1.0,27,26.411592
1.0,14,26.41649
1.0,26,26.425223
1.0,39,26.438236
1.0,29,26.448029
1.0,11,26.451763
1.0,23,26.459501
0.0,4,26.460866
1.0,35,26.472607
1.0,12,26.476656
1.0,25,26.485061
1.0,34,26.496453
1.0,25,26.5049
1.0,11,26.508608
1.0,27,26.517666
1.0,23,26.52539
1.0,29,26.535133
1.0,11,26.538833
1.0,25,26.547191
1.0,29,26.556863
1.0,35,26.56859
1.0,11,26.572301
0.0,13,26.57667
1.0,27,26.585701
1.0,33,26.596847
1.0,13,26.601217
1.0,23,26.608975
1.0,25,26.617336
1.0,27,26.626394
1.0,11,26.630112
1.0,25,26.638469
1.0,25,26.646832
0.0,14,26.65153
1.0,11,26.65524
1.0,27,26.664245
0.0,8,26.666954
0.0,19,26.673326
1.0,13,26.677706
1.0,29,26.68741
1.0,27,26.696467
1.0,27,26.705547
0.0,7,26.707915
1.0,27,26.716937
0.0,14,26.721642
1.0,33,26.732653
1.0,11,26.736367
0.0,17,26.742099
1.0,33,26.753161
1.0,27,26.762188
1.0,13,26.766568
1.0,25,26.774939
1.0,23,26.78263
0.0,23,26.790344
1.0,11,26.794052
1.0,24,26.802207
1.0,28,26.811583
0.0,21,26.818613
1.0,17,26.824321
1.0,23,26.83206
1.0,24,26.840106
0.0,18,26.846139
0.0,2,26.846828
1.0,26,26.855544
0.0,17,26.861246
1.0,27,26.870327
0.0,7,26.872705
1.0,26,26.881433
1.0,24,26.88948
1.0,29,26.899326
1.0,12,26.903391
1.0,28,26.912758
1.0,27,26.921812
1.0,35,26.933562
1.0,12,26.937598
0.0,6,26.93963
1.0,23,26.947338
1.0,28,26.95675
1.0,11,26.960462
1.0,23,26.968185
1.0,23,26.975907
0.0,8,26.978593
1.0,11,26.982303
1.0,23,26.99022
1.0,27,26.999358
1.0,27,27.008668
0.0,2,27.009363
0.0,20,27.016182
1.0,25,27.024692
1.0,25,27.033198
1.0,11,27.037018
1.0,25,27.04551
1.0,23,27.053332
1.0,29,27.063203
0.0,8,27.065983
1.0,29,27.075721
1.0,27,27.084743
0.0,17,27.090436
1.0,12,27.094464
1.0,25,27.102822
1.0,25,27.111207
0.0,19,27.117598
0.0,4,27.118963
1.0,27,27.128011
1.0,32,27.138703
1.0,26,27.147453
1.0,11,27.15117
0.0,16,27.156559
1.0,28,27.165895
0.0,22,27.173268
1.0,13,27.177727
1.0,23,27.185444
1.0,25,27.193815
1.0,25,27.202237
1.0,11,27.205962
1.0,24,27.214136
1.0,26,27.22285
1.0,25,27.231317
1.0,12,27.235429
1.0,25,27.243834
1.0,23,27.251558
1.0,25,27.259969
1.0,11,27.26369
1.0,25,27.27205
1.0,26,27.280777
0.0,16,27.286291
1.0,11,27.290117
1.0,29,27.299946
1.0,31,27.310305
1.0,30,27.320385
1.0,16,27.325756
1.0,23,27.333473
1.0,23,27.341205
1.0,27,27.350487
1.0,12,27.354527
1.0,29,27.364237
0.0,14,27.369046
1.0,34,27.38043
1.0,11,27.384141
1.0,23,27.39183
1.0,23,27.399558
1.0,28,27.40901
1.0,13,27.413493
1.0,24,27.421562
1.0,30,27.431609
1.0,27,27.44069
1.0,11,27.444401
0.0,13,27.448763
0.0,8,27.451469
1.0,33,27.462545
1.0,18,27.468604
1.0,23,27.47635
1.0,23,27.48409
0.0,8,27.486783
0.0,9,27.489826
1.0,24,27.497857
1.0,29,27.507603
1.0,25,27.516047
1.0,11,27.519771
1.0,24,27.527811
1.0,25,27.53635
0.0,6,27.538379
1.0,13,27.542745
0.0,14,27.547466
1.0,27,27.556527
0.0,26,27.565276
1.0,11,27.569103
1.0,27,27.578278
1.0,25,27.586666
1.0,28,27.596056
1.0,11,27.599775
0.0,19,27.606183
1.0,25,27.614582
0.0,16,27.620102
1.0,11,27.623839
1.0,27,27.633166
1.0,25,27.641592
1.0,33,27.652694
1.0,12,27.656758
1.0,27,27.665826
1.0,27,27.674883
1.0,27,27.684178
0.0,4,27.685548
0.0,10,27.688918
1.0,25,27.697282
1.0,28,27.706669
0.0,6,27.708727
1.0,25,27.717158
1.0,29,27.727033
1.0,27,27.736205
1.0,11,27.740016
1.0,24,27.748088
1.0,26,27.756818
1.0,26,27.765591
0.0,4,27.766966
1.0,25,27.775338
1.0,34,27.78673
1.0,27,27.795909
1.0,16,27.801287
1.0,23,27.809012
0.0,14,27.813715
1.0,31,27.8242
1.0,13,27.82856
1.0,25,27.836946
1.0,27,27.845971
1.0,34,27.857479
1.0,11,27.861208
1.0,24,27.869273
1.0,25,27.877666
1.0,28,27.887095
1.0,11,27.890817
1.0,31,27.901227
1.0,23,27.909071
1.0,26,27.917842
1.0,12,27.921896
1.0,29,27.931642
1.0,26,27.940368
0.0,14,27.945086
1.0,11,27.948801
1.0,25,27.957191
1.0,23,27.964927
0.0,8,27.967645
0.0,2,27.968346
1.0,29,27.978081
1.0,27,27.987141
1.0,30,27.997291
1.0,14,28.0021
1.0,27,28.011158
1.0,23,28.01902
1.0,30,28.029407
1.0,14,28.034224
1.0,23,28.042063
1.0,26,28.050763
0.0,23,28.058517
1.0,11,28.062243
1.0,24,28.070311
1.0,30,28.080408
1.0,26,28.089169
0.0,7,28.091566
0.0,15,28.096619
1.0,35,28.10832
1.0,29,28.118055
1.0,19,28.124466
0.0,19,28.131111
1.0,25,28.13969
1.0,27,28.148877
1.0,13,28.153348
1.0,29,28.163175
1.0,27,28.17232
1.0,25,28.180825
1.0,11,28.184637
1.0,25,28.193208
1.0,23,28.201141
1.0,27,28.210412
1.0,14,28.215137
1.0,30,28.225184
1.0,27,28.234325
1.0,27,28.243419
1.0,15,28.248466
1.0,28,28.257812
1.0,23,28.26552
1.0,29,28.275259
1.0,11,28.278973
0.0,4,28.280334
0.0,7,28.282684
1.0,29,28.29243
1.0,12,28.29647
1.0,27,28.30553
1.0,23,28.313251
0.0,6,28.31529
1.0,12,28.319328
0.0,4,28.320693
0.0,10,28.324063
1.0,27,28.333133
1.0,11,28.336846
1.0,25,28.345232
0.0,6,28.347273
1.0,28,28.356677
0.0,4,28.35804
1.0,23,28.365778
1.0,27,28.374827
1.0,25,28.383259
1.0,11,28.386981
1.0,27,28.396048
0.0,19,28.402422
1.0,25,28.410848
1.0,13,28.415346
1.0,23,28.423055
1.0,27,28.432197
1.0,27,28.441267
1.0,13,28.445647
1.0,24,28.453711
1.0,26,28.462449
1.0,27,28.471605
1.0,14,28.476317
1.0,25,28.4847
1.0,25,28.493077
0.0,23,28.500898
1.0,11,28.504613
1.0,24,28.512778
1.0,27,28.521957
1.0,30,28.532066
1.0,11,28.535796
1.0,23,28.543549
1.0,25,28.551964
1.0,25,28.560373
1.0,12,28.564421
1.0,25,28.572822
1.0,29,28.582779
0.0,20,28.589537
1.0,16,28.594931
1.0,25,28.603346
1.0,25,28.611745
1.0,27,28.620845
1.0,11,28.624568
1.0,28,28.634174
1.0,25,28.642696
1.0,27,28.651814
0.0,2,28.652509
1.0,23,28.660257
1.0,23,28.668007
1.0,29,28.677766
1.0,14,28.682463
1.0,24,28.690491
1.0,23,28.698202
1.0,33,28.709275
1.0,12,28.713324
0.0,4,28.714689
1.0,23,28.722393
1.0,27,28.731457
0.0,9,28.734505
1.0,27,28.743551
1.0,27,28.752597
1.0,31,28.763012
1.0,20,28.769707
1.0,27,28.77877
1.0,25,28.787151
1.0,31,28.797562
0.0,9,28.800616
1.0,25,28.809011
1.0,25,28.81739
1.0,27,28.826464
1.0,11,28.830196
1.0,27,28.839275
0.0,8,28.842045
1.0,26,28.850779
1.0,11,28.854494
0.0,18,28.860547
0.0,21,28.867588
0.0,23,28.875262
0.0,2,28.875955
0.0,12,28.879985
1.0,23,28.887696
1.0,25,28.896115
1.0,14,28.900785
1.0,24,28.908838
1.0,25,28.917211
1.0,27,28.926293
1.0,15,28.931324
1.0,23,28.939027
1.0,27,28.948061
0.0,21,28.955099
1.0,12,28.959114
1.0,24,28.967141
1.0,23,28.974858
1.0,28,28.984269
1.0,11,28.987985
1.0,29,28.997701
1.0,29,29.007422
0.0,10,29.010802
1.0,11,29.014554
0.0,6,29.016587
0.0,8,29.019363
0.0,25,29.027977
1.0,11,29.031768
1.0,28,29.041394
1.0,28,29.051002
1.0,29,29.060771
1.0,11,29.064487
0.0,28,29.073865
1.0,23,29.081564
1.0,26,29.090296
1.0,11,29.094014
1.0,25,29.102418
0.0,19,29.108817
1.0,28,29.118235
1.0,13,29.122616
0.0,7,29.124986
1.0,28,29.134326
1.0,27,29.143427
1.0,13,29.14781
1.0,25,29.156238
1.0,23,29.163944
1.0,27,29.173038
1.0,15,29.178077
0.0,14,29.182787
1.0,24,29.190821
1.0,27,29.200028
0.0,2,29.20074
1.0,27,29.209892
0.0,16,29.215312
0.0,21,29.222419
1.0,11,29.226231
0.0,18,29.232212
0.0,4,29.233574
0.0,12,29.237597
1.0,13,29.241943
1.0,27,29.251111
1.0,30,29.261203
1.0,27,29.270255
1.0,12,29.274296
1.0,27,29.283352
1.0,26,29.29205
1.0,27,29.301099
0.0,8,29.303807
1.0,23,29.311621
0.0,8,29.314328
1.0,28,29.323741
0.0,2,29.32443
1.0,23,29.332143
0.0,19,29.338485
1.0,30,29.34856
1.0,15,29.353598
1.0,27,29.362612
1.0,25,29.371011
1.0,25,29.379407
1.0,11,29.3831
1.0,23,29.390806
1.0,25,29.399199
1.0,32,29.410097
1.0,11,29.413817
1.0,27,29.423083
1.0,27,29.43224
1.0,27,29.441149
1.0,11,29.444654
1.0,26,29.453176
1.0,25,29.46111
0.0,17,29.466535
1.0,11,29.470063
1.0,25,29.478108
1.0,25,29.486072
1.0,32,29.49628
1.0,11,29.49982
1.0,29,29.50917
1.0,25,29.517147
1.0,26,29.525427
1.0,12,29.529364
0.0,6,29.531353
0.0,8,29.534007
0.0,14,29.538518
1.0,13,29.542741
0.0,22,29.549774
1.0,29,29.559065
1.0,33,29.569639
1.0,11,29.573183
1.0,25,29.581184
1.0,27,29.589945
1.0,27,29.598587
1.0,11,29.60213
0.0,17,29.607631
1.0,23,29.615037
1.0,33,29.625584
1.0,11,29.62913
1.0,29,29.638346
0.0,19,29.644418
1.0,33,29.654936
1.0,11,29.658648
1.0,27,29.667591
0.0,16,29.672796
1.0,27,29.681412
1.0,11,29.684939
0.0,10,29.688145
1.0,25,29.69622
1.0,33,29.706767
1.0,11,29.710407
1.0,27,29.719012
0.0,21,29.725717
1.0,28,29.734658
1.0,13,29.738801
1.0,23,29.746125
1.0,26,29.754511
1.0,27,29.763238
1.0,11,29.766786
1.0,31,29.776833
1.0,30,29.786401
1.0,27,29.79508
1.0,11,29.798626
1.0,25,29.806591
1.0,23,29.814023
0.0,6,29.815949
1.0,11,29.819483
1.0,23,29.826828
0.0,10,29.830041
0.0,17,29.835491
1.0,11,29.839038
0.0,19,29.845094
1.0,27,29.853715
0.0,16,29.858834
0.0,7,29.861282
1.0,23,29.868648
1.0,29,29.87793
1.0,29,29.887252
1.0,11,29.890807
1.0,29,29.900169
1.0,27,29.908799
1.0,32,29.919055
1.0,13,29.923241
1.0,23,29.930662
0.0,23,29.938013
1.0,25,29.946017
1.0,17,29.951524
1.0,24,29.959463
0.0,4,29.960802
1.0,30,29.970548
1.0,11,29.97417
1.0,28,29.983353
1.0,31,29.993391
1.0,33,30.004152
1.0,11,30.007735
1.0,26,30.016188
1.0,25,30.024491
1.0,28,30.033764
1.0,13,30.038072
1.0,25,30.046483
1.0,25,30.05496
0.0,18,30.061035
1.0,12,30.06525
1.0,26,30.074053
1.0,25,30.082514
1.0,28,30.091995
0.0,9,30.095077
1.0,25,30.103504
1.0,23,30.111291
1.0,31,30.121697
1.0,11,30.125437
1.0,25,30.133822
1.0,29,30.14359
1.0,26,30.152344
1.0,11,30.15607
0.0,19,30.162473
1.0,25,30.170895
1.0,25,30.179332
1.0,13,30.18373
1.0,25,30.192139
0.0,21,30.199199
1.0,26,30.207988
1.0,11,30.211728
1.0,30,30.221832
1.0,25,30.230234
1.0,29,30.240004
1.0,11,30.243731
1.0,25,30.25214
1.0,25,30.260558
1.0,29,30.2704
1.0,13,30.274784
1.0,33,30.285833
1.0,23,30.293563
1.0,27,30.302667
1.0,14,30.307397
1.0,26,30.31613
1.0,28,30.325492
0.0,17,30.331229
1.0,13,30.33561
1.0,24,30.343669
1.0,25,30.352053
1.0,25,30.360461
1.0,13,30.364836
1.0,27,30.373914
1.0,25,30.382312
1.0,28,30.391736
1.0,13,30.396127
1.0,25,30.404537
1.0,27,30.413609
1.0,29,30.423372
1.0,11,30.427099
1.0,24,30.43515
0.0,6,30.437192
0.0,22,30.444581
1.0,14,30.449306
1.0,26,30.458044
1.0,23,30.465788
1.0,25,30.474305
1.0,11,30.478059
0.0,16,30.483598
1.0,25,30.492011
1.0,28,30.501437
1.0,15,30.506459
1.0,27,30.515533
1.0,27,30.524671
1.0,30,30.534759
1.0,12,30.538811
1.0,25,30.547354
1.0,23,30.555094
0.0,16,30.560484
1.0,12,30.564526
1.0,27,30.573543
1.0,24,30.581576
1.0,27,30.590643
1.0,11,30.594353
1.0,25,30.602731
1.0,29,30.612449
1.0,25,30.620867
1.0,11,30.624579
1.0,28,30.633955
0.0,12,30.637984
1.0,27,30.647027
1.0,13,30.651401
1.0,23,30.659101
1.0,25,30.667449
1.0,27,30.676612
1.0,16,30.681958
1.0,26,30.690661
1.0,25,30.699073
1.0,29,30.708809
1.0,12,30.712836
1.0,23,30.72056
0.0,18,30.726596
0.0,8,30.729304
1.0,11,30.733011
1.0,27,30.742036
1.0,25,30.750421
1.0,31,30.760824
1.0,11,30.76463
0.0,8,30.767333
1.0,23,30.775027
1.0,26,30.783763
1.0,13,30.788135
1.0,25,30.796539
1.0,25,30.804938
1.0,28,30.81431
1.0,11,30.818035
0.0,16,30.823434
1.0,30,30.833492
1.0,29,30.843218
1.0,11,30.846927
1.0,25,30.855311
1.0,24,30.863346
1.0,26,30.872041
0.0,7,30.87441
0.0,10,30.877769
1.0,23,30.885607
1.0,31,30.896017
1.0,11,30.899715
0.0,18,30.905731
1.0,27,30.914741
0.0,24,30.922793
1.0,15,30.927825
1.0,23,30.935564
1.0,29,30.945254
0.0,10,30.948616
1.0,13,30.952991
1.0,23,30.960705
1.0,24,30.968757
1.0,31,30.979165
0.0,8,30.981864
1.0,30,30.991929
1.0,25,31.000294
0.0,12,31.004334
1.0,14,31.009048
0.0,10,31.012407
1.0,28,31.021772
1.0,28,31.031321
1.0,12,31.035426
1.0,25,31.043911
1.0,25,31.0523
1.0,27,31.061383
1.0,12,31.065435
1.0,27,31.074782
1.0,27,31.084151
1.0,25,31.092847
1.0,14,31.097704
0.0,17,31.103714
1.0,25,31.112495
0.0,16,31.118037
1.0,11,31.121961
1.0,23,31.130087
0.0,16,31.135666
1.0,30,31.146068
1.0,11,31.149891
1.0,27,31.159232
0.0,6,31.16135
1.0,30,31.171703
1.0,12,31.175888
1.0,29,31.185855
1.0,25,31.194488
1.0,28,31.204137
1.0,11,31.208037
1.0,25,31.216606
0.0,16,31.222162
1.0,25,31.230808
0.0,2,31.231511
1.0,25,31.240158
1.0,23,31.248142
1.0,28,31.257804
1.0,15,31.262992
1.0,25,31.27161
1.0,23,31.279555
1.0,29,31.289678
1.0,11,31.293504
1.0,23,31.301245
1.0,29,31.311107
0.0,22,31.318565
1.0,11,31.322338
1.0,27,31.331555
1.0,25,31.339958
1.0,33,31.351039
1.0,13,31.355413
1.0,26,31.364129
1.0,23,31.371861
1.0,27,31.381186
1.0,15,31.386325
1.0,25,31.394838
1.0,27,31.404161
1.0,25,31.412796
1.0,13,31.417269
1.0,25,31.425873
1.0,25,31.434512
1.0,29,31.444451
1.0,13,31.448937
1.0,29,31.458842
1.0,23,31.466752
1.0,27,31.47604
1.0,14,31.480894
1.0,24,31.489111
1.0,25,31.497689
1.0,29,31.507611
1.0,12,31.511805
0.0,6,31.51386
1.0,25,31.522357
1.0,31,31.532951
1.0,11,31.536737
1.0,31,31.547349
0.0,19,31.553869
1.0,27,31.563133
0.0,2,31.563831
0.0,8,31.566629
1.0,27,31.575869
1.0,27,31.585169
1.0,14,31.589911
1.0,24,31.597932
1.0,29,31.607677
1.0,29,31.617375
1.0,13,31.621757
0.0,6,31.623785
1.0,27,31.632807
1.0,28,31.642213
1.0,11,31.645922
0.0,23,31.65362
1.0,23,31.661343
1.0,30,31.671359
1.0,13,31.67574
1.0,27,31.684767
0.0,10,31.688138
0.0,4,31.68948
1.0,13,31.693818
1.0,25,31.702201
0.0,16,31.707548
1.0,27,31.716547
1.0,14,31.721234
1.0,23,31.728923
1.0,25,31.737251
1.0,29,31.746974
1.0,11,31.750677
1.0,29,31.760384
1.0,24,31.768409
1.0,27,31.777462
0.0,7,31.779829
1.0,24,31.787853
1.0,23,31.795503
0.0,21,31.802504
1.0,11,31.806219
0.0,4,31.807573
0.0,4,31.808909
1.0,25,31.81727
1.0,11,31.820994
1.0,23,31.82866
1.0,25,31.837022
1.0,25,31.845411
0.0,10,31.84879
0.0,19,31.855136
1.0,25,31.863502
1.0,32,31.874141
1.0,12,31.878176
0.0,23,31.885867
1.0,30,31.895852
1.0,29,31.905627
1.0,14,31.910261
1.0,27,31.919291
0.0,18,31.925305
1.0,25,31.933656
0.0,8,31.93637
1.0,27,31.945415
1.0,23,31.953101
0.0,6,31.95513
1.0,12,31.959154
0.0,8,31.961826
1.0,23,31.969493
1.0,28,31.978862
1.0,11,31.982516
1.0,26,31.991192
1.0,27,32.000185
1.0,32,32.010882
0.0,6,32.01292
1.0,31,32.023226
0.0,17,32.028934
1.0,29,32.03865
1.0,11,32.042359
1.0,23,32.050064
1.0,24,32.058026
1.0,26,32.066772
1.0,14,32.071489
0.0,9,32.074494
1.0,28,32.083906
1.0,25,32.092278
1.0,13,32.096662
1.0,28,32.106088
1.0,24,32.114036
1.0,27,32.123074
1.0,11,32.126777
1.0,26,32.135467
1.0,29,32.145121
0.0,19,32.151481
1.0,13,32.155838
0.0,4,32.157175
1.0,29,32.166877
1.0,25,32.175247
0.0,7,32.177602
1.0,27,32.186643
1.0,27,32.195639
1.0,27,32.20469
1.0,15,32.209682
1.0,25,32.218048
0.0,18,32.224091
1.0,27,32.233145
1.0,11,32.236826
1.0,23,32.244474
1.0,27,32.253444
1.0,31,32.263871
1.0,14,32.26854
1.0,27,32.277527
1.0,32,32.288156
1.0,32,32.298755
1.0,11,32.302449
0.0,17,32.308237
1.0,23,32.315888
1.0,28,32.325269
1.0,12,32.329353
1.0,29,32.33892
1.0,30,32.348658
1.0,32,32.359009
1.0,11,32.362586
1.0,25,32.370696
1.0,27,32.379519
1.0,30,32.389254
1.0,11,32.392861
1.0,26,32.401423
0.0,6,32.403401
1.0,25,32.411725
1.0,12,32.415781
1.0,29,32.42532
1.0,23,32.432807
1.0,27,32.441792
1.0,11,32.445447
1.0,28,32.454576
1.0,30,32.464661
1.0,25,32.473131
0.0,2,32.473825
1.0,30,32.483935
1.0,28,32.493351
0.0,12,32.497397
1.0,11,32.501123
1.0,23,32.508869
0.0,10,32.512348
0.0,12,32.516395
1.0,13,32.520762
1.0,24,32.52889
0.0,14,32.533625
1.0,28,32.543097
1.0,11,32.546939
0.0,14,32.55181
1.0,25,32.56045
0.0,14,32.565315
1.0,11,32.569142
0.0,8,32.571942
1.0,25,32.580724
1.0,25,32.589542
1.0,11,32.593399
1.0,29,32.603554
1.0,25,32.612408
1.0,26,32.621581
1.0,11,32.625454
1.0,23,32.633556
1.0,25,32.642292
1.0,26,32.6514
1.0,13,32.656006
1.0,27,32.665446
1.0,27,32.674864
1.0,25,32.683612
1.0,11,32.687519
1.0,25,32.696243
0.0,9,32.699373
1.0,29,32.709533
1.0,11,32.713356
1.0,25,32.722116
0.0,20,32.729119
1.0,27,32.738597
0.0,5,32.740363
0.0,19,32.74704
1.0,25,32.755778
1.0,27,32.765253
1.0,11,32.769094
1.0,23,32.777162
1.0,25,32.785942
0.0,18,32.792277
1.0,11,32.796134
1.0,26,32.80514
1.0,23,32.813093
1.0,31,32.823785
1.0,14,32.828657
1.0,31,32.839172
1.0,24,32.847234
0.0,14,32.851942
1.0,11,32.855737
1.0,29,32.865608
0.0,2,32.866304
1.0,25,32.874865
1.0,11,32.878568
1.0,30,32.888512
1.0,23,32.896136
1.0,27,32.905116
0.0,11,32.908776
0.0,4,32.910057
0.0,4,32.911398
1.0,29,32.920944
1.0,11,32.92456
1.0,24,32.932369
0.0,4,32.933659
1.0,27,32.942685
1.0,11,32.946333
1.0,26,32.954781
1.0,31,32.964902
1.0,29,32.974293
1.0,11,32.977903
1.0,27,32.986797
1.0,28,32.995926
1.0,29,33.005342
1.0,11,33.008957
1.0,24,33.01678
1.0,24,33.024586
0.0,6,33.026512
0.0,2,33.027202
1.0,27,33.036002
1.0,27,33.044659
1.0,28,33.053647
1.0,11,33.057166
1.0,23,33.064559
1.0,29,33.07386
0.0,10,33.077179
1.0,11,33.080827
1.0,27,33.089632
0.0,6,33.09163
1.0,25,33.099986
0.0,6,33.101955
1.0,23,33.109771
1.0,25,33.118253
1.0,30,33.128541
1.0,13,33.132964
1.0,26,33.141853
