# {"t_start": 1614882731.7379117, "env_id": "Craft-M2-v0"} 
r,l,t
0.0,1000,0.045127
0.0,1000,0.089503
1.0,832,0.125878
0.0,1000,0.169628
0.0,1000,0.216831
0.0,1000,0.260902
0.0,1000,0.304772
0.0,1000,0.34883
0.0,1000,0.392786
0.0,1000,0.437005
0.0,1000,0.482087
1.0,670,0.511599
0.0,1000,0.555828
0.0,1000,0.600338
0.0,1000,0.645102
1.0,891,0.683841
0.0,1000,0.727614
0.0,1000,0.771365
0.0,1000,0.816029
0.0,1000,0.860262
0.0,1000,0.904144
0.0,1000,0.948618
0.0,1000,0.993194
0.0,1000,1.038106
0.0,1000,1.082631
0.0,1000,1.126685
0.0,1000,1.170815
0.0,1000,1.215415
0.0,1000,1.259771
0.0,1000,1.304056
0.0,1000,1.349429
0.0,1000,1.394247
0.0,1000,1.439025
0.0,1000,1.483706
0.0,1000,1.528411
0.0,1000,1.572819
0.0,1000,1.616832
0.0,1000,1.661364
0.0,1000,1.706705
0.0,1000,1.750822
0.0,1000,1.796048
0.0,1000,1.840976
0.0,1000,1.885398
1.0,468,1.906722
0.0,1000,1.951638
0.0,1000,1.996186
0.0,1000,2.041252
0.0,1000,2.086249
0.0,1000,2.131213
0.0,1000,2.175971
0.0,1000,2.224326
0.0,1000,2.270026
0.0,1000,2.31616
0.0,1000,2.361522
0.0,1000,2.407205
0.0,1000,2.45281
0.0,1000,2.497746
0.0,1000,2.544281
0.0,1000,2.589492
0.0,1000,2.634254
0.0,1000,2.679964
0.0,1000,2.726202
0.0,1000,2.77241
0.0,1000,2.817882
0.0,1000,2.863568
0.0,1000,2.90954
0.0,1000,2.954654
0.0,1000,3.000202
0.0,1000,3.045768
0.0,1000,3.090688
1.0,720,3.123765
0.0,1000,3.169192
0.0,1000,3.215228
1.0,744,3.250885
0.0,1000,3.296235
0.0,1000,3.341784
0.0,1000,3.387355
0.0,1000,3.432618
0.0,1000,3.477286
0.0,1000,3.522889
1.0,778,3.559137
0.0,1000,3.605525
0.0,1000,3.651387
0.0,1000,3.697336
0.0,1000,3.742892
0.0,1000,3.788792
0.0,1000,3.833818
1.0,622,3.8619
0.0,1000,3.908205
0.0,1000,3.953343
1.0,818,3.990366
0.0,1000,4.036382
0.0,1000,4.082629
0.0,1000,4.128122
0.0,1000,4.173938
0.0,1000,4.21938
0.0,1000,4.265219
0.0,1000,4.309773
0.0,1000,4.35545
0.0,1000,4.400919
0.0,1000,4.447522
1.0,418,4.466665
1.0,109,4.471724
0.0,1000,4.517349
0.0,1000,4.563252
0.0,1000,4.608888
0.0,1000,4.65456
0.0,1000,4.700334
0.0,1000,4.746416
0.0,1000,4.791808
0.0,1000,4.841132
0.0,1000,4.888528
0.0,1000,4.934543
0.0,1000,4.980267
0.0,1000,5.027038
0.0,1000,5.072664
0.0,1000,5.11944
0.0,1000,5.165128
0.0,1000,5.211994
0.0,1000,5.257855
0.0,1000,5.30331
1.0,470,5.325491
1.0,317,5.34079
0.0,1000,5.386832
0.0,1000,5.432455
0.0,1000,5.478939
0.0,1000,5.525376
0.0,1000,5.571533
0.0,1000,5.616593
0.0,1000,5.662785
0.0,1000,5.709834
0.0,1000,5.756222
0.0,1000,5.802762
0.0,1000,5.84893
1.0,903,5.89029
0.0,1000,5.935925
0.0,1000,5.980796
0.0,1000,6.025079
0.0,1000,6.070214
0.0,1000,6.116118
1.0,263,6.128478
1.0,737,6.162359
0.0,1000,6.208679
1.0,578,6.235779
0.0,1000,6.281283
0.0,1000,6.328216
0.0,1000,6.374296
0.0,1000,6.420014
0.0,1000,6.466102
0.0,1000,6.511709
0.0,1000,6.557918
0.0,1000,6.604269
0.0,1000,6.650964
0.0,1000,6.697004
1.0,909,6.739063
0.0,1000,6.785313
0.0,1000,6.831888
0.0,1000,6.878556
0.0,1000,6.924928
0.0,1000,6.970625
0.0,1000,7.016921
0.0,1000,7.06315
1.0,498,7.085569
0.0,1000,7.131899
0.0,1000,7.178231
0.0,1000,7.223659
0.0,1000,7.269878
0.0,1000,7.315999
0.0,1000,7.361566
0.0,1000,7.407316
0.0,1000,7.454191
0.0,1000,7.500887
0.0,1000,7.546727
0.0,1000,7.593513
0.0,1000,7.639406
0.0,1000,7.686961
0.0,1000,7.732961
0.0,1000,7.779356
0.0,1000,7.825969
0.0,1000,7.872552
0.0,1000,7.919579
0.0,1000,7.966609
1.0,329,7.982212
0.0,1000,8.028657
0.0,1000,8.074825
0.0,1000,8.121167
0.0,1000,8.16738
0.0,1000,8.217917
0.0,1000,8.265474
0.0,1000,8.312669
0.0,1000,8.360735
0.0,1000,8.408785
0.0,1000,8.456347
0.0,1000,8.503193
0.0,1000,8.550009
0.0,1000,8.596105
0.0,1000,8.643947
0.0,1000,8.691649
0.0,1000,8.737427
0.0,1000,8.784034
0.0,1000,8.831437
0.0,1000,8.878482
0.0,1000,8.925501
0.0,1000,8.973042
0.0,1000,9.019527
0.0,1000,9.065768
0.0,1000,9.113155
1.0,844,9.152115
0.0,1000,9.198564
0.0,1000,9.244251
0.0,1000,9.291348
0.0,1000,9.338472
0.0,1000,9.385506
1.0,614,9.414703
0.0,1000,9.461645
0.0,1000,9.508664
0.0,1000,9.555374
0.0,1000,9.602188
0.0,1000,9.648663
0.0,1000,9.69524
0.0,1000,9.742431
0.0,1000,9.789002
0.0,1000,9.835865
1.0,833,9.874648
0.0,1000,9.920264
0.0,1000,9.966925
0.0,1000,10.012631
0.0,1000,10.058524
0.0,1000,10.105979
0.0,1000,10.152811
0.0,1000,10.20011
0.0,1000,10.246941
0.0,1000,10.293466
0.0,1000,10.339831
0.0,1000,10.386081
0.0,1000,10.431167
0.0,1000,10.477896
0.0,1000,10.524148
0.0,1000,10.570553
0.0,1000,10.617165
0.0,1000,10.664232
0.0,1000,10.710539
0.0,1000,10.75772
0.0,1000,10.804362
1.0,735,10.838833
1.0,803,10.8761
1.0,953,10.919878
0.0,1000,10.966265
0.0,1000,11.012887
0.0,1000,11.060048
1.0,186,11.068917
1.0,703,11.102021
0.0,1000,11.148653
0.0,1000,11.19546
0.0,1000,11.242339
0.0,1000,11.289596
0.0,1000,11.336518
0.0,1000,11.382724
0.0,1000,11.428465
0.0,1000,11.474935
0.0,1000,11.52213
0.0,1000,11.569177
0.0,1000,11.615772
0.0,1000,11.662999
0.0,1000,11.709262
0.0,1000,11.755091
0.0,1000,11.801923
1.0,591,11.83007
0.0,1000,11.87624
0.0,1000,11.922321
0.0,1000,11.969091
0.0,1000,12.016015
0.0,1000,12.062185
0.0,1000,12.109089
0.0,1000,12.155563
0.0,1000,12.201993
0.0,1000,12.248745
0.0,1000,12.295478
0.0,1000,12.344154
0.0,1000,12.390169
0.0,1000,12.437191
1.0,220,12.447609
0.0,1000,12.494017
0.0,1000,12.54077
0.0,1000,12.587425
0.0,1000,12.638912
0.0,1000,12.686387
0.0,1000,12.733881
0.0,1000,12.780696
0.0,1000,12.827888
0.0,1000,12.87587
0.0,1000,12.923974
0.0,1000,12.971426
0.0,1000,13.019159
0.0,1000,13.066054
0.0,1000,13.112729
1.0,593,13.141904
0.0,1000,13.188806
0.0,1000,13.235627
0.0,1000,13.283016
0.0,1000,13.330829
0.0,1000,13.378083
0.0,1000,13.425632
0.0,1000,13.473367
1.0,759,13.508823
0.0,1000,13.55611
0.0,1000,13.603446
0.0,1000,13.650602
0.0,1000,13.69779
0.0,1000,13.745754
0.0,1000,13.793212
0.0,1000,13.840349
0.0,1000,13.887749
1.0,670,13.919665
0.0,1000,13.966864
0.0,1000,14.013552
0.0,1000,14.060612
0.0,1000,14.107897
0.0,1000,14.155258
0.0,1000,14.201781
0.0,1000,14.249136
0.0,1000,14.296274
0.0,1000,14.343355
0.0,1000,14.390538
0.0,1000,14.437229
0.0,1000,14.483968
0.0,1000,14.530961
0.0,1000,14.577977
0.0,1000,14.624988
0.0,1000,14.672316
0.0,1000,14.719697
0.0,1000,14.766897
1.0,587,14.79478
1.0,918,14.838042
0.0,1000,14.885227
0.0,1000,14.931906
0.0,1000,14.978845
0.0,1000,15.02569
0.0,1000,15.073003
0.0,1000,15.119471
0.0,1000,15.166605
0.0,1000,15.213249
0.0,1000,15.260368
0.0,1000,15.307345
0.0,1000,15.35442
0.0,1000,15.401338
0.0,1000,15.447849
0.0,1000,15.494626
0.0,1000,15.541702
0.0,1000,15.588276
0.0,1000,15.63515
1.0,880,15.676332
0.0,1000,15.72313
0.0,1000,15.770468
0.0,1000,15.816816
0.0,1000,15.863644
0.0,1000,15.910145
0.0,1000,15.957266
0.0,1000,16.003314
0.0,1000,16.05031
1.0,533,16.075545
0.0,1000,16.122526
1.0,998,16.169709
1.0,146,16.176666
0.0,1000,16.223347
0.0,1000,16.270004
0.0,1000,16.316056
0.0,1000,16.362809
0.0,1000,16.409982
0.0,1000,16.456444
0.0,1000,16.503183
0.0,1000,16.549947
1.0,475,16.572497
0.0,1000,16.619087
0.0,1000,16.665872
0.0,1000,16.712668
0.0,1000,16.759193
0.0,1000,16.805897
0.0,1000,16.852174
0.0,1000,16.899092
1.0,841,16.93884
0.0,1000,16.985792
1.0,135,16.992218
0.0,1000,17.038673
0.0,1000,17.084807
0.0,1000,17.131814
0.0,1000,17.178526
0.0,1000,17.225116
0.0,1000,17.272108
0.0,1000,17.318826
0.0,1000,17.365861
1.0,348,17.382148
0.0,1000,17.42863
1.0,693,17.46123
0.0,1000,17.508481
0.0,1000,17.555309
0.0,1000,17.602813
0.0,1000,17.649881
0.0,1000,17.696537
0.0,1000,17.743594
0.0,1000,17.790526
0.0,1000,17.837403
1.0,580,17.864737
0.0,1000,17.911368
0.0,1000,17.958224
0.0,1000,18.004427
0.0,1000,18.051281
0.0,1000,18.097932
0.0,1000,18.14457
0.0,1000,18.190871
0.0,1000,18.237489
0.0,1000,18.284323
1.0,694,18.321033
1.0,471,18.344355
1.0,971,18.391018
0.0,1000,18.438533
0.0,1000,18.484228
0.0,1000,18.532461
0.0,1000,18.578855
0.0,1000,18.626175
0.0,1000,18.674167
0.0,1000,18.721651
0.0,1000,18.769249
1.0,742,18.804608
0.0,1000,18.851665
0.0,1000,18.899978
0.0,1000,18.947594
0.0,1000,18.995076
0.0,1000,19.042559
0.0,1000,19.089493
1.0,651,19.120746
0.0,1000,19.168435
0.0,1000,19.215913
0.0,1000,19.263312
0.0,1000,19.309978
0.0,1000,19.357003
0.0,1000,19.404725
1.0,415,19.424863
0.0,1000,19.472021
0.0,1000,19.518265
0.0,1000,19.56575
1.0,325,19.581261
0.0,1000,19.628737
0.0,1000,19.675766
0.0,1000,19.722063
0.0,1000,19.768497
0.0,1000,19.815727
0.0,1000,19.863234
0.0,1000,19.910593
0.0,1000,19.957346
0.0,1000,20.00513
1.0,454,20.026861
0.0,1000,20.074076
0.0,1000,20.121255
0.0,1000,20.168192
0.0,1000,20.214913
0.0,1000,20.261594
0.0,1000,20.308429
0.0,1000,20.35595
0.0,1000,20.402932
0.0,1000,20.45047
1.0,871,20.491761
0.0,1000,20.538902
0.0,1000,20.585772
0.0,1000,20.632534
0.0,1000,20.679735
0.0,1000,20.727408
0.0,1000,20.774166
0.0,1000,20.821717
0.0,1000,20.869202
0.0,1000,20.916699
1.0,901,20.959081
0.0,1000,21.006126
0.0,1000,21.053076
1.0,893,21.094682
0.0,1000,21.142039
0.0,1000,21.189
0.0,1000,21.236193
0.0,1000,21.28332
0.0,1000,21.329288
0.0,1000,21.376466
1.0,438,21.397193
0.0,1000,21.44398
0.0,1000,21.490966
0.0,1000,21.537811
0.0,1000,21.583343
0.0,1000,21.630123
0.0,1000,21.677403
0.0,1000,21.724481
0.0,1000,21.771259
1.0,352,21.787985
1.0,594,21.815997
0.0,1000,21.862965
0.0,1000,21.909943
0.0,1000,21.956526
0.0,1000,22.003076
0.0,1000,22.050046
1.0,908,22.093169
0.0,1000,22.140041
0.0,1000,22.187286
1.0,564,22.213926
0.0,1000,22.260926
0.0,1000,22.307839
0.0,1000,22.354965
0.0,1000,22.402002
0.0,1000,22.449068
0.0,1000,22.49651
0.0,1000,22.54363
0.0,1000,22.590478
1.0,733,22.62481
1.0,839,22.664217
0.0,1000,22.711132
1.0,994,22.757872
1.0,763,22.793797
0.0,1000,22.84099
0.0,1000,22.88805
0.0,1000,22.935086
0.0,1000,22.982299
0.0,1000,23.028481
0.0,1000,23.075774
0.0,1000,23.12289
1.0,680,23.154992
0.0,1000,23.201941
0.0,1000,23.248837
0.0,1000,23.296198
0.0,1000,23.34273
0.0,1000,23.389691
0.0,1000,23.436852
0.0,1000,23.483905
0.0,1000,23.531206
0.0,1000,23.578196
0.0,1000,23.625166
1.0,722,23.65929
1.0,337,23.675218
0.0,1000,23.722533
0.0,1000,23.769348
0.0,1000,23.816446
1.0,775,23.853044
0.0,1000,23.900254
0.0,1000,23.947313
0.0,1000,23.994301
0.0,1000,24.041155
0.0,1000,24.088246
1.0,316,24.103207
0.0,1000,24.150265
0.0,1000,24.197706
0.0,1000,24.244749
0.0,1000,24.291723
0.0,1000,24.338297
0.0,1000,24.385597
0.0,1000,24.432548
0.0,1000,24.479485
1.0,682,24.51163
0.0,1000,24.558751
0.0,1000,24.60548
0.0,1000,24.65263
0.0,1000,24.69979
0.0,1000,24.746989
0.0,1000,24.794302
0.0,1000,24.841475
0.0,1000,24.888609
0.0,1000,24.935815
0.0,1000,24.982911
0.0,1000,25.02975
0.0,1000,25.076957
0.0,1000,25.124216
0.0,1000,25.171542
1.0,324,25.187061
0.0,1000,25.234106
0.0,1000,25.28149
1.0,874,25.322869
0.0,1000,25.370092
1.0,161,25.377811
0.0,1000,25.424951
0.0,1000,25.472113
0.0,1000,25.51846
0.0,1000,25.565702
0.0,1000,25.612833
0.0,1000,25.659717
0.0,1000,25.706464
1.0,669,25.738099
0.0,1000,25.790418
0.0,1000,25.839334
0.0,1000,25.887558
0.0,1000,25.935518
0.0,1000,25.983066
0.0,1000,26.031097
0.0,1000,26.079232
0.0,1000,26.127508
0.0,1000,26.175478
1.0,879,26.217702
1.0,236,26.229053
1.0,189,26.238321
1.0,992,26.285679
0.0,1000,26.33325
0.0,1000,26.381292
0.0,1000,26.429003
0.0,1000,26.476248
0.0,1000,26.524475
0.0,1000,26.571689
0.0,1000,26.619355
0.0,1000,26.666769
1.0,63,26.669959
0.0,1000,26.717357
0.0,1000,26.765267
0.0,1000,26.813001
0.0,1000,26.860849
0.0,1000,26.908662
0.0,1000,26.95529
0.0,1000,27.002847
1.0,724,27.037342
1.0,639,27.067955
0.0,1000,27.11526
0.0,1000,27.162263
1.0,620,27.192127
0.0,1000,27.239332
0.0,1000,27.287197
0.0,1000,27.334859
0.0,1000,27.382638
0.0,1000,27.430188
0.0,1000,27.477535
0.0,1000,27.524714
0.0,1000,27.571866
0.0,1000,27.619008
0.0,1000,27.666188
0.0,1000,27.713344
0.0,1000,27.761178
0.0,1000,27.808526
0.0,1000,27.855734
1.0,685,27.8881
0.0,1000,27.935354
0.0,1000,27.982146
0.0,1000,28.029493
1.0,968,28.075056
1.0,775,28.112051
0.0,1000,28.159202
0.0,1000,28.206814
0.0,1000,28.254332
0.0,1000,28.301436
0.0,1000,28.349123
0.0,1000,28.396492
0.0,1000,28.443498
0.0,1000,28.490656
1.0,342,28.50689
0.0,1000,28.553936
0.0,1000,28.601344
0.0,1000,28.648381
0.0,1000,28.695346
0.0,1000,28.742342
0.0,1000,28.789449
1.0,578,28.816798
0.0,1000,28.863749
0.0,1000,28.910697
0.0,1000,28.957635
0.0,1000,29.004462
0.0,1000,29.051792
0.0,1000,29.098259
0.0,1000,29.145434
0.0,1000,29.192675
0.0,1000,29.239631
0.0,1000,29.286919
1.0,366,29.304204
0.0,1000,29.351397
0.0,1000,29.398434
0.0,1000,29.446003
0.0,1000,29.493453
0.0,1000,29.540367
0.0,1000,29.587748
0.0,1000,29.635134
0.0,1000,29.682508
1.0,829,29.721565
1.0,510,29.745601
1.0,557,29.771818
1.0,627,29.801292
0.0,1000,29.848842
0.0,1000,29.896306
0.0,1000,29.943721
0.0,1000,29.990706
0.0,1000,30.038009
0.0,1000,30.085713
0.0,1000,30.132649
0.0,1000,30.179532
1.0,151,30.186774
1.0,929,30.230503
0.0,1000,30.277828
0.0,1000,30.324716
0.0,1000,30.372174
1.0,400,30.391046
0.0,1000,30.438823
0.0,1000,30.486274
0.0,1000,30.533577
1.0,512,30.557801
1.0,25,30.559085
0.0,1000,30.606276
0.0,1000,30.653873
0.0,1000,30.70077
0.0,1000,30.748369
0.0,1000,30.795626
0.0,1000,30.843223
0.0,1000,30.890667
0.0,1000,30.937869
0.0,1000,30.984927
1.0,291,30.998807
1.0,144,31.00574
0.0,1000,31.053402
0.0,1000,31.100876
0.0,1000,31.148265
0.0,1000,31.1958
0.0,1000,31.243283
0.0,1000,31.290658
1.0,80,31.294629
0.0,1000,31.341923
0.0,1000,31.389058
1.0,836,31.428452
0.0,1000,31.475955
0.0,1000,31.523597
0.0,1000,31.570572
0.0,1000,31.617921
0.0,1000,31.665098
0.0,1000,31.712518
0.0,1000,31.759555
0.0,1000,31.806786
0.0,1000,31.853863
0.0,1000,31.901069
0.0,1000,31.948548
0.0,1000,31.9958
0.0,1000,32.042874
0.0,1000,32.090438
0.0,1000,32.137926
0.0,1000,32.185252
0.0,1000,32.23266
0.0,1000,32.280122
0.0,1000,32.327419
0.0,1000,32.374653
0.0,1000,32.42214
0.0,1000,32.469658
0.0,1000,32.516956
0.0,1000,32.564267
0.0,1000,32.611732
0.0,1000,32.659466
0.0,1000,32.706694
0.0,1000,32.753878
0.0,1000,32.80105
0.0,1000,32.848198
0.0,1000,32.895835
0.0,1000,32.942569
0.0,1000,32.989533
0.0,1000,33.036795
0.0,1000,33.084192
0.0,1000,33.131838
0.0,1000,33.179282
0.0,1000,33.226489
0.0,1000,33.273733
1.0,471,33.296166
0.0,1000,33.34329
0.0,1000,33.390687
0.0,1000,33.438462
0.0,1000,33.485814
0.0,1000,33.53337
0.0,1000,33.580518
0.0,1000,33.627829
0.0,1000,33.674866
0.0,1000,33.722173
1.0,553,33.748288
0.0,1000,33.795684
1.0,392,33.814517
0.0,1000,33.862196
0.0,1000,33.909423
0.0,1000,33.956374
0.0,1000,34.003774
1.0,824,34.042798
1.0,380,34.060893
1.0,175,34.069243
0.0,1000,34.116416
0.0,1000,34.164035
1.0,527,34.18891
0.0,1000,34.236004
0.0,1000,34.283062
0.0,1000,34.330795
0.0,1000,34.378296
0.0,1000,34.425736
0.0,1000,34.472646
1.0,439,34.493452
1.0,543,34.519199
0.0,1000,34.566318
0.0,1000,34.613632
0.0,1000,34.660825
0.0,1000,34.708265
0.0,1000,34.755765
0.0,1000,34.803256
0.0,1000,34.850388
1.0,759,34.886186
0.0,1000,34.933224
0.0,1000,34.980291
0.0,1000,35.027586
0.0,1000,35.073914
0.0,1000,35.121315
0.0,1000,35.168675
0.0,1000,35.216164
0.0,1000,35.263474
0.0,1000,35.310688
1.0,710,35.344128
0.0,1000,35.391256
0.0,1000,35.443221
0.0,1000,35.492505
0.0,1000,35.540424
1.0,685,35.57386
0.0,1000,35.622594
0.0,1000,35.6708
0.0,1000,35.719095
0.0,1000,35.767076
1.0,358,35.784543
0.0,1000,35.832312
0.0,1000,35.88028
0.0,1000,35.928377
0.0,1000,35.975999
0.0,1000,36.023695
0.0,1000,36.071628
0.0,1000,36.119226
0.0,1000,36.1675
1.0,384,36.186194
0.0,1000,36.234001
0.0,1000,36.281729
1.0,527,36.306748
0.0,1000,36.35456
0.0,1000,36.401168
0.0,1000,36.44943
1.0,299,36.463805
0.0,1000,36.511759
0.0,1000,36.55992
1.0,792,36.597873
0.0,1000,36.644935
1.0,63,36.648075
0.0,1000,36.6956
0.0,1000,36.743115
0.0,1000,36.790684
0.0,1000,36.83855
0.0,1000,36.886138
0.0,1000,36.933759
0.0,1000,36.981586
0.0,1000,37.028648
0.0,1000,37.075914
1.0,201,37.085656
1.0,814,37.124138
0.0,1000,37.171691
0.0,1000,37.217427
0.0,1000,37.26489
0.0,1000,37.312586
0.0,1000,37.359719
0.0,1000,37.407763
1.0,512,37.432088
1.0,872,37.473455
1.0,868,37.514394
1.0,719,37.548492
0.0,1000,37.595787
0.0,1000,37.642979
0.0,1000,37.690564
1.0,926,37.734597
0.0,1000,37.781953
0.0,1000,37.82958
1.0,134,37.836008
0.0,1000,37.882821
1.0,167,37.890833
0.0,1000,37.938007
1.0,717,37.972312
0.0,1000,38.019842
0.0,1000,38.067227
0.0,1000,38.114632
0.0,1000,38.162358
0.0,1000,38.209661
1.0,606,38.238435
0.0,1000,38.2853
0.0,1000,38.332464
1.0,298,38.34672
0.0,1000,38.394171
0.0,1000,38.441199
0.0,1000,38.488775
0.0,1000,38.535991
0.0,1000,38.583217
0.0,1000,38.63037
0.0,1000,38.67734
0.0,1000,38.724413
0.0,1000,38.77152
0.0,1000,38.81871
0.0,1000,38.866466
0.0,1000,38.91385
0.0,1000,38.961461
0.0,1000,39.009066
0.0,1000,39.056736
0.0,1000,39.104169
1.0,859,39.144831
1.0,536,39.170249
0.0,1000,39.217416
0.0,1000,39.26449
0.0,1000,39.312142
1.0,892,39.35438
0.0,1000,39.401988
0.0,1000,39.452413
0.0,1000,39.504512
0.0,1000,39.556386
1.0,596,39.585479
1.0,457,39.607267
0.0,1000,39.654257
0.0,1000,39.701277
0.0,1000,39.748734
0.0,1000,39.795129
0.0,1000,39.842668
0.0,1000,39.890264
0.0,1000,39.937545
0.0,1000,39.984784
1.0,468,40.006929
1.0,518,40.031659
0.0,1000,40.078657
1.0,428,40.098907
0.0,1000,40.145955
0.0,1000,40.193312
0.0,1000,40.24094
1.0,963,40.28651
0.0,1000,40.334232
0.0,1000,40.38124
0.0,1000,40.428388
1.0,851,40.468528
1.0,727,40.502899
1.0,823,40.541656
0.0,1000,40.589281
0.0,1000,40.636635
0.0,1000,40.684028
1.0,502,40.707913
0.0,1000,40.755565
0.0,1000,40.802979
1.0,908,40.845766
0.0,1000,40.892697
0.0,1000,40.939568
0.0,1000,40.986409
0.0,1000,41.033653
0.0,1000,41.081049
0.0,1000,41.128282
0.0,1000,41.17544
0.0,1000,41.22264
0.0,1000,41.270072
0.0,1000,41.317259
1.0,892,41.359291
1.0,392,41.377836
1.0,678,41.409937
1.0,429,41.430362
0.0,1000,41.477897
0.0,1000,41.524696
0.0,1000,41.572039
0.0,1000,41.61944
0.0,1000,41.667232
1.0,843,41.70713
1.0,565,41.733934
1.0,664,41.765627
1.0,702,41.798854
1.0,780,41.835838
0.0,1000,41.883174
0.0,1000,41.930665
1.0,824,41.969502
0.0,1000,42.017026
0.0,1000,42.064387
1.0,354,42.081215
0.0,1000,42.128243
1.0,778,42.164786
1.0,485,42.187743
1.0,719,42.221954
0.0,1000,42.268918
0.0,1000,42.316221
1.0,640,42.346569
0.0,1000,42.393743
0.0,1000,42.440943
1.0,969,42.486626
0.0,1000,42.533448
1.0,337,42.549452
0.0,1000,42.596461
0.0,1000,42.643517
0.0,1000,42.690886
0.0,1000,42.738133
0.0,1000,42.785676
0.0,1000,42.833301
0.0,1000,42.880724
0.0,1000,42.928024
0.0,1000,42.975117
0.0,1000,43.021962
1.0,212,43.032032
0.0,1000,43.079189
0.0,1000,43.126705
0.0,1000,43.173876
0.0,1000,43.220984
0.0,1000,43.267964
0.0,1000,43.315251
1.0,716,43.348976
0.0,1000,43.396111
1.0,229,43.406973
1.0,168,43.414858
0.0,1000,43.462092
0.0,1000,43.509199
0.0,1000,43.556471
0.0,1000,43.604077
0.0,1000,43.6515
0.0,1000,43.698792
0.0,1000,43.745831
1.0,606,43.774486
1.0,147,43.781547
1.0,624,43.811084
0.0,1000,43.858532
0.0,1000,43.905778
0.0,1000,43.952761
1.0,320,43.968051
0.0,1000,44.015475
0.0,1000,44.062501
0.0,1000,44.109865
0.0,1000,44.156651
0.0,1000,44.203471
0.0,1000,44.250557
0.0,1000,44.297802
0.0,1000,44.345033
0.0,1000,44.392246
0.0,1000,44.43956
0.0,1000,44.486735
0.0,1000,44.534284
1.0,997,44.58128
1.0,504,44.605112
0.0,1000,44.652205
0.0,1000,44.699143
0.0,1000,44.746468
0.0,1000,44.793587
0.0,1000,44.84075
0.0,1000,44.887873
0.0,1000,44.935321
0.0,1000,44.982423
0.0,1000,45.029513
0.0,1000,45.076445
1.0,714,45.110272
0.0,1000,45.157193
0.0,1000,45.204463
0.0,1000,45.251506
0.0,1000,45.298771
0.0,1000,45.346344
0.0,1000,45.39353
0.0,1000,45.440642
0.0,1000,45.487864
1.0,992,45.534834
0.0,1000,45.581945
0.0,1000,45.628896
0.0,1000,45.67619
0.0,1000,45.723427
0.0,1000,45.770757
1.0,981,45.817167
0.0,1000,45.864539
0.0,1000,45.911764
1.0,682,45.944193
1.0,350,45.96073
1.0,189,45.969758
1.0,593,45.997871
0.0,1000,46.04532
0.0,1000,46.092546
0.0,1000,46.140081
0.0,1000,46.18754
0.0,1000,46.234827
0.0,1000,46.282253
0.0,1000,46.329512
0.0,1000,46.376671
1.0,795,46.414128
0.0,1000,46.461224
0.0,1000,46.508558
0.0,1000,46.555826
0.0,1000,46.60322
0.0,1000,46.65047
0.0,1000,46.697867
0.0,1000,46.745338
0.0,1000,46.792648
0.0,1000,46.839644
1.0,346,46.855958
1.0,793,46.893239
0.0,1000,46.940676
0.0,1000,46.98785
0.0,1000,47.034968
1.0,266,47.047652
0.0,1000,47.094924
0.0,1000,47.14159
0.0,1000,47.18902
0.0,1000,47.236327
0.0,1000,47.283533
1.0,296,47.297607
1.0,391,47.316306
0.0,1000,47.363779
0.0,1000,47.411391
0.0,1000,47.459062
0.0,1000,47.506164
0.0,1000,47.553628
0.0,1000,47.60088
0.0,1000,47.648028
1.0,808,47.685982
1.0,637,47.716133
0.0,1000,47.763602
0.0,1000,47.811019
0.0,1000,47.858468
0.0,1000,47.906085
0.0,1000,47.953504
0.0,1000,48.00597
1.0,154,48.014079
0.0,1000,48.062284
1.0,915,48.106715
0.0,1000,48.155061
0.0,1000,48.203899
0.0,1000,48.252682
0.0,1000,48.301998
0.0,1000,48.350533
0.0,1000,48.399004
0.0,1000,48.447504
0.0,1000,48.494996
1.0,578,48.522573
0.0,1000,48.569904
1.0,949,48.615239
0.0,1000,48.663337
0.0,1000,48.710506
0.0,1000,48.757901
1.0,915,48.801818
0.0,1000,48.84942
0.0,1000,48.896983
1.0,683,48.92956
0.0,1000,48.977031
0.0,1000,49.024405
1.0,891,49.066511
1.0,309,49.081329
0.0,1000,49.129113
0.0,1000,49.176653
1.0,736,49.21183
0.0,1000,49.259431
0.0,1000,49.306672
0.0,1000,49.354022
0.0,1000,49.401157
0.0,1000,49.44837
1.0,254,49.460499
0.0,1000,49.507537
0.0,1000,49.55485
0.0,1000,49.602329
0.0,1000,49.64967
0.0,1000,49.696924
0.0,1000,49.744209
1.0,118,49.750041
1.0,273,49.763098
1.0,829,49.801983
0.0,1000,49.849158
0.0,1000,49.89646
0.0,1000,49.943946
0.0,1000,49.99122
0.0,1000,50.038955
0.0,1000,50.086348
0.0,1000,50.133745
1.0,453,50.155106
1.0,505,50.179035
1.0,825,50.217925
1.0,805,50.255979
0.0,1000,50.303542
0.0,1000,50.350848
0.0,1000,50.398207
1.0,486,50.421292
0.0,1000,50.468649
0.0,1000,50.516093
0.0,1000,50.563268
1.0,512,50.587638
1.0,767,50.623653
0.0,1000,50.671062
0.0,1000,50.718761
0.0,1000,50.766001
0.0,1000,50.813561
1.0,282,50.82702
0.0,1000,50.874391
0.0,1000,50.921372
1.0,291,50.935045
1.0,215,50.945287
0.0,1000,50.99207
1.0,116,50.997665
1.0,673,51.029678
0.0,1000,51.077553
0.0,1000,51.125201
0.0,1000,51.172575
0.0,1000,51.219988
0.0,1000,51.267762
0.0,1000,51.315068
0.0,1000,51.361992
0.0,1000,51.408834
0.0,1000,51.456079
0.0,1000,51.503664
0.0,1000,51.550766
1.0,999,51.59797
0.0,1000,51.645325
0.0,1000,51.692797
0.0,1000,51.740086
1.0,634,51.770145
1.0,872,51.811108
1.0,73,51.814736
1.0,727,51.84882
0.0,1000,51.896125
0.0,1000,51.943477
0.0,1000,51.990753
0.0,1000,52.037849
0.0,1000,52.085009
0.0,1000,52.132221
1.0,454,52.153754
1.0,476,52.176093
1.0,329,52.191561
1.0,560,52.217814
0.0,1000,52.265103
0.0,1000,52.312218
1.0,573,52.339536
0.0,1000,52.386606
0.0,1000,52.433899
0.0,1000,52.481389
1.0,371,52.499035
1.0,653,52.529844
1.0,187,52.538662
1.0,559,52.565053
1.0,973,52.611069
0.0,1000,52.657905
0.0,1000,52.705289
0.0,1000,52.752539
0.0,1000,52.799849
0.0,1000,52.847186
0.0,1000,52.894494
1.0,516,52.918923
0.0,1000,52.966176
1.0,628,52.995924
0.0,1000,53.043369
0.0,1000,53.09083
0.0,1000,53.138457
1.0,689,53.171134
0.0,1000,53.218525
0.0,1000,53.265741
0.0,1000,53.313162
1.0,353,53.329871
1.0,572,53.356825
1.0,509,53.380883
0.0,1000,53.428465
0.0,1000,53.475485
0.0,1000,53.523172
0.0,1000,53.570401
0.0,1000,53.617813
0.0,1000,53.665333
1.0,508,53.689454
0.0,1000,53.736623
0.0,1000,53.783992
1.0,564,53.810611
0.0,1000,53.858165
0.0,1000,53.905428
0.0,1000,53.953321
0.0,1000,54.000657
0.0,1000,54.048043
0.0,1000,54.095633
1.0,530,54.120857
1.0,115,54.126358
0.0,1000,54.173171
1.0,560,54.199671
0.0,1000,54.246901
1.0,914,54.289769
0.0,1000,54.33712
0.0,1000,54.384315
0.0,1000,54.431724
0.0,1000,54.478927
0.0,1000,54.525964
0.0,1000,54.573167
1.0,351,54.589838
0.0,1000,54.63665
1.0,899,54.679268
0.0,1000,54.726632
1.0,513,54.750971
1.0,867,54.791605
0.0,1000,54.838116
0.0,1000,54.885584
1.0,702,54.918951
1.0,685,54.951353
1.0,413,54.970921
0.0,1000,55.018474
1.0,377,55.036557
0.0,1000,55.083881
0.0,1000,55.131512
1.0,861,55.172295
0.0,1000,55.219837
0.0,1000,55.267413
1.0,316,55.282362
1.0,366,55.299719
1.0,984,55.345986
1.0,511,55.370101
0.0,1000,55.417384
0.0,1000,55.464679
0.0,1000,55.512015
0.0,1000,55.559507
0.0,1000,55.606975
0.0,1000,55.654302
1.0,233,55.665416
1.0,595,55.693486
0.0,1000,55.740594
0.0,1000,55.787698
0.0,1000,55.835132
0.0,1000,55.882595
1.0,620,55.912077
0.0,1000,55.959355
0.0,1000,56.006641
0.0,1000,56.053876
1.0,729,56.088376
1.0,58,56.09122
0.0,1000,56.137947
0.0,1000,56.184958
0.0,1000,56.232277
1.0,977,56.278297
0.0,1000,56.325598
0.0,1000,56.372941
0.0,1000,56.420148
0.0,1000,56.467944
1.0,943,56.512122
0.0,1000,56.55927
0.0,1000,56.606322
0.0,1000,56.6531
1.0,572,56.680155
0.0,1000,56.727199
0.0,1000,56.773349
0.0,1000,56.820462
0.0,1000,56.867646
0.0,1000,56.914954
0.0,1000,56.962128
0.0,1000,57.009015
1.0,176,57.017473
1.0,250,57.029318
1.0,751,57.064859
0.0,1000,57.112152
0.0,1000,57.159608
0.0,1000,57.206866
0.0,1000,57.254006
1.0,897,57.295291
1.0,506,57.319225
1.0,563,57.345866
1.0,477,57.368555
0.0,1000,57.415853
0.0,1000,57.463184
0.0,1000,57.510546
0.0,1000,57.557874
0.0,1000,57.605165
0.0,1000,57.652608
0.0,1000,57.699985
0.0,1000,57.746938
1.0,748,57.782112
0.0,1000,57.82922
1.0,561,57.855989
0.0,1000,57.903344
0.0,1000,57.950702
0.0,1000,57.998002
0.0,1000,58.045293
0.0,1000,58.092786
0.0,1000,58.140087
1.0,560,58.166523
1.0,476,58.189063
0.0,1000,58.236203
0.0,1000,58.283231
1.0,758,58.319294
0.0,1000,58.366645
0.0,1000,58.41287
0.0,1000,58.460374
0.0,1000,58.50782
0.0,1000,58.555542
0.0,1000,58.602729
0.0,1000,58.650232
1.0,724,58.684121
0.0,1000,58.73104
0.0,1000,58.778398
0.0,1000,58.826122
0.0,1000,58.873389
0.0,1000,58.920792
0.0,1000,58.968026
0.0,1000,59.014986
1.0,789,59.052107
1.0,842,59.09182
1.0,624,59.121303
0.0,1000,59.168375
1.0,250,59.180346
0.0,1000,59.227788
0.0,1000,59.275185
0.0,1000,59.322268
0.0,1000,59.369687
0.0,1000,59.417254
0.0,1000,59.464399
1.0,152,59.471699
1.0,386,59.489953
0.0,1000,59.53676
1.0,582,59.564284
0.0,1000,59.611208
0.0,1000,59.658592
0.0,1000,59.70596
0.0,1000,59.753238
0.0,1000,59.799822
0.0,1000,59.846882
1.0,490,59.870038
0.0,1000,59.916985
1.0,198,59.926437
1.0,321,59.941635
0.0,1000,59.988876
0.0,1000,60.036369
0.0,1000,60.083662
0.0,1000,60.130886
0.0,1000,60.177442
1.0,824,60.21655
1.0,949,60.26119
1.0,125,60.267233
0.0,1000,60.314037
0.0,1000,60.361138
0.0,1000,60.408484
0.0,1000,60.456014
0.0,1000,60.503265
0.0,1000,60.550702
0.0,1000,60.597715
1.0,160,60.605414
1.0,294,60.619303
1.0,279,60.632515
1.0,296,60.646664
0.0,1000,60.694322
0.0,1000,60.741174
1.0,619,60.770526
0.0,1000,60.817711
0.0,1000,60.864655
0.0,1000,60.911881
1.0,564,60.938404
0.0,1000,60.985069
1.0,313,61.000006
1.0,219,61.010415
0.0,1000,61.057752
0.0,1000,61.105156
0.0,1000,61.152567
0.0,1000,61.199565
1.0,677,61.231025
0.0,1000,61.278287
0.0,1000,61.325472
0.0,1000,61.372254
0.0,1000,61.419069
0.0,1000,61.466269
0.0,1000,61.513381
0.0,1000,61.560529
0.0,1000,61.607837
0.0,1000,61.655111
0.0,1000,61.702131
0.0,1000,61.749429
1.0,302,61.763701
0.0,1000,61.810633
1.0,59,61.813517
1.0,82,61.817464
0.0,1000,61.864585
1.0,727,61.89906
0.0,1000,61.94639
0.0,1000,61.9936
0.0,1000,62.040731
0.0,1000,62.088034
1.0,611,62.11698
1.0,136,62.12344
0.0,1000,62.170188
0.0,1000,62.217034
0.0,1000,62.264072
0.0,1000,62.311601
0.0,1000,62.358661
0.0,1000,62.406066
0.0,1000,62.453327
0.0,1000,62.50078
1.0,313,62.515698
1.0,270,62.528455
0.0,1000,62.575587
0.0,1000,62.622583
0.0,1000,62.670078
0.0,1000,62.717634
0.0,1000,62.765177
0.0,1000,62.812502
0.0,1000,62.859918
0.0,1000,62.905951
0.0,1000,62.953312
0.0,1000,63.000408
1.0,145,63.007415
1.0,640,63.037812
1.0,972,63.083787
0.0,1000,63.131349
0.0,1000,63.178954
0.0,1000,63.226599
0.0,1000,63.273904
0.0,1000,63.321442
1.0,376,63.339356
0.0,1000,63.38658
0.0,1000,63.433853
0.0,1000,63.480837
0.0,1000,63.528609
0.0,1000,63.575836
0.0,1000,63.62349
1.0,373,63.641168
0.0,1000,63.688681
0.0,1000,63.735896
0.0,1000,63.78295
1.0,915,63.825864
1.0,77,63.82964
0.0,1000,63.876536
1.0,603,63.905294
0.0,1000,63.952708
0.0,1000,64.000027
0.0,1000,64.047404
0.0,1000,64.094735
0.0,1000,64.142622
0.0,1000,64.189901
0.0,1000,64.236975
1.0,578,64.264136
1.0,325,64.279538
0.0,1000,64.332096
0.0,1000,64.382049
0.0,1000,64.431589
0.0,1000,64.480078
0.0,1000,64.528598
0.0,1000,64.576875
0.0,1000,64.625367
0.0,1000,64.672982
0.0,1000,64.720671
0.0,1000,64.768448
1.0,543,64.794817
0.0,1000,64.842697
0.0,1000,64.890773
1.0,199,64.900566
0.0,1000,64.94851
0.0,1000,64.996287
1.0,856,65.037048
1.0,512,65.061453
1.0,237,65.072938
0.0,1000,65.120011
0.0,1000,65.168069
0.0,1000,65.215403
1.0,979,65.262004
0.0,1000,65.309981
0.0,1000,65.357764
0.0,1000,65.405881
1.0,609,65.435128
1.0,1000,65.482324
1.0,397,65.501248
1.0,179,65.509899
0.0,1000,65.557854
0.0,1000,65.60552
0.0,1000,65.653193
0.0,1000,65.700991
0.0,1000,65.748675
0.0,1000,65.796528
1.0,879,65.838124
1.0,435,65.85903
1.0,41,65.861094
1.0,386,65.879529
0.0,1000,65.927193
0.0,1000,65.974852
0.0,1000,66.023035
1.0,735,66.058074
0.0,1000,66.10606
0.0,1000,66.153405
0.0,1000,66.201052
1.0,670,66.232668
0.0,1000,66.280017
1.0,210,66.290139
0.0,1000,66.337681
0.0,1000,66.38549
0.0,1000,66.433185
0.0,1000,66.480555
0.0,1000,66.528015
0.0,1000,66.575611
1.0,218,66.586172
1.0,474,66.608795
1.0,305,66.623224
1.0,188,66.632287
0.0,1000,66.680013
0.0,1000,66.727605
1.0,276,66.740863
0.0,1000,66.788533
0.0,1000,66.835947
0.0,1000,66.883616
1.0,418,66.903482
0.0,1000,66.950642
1.0,487,66.973744
1.0,232,66.984824
0.0,1000,67.032269
0.0,1000,67.079973
0.0,1000,67.127135
0.0,1000,67.174845
0.0,1000,67.222092
0.0,1000,67.269773
1.0,778,67.306512
1.0,76,67.310196
1.0,131,67.316365
1.0,735,67.351134
0.0,1000,67.398631
0.0,1000,67.446052
0.0,1000,67.493853
0.0,1000,67.541146
0.0,1000,67.588839
0.0,1000,67.636266
1.0,301,67.650581
0.0,1000,67.697739
0.0,1000,67.744572
1.0,796,67.782284
1.0,992,67.829684
0.0,1000,67.877141
0.0,1000,67.92452
0.0,1000,67.971869
0.0,1000,68.01928
0.0,1000,68.066949
0.0,1000,68.114197
1.0,564,68.140823
0.0,1000,68.187871
0.0,1000,68.235291
0.0,1000,68.282801
0.0,1000,68.330369
0.0,1000,68.377707
0.0,1000,68.425729
0.0,1000,68.472965
0.0,1000,68.520325
1.0,246,68.532118
0.0,1000,68.579144
1.0,139,68.585812
1.0,108,68.591017
0.0,1000,68.638528
0.0,1000,68.68612
0.0,1000,68.733896
0.0,1000,68.781209
0.0,1000,68.828408
0.0,1000,68.875785
0.0,1000,68.923101
0.0,1000,68.970362
0.0,1000,69.017593
0.0,1000,69.064733
1.0,554,69.091156
0.0,1000,69.138389
0.0,1000,69.184832
1.0,913,69.228529
0.0,1000,69.275743
0.0,1000,69.323093
1.0,260,69.33552
0.0,1000,69.382479
1.0,415,69.402143
1.0,330,69.417749
0.0,1000,69.465152
0.0,1000,69.512379
0.0,1000,69.559716
0.0,1000,69.606954
0.0,1000,69.654287
0.0,1000,69.701718
1.0,624,69.731153
1.0,741,69.766021
1.0,498,69.789549
1.0,150,69.79674
0.0,1000,69.84415
0.0,1000,69.891348
0.0,1000,69.93864
0.0,1000,69.985898
0.0,1000,70.033217
0.0,1000,70.080593
1.0,419,70.100412
1.0,862,70.140987
1.0,553,70.166986
0.0,1000,70.214072
0.0,1000,70.26167
0.0,1000,70.308686
0.0,1000,70.356107
0.0,1000,70.403124
0.0,1000,70.450737
0.0,1000,70.497802
1.0,344,70.514165
1.0,166,70.522065
0.0,1000,70.568869
1.0,312,70.583632
0.0,1000,70.631031
0.0,1000,70.678329
0.0,1000,70.725905
0.0,1000,70.773082
0.0,1000,70.820464
0.0,1000,70.867139
1.0,206,70.876994
1.0,87,70.88117
1.0,807,70.919127
1.0,253,70.931107
1.0,855,70.971446
1.0,344,70.987953
0.0,1000,71.035038
0.0,1000,71.082126
0.0,1000,71.129461
0.0,1000,71.176547
1.0,932,71.220224
0.0,1000,71.267353
1.0,488,71.290524
1.0,124,71.296452
1.0,402,71.315547
1.0,701,71.348603
0.0,1000,71.395211
0.0,1000,71.442644
0.0,1000,71.490043
0.0,1000,71.537658
0.0,1000,71.584984
1.0,170,71.593121
1.0,684,71.625453
0.0,1000,71.672332
1.0,756,71.708202
0.0,1000,71.755568
0.0,1000,71.802852
0.0,1000,71.850308
0.0,1000,71.897657
0.0,1000,71.945056
0.0,1000,71.99184
1.0,192,72.001086
0.0,1000,72.048067
0.0,1000,72.095337
0.0,1000,72.142525
0.0,1000,72.189732
1.0,756,72.225749
0.0,1000,72.272705
0.0,1000,72.319943
0.0,1000,72.367534
0.0,1000,72.414864
1.0,126,72.420972
1.0,857,72.46127
1.0,596,72.489416
0.0,1000,72.536894
1.0,872,72.578048
0.0,1000,72.625506
1.0,362,72.642785
0.0,1000,72.690214
0.0,1000,72.737389
1.0,196,72.746759
1.0,142,72.753515
1.0,157,72.760982
1.0,152,72.76821
0.0,1000,72.815519
0.0,1000,72.862616
0.0,1000,72.909965
0.0,1000,72.957508
0.0,1000,73.004698
0.0,1000,73.050841
1.0,737,73.085699
0.0,1000,73.132879
1.0,632,73.162655
0.0,1000,73.209611
1.0,968,73.255298
0.0,1000,73.30251
0.0,1000,73.350158
0.0,1000,73.397917
0.0,1000,73.445267
0.0,1000,73.492916
0.0,1000,73.540246
1.0,294,73.554266
0.0,1000,73.601255
1.0,356,73.618307
0.0,1000,73.66582
0.0,1000,73.713272
0.0,1000,73.760821
0.0,1000,73.808254
0.0,1000,73.85563
0.0,1000,73.903057
1.0,158,73.910842
1.0,374,73.928529
1.0,49,73.930936
1.0,966,73.976403
0.0,1000,74.023797
0.0,1000,74.071372
1.0,542,74.097272
1.0,789,74.134899
0.0,1000,74.182586
0.0,1000,74.230469
1.0,722,74.264699
0.0,1000,74.311885
1.0,123,74.317909
1.0,293,74.331909
0.0,1000,74.379526
0.0,1000,74.426868
0.0,1000,74.474562
1.0,535,74.499947
0.0,1000,74.54772
0.0,1000,74.595148
1.0,341,74.611565
1.0,727,74.64609
1.0,794,74.683769
0.0,1000,74.730835
0.0,1000,74.778461
0.0,1000,74.825877
0.0,1000,74.873432
0.0,1000,74.921069
0.0,1000,74.968447
0.0,1000,75.015844
0.0,1000,75.062839
1.0,966,75.108248
1.0,777,75.144859
1.0,150,75.152226
0.0,1000,75.199476
0.0,1000,75.247141
0.0,1000,75.294475
1.0,405,75.31366
0.0,1000,75.36107
0.0,1000,75.408786
0.0,1000,75.455891
1.0,443,75.4768
1.0,211,75.486806
1.0,214,75.496972
0.0,1000,75.54426
0.0,1000,75.591846
0.0,1000,75.63883
1.0,647,75.669638
0.0,1000,75.717042
0.0,1000,75.76463
1.0,674,75.796646
1.0,699,75.82953
1.0,299,75.843867
1.0,206,75.853859
0.0,1000,75.901162
0.0,1000,75.948126
1.0,873,75.989549
0.0,1000,76.03716
0.0,1000,76.084589
0.0,1000,76.131932
1.0,983,76.178368
0.0,1000,76.225206
0.0,1000,76.272403
0.0,1000,76.319456
0.0,1000,76.367063
0.0,1000,76.414474
0.0,1000,76.462072
0.0,1000,76.509566
0.0,1000,76.556767
0.0,1000,76.604001
0.0,1000,76.650962
1.0,595,76.678988
1.0,373,76.696625
0.0,1000,76.743441
0.0,1000,76.790725
0.0,1000,76.838201
0.0,1000,76.885115
1.0,469,76.907336
0.0,1000,76.954694
0.0,1000,77.002141
1.0,908,77.045068
0.0,1000,77.092
0.0,1000,77.138625
1.0,420,77.158585
1.0,964,77.204152
0.0,1000,77.251476
0.0,1000,77.298793
0.0,1000,77.346
0.0,1000,77.393458
0.0,1000,77.447779
0.0,1000,77.501759
1.0,396,77.523289
1.0,775,77.565098
1.0,952,77.616548
1.0,698,77.654343
0.0,1000,77.708274
0.0,1000,77.762641
0.0,1000,77.817065
0.0,1000,77.869656
0.0,1000,77.917151
1.0,917,77.960441
0.0,1000,78.007728
1.0,217,78.017943
0.0,1000,78.064969
0.0,1000,78.112298
0.0,1000,78.159495
0.0,1000,78.206846
0.0,1000,78.254431
0.0,1000,78.301802
0.0,1000,78.349169
1.0,317,78.364211
0.0,1000,78.411071
1.0,336,78.426947
1.0,799,78.464264
0.0,1000,78.511769
0.0,1000,78.558972
0.0,1000,78.60619
0.0,1000,78.653561
1.0,930,78.697616
0.0,1000,78.745265
1.0,634,78.775111
1.0,920,78.81844
0.0,1000,78.865562
1.0,240,78.876813
1.0,540,78.90247
0.0,1000,78.949778
1.0,815,78.988141
0.0,1000,79.035288
0.0,1000,79.082425
0.0,1000,79.129782
1.0,573,79.156855
1.0,717,79.190758
1.0,401,79.209589
1.0,177,79.218088
1.0,610,79.246943
0.0,1000,79.29437
0.0,1000,79.341648
1.0,859,79.382389
0.0,1000,79.429739
0.0,1000,79.47718
1.0,584,79.50477
1.0,530,79.529909
1.0,150,79.537156
0.0,1000,79.584018
0.0,1000,79.631141
0.0,1000,79.678913
0.0,1000,79.726545
1.0,589,79.754637
0.0,1000,79.802309
0.0,1000,79.849133
0.0,1000,79.896523
1.0,550,79.922479
1.0,514,79.946721
1.0,280,79.959944
1.0,526,79.984815
1.0,971,80.030734
0.0,1000,80.077809
0.0,1000,80.124973
0.0,1000,80.172391
0.0,1000,80.219735
1.0,160,80.227376
1.0,413,80.24676
1.0,754,80.282336
1.0,488,80.305327
1.0,455,80.326966
0.0,1000,80.374288
0.0,1000,80.421635
0.0,1000,80.46898
0.0,1000,80.516229
0.0,1000,80.564408
1.0,392,80.582906
1.0,439,80.603605
1.0,27,80.604981
0.0,1000,80.651977
1.0,496,80.675623
0.0,1000,80.722765
0.0,1000,80.769931
0.0,1000,80.817229
0.0,1000,80.864259
0.0,1000,80.911636
1.0,338,80.927682
1.0,285,80.941077
1.0,397,80.959827
1.0,97,80.964477
1.0,685,80.996709
0.0,1000,81.043645
1.0,764,81.07977
0.0,1000,81.127233
0.0,1000,81.174656
0.0,1000,81.221954
1.0,137,81.22858
1.0,490,81.251729
1.0,432,81.272082
1.0,704,81.305516
0.0,1000,81.352867
0.0,1000,81.399961
0.0,1000,81.447107
1.0,581,81.474639
0.0,1000,81.522069
0.0,1000,81.569382
1.0,380,81.587416
0.0,1000,81.634285
0.0,1000,81.68095
1.0,338,81.697056
1.0,639,81.727095
0.0,1000,81.774088
0.0,1000,81.821265
1.0,720,81.855547
0.0,1000,81.903054
0.0,1000,81.950207
1.0,430,81.97063
1.0,153,81.977971
1.0,259,81.990263
1.0,433,82.010729
1.0,987,82.05752
0.0,1000,82.104615
0.0,1000,82.151615
0.0,1000,82.198824
0.0,1000,82.24607
0.0,1000,82.293369
1.0,424,82.313594
0.0,1000,82.360331
1.0,692,82.392923
1.0,643,82.423456
0.0,1000,82.470638
0.0,1000,82.518126
0.0,1000,82.565647
1.0,790,82.603121
0.0,1000,82.650173
0.0,1000,82.697486
0.0,1000,82.744605
0.0,1000,82.791635
1.0,916,82.834816
1.0,187,82.8438
0.0,1000,82.891186
0.0,1000,82.938662
0.0,1000,82.985897
1.0,954,83.030827
0.0,1000,83.077893
0.0,1000,83.125301
1.0,337,83.141407
1.0,230,83.15238
1.0,368,83.169774
1.0,605,83.198261
0.0,1000,83.245826
0.0,1000,83.292965
0.0,1000,83.340324
0.0,1000,83.387496
0.0,1000,83.434628
1.0,989,83.481418
1.0,410,83.50084
1.0,526,83.525563
1.0,873,83.566705
1.0,186,83.575519
0.0,1000,83.622704
0.0,1000,83.669943
0.0,1000,83.716807
0.0,1000,83.763961
0.0,1000,83.811449
0.0,1000,83.858656
1.0,583,83.886263
1.0,930,83.929744
1.0,560,83.956322
0.0,1000,84.003299
1.0,677,84.035433
0.0,1000,84.082647
0.0,1000,84.12986
0.0,1000,84.177158
0.0,1000,84.224308
0.0,1000,84.27146
1.0,976,84.317409
1.0,121,84.323276
1.0,904,84.365749
1.0,229,84.376637
0.0,1000,84.423876
0.0,1000,84.470985
0.0,1000,84.518284
0.0,1000,84.565728
0.0,1000,84.613031
0.0,1000,84.660217
1.0,879,84.701635
1.0,232,84.71275
0.0,1000,84.759839
1.0,158,84.767413
0.0,1000,84.814774
0.0,1000,84.862028
0.0,1000,84.909581
1.0,776,84.946573
0.0,1000,84.993971
0.0,1000,85.041436
1.0,317,85.05644
1.0,493,85.079807
1.0,153,85.087152
0.0,1000,85.13412
0.0,1000,85.181665
0.0,1000,85.22907
0.0,1000,85.276706
0.0,1000,85.324151
0.0,1000,85.371676
0.0,1000,85.418979
0.0,1000,85.466207
1.0,369,85.483677
0.0,1000,85.530581
1.0,94,85.535152
0.0,1000,85.588463
0.0,1000,85.637647
0.0,1000,85.686788
0.0,1000,85.735577
0.0,1000,85.784456
0.0,1000,85.833177
1.0,515,85.858368
1.0,461,85.880887
1.0,574,85.908637
1.0,196,85.918414
0.0,1000,85.966108
0.0,1000,86.014449
0.0,1000,86.062675
0.0,1000,86.110636
0.0,1000,86.158459
0.0,1000,86.206368
1.0,772,86.243074
1.0,492,86.266487
1.0,371,86.284073
0.0,1000,86.331352
1.0,920,86.375396
0.0,1000,86.422841
0.0,1000,86.470502
0.0,1000,86.518349
0.0,1000,86.566245
0.0,1000,86.613915
0.0,1000,86.661285
0.0,1000,86.708781
1.0,956,86.754163
0.0,1000,86.801596
1.0,799,86.839411
0.0,1000,86.88699
0.0,1000,86.934566
1.0,946,86.979562
0.0,1000,87.027139
0.0,1000,87.074528
1.0,313,87.089423
1.0,191,87.098624
1.0,125,87.104637
0.0,1000,87.151599
0.0,1000,87.199107
0.0,1000,87.246498
0.0,1000,87.293832
1.0,206,87.303719
0.0,1000,87.350753
0.0,1000,87.398149
1.0,669,87.429881
0.0,1000,87.476937
0.0,1000,87.523968
0.0,1000,87.570937
1.0,521,87.595704
0.0,1000,87.64298
0.0,1000,87.690458
0.0,1000,87.737822
0.0,1000,87.785581
0.0,1000,87.832923
1.0,822,87.871862
0.0,1000,87.91883
1.0,697,87.951344
1.0,657,87.982324
0.0,1000,88.029485
0.0,1000,88.076635
0.0,1000,88.123672
0.0,1000,88.170828
0.0,1000,88.218242
0.0,1000,88.266081
1.0,555,88.292459
1.0,722,88.32652
1.0,425,88.346588
1.0,421,88.366533
1.0,879,88.40827
0.0,1000,88.455692
0.0,1000,88.503401
0.0,1000,88.550831
0.0,1000,88.598171
0.0,1000,88.645695
1.0,559,88.672248
1.0,985,88.718748
1.0,229,88.729674
1.0,882,88.771051
0.0,1000,88.818339
0.0,1000,88.865749
0.0,1000,88.913262
1.0,613,88.942606
0.0,1000,88.989855
0.0,1000,89.037275
1.0,602,89.065979
0.0,1000,89.11294
1.0,418,89.132891
1.0,246,89.144599
0.0,1000,89.192341
1.0,654,89.223506
0.0,1000,89.270819
1.0,816,89.309636
0.0,1000,89.357017
0.0,1000,89.404433
1.0,286,89.418085
1.0,416,89.437747
1.0,451,89.4592
1.0,573,89.486318
1.0,482,89.509176
1.0,256,89.521451
0.0,1000,89.568555
0.0,1000,89.615732
0.0,1000,89.663156
0.0,1000,89.710417
1.0,691,89.743128
1.0,613,89.772135
1.0,551,89.798212
1.0,119,89.803912
0.0,1000,89.851146
0.0,1000,89.89872
0.0,1000,89.945426
0.0,1000,89.992704
0.0,1000,90.040263
0.0,1000,90.087765
1.0,544,90.113633
1.0,901,90.156286
1.0,105,90.161399
1.0,529,90.18653
0.0,1000,90.234063
1.0,424,90.254091
1.0,919,90.297979
1.0,539,90.323598
0.0,1000,90.371158
0.0,1000,90.418761
0.0,1000,90.466272
1.0,513,90.49064
1.0,61,90.493654
1.0,437,90.514189
0.0,1000,90.561804
0.0,1000,90.609581
1.0,447,90.630908
0.0,1000,90.678617
0.0,1000,90.726116
0.0,1000,90.773675
1.0,666,90.805205
1.0,248,90.817041
0.0,1000,90.864338
1.0,266,90.877234
0.0,1000,90.924612
0.0,1000,90.971927
0.0,1000,91.019194
0.0,1000,91.066276
0.0,1000,91.113711
0.0,1000,91.161112
0.0,1000,91.208229
1.0,706,91.241386
1.0,872,91.282481
1.0,653,91.313386
0.0,1000,91.360877
1.0,565,91.38761
0.0,1000,91.434584
1.0,497,91.458163
0.0,1000,91.50554
0.0,1000,91.553006
0.0,1000,91.600291
0.0,1000,91.64708
1.0,243,91.658673
1.0,532,91.68378
0.0,1000,91.731175
0.0,1000,91.777791
0.0,1000,91.824909
1.0,776,91.861686
0.0,1000,91.909028
0.0,1000,91.956597
1.0,677,91.988709
1.0,330,92.004392
1.0,273,92.017458
1.0,735,92.052048
0.0,1000,92.099458
0.0,1000,92.146613
0.0,1000,92.193999
0.0,1000,92.241295
0.0,1000,92.288595
0.0,1000,92.336147
0.0,1000,92.383219
0.0,1000,92.430274
1.0,427,92.450585
0.0,1000,92.497652
0.0,1000,92.54504
0.0,1000,92.592165
0.0,1000,92.639718
0.0,1000,92.686838
0.0,1000,92.734442
0.0,1000,92.781729
1.0,144,92.788666
1.0,229,92.799608
1.0,367,92.816883
1.0,431,92.8372
1.0,856,92.877622
0.0,1000,92.925334
0.0,1000,92.972844
0.0,1000,93.020121
0.0,1000,93.067247
0.0,1000,93.114493
1.0,219,93.125077
1.0,401,93.14399
0.0,1000,93.191019
0.0,1000,93.237525
0.0,1000,93.284658
0.0,1000,93.331825
0.0,1000,93.379151
0.0,1000,93.426647
0.0,1000,93.474113
0.0,1000,93.521377
0.0,1000,93.568664
1.0,226,93.579419
0.0,1000,93.626299
1.0,415,93.646029
0.0,1000,93.69318
0.0,1000,93.740535
0.0,1000,93.787785
1.0,289,93.801581
0.0,1000,93.848817
0.0,1000,93.896237
1.0,285,93.909954
1.0,634,93.939911
1.0,197,93.949266
1.0,182,93.957975
0.0,1000,94.005293
0.0,1000,94.052736
0.0,1000,94.1003
1.0,265,94.112861
0.0,1000,94.160353
0.0,1000,94.207724
1.0,429,94.228207
1.0,613,94.257047
1.0,53,94.259666
0.0,1000,94.306625
1.0,800,94.344586
1.0,640,94.375273
0.0,1000,94.422742
