# {"t_start": 1614836159.0733633, "env_id": "Office-single-v0"} 
r,l,t
0.0,69,0.0108
0.0,5,0.011513
0.0,2,0.011818
0.0,6,0.012632
0.0,40,0.017799
0.0,19,0.020305
0.0,51,0.02698
0.0,41,0.032344
0.0,47,0.038404
0.0,44,0.044096
0.0,67,0.052766
0.0,37,0.057573
0.0,56,0.064812
0.0,48,0.071018
0.0,70,0.080138
0.0,101,0.093134
0.0,31,0.097186
0.0,157,0.117393
0.0,22,0.12024
0.0,104,0.133478
0.0,43,0.139123
0.0,94,0.150951
0.0,64,0.1589
0.0,10,0.160205
0.0,72,0.16913
0.0,122,0.184405
0.0,156,0.206757
0.0,75,0.216241
0.0,76,0.225636
0.0,95,0.237363
0.0,31,0.241357
0.0,49,0.247577
0.0,190,0.270947
1.0,218,0.29768
0.0,17,0.299793
1.0,325,0.339109
0.0,164,0.359063
0.0,115,0.372982
0.0,55,0.379675
0.0,350,0.4222
0.0,120,0.436723
0.0,44,0.442083
0.0,11,0.44345
0.0,364,0.487362
0.0,27,0.49068
0.0,53,0.497105
1.0,107,0.51004
0.0,27,0.513355
0.0,29,0.516905
0.0,4,0.517425
0.0,5,0.518064
0.0,11,0.519435
0.0,190,0.542404
0.0,314,0.579908
0.0,104,0.592101
0.0,12,0.593529
0.0,21,0.596073
1.0,177,0.616922
0.0,21,0.619637
0.0,7,0.620528
0.0,41,0.625432
0.0,58,0.632308
0.0,8,0.633258
0.0,21,0.635785
1.0,338,0.675571
1.0,100,0.687387
0.0,109,0.70041
0.0,27,0.703619
0.0,21,0.706068
0.0,14,0.707802
0.0,230,0.734654
1.0,164,0.753948
1.0,556,0.821142
0.0,12,0.822699
1.0,327,0.862246
0.0,222,0.887896
0.0,103,0.899907
0.0,51,0.905761
0.0,47,0.91118
1.0,413,0.958915
0.0,54,0.965147
0.0,48,0.970735
1.0,166,0.989889
0.0,15,0.991731
0.0,25,0.994649
0.0,106,1.007124
0.0,80,1.016552
0.0,146,1.034238
1.0,204,1.059179
0.0,4,1.059719
0.0,75,1.068785
1.0,155,1.08761
1.0,115,1.101613
0.0,63,1.109282
1.0,218,1.135929
0.0,8,1.136954
1.0,228,1.164564
1.0,246,1.194589
0.0,80,1.204346
0.0,313,1.242625
1.0,168,1.262943
0.0,24,1.265885
1.0,232,1.293952
0.0,188,1.316708
0.0,43,1.321916
0.0,29,1.32558
1.0,162,1.345203
0.0,57,1.352148
0.0,71,1.360886
1.0,98,1.372791
0.0,125,1.387961
1.0,157,1.407017
0.0,53,1.413584
0.0,117,1.42787
0.0,129,1.443621
0.0,34,1.447795
0.0,228,1.475642
0.0,48,1.481517
0.0,17,1.483719
1.0,103,1.496242
0.0,49,1.502226
1.0,251,1.53272
0.0,127,1.548496
1.0,73,1.557579
0.0,51,1.563947
1.0,92,1.575368
0.0,52,1.581846
1.0,166,1.602583
1.0,62,1.61029
0.0,101,1.622907
1.0,137,1.640021
0.0,8,1.641039
1.0,77,1.650501
1.0,126,1.665964
0.0,49,1.671981
1.0,220,1.698647
1.0,96,1.710304
1.0,94,1.721694
0.0,31,1.725488
1.0,119,1.739884
0.0,161,1.759431
1.0,147,1.777259
0.0,40,1.78215
0.0,90,1.793061
1.0,49,1.799039
0.0,79,1.808626
0.0,38,1.813274
0.0,17,1.81538
1.0,98,1.827506
1.0,128,1.843079
0.0,142,1.860525
1.0,45,1.866034
0.0,23,1.868887
0.0,24,1.871847
0.0,55,1.878599
1.0,85,1.888972
0.0,29,1.892543
0.0,8,1.893547
0.0,29,1.897091
1.0,61,1.904439
1.0,105,1.917087
0.0,10,1.918331
0.0,42,1.923544
0.0,38,1.928159
1.0,61,1.935491
0.0,40,1.940323
1.0,41,1.945307
1.0,89,1.956043
1.0,52,1.962295
1.0,99,1.97415
1.0,122,1.989037
1.0,160,2.007805
1.0,51,2.013757
1.0,36,2.018004
0.0,22,2.020666
1.0,65,2.028322
0.0,73,2.036899
1.0,54,2.043313
1.0,59,2.05035
0.0,71,2.058811
1.0,46,2.064278
0.0,14,2.065917
1.0,33,2.069757
0.0,18,2.071927
1.0,49,2.077595
1.0,47,2.083056
1.0,57,2.089735
1.0,73,2.098189
0.0,42,2.103201
1.0,27,2.106362
0.0,61,2.113484
1.0,37,2.117757
1.0,27,2.12097
1.0,202,2.14457
0.0,102,2.15662
1.0,40,2.161312
1.0,28,2.164631
1.0,109,2.177443
1.0,40,2.182148
1.0,52,2.188293
1.0,34,2.192294
1.0,41,2.197135
0.0,15,2.198948
1.0,30,2.202471
1.0,58,2.209235
1.0,51,2.217132
0.0,37,2.221577
1.0,34,2.225498
1.0,33,2.229396
0.0,13,2.23092
1.0,24,2.233689
1.0,25,2.236676
0.0,53,2.242851
1.0,27,2.246001
1.0,38,2.250451
1.0,66,2.258301
1.0,38,2.262735
1.0,32,2.266484
0.0,252,2.296063
0.0,17,2.298049
1.0,47,2.303637
1.0,26,2.306712
1.0,30,2.310282
1.0,24,2.313175
0.0,14,2.314855
1.0,28,2.318137
1.0,50,2.324154
1.0,31,2.327814
1.0,23,2.330469
0.0,16,2.332426
0.0,8,2.333376
0.0,28,2.336703
1.0,24,2.33955
0.0,4,2.34006
1.0,32,2.343848
1.0,58,2.350611
1.0,29,2.354044
0.0,7,2.354921
1.0,23,2.357626
1.0,29,2.361055
1.0,29,2.364484
1.0,31,2.368137
0.0,24,2.370941
0.0,136,2.386923
1.0,23,2.389645
1.0,35,2.393761
0.0,4,2.394252
1.0,35,2.398304
1.0,31,2.401958
1.0,25,2.404836
1.0,25,2.407791
1.0,29,2.411161
0.0,4,2.411676
1.0,24,2.414443
0.0,13,2.416041
1.0,34,2.420052
1.0,29,2.423454
1.0,26,2.426612
1.0,25,2.429537
1.0,32,2.433284
1.0,24,2.43611
1.0,30,2.439623
1.0,33,2.443419
1.0,27,2.44653
1.0,27,2.449715
0.0,22,2.452232
0.0,4,2.452719
1.0,27,2.456033
0.0,26,2.459049
1.0,28,2.462269
0.0,7,2.463159
1.0,27,2.466308
0.0,17,2.468277
0.0,6,2.468993
1.0,29,2.472412
1.0,29,2.475734
1.0,28,2.478993
1.0,24,2.481828
1.0,30,2.485287
1.0,25,2.488275
0.0,8,2.489225
1.0,28,2.492539
1.0,25,2.495497
1.0,31,2.499141
1.0,23,2.501863
1.0,29,2.505282
1.0,27,2.508478
1.0,28,2.511706
1.0,24,2.51451
1.0,26,2.517563
1.0,43,2.522594
1.0,25,2.525525
1.0,27,2.528733
0.0,19,2.53098
1.0,23,2.533656
1.0,23,2.53641
1.0,25,2.53935
0.0,4,2.53984
1.0,26,2.542835
0.0,6,2.543601
1.0,24,2.546367
0.0,21,2.548901
1.0,25,2.551847
1.0,24,2.554627
1.0,29,2.557982
1.0,23,2.560714
1.0,56,2.56723
1.0,27,2.570388
1.0,23,2.573212
0.0,4,2.57372
1.0,24,2.576499
0.0,21,2.578968
1.0,23,2.581675
1.0,23,2.584422
1.0,25,2.587367
1.0,23,2.590067
1.0,29,2.593518
0.0,14,2.59516
1.0,24,2.598002
1.0,26,2.601102
1.0,25,2.604092
1.0,26,2.607133
1.0,23,2.609831
1.0,27,2.612984
0.0,8,2.61393
1.0,28,2.617248
1.0,23,2.619946
0.0,19,2.622135
1.0,23,2.624882
1.0,30,2.628371
0.0,21,2.630844
0.0,19,2.633122
0.0,8,2.634064
1.0,32,2.637722
1.0,24,2.640606
1.0,23,2.643305
1.0,25,2.646187
1.0,25,2.649159
1.0,27,2.652326
1.0,34,2.656304
1.0,25,2.659303
1.0,26,2.662407
1.0,27,2.665601
1.0,23,2.668333
1.0,23,2.671037
0.0,10,2.672256
0.0,8,2.673193
1.0,23,2.675932
0.0,6,2.676648
1.0,25,2.679603
0.0,16,2.681501
0.0,14,2.683185
1.0,26,2.686194
1.0,23,2.688877
1.0,25,2.691846
1.0,30,2.695293
1.0,23,2.697986
1.0,25,2.700956
0.0,4,2.701444
1.0,26,2.704525
1.0,25,2.707492
0.0,19,2.709691
1.0,27,2.712845
1.0,25,2.715827
0.0,4,2.716313
1.0,25,2.719188
1.0,24,2.722006
1.0,24,2.724824
1.0,23,2.727545
1.0,24,2.73034
1.0,28,2.733607
1.0,24,2.736419
0.0,4,2.736908
1.0,25,2.739883
0.0,16,2.741728
0.0,12,2.743128
1.0,42,2.748063
0.0,8,2.749009
1.0,23,2.751664
1.0,24,2.754442
1.0,24,2.75725
1.0,23,2.760003
1.0,25,2.762878
1.0,23,2.76567
1.0,31,2.76951
1.0,27,2.772848
1.0,26,2.775936
1.0,27,2.779035
1.0,36,2.783185
1.0,25,2.786082
1.0,24,2.788834
1.0,31,2.792562
1.0,23,2.795399
1.0,25,2.798293
1.0,24,2.801141
1.0,23,2.803825
0.0,23,2.806453
1.0,29,2.809872
1.0,23,2.812582
1.0,25,2.815524
1.0,23,2.818194
1.0,29,2.82156
1.0,28,2.824864
1.0,25,2.827833
1.0,28,2.831086
0.0,17,2.833097
1.0,25,2.836044
1.0,23,2.838725
1.0,28,2.841994
1.0,27,2.845087
0.0,18,2.847209
1.0,30,2.850663
1.0,23,2.8533
1.0,25,2.856267
1.0,25,2.859138
1.0,23,2.86178
1.0,25,2.864894
1.0,24,2.867657
1.0,29,2.870995
1.0,23,2.873693
1.0,25,2.876661
1.0,23,2.879309
1.0,26,2.882291
0.0,11,2.883657
1.0,24,2.886429
1.0,25,2.889302
1.0,25,2.892269
0.0,24,2.895028
1.0,27,2.898123
1.0,27,2.901349
0.0,21,2.903768
0.0,4,2.904258
1.0,23,2.906951
1.0,25,2.909889
0.0,6,2.910607
1.0,27,2.913711
1.0,25,2.916698
1.0,29,2.920023
1.0,32,2.923774
1.0,27,2.926907
0.0,18,2.929038
1.0,23,2.931725
1.0,23,2.934366
1.0,25,2.937238
0.0,10,2.938402
1.0,27,2.941607
1.0,29,2.944944
0.0,18,2.947029
1.0,25,2.949914
1.0,27,2.953028
1.0,25,2.955948
1.0,25,2.958858
1.0,28,2.962117
1.0,25,2.965048
1.0,31,2.968696
0.0,6,2.969412
0.0,21,2.97193
1.0,23,2.974603
1.0,24,2.977407
0.0,15,2.979145
0.0,17,2.981151
1.0,23,2.983868
1.0,26,2.986853
1.0,25,2.989774
0.0,25,2.992702
1.0,27,2.995909
1.0,25,2.998816
1.0,27,3.001939
0.0,4,3.002424
1.0,23,3.005133
1.0,32,3.008848
1.0,190,3.030832
1.0,25,3.03378
1.0,32,3.037457
1.0,25,3.040459
1.0,28,3.043685
1.0,29,3.047077
0.0,20,3.049451
1.0,25,3.052434
1.0,33,3.056278
1.0,24,3.059092
1.0,23,3.061781
0.0,17,3.063785
1.0,25,3.066702
1.0,29,3.070218
1.0,25,3.07317
1.0,27,3.076355
0.0,20,3.078676
1.0,23,3.081338
1.0,24,3.084158
1.0,25,3.087044
1.0,25,3.089927
0.0,25,3.092866
1.0,25,3.095817
1.0,27,3.098986
1.0,25,3.10188
1.0,23,3.104536
0.0,16,3.106387
1.0,25,3.109458
1.0,27,3.112567
1.0,27,3.115719
0.0,8,3.116663
1.0,29,3.119976
1.0,29,3.123397
0.0,8,3.124376
1.0,23,3.127027
1.0,23,3.12967
0.0,18,3.131842
0.0,16,3.133686
1.0,27,3.136919
1.0,23,3.139659
0.0,13,3.141189
1.0,25,3.144155
0.0,12,3.145559
1.0,25,3.148471
0.0,27,3.151794
1.0,29,3.155263
0.0,10,3.156483
1.0,30,3.160049
1.0,29,3.16348
0.0,20,3.165868
0.0,20,3.168306
1.0,27,3.171488
1.0,27,3.174742
1.0,25,3.177739
1.0,29,3.181254
1.0,23,3.18403
1.0,23,3.186729
1.0,25,3.189685
1.0,23,3.19249
1.0,26,3.195627
1.0,23,3.198319
1.0,29,3.201891
1.0,23,3.204654
1.0,25,3.207604
1.0,25,3.210515
0.0,8,3.211516
1.0,26,3.214564
1.0,25,3.217633
1.0,31,3.221292
1.0,27,3.224516
1.0,25,3.227476
1.0,25,3.230396
1.0,23,3.233163
1.0,23,3.235939
1.0,25,3.238863
0.0,17,3.240894
1.0,25,3.243892
1.0,25,3.246958
1.0,29,3.250495
1.0,23,3.253293
1.0,26,3.256477
1.0,23,3.259308
1.0,29,3.262831
1.0,27,3.266119
0.0,8,3.267128
1.0,23,3.269939
1.0,29,3.273603
1.0,25,3.276765
1.0,25,3.279814
1.0,23,3.282623
1.0,26,3.28578
1.0,29,3.289315
1.0,26,3.292483
1.0,23,3.295311
1.0,23,3.298117
1.0,25,3.301168
0.0,16,3.303126
1.0,26,3.306287
0.0,20,3.308724
1.0,23,3.311543
1.0,23,3.314345
0.0,12,3.31583
0.0,4,3.316344
0.0,4,3.316855
1.0,23,3.319654
1.0,29,3.323189
0.0,4,3.323707
1.0,24,3.326631
1.0,23,3.329441
1.0,27,3.332741
0.0,8,3.33374
0.0,12,3.335226
1.0,29,3.338759
1.0,27,3.342029
1.0,25,3.345084
1.0,28,3.348492
1.0,28,3.351924
1.0,23,3.354701
1.0,27,3.357985
1.0,27,3.361217
1.0,23,3.363968
1.0,26,3.367003
1.0,42,3.371964
1.0,25,3.374886
0.0,12,3.376348
1.0,25,3.379394
0.0,4,3.379907
1.0,24,3.38272
1.0,25,3.385684
1.0,27,3.388908
1.0,28,3.392221
0.0,12,3.393619
1.0,28,3.396939
1.0,23,3.399673
1.0,25,3.402583
0.0,23,3.405308
1.0,25,3.408278
1.0,23,3.410976
1.0,33,3.41483
1.0,27,3.417974
1.0,25,3.420961
1.0,31,3.424603
1.0,25,3.427559
0.0,14,3.429215
0.0,18,3.431369
1.0,23,3.434047
1.0,24,3.436912
1.0,23,3.439594
0.0,16,3.441461
1.0,26,3.444537
1.0,23,3.447222
1.0,23,3.449938
1.0,23,3.452646
0.0,10,3.453819
1.0,23,3.456546
1.0,34,3.460544
0.0,4,3.461031
0.0,25,3.464012
1.0,23,3.466724
1.0,29,3.470067
1.0,23,3.472815
1.0,23,3.475635
1.0,25,3.478596
1.0,25,3.481566
0.0,21,3.484129
1.0,29,3.48755
1.0,27,3.490699
0.0,20,3.493101
1.0,34,3.497093
1.0,25,3.500082
1.0,27,3.50332
1.0,27,3.506454
1.0,26,3.509456
1.0,29,3.512893
1.0,25,3.515824
0.0,14,3.517452
0.0,13,3.519016
0.0,17,3.521042
0.0,4,3.52153
1.0,30,3.52499
1.0,23,3.527723
0.0,21,3.530149
1.0,23,3.532811
1.0,25,3.535759
1.0,23,3.538415
1.0,25,3.541304
1.0,27,3.544565
0.0,10,3.545739
1.0,24,3.54864
0.0,10,3.549819
1.0,24,3.552698
1.0,27,3.555926
0.0,17,3.557906
1.0,31,3.561565
1.0,25,3.564538
1.0,23,3.567252
1.0,27,3.570388
1.0,28,3.573648
1.0,24,3.57654
0.0,24,3.579307
1.0,23,3.581964
1.0,25,3.584956
1.0,27,3.588158
1.0,27,3.59129
1.0,25,3.594223
1.0,29,3.597668
1.0,24,3.60057
1.0,23,3.603291
1.0,26,3.606349
0.0,23,3.609244
1.0,23,3.612139
1.0,28,3.615544
1.0,26,3.61867
1.0,32,3.622522
1.0,26,3.625627
1.0,25,3.628684
0.0,19,3.630999
0.0,8,3.632002
0.0,6,3.632736
1.0,27,3.636
1.0,27,3.639275
1.0,25,3.642307
1.0,26,3.645488
0.0,16,3.647417
1.0,33,3.65142
1.0,23,3.654249
1.0,23,3.657074
0.0,10,3.658326
1.0,27,3.661636
1.0,25,3.664673
1.0,27,3.667978
1.0,25,3.670896
1.0,28,3.674195
1.0,25,3.677173
0.0,6,3.677889
1.0,31,3.681597
1.0,28,3.684793
1.0,23,3.68752
1.0,25,3.690518
0.0,8,3.691521
1.0,25,3.694564
1.0,26,3.69773
1.0,23,3.700547
1.0,31,3.704306
1.0,23,3.707113
0.0,17,3.709189
1.0,29,3.712716
0.0,17,3.71481
1.0,29,3.718344
1.0,25,3.721393
1.0,27,3.724733
0.0,15,3.726575
1.0,23,3.729389
0.0,20,3.731827
1.0,24,3.734752
0.0,16,3.736713
1.0,25,3.739754
1.0,23,3.742554
1.0,28,3.745948
0.0,11,3.74731
1.0,25,3.750344
1.0,25,3.753403
1.0,31,3.757204
0.0,10,3.758452
1.0,25,3.761501
1.0,33,3.765506
1.0,24,3.768444
1.0,24,3.771437
1.0,23,3.774263
1.0,29,3.777774
1.0,23,3.780687
1.0,27,3.783973
1.0,27,3.787267
1.0,28,3.790663
1.0,27,3.79394
0.0,16,3.795905
1.0,31,3.799664
1.0,24,3.802589
1.0,29,3.806089
1.0,28,3.809483
1.0,24,3.812411
1.0,29,3.815931
1.0,23,3.818737
1.0,30,3.822374
1.0,26,3.825542
1.0,27,3.8289
1.0,24,3.831829
1.0,25,3.834911
1.0,25,3.837963
1.0,23,3.840771
1.0,24,3.8437
1.0,23,3.846508
1.0,28,3.849912
1.0,27,3.853213
1.0,23,3.856019
1.0,30,3.859674
1.0,25,3.862724
1.0,23,3.865535
1.0,25,3.868578
1.0,28,3.871989
1.0,27,3.875276
1.0,33,3.87928
1.0,27,3.882586
1.0,25,3.885628
1.0,28,3.889149
0.0,19,3.89148
1.0,24,3.894405
1.0,30,3.89807
1.0,25,3.901122
1.0,25,3.904181
1.0,25,3.907223
1.0,26,3.910393
1.0,31,3.914151
0.0,8,3.915159
1.0,31,3.918936
0.0,6,3.919698
1.0,114,3.933586
1.0,23,3.936429
1.0,29,3.939986
1.0,27,3.943294
1.0,28,3.946707
1.0,26,3.949874
1.0,25,3.952935
1.0,25,3.955994
1.0,27,3.959314
0.0,8,3.960313
0.0,17,3.962399
0.0,6,3.963166
1.0,27,3.966466
1.0,26,3.969735
1.0,23,3.972547
1.0,28,3.975952
1.0,25,3.979022
0.0,19,3.981393
1.0,27,3.984854
0.0,8,3.985856
1.0,26,3.989136
1.0,25,3.992295
1.0,24,3.995298
1.0,27,3.998641
1.0,23,4.001534
1.0,37,4.006151
1.0,23,4.009078
1.0,23,4.011984
1.0,25,4.015081
1.0,25,4.018179
1.0,30,4.021924
1.0,23,4.024841
0.0,6,4.025609
1.0,27,4.029003
0.0,14,4.030761
1.0,24,4.033741
1.0,23,4.03665
1.0,29,4.040277
1.0,24,4.043273
1.0,25,4.046355
1.0,23,4.04926
1.0,25,4.052379
1.0,23,4.055244
0.0,29,4.058818
1.0,25,4.061903
1.0,23,4.064778
0.0,24,4.067697
0.0,8,4.068685
1.0,33,4.072692
0.0,4,4.073209
1.0,25,4.076254
1.0,23,4.079111
1.0,23,4.081963
1.0,27,4.085258
1.0,23,4.088116
1.0,33,4.092129
1.0,24,4.095145
0.0,14,4.096927
1.0,28,4.100417
1.0,30,4.10404
1.0,24,4.107008
1.0,25,4.110108
0.0,4,4.110663
1.0,23,4.113476
1.0,27,4.116883
0.0,19,4.119244
1.0,26,4.122448
1.0,27,4.125736
1.0,25,4.1288
1.0,23,4.131616
0.0,6,4.132366
1.0,23,4.135184
1.0,25,4.138232
1.0,23,4.141046
1.0,25,4.144094
1.0,25,4.147157
1.0,24,4.150089
1.0,23,4.152899
1.0,23,4.155712
1.0,26,4.158889
1.0,25,4.161942
0.0,25,4.165095
1.0,23,4.167907
1.0,28,4.171364
1.0,23,4.174155
0.0,4,4.174671
1.0,23,4.177469
1.0,27,4.180749
1.0,33,4.184771
0.0,19,4.18709
1.0,23,4.189891
1.0,24,4.1928
1.0,23,4.195611
1.0,23,4.198409
1.0,30,4.202039
1.0,28,4.205427
1.0,25,4.208469
1.0,23,4.211288
0.0,13,4.212883
1.0,27,4.216159
1.0,25,4.219195
0.0,15,4.221024
1.0,25,4.22407
1.0,30,4.227727
1.0,23,4.230548
1.0,26,4.233708
1.0,25,4.236753
0.0,14,4.238481
1.0,27,4.241765
1.0,23,4.244571
1.0,23,4.247377
0.0,4,4.247891
1.0,26,4.251054
1.0,25,4.254098
0.0,10,4.255345
1.0,25,4.258395
1.0,23,4.261206
0.0,17,4.263281
1.0,29,4.266801
1.0,31,4.270556
1.0,29,4.274072
1.0,23,4.276887
1.0,31,4.280654
0.0,21,4.283217
0.0,8,4.284205
1.0,23,4.28702
1.0,23,4.289825
1.0,30,4.293481
1.0,25,4.296534
1.0,30,4.300171
1.0,31,4.304049
1.0,26,4.307229
0.0,4,4.307744
1.0,23,4.310555
0.0,16,4.312522
0.0,24,4.315459
1.0,23,4.318281
1.0,23,4.321109
1.0,25,4.324172
1.0,23,4.326996
0.0,15,4.32884
1.0,30,4.332513
1.0,33,4.336534
1.0,28,4.339942
0.0,17,4.34203
0.0,10,4.343279
1.0,29,4.346817
1.0,25,4.349865
0.0,96,4.361557
1.0,24,4.364515
0.0,4,4.365039
1.0,27,4.368338
0.0,19,4.37066
1.0,25,4.373708
1.0,28,4.37711
1.0,25,4.380161
1.0,25,4.383219
1.0,32,4.387127
1.0,29,4.390664
0.0,6,4.391428
0.0,22,4.394109
0.0,19,4.396487
1.0,27,4.399774
1.0,31,4.403559
1.0,31,4.407327
1.0,25,4.410371
0.0,8,4.411377
1.0,25,4.414426
1.0,28,4.417818
1.0,25,4.420872
1.0,23,4.423681
1.0,23,4.426488
1.0,25,4.429518
1.0,28,4.432931
1.0,26,4.436101
0.0,6,4.436861
1.0,24,4.439787
1.0,23,4.442598
1.0,25,4.445647
1.0,23,4.448474
0.0,14,4.450194
0.0,18,4.452396
0.0,9,4.453508
0.0,24,4.456425
1.0,25,4.459472
1.0,28,4.462879
1.0,29,4.466407
1.0,25,4.469449
1.0,29,4.472974
1.0,27,4.476256
0.0,4,4.476774
1.0,23,4.479579
1.0,28,4.482962
0.0,14,4.48469
1.0,23,4.487504
1.0,23,4.490325
1.0,29,4.493845
1.0,28,4.497247
1.0,31,4.501092
0.0,14,4.502805
1.0,25,4.50584
1.0,25,4.508998
1.0,32,4.512882
0.0,10,4.514124
1.0,25,4.517185
0.0,8,4.518183
1.0,23,4.520984
1.0,25,4.524027
1.0,27,4.527313
1.0,28,4.530733
1.0,25,4.533792
1.0,26,4.536955
1.0,23,4.539776
1.0,23,4.542581
1.0,26,4.545727
0.0,4,4.546242
0.0,16,4.548213
1.0,23,4.551019
1.0,23,4.553822
1.0,31,4.557611
1.0,32,4.561492
1.0,26,4.564701
1.0,29,4.568239
1.0,28,4.571643
1.0,51,4.57781
0.0,35,4.582063
1.0,26,4.585238
1.0,23,4.588048
1.0,23,4.59085
1.0,23,4.593655
1.0,23,4.596467
1.0,24,4.599388
1.0,29,4.602899
1.0,31,4.606687
1.0,27,4.610017
0.0,14,4.611826
1.0,26,4.61503
1.0,25,4.618092
1.0,25,4.621186
1.0,25,4.624296
1.0,25,4.627336
1.0,24,4.63025
0.0,17,4.632405
1.0,25,4.635453
1.0,23,4.638274
1.0,25,4.641392
0.0,8,4.642401
1.0,23,4.645213
1.0,24,4.648196
1.0,34,4.652322
1.0,29,4.655902
1.0,24,4.658832
1.0,27,4.662124
1.0,23,4.664937
1.0,23,4.667753
1.0,25,4.670801
1.0,25,4.673841
0.0,21,4.676502
0.0,14,4.678221
1.0,25,4.68126
1.0,30,4.684891
1.0,27,4.688192
1.0,25,4.691239
1.0,23,4.694046
1.0,23,4.696855
1.0,23,4.699669
1.0,27,4.702951
1.0,28,4.706352
0.0,17,4.708433
1.0,26,4.711587
1.0,27,4.714913
1.0,23,4.717774
1.0,23,4.720572
1.0,25,4.723667
1.0,24,4.726597
0.0,12,4.728075
0.0,14,4.72978
1.0,26,4.732989
1.0,25,4.736029
1.0,27,4.739296
1.0,23,4.742104
1.0,26,4.745274
0.0,8,4.746264
1.0,23,4.749058
1.0,23,4.751861
1.0,25,4.754933
0.0,18,4.757143
1.0,27,4.76042
1.0,25,4.76346
1.0,25,4.766499
1.0,27,4.769782
1.0,27,4.773063
1.0,23,4.775876
1.0,23,4.778678
0.0,17,4.780744
0.0,16,4.78271
0.0,8,4.783707
1.0,26,4.786868
0.0,21,4.789472
1.0,23,4.792293
1.0,23,4.795087
1.0,27,4.798352
0.0,20,4.800786
1.0,24,4.803695
1.0,25,4.806732
1.0,28,4.810097
1.0,30,4.813726
1.0,23,4.816544
1.0,29,4.822106
1.0,25,4.825223
1.0,28,4.82864
0.0,6,4.829395
1.0,32,4.833424
1.0,29,4.837077
1.0,24,4.84
1.0,26,4.843168
1.0,26,4.846344
0.0,11,4.847701
0.0,20,4.850133
1.0,33,4.854132
1.0,29,4.857675
1.0,23,4.860488
1.0,25,4.863536
1.0,23,4.86634
1.0,23,4.869147
1.0,26,4.872323
1.0,23,4.875144
1.0,24,4.878067
1.0,25,4.881116
1.0,23,4.883925
1.0,24,4.886851
1.0,25,4.889904
1.0,23,4.892792
1.0,32,4.896675
1.0,23,4.899583
1.0,23,4.90239
1.0,25,4.905436
1.0,33,4.909435
1.0,26,4.912585
1.0,24,4.91551
1.0,27,4.918795
0.0,18,4.920995
1.0,23,4.923911
1.0,23,4.92672
1.0,27,4.930004
1.0,23,4.932808
0.0,19,4.935129
1.0,27,4.938407
1.0,31,4.94217
1.0,25,4.945304
1.0,30,4.948949
1.0,26,4.952098
1.0,29,4.955618
1.0,31,4.959453
1.0,25,4.962525
1.0,25,4.965567
1.0,26,4.968721
0.0,8,4.969722
1.0,23,4.972538
1.0,23,4.975427
1.0,27,4.978723
0.0,10,4.979965
1.0,27,4.983257
1.0,25,4.986301
1.0,26,4.989473
1.0,25,4.992529
0.0,10,4.993775
0.0,19,4.996094
0.0,6,4.996846
1.0,26,5.00001
1.0,23,5.00285
1.0,27,5.006207
1.0,23,5.009015
1.0,23,5.011893
1.0,26,5.015052
1.0,29,5.018581
1.0,23,5.021395
1.0,23,5.024205
1.0,25,5.027259
1.0,25,5.030296
1.0,29,5.033825
1.0,25,5.036868
1.0,25,5.039911
1.0,27,5.043179
1.0,25,5.046225
1.0,28,5.049634
1.0,25,5.05268
1.0,25,5.055727
1.0,29,5.059313
1.0,23,5.062144
0.0,4,5.062663
0.0,12,5.064139
1.0,25,5.067238
0.0,12,5.068754
1.0,24,5.071682
1.0,25,5.074742
1.0,24,5.077662
1.0,26,5.080832
0.0,6,5.081595
1.0,24,5.084531
1.0,23,5.08734
1.0,23,5.090143
1.0,31,5.093902
1.0,25,5.096936
1.0,25,5.099985
1.0,23,5.1028
1.0,24,5.105736
1.0,23,5.108551
1.0,25,5.111598
1.0,23,5.114397
1.0,25,5.117505
1.0,24,5.120419
1.0,25,5.12352
1.0,23,5.126347
1.0,28,5.129745
1.0,23,5.132669
1.0,25,5.135721
1.0,23,5.138529
1.0,25,5.141591
1.0,25,5.144645
1.0,23,5.147455
1.0,27,5.150733
1.0,30,5.154377
1.0,23,5.157188
0.0,18,5.159387
1.0,27,5.162676
1.0,25,5.165721
1.0,29,5.169248
0.0,20,5.171729
1.0,25,5.174783
1.0,27,5.178077
1.0,31,5.181904
0.0,12,5.183394
1.0,32,5.187263
1.0,27,5.190535
0.0,7,5.191407
1.0,25,5.194442
1.0,24,5.197368
1.0,23,5.200179
0.0,6,5.200933
1.0,25,5.203979
1.0,25,5.207025
0.0,8,5.208022
1.0,23,5.210829
1.0,25,5.213875
0.0,12,5.215374
1.0,27,5.218673
1.0,26,5.221844
1.0,29,5.225384
0.0,17,5.227478
1.0,26,5.230654
0.0,24,5.233579
0.0,8,5.234585
0.0,24,5.237522
1.0,26,5.240698
1.0,24,5.243629
1.0,29,5.247144
1.0,27,5.250427
1.0,27,5.253718
1.0,29,5.257252
1.0,27,5.260616
1.0,31,5.264376
1.0,23,5.267188
1.0,27,5.270469
1.0,26,5.273638
1.0,29,5.277173
1.0,29,5.280715
1.0,25,5.283861
1.0,25,5.286994
1.0,25,5.290189
1.0,25,5.293274
1.0,29,5.296901
1.0,25,5.299937
0.0,14,5.301651
1.0,27,5.305008
1.0,27,5.308428
1.0,26,5.311731
1.0,23,5.314551
1.0,24,5.317542
0.0,18,5.319834
0.0,4,5.320343
0.0,8,5.321343
0.0,6,5.322098
1.0,30,5.325845
0.0,16,5.327816
1.0,29,5.331332
1.0,25,5.334372
1.0,27,5.337771
1.0,23,5.340677
1.0,25,5.343724
0.0,18,5.345921
1.0,25,5.349027
1.0,27,5.352392
0.0,21,5.354966
1.0,25,5.358011
1.0,25,5.361063
1.0,25,5.364118
0.0,8,5.365116
1.0,26,5.368285
1.0,27,5.371558
1.0,25,5.374592
1.0,25,5.377636
0.0,21,5.380205
1.0,23,5.383049
1.0,27,5.386365
1.0,25,5.389405
1.0,24,5.392326
0.0,19,5.394647
1.0,27,5.397921
1.0,24,5.400845
1.0,23,5.403656
1.0,28,5.407047
1.0,24,5.409958
1.0,25,5.412999
1.0,25,5.416047
1.0,31,5.419837
1.0,26,5.423
1.0,25,5.426042
1.0,24,5.428957
0.0,14,5.430678
1.0,23,5.433472
1.0,23,5.436277
1.0,25,5.439322
0.0,16,5.441276
1.0,23,5.444116
1.0,29,5.447644
1.0,25,5.450699
1.0,23,5.453494
1.0,23,5.4563
1.0,27,5.459578
1.0,24,5.462496
1.0,23,5.465294
1.0,24,5.468218
1.0,28,5.471623
1.0,27,5.47491
1.0,25,5.477954
1.0,23,5.480759
1.0,28,5.484169
1.0,23,5.486971
1.0,23,5.489759
1.0,23,5.492556
1.0,24,5.495483
1.0,30,5.499119
1.0,27,5.502391
1.0,23,5.505228
1.0,25,5.508528
0.0,14,5.510248
1.0,23,5.513033
1.0,25,5.51607
0.0,17,5.518152
0.0,19,5.520469
1.0,24,5.523384
1.0,25,5.526417
1.0,24,5.529335
1.0,23,5.53215
1.0,27,5.535423
1.0,27,5.538689
1.0,28,5.542089
0.0,16,5.544158
1.0,23,5.546955
1.0,25,5.550004
1.0,29,5.553541
1.0,26,5.556705
1.0,27,5.559981
1.0,25,5.563023
1.0,25,5.566063
1.0,25,5.569105
1.0,27,5.572391
1.0,24,5.575309
1.0,23,5.578108
1.0,27,5.581373
1.0,27,5.584649
0.0,13,5.586247
0.0,19,5.588564
1.0,23,5.591379
1.0,23,5.594176
1.0,27,5.597458
0.0,19,5.59978
1.0,23,5.602581
0.0,18,5.604779
1.0,23,5.607574
1.0,23,5.610384
1.0,27,5.613663
1.0,25,5.616706
0.0,6,5.617454
0.0,4,5.617964
1.0,25,5.621062
0.0,4,5.621577
1.0,25,5.624651
1.0,25,5.627764
1.0,25,5.630807
1.0,25,5.633852
0.0,4,5.634365
1.0,25,5.637407
0.0,12,5.638892
1.0,27,5.642166
0.0,6,5.642926
1.0,27,5.646201
0.0,14,5.647921
1.0,25,5.650965
1.0,25,5.654005
1.0,25,5.657048
1.0,27,5.660343
1.0,27,5.663628
1.0,23,5.66643
1.0,24,5.669371
1.0,30,5.673026
1.0,28,5.676415
1.0,25,5.679454
0.0,23,5.68225
1.0,25,5.685309
1.0,25,5.68837
1.0,24,5.691294
1.0,25,5.694335
1.0,25,5.697387
1.0,25,5.70043
1.0,33,5.704439
1.0,31,5.708201
1.0,26,5.711355
0.0,16,5.713316
1.0,23,5.716121
1.0,23,5.718932
1.0,29,5.72245
1.0,23,5.725278
1.0,31,5.729044
1.0,23,5.731853
1.0,27,5.735135
1.0,23,5.73793
1.0,25,5.740977
1.0,25,5.744026
1.0,27,5.747301
1.0,27,5.750584
1.0,33,5.754709
1.0,25,5.75776
1.0,24,5.760689
0.0,21,5.763247
1.0,25,5.766279
1.0,24,5.769204
1.0,30,5.77284
1.0,23,5.775641
0.0,11,5.776997
0.0,12,5.778483
1.0,33,5.782486
1.0,27,5.785789
1.0,27,5.789083
1.0,27,5.792379
0.0,16,5.794358
0.0,4,5.794878
1.0,23,5.797676
1.0,25,5.800717
1.0,32,5.804596
1.0,26,5.807765
1.0,23,5.810564
1.0,25,5.813614
0.0,6,5.814372
1.0,23,5.817186
1.0,23,5.82
1.0,26,5.823167
1.0,25,5.8262
1.0,27,5.829492
1.0,23,5.832295
0.0,14,5.834015
1.0,29,5.837533
1.0,23,5.840347
1.0,26,5.843503
0.0,17,5.845578
1.0,23,5.848385
1.0,27,5.851676
1.0,32,5.855561
1.0,26,5.858708
1.0,23,5.861514
1.0,26,5.864675
1.0,27,5.86795
1.0,35,5.872198
1.0,25,5.875242
1.0,26,5.878403
1.0,24,5.881317
1.0,27,5.884604
1.0,23,5.887409
1.0,25,5.890453
1.0,23,5.893248
1.0,23,5.896056
1.0,25,5.899092
1.0,28,5.902497
1.0,23,5.905313
1.0,29,5.908825
1.0,25,5.911869
1.0,23,5.914673
1.0,31,5.918426
1.0,27,5.92171
1.0,23,5.924513
1.0,23,5.927317
1.0,25,5.930341
1.0,25,5.933394
1.0,25,5.936435
1.0,28,5.939835
0.0,18,5.942021
1.0,26,5.945172
1.0,29,5.948696
1.0,25,5.95173
1.0,31,5.955489
1.0,23,5.9583
1.0,26,5.961571
1.0,23,5.964383
1.0,23,5.967191
0.0,8,5.968185
1.0,27,5.971459
1.0,23,5.974258
0.0,7,5.975135
1.0,27,5.97841
1.0,23,5.981218
1.0,23,5.984021
0.0,17,5.986094
1.0,23,5.988894
1.0,23,5.991699
1.0,27,5.994996
0.0,17,5.997079
1.0,25,6.000123
1.0,24,6.003042
0.0,19,6.00536
1.0,25,6.008396
1.0,25,6.011446
1.0,25,6.014483
1.0,27,6.017761
1.0,26,6.020931
1.0,23,6.023735
1.0,27,6.027016
1.0,23,6.029824
1.0,25,6.032868
0.0,15,6.034693
1.0,23,6.037496
1.0,23,6.040304
1.0,28,6.043706
1.0,25,6.046764
1.0,25,6.04983
1.0,23,6.05266
1.0,23,6.055574
1.0,24,6.058519
0.0,6,6.059283
0.0,16,6.061242
0.0,19,6.063571
0.0,14,6.065301
1.0,25,6.068358
1.0,27,6.071651
1.0,27,6.074923
0.0,22,6.077599
1.0,24,6.080528
0.0,16,6.082484
1.0,25,6.085543
1.0,24,6.088483
1.0,23,6.091296
1.0,27,6.094594
1.0,26,6.097751
1.0,25,6.10079
1.0,27,6.104076
1.0,24,6.107002
0.0,14,6.108719
0.0,14,6.110433
1.0,23,6.113246
1.0,28,6.116644
1.0,25,6.119691
1.0,23,6.122507
1.0,25,6.125563
1.0,27,6.128857
0.0,9,6.129971
1.0,29,6.133503
0.0,9,6.13462
1.0,23,6.137421
1.0,25,6.140473
1.0,25,6.143589
1.0,23,6.146417
1.0,31,6.150188
0.0,8,6.151194
1.0,26,6.154349
1.0,26,6.157501
1.0,27,6.160792
1.0,27,6.164184
1.0,27,6.167462
0.0,16,6.169422
1.0,28,6.172817
1.0,23,6.175629
0.0,18,6.177828
1.0,25,6.180892
1.0,25,6.183937
1.0,25,6.186989
1.0,23,6.189796
1.0,30,6.19344
0.0,23,6.196252
1.0,30,6.199895
1.0,26,6.203053
1.0,27,6.206329
1.0,23,6.209135
1.0,25,6.212184
1.0,30,6.215817
1.0,23,6.218624
1.0,32,6.222494
1.0,27,6.225774
1.0,23,6.228571
1.0,25,6.231622
0.0,4,6.232132
1.0,23,6.234999
1.0,29,6.238576
1.0,30,6.242225
1.0,23,6.245133
1.0,25,6.248171
1.0,26,6.251344
0.0,4,6.251859
1.0,29,6.255384
1.0,27,6.258662
1.0,25,6.261687
1.0,25,6.264826
1.0,23,6.267715
1.0,24,6.270648
1.0,25,6.273693
1.0,24,6.276718
1.0,31,6.280463
1.0,23,6.28333
1.0,24,6.286295
1.0,31,6.290053
1.0,27,6.293432
1.0,24,6.296353
0.0,8,6.297351
1.0,24,6.300376
1.0,25,6.303418
1.0,27,6.306718
1.0,23,6.309599
1.0,25,6.312645
1.0,23,6.315537
1.0,27,6.318888
1.0,23,6.321759
0.0,18,6.323959
1.0,29,6.327552
0.0,8,6.328584
1.0,25,6.331624
1.0,25,6.3347
0.0,6,6.3355
1.0,24,6.33845
1.0,32,6.342431
1.0,29,6.345949
0.0,14,6.347763
1.0,25,6.350812
0.0,22,6.353487
1.0,29,6.357105
1.0,23,6.359915
1.0,25,6.362959
1.0,27,6.366236
1.0,23,6.369034
1.0,25,6.372195
1.0,29,6.375709
1.0,30,6.379337
0.0,20,6.381781
1.0,23,6.384587
1.0,31,6.388345
0.0,12,6.389833
0.0,23,6.392635
1.0,23,6.395437
1.0,26,6.398588
1.0,26,6.401743
0.0,22,6.404525
1.0,24,6.407447
0.0,17,6.409518
1.0,27,6.412896
0.0,16,6.41486
1.0,25,6.417892
1.0,23,6.420792
1.0,25,6.42383
1.0,25,6.426873
1.0,28,6.430266
1.0,28,6.433667
1.0,25,6.43671
1.0,23,6.439521
1.0,25,6.442579
1.0,25,6.445633
0.0,4,6.446152
1.0,23,6.448974
1.0,23,6.451791
1.0,23,6.454614
1.0,23,6.457426
1.0,23,6.460235
0.0,6,6.460996
1.0,25,6.464051
0.0,17,6.466138
1.0,26,6.469387
1.0,34,6.473512
1.0,28,6.476907
1.0,31,6.480663
1.0,25,6.483708
1.0,25,6.486749
1.0,30,6.490397
1.0,29,6.493932
0.0,8,6.494944
1.0,26,6.498109
1.0,23,6.500926
0.0,12,6.502419
1.0,35,6.506684
1.0,26,6.509872
1.0,23,6.512701
1.0,26,6.51597
1.0,27,6.519269
0.0,4,6.519785
0.0,16,6.521743
1.0,25,6.524835
1.0,23,6.527572
1.0,25,6.530485
1.0,30,6.53402
0.0,14,6.535739
1.0,30,6.539237
1.0,29,6.542719
1.0,24,6.545592
1.0,25,6.548581
1.0,30,6.55211
1.0,27,6.55532
1.0,23,6.558005
0.0,20,6.560405
0.0,14,6.562027
0.0,4,6.56253
1.0,27,6.565708
1.0,23,6.568361
0.0,14,6.569983
1.0,26,6.57315
1.0,27,6.576492
1.0,25,6.579436
1.0,24,6.582219
1.0,25,6.585176
0.0,8,6.586158
1.0,27,6.589365
1.0,24,6.592231
1.0,25,6.595163
0.0,14,6.596833
1.0,28,6.60005
1.0,25,6.60304
1.0,23,6.605822
1.0,23,6.608594
1.0,30,6.612146
1.0,26,6.615258
1.0,29,6.618653
1.0,26,6.621703
1.0,25,6.624683
1.0,26,6.627767
1.0,29,6.631159
1.0,29,6.634558
1.0,26,6.637696
1.0,25,6.640676
1.0,24,6.643515
0.0,21,6.64596
1.0,27,6.649158
1.0,24,6.65201
1.0,25,6.654934
1.0,29,6.658384
0.0,4,6.658907
1.0,30,6.662417
1.0,28,6.665713
1.0,27,6.668908
1.0,25,6.671893
1.0,25,6.674785
1.0,27,6.67795
1.0,25,6.680919
1.0,29,6.684339
0.0,8,6.685287
1.0,25,6.688256
1.0,25,6.691185
1.0,23,6.693929
1.0,25,6.696949
1.0,24,6.699883
1.0,25,6.702787
1.0,27,6.705936
0.0,16,6.707886
0.0,10,6.709048
1.0,26,6.712116
1.0,23,6.714794
1.0,23,6.717557
1.0,31,6.721219
1.0,23,6.723973
1.0,24,6.726772
1.0,27,6.72994
1.0,24,6.732806
1.0,31,6.736455
1.0,24,6.739286
1.0,27,6.742424
1.0,23,6.745177
1.0,25,6.748155
1.0,27,6.751259
1.0,25,6.75418
1.0,33,6.758052
1.0,23,6.76071
1.0,25,6.763662
0.0,16,6.765529
1.0,23,6.768176
1.0,24,6.770978
1.0,31,6.77459
1.0,29,6.778018
1.0,26,6.781227
0.0,8,6.782173
1.0,27,6.78528
0.0,8,6.786232
1.0,23,6.789058
1.0,23,6.791821
1.0,25,6.794732
0.0,8,6.795734
1.0,23,6.798391
1.0,27,6.801608
1.0,25,6.804602
1.0,25,6.807553
1.0,23,6.810231
1.0,23,6.812892
0.0,17,6.814903
1.0,24,6.81774
1.0,25,6.820649
1.0,23,6.823373
1.0,23,6.826055
1.0,25,6.828938
0.0,23,6.831668
1.0,27,6.834785
1.0,24,6.837548
1.0,27,6.840762
1.0,25,6.843652
1.0,26,6.846674
1.0,24,6.849507
1.0,25,6.852468
1.0,25,6.855417
0.0,6,6.856163
1.0,24,6.858968
1.0,25,6.861907
1.0,23,6.864662
1.0,26,6.867739
1.0,28,6.871003
1.0,29,6.874381
0.0,4,6.874874
0.0,14,6.876493
1.0,23,6.8792
0.0,8,6.880193
1.0,23,6.882885
1.0,25,6.885838
1.0,28,6.889055
1.0,25,6.892038
1.0,30,6.895488
1.0,23,6.898149
1.0,23,6.900909
1.0,30,6.904446
1.0,23,6.907159
1.0,25,6.910091
1.0,25,6.913001
1.0,27,6.916213
1.0,23,6.918866
0.0,15,6.920603
1.0,30,6.924156
1.0,25,6.927052
1.0,23,6.929712
1.0,23,6.932461
1.0,25,6.935338
0.0,14,6.936965
1.0,27,6.940162
1.0,23,6.942808
1.0,25,6.945689
1.0,25,6.948669
1.0,26,6.951656
1.0,27,6.954786
1.0,31,6.958416
0.0,6,6.959134
1.0,27,6.962236
1.0,25,6.965223
1.0,28,6.968445
1.0,27,6.971631
1.0,30,6.975251
1.0,25,6.978302
1.0,196,7.001408
1.0,31,7.005133
1.0,25,7.008197
1.0,26,7.011246
1.0,23,7.014054
1.0,23,7.016813
1.0,23,7.019541
0.0,12,7.020967
1.0,24,7.023925
1.0,30,7.027504
1.0,25,7.030432
0.0,14,7.03216
1.0,24,7.034975
1.0,24,7.037778
1.0,25,7.040763
1.0,24,7.043609
1.0,25,7.046673
1.0,26,7.049941
1.0,25,7.053044
1.0,25,7.056164
1.0,25,7.059276
1.0,25,7.062378
1.0,25,7.065477
1.0,23,7.068328
1.0,31,7.072191
1.0,25,7.075276
1.0,25,7.078377
1.0,25,7.08159
1.0,34,7.08584
1.0,36,7.090283
1.0,25,7.093381
1.0,27,7.096767
1.0,25,7.099849
1.0,27,7.103146
1.0,23,7.105975
1.0,23,7.108829
0.0,21,7.111507
1.0,23,7.114371
0.0,14,7.116119
1.0,26,7.11941
1.0,28,7.122864
1.0,25,7.125917
1.0,29,7.129592
1.0,25,7.132817
1.0,23,7.135763
1.0,24,7.138768
1.0,28,7.142286
1.0,25,7.145471
1.0,24,7.148418
1.0,28,7.152012
1.0,25,7.155115
0.0,6,7.155898
0.0,4,7.156415
1.0,31,7.160348
1.0,23,7.163229
1.0,29,7.166861
0.0,21,7.169555
0.0,6,7.170321
1.0,27,7.173645
1.0,25,7.176859
1.0,27,7.180185
1.0,23,7.183039
1.0,23,7.185886
1.0,28,7.189463
1.0,27,7.192826
0.0,14,7.194587
1.0,26,7.197814
1.0,25,7.200952
0.0,23,7.203846
0.0,12,7.205346
0.0,8,7.206367
1.0,25,7.209497
1.0,27,7.212846
1.0,25,7.215937
0.0,18,7.218194
1.0,23,7.221069
1.0,27,7.224429
1.0,27,7.227713
1.0,25,7.230658
1.0,25,7.233761
0.0,8,7.234735
0.0,16,7.236597
0.0,4,7.237084
0.0,8,7.238028
1.0,24,7.240882
1.0,26,7.244032
1.0,27,7.247191
0.0,16,7.249176
1.0,25,7.25225
1.0,26,7.255325
1.0,23,7.258264
1.0,23,7.261193
1.0,25,7.264394
1.0,24,7.267558
1.0,25,7.270734
1.0,25,7.273919
1.0,25,7.277027
1.0,25,7.28004
0.0,8,7.280988
1.0,26,7.284142
1.0,27,7.287358
1.0,28,7.290694
1.0,32,7.294629
0.0,8,7.295676
1.0,25,7.29886
1.0,27,7.302284
1.0,23,7.30523
1.0,26,7.308549
1.0,25,7.311733
1.0,23,7.314626
1.0,29,7.318041
1.0,28,7.321521
0.0,17,7.323662
1.0,23,7.326511
0.0,10,7.327798
1.0,27,7.331143
0.0,6,7.33194
0.0,13,7.333559
1.0,23,7.33638
1.0,33,7.340366
1.0,23,7.343077
1.0,25,7.346
1.0,27,7.349221
1.0,25,7.352207
1.0,29,7.355634
1.0,23,7.358315
1.0,25,7.361352
1.0,28,7.364732
1.0,25,7.367704
1.0,27,7.370868
1.0,27,7.374036
1.0,28,7.377348
1.0,31,7.381005
1.0,24,7.38387
1.0,23,7.386546
1.0,23,7.389274
1.0,24,7.392269
1.0,25,7.395203
0.0,12,7.396655
1.0,25,7.399615
1.0,23,7.402281
1.0,25,7.40526
1.0,27,7.408488
1.0,23,7.411206
1.0,25,7.414125
0.0,4,7.414645
1.0,23,7.417365
1.0,26,7.420446
1.0,25,7.423392
1.0,23,7.426081
1.0,23,7.428839
1.0,27,7.432056
1.0,25,7.434977
1.0,24,7.437789
1.0,23,7.440546
1.0,35,7.444651
0.0,22,7.447241
1.0,26,7.450264
1.0,25,7.453248
1.0,28,7.456708
1.0,25,7.459819
1.0,29,7.463328
1.0,25,7.466446
0.0,19,7.468841
0.0,6,7.469611
1.0,29,7.473213
1.0,25,7.476353
1.0,23,7.479206
1.0,25,7.482347
1.0,30,7.486108
1.0,28,7.489592
1.0,27,7.492947
1.0,27,7.496317
1.0,25,7.499322
1.0,24,7.502286
1.0,26,7.505376
1.0,27,7.508609
0.0,14,7.510319
1.0,30,7.513859
1.0,25,7.516844
1.0,25,7.519875
1.0,25,7.522846
1.0,25,7.525805
1.0,25,7.528813
1.0,25,7.531709
1.0,23,7.534393
1.0,23,7.537246
1.0,27,7.540479
1.0,26,7.543543
1.0,25,7.546446
0.0,6,7.547234
1.0,27,7.550413
1.0,28,7.5539
1.0,24,7.556877
1.0,29,7.560414
1.0,27,7.563738
1.0,28,7.567011
1.0,23,7.569875
1.0,25,7.573008
1.0,23,7.57588
0.0,18,7.578104
1.0,23,7.580953
1.0,27,7.584285
1.0,26,7.587406
1.0,29,7.590979
1.0,29,7.594532
1.0,27,7.597911
1.0,25,7.60092
1.0,23,7.60368
0.0,21,7.606271
1.0,29,7.609852
1.0,28,7.613263
1.0,23,7.616105
1.0,31,7.619963
1.0,24,7.622951
1.0,25,7.626057
0.0,14,7.627827
1.0,25,7.630908
1.0,25,7.634034
1.0,26,7.637363
1.0,26,7.640605
1.0,25,7.643717
1.0,27,7.647093
1.0,23,7.649981
1.0,31,7.653862
1.0,25,7.65693
0.0,4,7.657448
1.0,27,7.660769
1.0,27,7.664135
1.0,24,7.667146
1.0,25,7.670288
1.0,27,7.67369
1.0,25,7.676731
1.0,25,7.679607
0.0,17,7.681718
1.0,25,7.684814
0.0,20,7.687309
1.0,23,7.690209
1.0,27,7.693508
1.0,27,7.696894
1.0,29,7.700481
1.0,25,7.703603
1.0,23,7.706472
1.0,25,7.709603
1.0,28,7.713098
1.0,23,7.71599
0.0,14,7.717751
1.0,27,7.721121
1.0,31,7.724939
1.0,26,7.728171
1.0,30,7.731873
1.0,24,7.73485
1.0,27,7.738207
1.0,27,7.741581
0.0,8,7.742613
1.0,25,7.745735
0.0,19,7.748117
1.0,31,7.752086
1.0,25,7.755211
1.0,27,7.758575
1.0,24,7.761552
1.0,25,7.764595
1.0,25,7.767701
1.0,23,7.770544
0.0,16,7.772435
1.0,27,7.775658
1.0,29,7.779088
1.0,25,7.782033
1.0,27,7.785256
0.0,7,7.786089
1.0,23,7.788863
1.0,26,7.791994
1.0,32,7.795932
1.0,26,7.799193
1.0,29,7.802824
1.0,23,7.805687
0.0,19,7.808072
1.0,23,7.810962
1.0,27,7.814253
0.0,8,7.815256
1.0,32,7.819231
1.0,27,7.822619
1.0,23,7.825496
1.0,25,7.828605
1.0,25,7.831794
0.0,16,7.833774
1.0,26,7.83694
0.0,6,7.837705
1.0,26,7.840833
1.0,27,7.84427
1.0,29,7.847777
1.0,31,7.85164
1.0,24,7.85462
1.0,25,7.857732
1.0,27,7.861132
1.0,23,7.863991
1.0,25,7.867132
0.0,10,7.86839
1.0,23,7.871248
0.0,4,7.871763
1.0,28,7.875192
0.0,19,7.877578
0.0,6,7.878361
1.0,25,7.881473
1.0,28,7.884921
0.0,14,7.886685
1.0,29,7.890221
1.0,23,7.893092
1.0,23,7.895999
0.0,16,7.897907
1.0,24,7.900769
1.0,26,7.903854
1.0,23,7.906692
1.0,23,7.909577
1.0,25,7.912729
1.0,27,7.91611
1.0,23,7.918979
1.0,26,7.922235
0.0,14,7.924006
1.0,25,7.92711
0.0,18,7.929389
1.0,25,7.932498
0.0,8,7.933503
1.0,23,7.93633
1.0,27,7.939677
1.0,28,7.943133
0.0,24,7.946104
0.0,21,7.948708
1.0,23,7.951575
1.0,25,7.954643
0.0,16,7.956667
1.0,27,7.959939
0.0,16,7.961946
1.0,24,7.964935
1.0,23,7.96782
1.0,27,7.971193
1.0,25,7.974323
1.0,28,7.977691
0.0,14,7.979471
1.0,33,7.983577
0.0,9,7.984723
1.0,23,7.987606
1.0,26,7.990849
1.0,23,7.99374
1.0,25,7.996874
1.0,23,7.999774
1.0,27,8.003206
1.0,27,8.00662
0.0,23,8.009628
0.0,6,8.010438
1.0,24,8.013563
0.0,12,8.015166
1.0,31,8.019185
0.0,6,8.019994
0.0,16,8.022062
0.0,16,8.024145
1.0,28,8.02775
1.0,28,8.031352
1.0,23,8.034323
0.0,8,8.035383
0.0,16,8.037453
0.0,6,8.038246
1.0,33,8.042476
1.0,27,8.045927
1.0,27,8.049392
1.0,25,8.052587
1.0,27,8.055879
1.0,26,8.059111
1.0,25,8.062138
0.0,19,8.064586
1.0,23,8.06743
0.0,14,8.069196
1.0,23,8.072062
1.0,23,8.074906
1.0,23,8.077772
0.0,8,8.078808
1.0,25,8.081931
1.0,25,8.085021
1.0,27,8.088364
1.0,25,8.091471
1.0,32,8.095366
1.0,25,8.098455
0.0,6,8.099219
0.0,4,8.099734
0.0,8,8.100681
1.0,25,8.10375
0.0,12,8.105268
1.0,26,8.108471
1.0,28,8.111921
1.0,25,8.115005
0.0,19,8.117321
1.0,23,8.120075
1.0,23,8.12275
1.0,25,8.125763
1.0,23,8.128566
1.0,30,8.132104
1.0,23,8.1348
1.0,23,8.13753
0.0,8,8.138473
1.0,23,8.14122
0.0,16,8.143143
1.0,24,8.145959
1.0,23,8.148725
0.0,16,8.150613
0.0,6,8.151374
0.0,8,8.152352
1.0,23,8.155171
1.0,25,8.158259
1.0,23,8.161091
1.0,26,8.164235
1.0,24,8.16724
1.0,27,8.170542
1.0,25,8.173564
1.0,25,8.176542
1.0,26,8.179629
1.0,25,8.182734
1.0,25,8.185754
0.0,10,8.186975
1.0,25,8.19004
1.0,24,8.192904
1.0,27,8.196255
1.0,31,8.200043
1.0,27,8.20321
1.0,25,8.206241
1.0,25,8.211309
0.0,8,8.212412
0.0,2,8.212684
1.0,23,8.215447
1.0,25,8.2185
0.0,8,8.219503
1.0,23,8.222365
0.0,4,8.222896
1.0,23,8.225621
1.0,25,8.228602
1.0,27,8.23171
0.0,8,8.232652
1.0,25,8.235634
0.0,17,8.237712
1.0,30,8.241356
0.0,17,8.243428
1.0,23,8.246107
0.0,23,8.248863
1.0,25,8.251843
0.0,14,8.253617
1.0,25,8.256717
1.0,23,8.259481
1.0,25,8.262392
1.0,26,8.265637
1.0,26,8.268908
1.0,23,8.27178
0.0,4,8.272318
0.0,21,8.274906
1.0,25,8.278023
1.0,28,8.281532
1.0,23,8.284388
1.0,24,8.287308
1.0,23,8.290184
1.0,23,8.293048
1.0,26,8.296279
1.0,25,8.29939
0.0,14,8.301149
1.0,23,8.304018
1.0,26,8.307252
1.0,27,8.310631
1.0,25,8.313715
1.0,30,8.317412
1.0,26,8.320643
1.0,27,8.323863
1.0,25,8.326964
0.0,19,8.329304
1.0,25,8.33244
1.0,26,8.335689
1.0,42,8.34087
1.0,25,8.343971
1.0,25,8.347084
1.0,27,8.350466
1.0,23,8.353283
1.0,28,8.356689
1.0,35,8.361002
1.0,28,8.364504
0.0,17,8.366633
0.0,17,8.368742
1.0,24,8.371708
1.0,23,8.374573
1.0,26,8.377806
1.0,28,8.381289
1.0,23,8.38416
1.0,25,8.387305
1.0,23,8.390186
1.0,23,8.393054
1.0,26,8.396302
1.0,31,8.400113
1.0,27,8.403443
1.0,23,8.406119
1.0,24,8.409037
1.0,26,8.412356
0.0,21,8.414981
1.0,23,8.417836
1.0,29,8.421434
1.0,27,8.424791
1.0,24,8.427642
1.0,23,8.430319
0.0,17,8.432402
1.0,31,8.43609
1.0,26,8.439146
0.0,25,8.442069
1.0,28,8.445389
1.0,23,8.448159
1.0,27,8.451336
1.0,23,8.454031
1.0,25,8.457021
1.0,25,8.460004
1.0,27,8.463178
1.0,32,8.466951
1.0,27,8.470116
1.0,26,8.473364
1.0,26,8.476536
1.0,25,8.479534
1.0,33,8.483646
1.0,23,8.486529
0.0,18,8.488799
1.0,23,8.491681
1.0,29,8.495458
1.0,28,8.498948
1.0,25,8.502108
0.0,19,8.504515
1.0,30,8.508295
1.0,27,8.511693
1.0,23,8.514604
1.0,27,8.517996
1.0,29,8.521603
1.0,23,8.524401
1.0,23,8.527107
1.0,24,8.529939
1.0,23,8.532724
1.0,25,8.535842
1.0,23,8.538722
1.0,24,8.541739
1.0,25,8.544887
0.0,8,8.545889
1.0,25,8.549037
1.0,25,8.552189
1.0,25,8.55532
1.0,23,8.558219
0.0,15,8.560138
0.0,21,8.562768
1.0,23,8.56565
1.0,25,8.568813
0.0,14,8.570599
1.0,31,8.574452
1.0,27,8.577722
1.0,23,8.580599
1.0,29,8.58424
1.0,25,8.587364
1.0,26,8.590635
1.0,27,8.594017
1.0,23,8.59691
1.0,29,8.600554
0.0,6,8.601339
0.0,17,8.60349
1.0,25,8.606625
1.0,25,8.609737
1.0,26,8.612987
1.0,26,8.616387
0.0,16,8.618415
1.0,25,8.621576
0.0,6,8.62236
0.0,19,8.624765
0.0,10,8.626045
1.0,29,8.629669
1.0,27,8.632999
0.0,14,8.634784
0.0,23,8.637692
0.0,18,8.63995
1.0,27,8.643343
0.0,12,8.644875
0.0,4,8.645398
1.0,26,8.64861
1.0,28,8.652072
1.0,25,8.65518
0.0,4,8.655715
1.0,27,8.659081
1.0,29,8.662725
1.0,23,8.665634
1.0,23,8.668543
1.0,23,8.671455
1.0,25,8.674604
1.0,26,8.677827
1.0,27,8.681216
1.0,25,8.68438
1.0,25,8.687549
1.0,30,8.691265
1.0,26,8.694558
0.0,19,8.696979
0.0,20,8.699516
0.0,19,8.701922
1.0,27,8.705325
1.0,29,8.708947
1.0,26,8.712222
0.0,4,8.712757
1.0,25,8.715912
1.0,25,8.719062
1.0,27,8.722414
1.0,30,8.726174
1.0,27,8.729535
1.0,23,8.732415
1.0,25,8.735571
0.0,8,8.736607
0.0,17,8.738749
1.0,24,8.741771
0.0,6,8.742538
1.0,26,8.745787
1.0,27,8.749173
0.0,21,8.751817
1.0,26,8.755076
1.0,28,8.758582
1.0,24,8.761596
0.0,7,8.762482
1.0,27,8.765806
1.0,28,8.769289
1.0,25,8.77241
0.0,17,8.774557
1.0,23,8.777425
1.0,25,8.780445
0.0,21,8.7829
1.0,24,8.785712
0.0,19,8.788018
1.0,31,8.791887
1.0,27,8.795245
0.0,4,8.795775
1.0,29,8.79939
1.0,27,8.802744
1.0,25,8.805881
0.0,16,8.807902
0.0,10,8.809178
0.0,4,8.809703
1.0,27,8.813085
1.0,25,8.816204
1.0,27,8.819648
1.0,25,8.822771
1.0,23,8.825615
0.0,14,8.827358
1.0,23,8.830196
1.0,23,8.833039
1.0,28,8.836488
1.0,27,8.83983
0.0,12,8.841339
0.0,6,8.842102
1.0,31,8.845921
0.0,8,8.846939
1.0,25,8.850018
0.0,16,8.852025
1.0,23,8.854881
1.0,29,8.85847
1.0,25,8.861549
1.0,26,8.864758
1.0,33,8.868815
1.0,27,8.872158
1.0,25,8.875256
1.0,29,8.878832
0.0,18,8.88106
1.0,24,8.884013
1.0,24,8.886976
1.0,23,8.889822
1.0,27,8.893052
1.0,26,8.896134
1.0,27,8.899292
1.0,23,8.902143
0.0,19,8.904524
0.0,12,8.905997
0.0,14,8.907718
1.0,23,8.910572
1.0,23,8.913413
1.0,23,8.916206
1.0,23,8.919111
1.0,28,8.922437
1.0,29,8.925864
1.0,26,8.92913
0.0,5,8.929791
1.0,26,8.933059
0.0,6,8.933832
1.0,25,8.936909
1.0,30,8.940615
0.0,20,8.943108
1.0,25,8.946234
1.0,28,8.949739
0.0,4,8.950275
0.0,18,8.952528
1.0,24,8.955524
1.0,27,8.958874
1.0,25,8.961999
1.0,23,8.96487
0.0,8,8.965888
1.0,32,8.969848
1.0,23,8.972764
1.0,26,8.975952
1.0,31,8.97968
1.0,25,8.982607
1.0,27,8.985793
1.0,26,8.988887
1.0,25,8.991876
1.0,27,8.995038
1.0,31,8.998668
0.0,18,9.000828
0.0,19,9.003067
1.0,23,9.005771
1.0,25,9.008759
0.0,16,9.010633
1.0,23,9.013366
1.0,29,9.016803
1.0,27,9.01992
1.0,27,9.023133
1.0,33,9.027098
0.0,21,9.029566
1.0,28,9.032889
1.0,23,9.035713
0.0,23,9.038582
1.0,23,9.041403
1.0,28,9.044812
0.0,23,9.047811
1.0,25,9.050721
0.0,8,9.051717
1.0,24,9.054481
1.0,28,9.057688
1.0,27,9.060872
1.0,23,9.063517
0.0,8,9.064455
1.0,29,9.067876
1.0,23,9.070642
1.0,25,9.073592
1.0,25,9.07656
1.0,27,9.079746
1.0,27,9.082896
0.0,19,9.085163
1.0,25,9.088131
1.0,23,9.090848
1.0,29,9.09429
1.0,25,9.09726
1.0,27,9.100464
1.0,26,9.10352
1.0,29,9.106916
1.0,27,9.110061
1.0,23,9.112792
0.0,21,9.115272
1.0,27,9.118414
0.0,22,9.12113
1.0,25,9.124099
1.0,23,9.126776
1.0,33,9.130613
1.0,25,9.133568
0.0,16,9.13548
1.0,25,9.138356
0.0,20,9.140661
0.0,8,9.1416
1.0,30,9.145187
1.0,32,9.14902
1.0,25,9.151992
1.0,23,9.154665
1.0,25,9.157603
0.0,14,9.159285
1.0,27,9.162416
1.0,25,9.165499
1.0,23,9.168304
0.0,17,9.17027
0.0,4,9.170789
0.0,17,9.172808
0.0,8,9.173747
1.0,33,9.17762
1.0,24,9.180388
1.0,29,9.183802
1.0,33,9.187543
1.0,27,9.19067
0.0,17,9.19271
1.0,29,9.196018
1.0,24,9.198812
1.0,27,9.201975
1.0,29,9.205396
1.0,30,9.208932
1.0,24,9.211772
1.0,25,9.214677
1.0,31,9.218293
1.0,27,9.221386
1.0,23,9.224129
1.0,25,9.227084
1.0,25,9.230238
1.0,23,9.233054
1.0,24,9.235915
1.0,23,9.238604
1.0,28,9.241889
1.0,23,9.24464
1.0,34,9.248616
1.0,29,9.252041
0.0,8,9.25298
1.0,28,9.256191
1.0,25,9.259118
1.0,25,9.262036
0.0,6,9.262783
0.0,4,9.263297
1.0,23,9.265977
0.0,14,9.267676
1.0,25,9.270596
1.0,25,9.273549
1.0,27,9.276742
0.0,19,9.27894
1.0,26,9.281929
1.0,26,9.285026
1.0,31,9.288578
1.0,33,9.29257
0.0,18,9.29473
1.0,26,9.297782
1.0,25,9.300755
1.0,26,9.303825
1.0,23,9.306468
1.0,23,9.309207
1.0,24,9.312059
1.0,24,9.314859
1.0,23,9.317564
1.0,28,9.320868
1.0,25,9.323844
1.0,24,9.326625
1.0,37,9.330958
1.0,29,9.334327
1.0,34,9.338316
1.0,27,9.341506
1.0,29,9.344923
1.0,27,9.348117
1.0,23,9.350794
1.0,25,9.353732
1.0,27,9.35682
0.0,18,9.358937
1.0,30,9.362434
1.0,29,9.365759
0.0,19,9.368051
1.0,27,9.371194
1.0,23,9.373877
1.0,27,9.377073
1.0,30,9.380509
1.0,27,9.383698
1.0,25,9.38658
1.0,28,9.389782
1.0,27,9.392987
1.0,27,9.396204
1.0,25,9.399155
1.0,26,9.402323
1.0,25,9.4053
0.0,6,9.406019
0.0,4,9.406502
1.0,29,9.409916
0.0,6,9.410663
0.0,15,9.412458
0.0,12,9.413856
1.0,26,9.416939
1.0,27,9.420156
1.0,25,9.423077
0.0,18,9.425214
0.0,16,9.427123
1.0,29,9.430509
1.0,25,9.433558
1.0,24,9.436308
1.0,23,9.439008
1.0,25,9.441936
1.0,25,9.444928
1.0,26,9.448009
1.0,25,9.450914
1.0,24,9.453722
1.0,23,9.456373
1.0,25,9.459254
1.0,26,9.46224
1.0,25,9.465102
1.0,25,9.468071
1.0,30,9.471473
1.0,31,9.475071
1.0,23,9.47776
1.0,23,9.480413
1.0,25,9.483352
1.0,25,9.486247
1.0,23,9.488891
1.0,25,9.491766
1.0,23,9.494411
1.0,27,9.497613
1.0,23,9.500376
1.0,25,9.50332
1.0,23,9.506111
0.0,6,9.506868
1.0,23,9.509562
1.0,23,9.512299
1.0,24,9.515114
1.0,23,9.517795
1.0,25,9.520757
0.0,24,9.523592
1.0,24,9.52637
0.0,20,9.528775
1.0,27,9.531949
1.0,25,9.53487
1.0,24,9.53769
0.0,23,9.540439
1.0,27,9.543669
1.0,26,9.546771
1.0,25,9.549709
1.0,25,9.552684
1.0,28,9.555984
1.0,28,9.559251
0.0,19,9.561468
0.0,13,9.563023
1.0,26,9.566042
1.0,25,9.569011
0.0,4,9.569494
1.0,25,9.572451
1.0,24,9.575262
1.0,30,9.578767
1.0,23,9.581471
1.0,25,9.58444
1.0,25,9.587378
1.0,26,9.590379
1.0,26,9.59346
1.0,23,9.596207
0.0,12,9.597607
1.0,25,9.600568
1.0,25,9.603504
1.0,26,9.606633
1.0,23,9.609353
1.0,25,9.612312
0.0,14,9.613937
1.0,27,9.617125
1.0,23,9.619875
1.0,23,9.62254
1.0,25,9.625484
1.0,27,9.62867
1.0,25,9.631548
1.0,24,9.634304
1.0,23,9.637165
0.0,8,9.63811
1.0,24,9.640864
1.0,29,9.644194
1.0,25,9.647073
1.0,23,9.649706
1.0,29,9.653135
1.0,23,9.655786
0.0,4,9.656273
0.0,6,9.656981
0.0,23,9.659626
1.0,27,9.662732
0.0,20,9.665031
1.0,23,9.667684
1.0,31,9.671238
0.0,17,9.673191
1.0,25,9.676062
1.0,25,9.678933
1.0,26,9.681907
1.0,31,9.685459
1.0,27,9.68856
0.0,17,9.690524
1.0,23,9.693174
1.0,27,9.696278
0.0,8,9.697221
1.0,24,9.700079
1.0,24,9.702839
1.0,25,9.705707
1.0,23,9.708359
1.0,26,9.711342
1.0,28,9.714545
1.0,25,9.717419
1.0,29,9.720838
1.0,25,9.723708
1.0,23,9.72635
1.0,27,9.729449
1.0,26,9.732441
1.0,23,9.735091
1.0,25,9.737967
1.0,25,9.740838
0.0,16,9.742689
1.0,29,9.746007
1.0,23,9.74866
1.0,25,9.751616
1.0,23,9.754297
1.0,29,9.757637
0.0,12,9.759042
1.0,26,9.762016
1.0,25,9.764888
1.0,32,9.768555
0.0,12,9.76996
1.0,25,9.772829
1.0,24,9.775677
0.0,19,9.777901
1.0,27,9.781008
0.0,18,9.783094
1.0,26,9.78606
0.0,4,9.786555
1.0,25,9.789422
1.0,27,9.792532
1.0,24,9.795299
1.0,25,9.798171
1.0,23,9.800912
1.0,27,9.804168
1.0,27,9.807458
1.0,26,9.810628
1.0,24,9.813545
1.0,30,9.817189
1.0,25,9.820234
1.0,23,9.823043
1.0,25,9.826086
1.0,27,9.829289
1.0,23,9.832051
1.0,27,9.835218
1.0,26,9.838234
1.0,29,9.841739
1.0,23,9.844397
0.0,4,9.844882
1.0,26,9.847869
1.0,26,9.850856
1.0,26,9.85384
1.0,23,9.856493
1.0,23,9.859141
1.0,23,9.861784
1.0,35,9.8658
1.0,24,9.868564
0.0,16,9.870416
1.0,29,9.873733
0.0,18,9.875904
0.0,14,9.877526
1.0,23,9.88018
1.0,27,9.883395
1.0,28,9.886667
1.0,25,9.889648
1.0,29,9.893119
1.0,27,9.896321
1.0,26,9.899377
0.0,17,9.90137
0.0,6,9.902079
1.0,27,9.905282
1.0,29,9.908703
0.0,6,9.909411
1.0,28,9.912713
1.0,23,9.915361
1.0,29,9.918723
1.0,23,9.921438
1.0,23,9.924085
0.0,8,9.925024
1.0,24,9.927879
1.0,23,9.930646
0.0,25,9.933587
0.0,12,9.935022
1.0,23,9.937748
1.0,29,9.941065
1.0,27,9.944271
1.0,24,9.947032
1.0,23,9.9498
0.0,20,9.952199
1.0,25,9.955149
1.0,24,9.958074
1.0,26,9.961247
1.0,27,9.964517
0.0,8,9.965513
1.0,23,9.968316
1.0,27,9.971588
1.0,28,9.974985
1.0,25,9.978028
1.0,26,9.981189
1.0,28,9.98458
0.0,8,9.985579
1.0,28,9.988964
1.0,23,9.991764
1.0,24,9.994691
1.0,26,9.997853
1.0,23,10.000656
1.0,28,10.004049
0.0,20,10.006479
1.0,27,10.009747
1.0,27,10.013017
1.0,23,10.01581
1.0,23,10.018626
1.0,27,10.02191
1.0,26,10.02507
1.0,24,10.027987
1.0,27,10.031267
0.0,6,10.032026
1.0,31,10.035778
1.0,27,10.039061
1.0,27,10.042332
0.0,6,10.04314
1.0,25,10.046136
1.0,29,10.049556
1.0,27,10.052644
1.0,27,10.055852
1.0,23,10.058518
1.0,25,10.061437
1.0,27,10.064655
1.0,23,10.067374
0.0,8,10.068352
0.0,4,10.068839
0.0,10,10.070006
1.0,29,10.073433
1.0,25,10.076422
1.0,25,10.079367
1.0,25,10.082275
1.0,25,10.085256
1.0,25,10.08832
1.0,26,10.091389
1.0,25,10.094294
1.0,26,10.097372
1.0,28,10.100686
1.0,30,10.104221
1.0,23,10.106878
1.0,25,10.10975
1.0,29,10.113277
1.0,26,10.116387
1.0,23,10.119088
1.0,23,10.121798
1.0,25,10.124668
1.0,25,10.12761
0.0,8,10.128567
0.0,26,10.131545
1.0,27,10.134647
1.0,26,10.137625
1.0,23,10.140274
1.0,23,10.142963
1.0,27,10.146117
1.0,30,10.149619
1.0,25,10.152524
1.0,27,10.155708
1.0,31,10.159394
1.0,25,10.162271
1.0,25,10.165141
0.0,4,10.165625
1.0,24,10.168426
1.0,23,10.171128
0.0,19,10.173339
1.0,25,10.176208
1.0,25,10.179087
1.0,24,10.181841
0.0,4,10.182325
1.0,27,10.185537
1.0,23,10.188189
1.0,23,10.190839
1.0,25,10.193698
1.0,23,10.196356
1.0,28,10.199587
1.0,31,10.203122
1.0,30,10.206565
0.0,12,10.207968
1.0,28,10.211251
1.0,24,10.214055
1.0,27,10.217171
1.0,28,10.220383
0.0,17,10.222344
1.0,23,10.224985
1.0,24,10.227755
1.0,25,10.230632
1.0,31,10.234184
1.0,27,10.23729
0.0,19,10.239486
1.0,25,10.242364
1.0,23,10.245009
1.0,23,10.24781
1.0,30,10.251251
1.0,27,10.25434
1.0,25,10.257226
1.0,25,10.260123
1.0,29,10.263456
0.0,8,10.264394
1.0,27,10.267491
0.0,15,10.26921
1.0,27,10.272308
1.0,23,10.274962
1.0,28,10.278162
0.0,21,10.280595
0.0,10,10.281765
1.0,24,10.28454
1.0,27,10.287654
0.0,14,10.28928
1.0,31,10.292841
1.0,24,10.295606
1.0,25,10.298485
1.0,23,10.301135
0.0,14,10.302766
1.0,23,10.305408
1.0,25,10.308274
1.0,26,10.311263
1.0,29,10.314605
0.0,18,10.316692
1.0,23,10.319344
1.0,27,10.322482
1.0,27,10.325601
1.0,25,10.328487
1.0,34,10.332374
1.0,24,10.335134
1.0,27,10.338232
0.0,6,10.338953
1.0,23,10.341625
1.0,27,10.344741
1.0,23,10.347404
1.0,23,10.35008
1.0,23,10.352759
1.0,23,10.35544
1.0,26,10.358481
0.0,21,10.361061
1.0,23,10.36383
1.0,25,10.366769
0.0,14,10.368457
0.0,8,10.369401
1.0,23,10.372133
0.0,6,10.372843
1.0,28,10.376141
1.0,27,10.379295
1.0,25,10.382202
1.0,24,10.384959
1.0,23,10.38769
0.0,14,10.389332
0.0,4,10.389815
1.0,26,10.392804
0.0,9,10.393862
0.0,6,10.394579
1.0,23,10.397221
1.0,25,10.400101
1.0,24,10.402873
1.0,24,10.405641
1.0,25,10.408517
1.0,31,10.412084
1.0,23,10.414739
0.0,21,10.417166
0.0,14,10.418821
1.0,35,10.422935
0.0,8,10.423938
1.0,25,10.426802
1.0,24,10.42957
1.0,27,10.432678
1.0,23,10.43533
0.0,4,10.435819
1.0,24,10.438586
1.0,31,10.442148
1.0,25,10.445038
1.0,25,10.448023
1.0,23,10.450683
1.0,29,10.454026
0.0,6,10.454811
1.0,23,10.457591
0.0,16,10.459455
1.0,27,10.462571
1.0,30,10.466025
1.0,27,10.469141
0.0,4,10.469629
0.0,21,10.472054
1.0,31,10.475612
1.0,31,10.479193
1.0,26,10.48219
1.0,29,10.485518
1.0,25,10.488396
0.0,19,10.490591
1.0,25,10.493472
1.0,25,10.496375
1.0,23,10.499055
1.0,27,10.502167
1.0,27,10.50526
0.0,10,10.506435
1.0,24,10.5092
0.0,19,10.511409
1.0,27,10.51451
1.0,25,10.517402
1.0,23,10.520066
1.0,25,10.522955
0.0,4,10.523451
1.0,25,10.526334
0.0,21,10.52877
0.0,18,10.530858
0.0,4,10.531347
1.0,26,10.53434
1.0,28,10.537562
1.0,25,10.540451
1.0,23,10.54311
1.0,25,10.545995
1.0,29,10.549326
1.0,25,10.55222
0.0,14,10.553849
0.0,21,10.55628
1.0,27,10.559395
1.0,27,10.562525
1.0,25,10.565407
1.0,27,10.568519
0.0,18,10.57061
1.0,23,10.573276
1.0,26,10.57627
1.0,27,10.579412
0.0,10,10.580616
1.0,25,10.583587
0.0,25,10.586491
0.0,17,10.588489
1.0,23,10.591269
0.0,19,10.593518
1.0,25,10.596504
1.0,23,10.599213
1.0,24,10.602018
0.0,10,10.603261
0.0,6,10.604019
1.0,26,10.607002
1.0,31,10.610574
0.0,4,10.611063
0.0,4,10.611545
1.0,27,10.614653
0.0,21,10.617071
0.0,19,10.619266
1.0,25,10.622147
1.0,25,10.625125
1.0,31,10.630424
1.0,32,10.634114
0.0,20,10.636418
1.0,25,10.639303
0.0,16,10.641162
1.0,23,10.643815
1.0,31,10.647386
0.0,17,10.649354
1.0,24,10.652201
1.0,24,10.655001
1.0,26,10.658021
1.0,25,10.660994
1.0,26,10.664179
1.0,30,10.667711
1.0,25,10.670621
1.0,25,10.673565
1.0,23,10.67631
1.0,24,10.679129
1.0,27,10.682267
1.0,28,10.685492
1.0,27,10.688613
1.0,33,10.692488
1.0,26,10.695559
1.0,23,10.698233
1.0,30,10.701682
1.0,27,10.704884
1.0,31,10.70853
0.0,23,10.711168
1.0,25,10.714108
0.0,23,10.71686
1.0,28,10.720074
1.0,23,10.722754
1.0,24,10.725571
1.0,25,10.728543
1.0,26,10.7316
1.0,23,10.734264
1.0,24,10.737108
1.0,23,10.739756
1.0,26,10.742749
1.0,23,10.745397
1.0,25,10.748268
1.0,28,10.751482
1.0,28,10.754717
1.0,27,10.757831
0.0,6,10.758555
1.0,23,10.761209
1.0,23,10.763877
1.0,25,10.766782
1.0,24,10.769607
1.0,31,10.773251
1.0,25,10.776237
1.0,25,10.77911
1.0,23,10.781762
0.0,16,10.783701
1.0,23,10.786359
1.0,23,10.789003
1.0,25,10.791981
1.0,25,10.794859
1.0,27,10.797958
1.0,23,10.800703
1.0,23,10.803427
1.0,23,10.806101
1.0,23,10.808755
0.0,17,10.810748
1.0,23,10.813457
1.0,25,10.816328
1.0,27,10.819502
1.0,25,10.822401
1.0,23,10.825048
1.0,32,10.828798
1.0,25,10.831666
1.0,27,10.834807
1.0,27,10.837954
1.0,25,10.840926
1.0,29,10.844342
1.0,26,10.84734
1.0,29,10.850695
1.0,23,10.853409
1.0,27,10.856514
0.0,19,10.858737
1.0,29,10.862138
1.0,26,10.86513
1.0,28,10.868564
1.0,27,10.871774
1.0,23,10.874427
1.0,26,10.877494
1.0,27,10.880593
1.0,23,10.883304
1.0,25,10.886213
1.0,26,10.889206
1.0,23,10.891854
1.0,23,10.894496
1.0,23,10.897135
0.0,4,10.897621
1.0,23,10.900269
1.0,23,10.902917
1.0,29,10.906235
1.0,25,10.909105
1.0,24,10.911866
1.0,27,10.914976
1.0,25,10.917839
0.0,6,10.918557
1.0,24,10.92131
0.0,8,10.922252
1.0,23,10.924894
1.0,25,10.927764
1.0,27,10.930861
1.0,23,10.93351
1.0,29,10.936828
1.0,25,10.939702
1.0,25,10.94256
0.0,8,10.943503
1.0,23,10.946145
0.0,22,10.948666
1.0,29,10.951999
1.0,25,10.954869
1.0,23,10.957514
1.0,27,10.960606
1.0,23,10.963248
1.0,25,10.966116
1.0,30,10.969541
0.0,16,10.971388
1.0,25,10.974254
0.0,14,10.975888
1.0,26,10.978861
1.0,25,10.98173
1.0,27,10.984834
1.0,25,10.987722
1.0,25,10.990614
1.0,28,10.993825
1.0,27,10.996919
1.0,23,10.999567
1.0,26,11.002564
1.0,25,11.005437
1.0,27,11.008568
1.0,26,11.011561
1.0,27,11.014654
1.0,25,11.017517
1.0,24,11.020285
1.0,25,11.023172
1.0,23,11.025825
1.0,23,11.028486
1.0,27,11.031625
1.0,26,11.034628
1.0,25,11.0375
1.0,25,11.040385
1.0,27,11.043554
1.0,27,11.046664
1.0,26,11.049745
1.0,23,11.052498
1.0,27,11.055709
1.0,23,11.058411
1.0,28,11.061707
1.0,25,11.064663
1.0,23,11.067382
1.0,31,11.070959
1.0,25,11.07388
0.0,16,11.075956
1.0,26,11.078959
1.0,26,11.081999
1.0,27,11.085195
1.0,23,11.087898
1.0,25,11.090802
1.0,23,11.093514
1.0,26,11.096571
1.0,30,11.100103
1.0,27,11.103219
1.0,23,11.10588
0.0,22,11.108528
1.0,25,11.111464
0.0,9,11.112548
1.0,25,11.115519
1.0,27,11.118769
1.0,25,11.121765
1.0,23,11.124596
1.0,24,11.12747
0.0,6,11.128208
1.0,24,11.131101
1.0,27,11.134333
1.0,26,11.137476
0.0,6,11.138243
1.0,23,11.141098
1.0,30,11.144634
1.0,27,11.147929
1.0,24,11.150794
1.0,23,11.153566
0.0,4,11.154086
0.0,8,11.15508
1.0,28,11.158409
1.0,24,11.161299
1.0,23,11.164089
1.0,25,11.167155
1.0,30,11.170686
1.0,25,11.173664
0.0,9,11.174786
1.0,25,11.177809
1.0,23,11.180607
0.0,12,11.182038
1.0,25,11.185063
1.0,26,11.188172
0.0,8,11.189116
1.0,29,11.192636
0.0,18,11.194768
0.0,17,11.196837
1.0,25,11.199882
1.0,26,11.203089
1.0,28,11.206416
1.0,25,11.20946
1.0,27,11.212665
1.0,25,11.215729
0.0,10,11.216988
0.0,6,11.21771
0.0,18,11.219882
1.0,25,11.222895
0.0,22,11.225551
1.0,26,11.228645
1.0,29,11.232167
1.0,27,11.235395
1.0,29,11.238889
1.0,26,11.241992
1.0,29,11.245512
0.0,22,11.248208
1.0,25,11.251196
0.0,19,11.253502
1.0,27,11.256723
1.0,25,11.259718
1.0,29,11.263176
1.0,27,11.266465
1.0,23,11.269273
0.0,7,11.270125
1.0,23,11.272904
0.0,6,11.273612
1.0,29,11.277149
1.0,26,11.280286
1.0,23,11.283139
1.0,29,11.286739
1.0,25,11.289723
1.0,29,11.293167
1.0,24,11.296006
1.0,25,11.299001
1.0,27,11.302257
1.0,23,11.305009
1.0,26,11.308216
1.0,29,11.311694
1.0,27,11.314927
0.0,13,11.316529
1.0,23,11.319275
1.0,23,11.322031
0.0,14,11.323771
1.0,28,11.32711
0.0,22,11.32975
1.0,26,11.332915
1.0,23,11.335671
1.0,25,11.338659
1.0,25,11.341616
1.0,26,11.34477
1.0,25,11.347768
1.0,29,11.351248
1.0,25,11.354262
1.0,25,11.357316
1.0,26,11.360502
1.0,27,11.363777
1.0,33,11.367705
1.0,25,11.370688
1.0,27,11.373918
1.0,25,11.376966
1.0,28,11.38032
1.0,27,11.383537
0.0,26,11.386671
1.0,23,11.38941
0.0,21,11.391987
1.0,31,11.395676
1.0,23,11.398427
1.0,26,11.401611
1.0,25,11.404577
1.0,30,11.408224
1.0,26,11.411336
1.0,24,11.414228
1.0,25,11.417259
1.0,23,11.419999
1.0,37,11.424436
1.0,26,11.427517
1.0,23,11.430198
1.0,24,11.432964
1.0,25,11.435966
1.0,23,11.438711
0.0,16,11.44066
0.0,4,11.441146
1.0,25,11.444143
1.0,25,11.44714
1.0,23,11.449901
1.0,27,11.453191
1.0,26,11.456341
0.0,6,11.457066
1.0,23,11.459878
0.0,16,11.461832
0.0,20,11.46424
0.0,22,11.466879
1.0,31,11.47061
1.0,25,11.473596
1.0,24,11.476538
1.0,29,11.480024
1.0,31,11.483735
1.0,31,11.487485
1.0,28,11.490875
1.0,26,11.49406
1.0,27,11.497293
1.0,24,11.500253
1.0,26,11.50343
1.0,25,11.506385
1.0,25,11.509347
1.0,26,11.512639
1.0,23,11.515455
1.0,27,11.518686
1.0,23,11.521407
0.0,17,11.523438
1.0,23,11.526121
1.0,29,11.52954
1.0,27,11.532744
1.0,24,11.535591
1.0,24,11.538352
1.0,25,11.541333
1.0,25,11.54431
1.0,33,11.548189
0.0,18,11.55027
1.0,25,11.553251
1.0,23,11.555987
1.0,25,11.558907
1.0,25,11.561836
1.0,25,11.5648
1.0,25,11.567773
1.0,23,11.570415
0.0,20,11.572818
1.0,29,11.576141
1.0,23,11.57883
0.0,5,11.579462
1.0,25,11.582353
1.0,29,11.58578
1.0,23,11.588438
1.0,25,11.591383
1.0,23,11.594092
1.0,29,11.597425
1.0,23,11.600081
1.0,25,11.602964
1.0,23,11.605612
1.0,27,11.608737
1.0,25,11.611684
0.0,16,11.613542
1.0,25,11.616451
1.0,23,11.619147
1.0,29,11.622516
1.0,25,11.625442
1.0,25,11.628411
1.0,28,11.631624
1.0,29,11.635002
1.0,24,11.637766
1.0,23,11.640509
1.0,27,11.643665
1.0,25,11.646576
1.0,23,11.649309
1.0,23,11.652068
1.0,28,11.655347
1.0,25,11.658266
0.0,21,11.660808
0.0,16,11.662701
1.0,25,11.665691
0.0,12,11.667205
0.0,8,11.668232
1.0,26,11.671358
1.0,29,11.674783
1.0,25,11.677763
1.0,28,11.681094
0.0,14,11.68278
0.0,4,11.6833
1.0,28,11.686605
0.0,8,11.68762
1.0,31,11.691228
1.0,32,11.695066
1.0,23,11.697868
1.0,23,11.700608
1.0,27,11.703844
1.0,25,11.706774
1.0,23,11.70952
0.0,21,11.712073
0.0,4,11.712571
0.0,14,11.714213
1.0,28,11.717548
0.0,19,11.71986
0.0,6,11.720588
0.0,15,11.722335
1.0,28,11.725666
1.0,41,11.730516
1.0,27,11.733716
0.0,12,11.735178
1.0,26,11.738277
1.0,25,11.74137
1.0,23,11.74423
1.0,23,11.74699
1.0,23,11.749742
1.0,25,11.752764
0.0,16,11.754707
0.0,18,11.756899
1.0,31,11.760542
1.0,23,11.763348
1.0,25,11.766464
1.0,25,11.76947
1.0,25,11.772466
1.0,25,11.77545
0.0,19,11.777751
1.0,27,11.780978
1.0,27,11.784199
1.0,28,11.787552
1.0,25,11.790562
1.0,26,11.793674
1.0,25,11.79666
1.0,25,11.799665
1.0,27,11.802891
1.0,29,11.806407
1.0,25,11.80941
1.0,23,11.812204
1.0,24,11.815063
1.0,26,11.818145
1.0,23,11.820927
1.0,26,11.824071
0.0,4,11.824575
1.0,23,11.827319
1.0,26,11.830441
1.0,23,11.833207
1.0,25,11.836282
1.0,23,11.839062
0.0,16,11.840975
1.0,23,11.843785
1.0,25,11.8468
1.0,25,11.849842
1.0,24,11.85276
0.0,21,11.855273
1.0,23,11.858117
0.0,4,11.858635
0.0,17,11.860657
0.0,14,11.8623
1.0,23,11.865044
1.0,23,11.867802
1.0,26,11.870889
0.0,19,11.873173
1.0,23,11.875931
1.0,25,11.878916
1.0,25,11.881934
1.0,28,11.885243
1.0,24,11.888122
1.0,29,11.89161
0.0,16,11.89361
1.0,27,11.896933
0.0,9,11.898048
1.0,25,11.901059
1.0,25,11.904223
1.0,29,11.907763
0.0,18,11.909972
0.0,24,11.912893
1.0,31,11.916678
1.0,25,11.919746
1.0,23,11.922568
1.0,27,11.925843
1.0,25,11.928907
1.0,23,11.931738
1.0,23,11.93455
1.0,24,11.937476
1.0,23,11.940285
1.0,23,11.943098
1.0,23,11.945941
1.0,26,11.949114
1.0,33,11.953175
1.0,23,11.955982
1.0,25,11.959056
1.0,23,11.961837
1.0,28,11.965214
1.0,25,11.968221
0.0,8,11.969225
1.0,25,11.972373
1.0,23,11.975185
1.0,23,11.977937
1.0,25,11.981036
1.0,27,11.984352
1.0,30,11.987988
1.0,26,11.991148
1.0,26,11.994313
1.0,32,11.998218
1.0,25,12.001274
0.0,18,12.0035
1.0,25,12.006583
1.0,27,12.009858
1.0,30,12.01354
0.0,4,12.014053
1.0,33,12.018024
1.0,26,12.021265
1.0,27,12.024631
1.0,23,12.027514
0.0,16,12.029494
1.0,24,12.032506
1.0,30,12.036172
1.0,31,12.04002
1.0,23,12.042856
1.0,25,12.045957
1.0,23,12.048863
1.0,28,12.052261
1.0,24,12.055189
1.0,25,12.058224
0.0,6,12.05898
1.0,25,12.062062
1.0,27,12.065529
