# {"t_start": 1598492156.6723228, "env_id": "Craft-M3-v0"} 
r,l,t
0.0,1000,0.039594
0.0,1000,0.077997
0.0,1000,0.11691
0.0,1000,0.159031
0.0,1000,0.197186
0.0,1000,0.235465
0.0,1000,0.273534
0.0,1000,0.311544
0.0,1000,0.349313
0.0,1000,0.388103
1.0,880,0.421807
0.0,1000,0.460642
0.0,1000,0.499761
0.0,1000,0.538919
0.0,1000,0.577195
0.0,1000,0.615313
0.0,1000,0.653289
0.0,1000,0.691565
0.0,1000,0.729821
0.0,1000,0.768313
0.0,1000,0.808919
0.0,1000,0.848314
1.0,607,0.872168
0.0,1000,0.911928
1.0,706,0.939228
0.0,1000,0.977758
0.0,1000,1.015973
0.0,1000,1.054105
0.0,1000,1.092451
0.0,1000,1.13099
0.0,1000,1.170201
0.0,1000,1.209512
0.0,1000,1.247978
1.0,617,1.272081
0.0,1000,1.310677
0.0,1000,1.348849
0.0,1000,1.387355
0.0,1000,1.426103
0.0,1000,1.464776
0.0,1000,1.50395
1.0,389,1.518989
0.0,1000,1.557943
0.0,1000,1.596575
0.0,1000,1.635839
0.0,1000,1.675629
0.0,1000,1.714054
0.0,1000,1.752782
0.0,1000,1.790518
0.0,1000,1.829143
0.0,1000,1.867118
0.0,1000,1.906302
0.0,1000,1.945799
0.0,1000,1.985088
1.0,547,2.006333
0.0,1000,2.045755
0.0,1000,2.08441
0.0,1000,2.123278
0.0,1000,2.166704
0.0,1000,2.207252
0.0,1000,2.246571
0.0,1000,2.286472
1.0,683,2.313829
0.0,1000,2.35365
0.0,1000,2.393579
0.0,1000,2.432343
0.0,1000,2.471113
0.0,1000,2.510721
0.0,1000,2.549562
0.0,1000,2.589209
0.0,1000,2.627963
0.0,1000,2.666823
0.0,1000,2.706993
0.0,1000,2.746252
0.0,1000,2.785412
0.0,1000,2.825776
0.0,1000,2.864868
0.0,1000,2.904235
0.0,1000,2.943895
0.0,1000,2.983696
0.0,1000,3.023047
1.0,559,3.045463
0.0,1000,3.085586
0.0,1000,3.126567
0.0,1000,3.167504
0.0,1000,3.209082
0.0,1000,3.2491
0.0,1000,3.289248
0.0,1000,3.330537
0.0,1000,3.370659
0.0,1000,3.411593
0.0,1000,3.452769
1.0,789,3.485025
0.0,1000,3.525919
0.0,1000,3.56684
0.0,1000,3.60514
0.0,1000,3.644364
0.0,1000,3.684324
0.0,1000,3.724351
0.0,1000,3.763627
0.0,1000,3.802255
0.0,1000,3.841719
0.0,1000,3.881579
0.0,1000,3.920692
0.0,1000,3.960677
0.0,1000,4.000006
0.0,1000,4.040434
0.0,1000,4.080811
1.0,447,4.098557
0.0,1000,4.138727
0.0,1000,4.178414
1.0,239,4.188123
0.0,1000,4.229296
0.0,1000,4.269484
0.0,1000,4.309745
0.0,1000,4.349654
0.0,1000,4.38915
0.0,1000,4.429244
0.0,1000,4.468552
0.0,1000,4.508422
0.0,1000,4.548671
0.0,1000,4.589721
0.0,1000,4.630843
0.0,1000,4.6718
0.0,1000,4.71243
0.0,1000,4.751918
0.0,1000,4.795639
0.0,1000,4.836694
0.0,1000,4.877081
0.0,1000,4.918141
0.0,1000,4.957905
1.0,270,4.969371
0.0,1000,5.01027
1.0,836,5.044608
1.0,498,5.065451
0.0,1000,5.105495
0.0,1000,5.146802
0.0,1000,5.187216
0.0,1000,5.228074
0.0,1000,5.269773
0.0,1000,5.310941
0.0,1000,5.351225
0.0,1000,5.392248
0.0,1000,5.434941
0.0,1000,5.475256
0.0,1000,5.515696
0.0,1000,5.555928
0.0,1000,5.596426
0.0,1000,5.637342
0.0,1000,5.67704
0.0,1000,5.717975
1.0,793,5.750135
1.0,335,5.763618
0.0,1000,5.80401
0.0,1000,5.844327
0.0,1000,5.884459
0.0,1000,5.922931
0.0,1000,5.963504
0.0,1000,6.003062
0.0,1000,6.043511
0.0,1000,6.083308
0.0,1000,6.123358
0.0,1000,6.163575
0.0,1000,6.20437
0.0,1000,6.244505
0.0,1000,6.285086
0.0,1000,6.325444
0.0,1000,6.364968
0.0,1000,6.405272
0.0,1000,6.444886
0.0,1000,6.485191
0.0,1000,6.52558
1.0,664,6.552515
0.0,1000,6.593656
0.0,1000,6.634073
0.0,1000,6.673593
0.0,1000,6.713462
0.0,1000,6.754175
1.0,958,6.793026
0.0,1000,6.832682
0.0,1000,6.872297
0.0,1000,6.912631
0.0,1000,6.953457
1.0,692,6.981731
0.0,1000,7.022514
0.0,1000,7.06223
0.0,1000,7.101876
0.0,1000,7.142463
0.0,1000,7.183296
0.0,1000,7.222968
0.0,1000,7.263674
1.0,742,7.293953
0.0,1000,7.334485
1.0,926,7.372722
0.0,1000,7.413697
0.0,1000,7.454342
0.0,1000,7.493437
0.0,1000,7.534008
0.0,1000,7.574608
0.0,1000,7.613856
0.0,1000,7.65433
1.0,947,7.693079
0.0,1000,7.733679
0.0,1000,7.774324
0.0,1000,7.815102
1.0,863,7.84983
0.0,1000,7.889932
0.0,1000,7.929574
1.0,908,7.966232
0.0,1000,8.005988
0.0,1000,8.045687
1.0,651,8.072356
0.0,1000,8.113097
0.0,1000,8.154111
0.0,1000,8.199187
0.0,1000,8.240115
0.0,1000,8.2811
0.0,1000,8.322841
0.0,1000,8.363994
0.0,1000,8.40599
0.0,1000,8.448751
1.0,944,8.487931
0.0,1000,8.528777
1.0,865,8.56471
1.0,791,8.597369
1.0,732,8.627263
0.0,1000,8.667835
0.0,1000,8.708059
0.0,1000,8.748706
0.0,1000,8.790153
0.0,1000,8.83079
0.0,1000,8.872155
0.0,1000,8.916198
0.0,1000,8.960582
0.0,1000,9.00614
0.0,1000,9.05112
0.0,1000,9.09518
0.0,1000,9.139842
0.0,1000,9.183762
0.0,1000,9.227994
0.0,1000,9.272378
0.0,1000,9.317312
0.0,1000,9.362137
1.0,476,9.383967
1.0,285,9.397016
0.0,1000,9.441709
0.0,1000,9.486244
0.0,1000,9.53119
0.0,1000,9.57521
0.0,1000,9.620434
0.0,1000,9.665343
1.0,222,9.675633
0.0,1000,9.720653
0.0,1000,9.765504
0.0,1000,9.809958
1.0,585,9.836251
0.0,1000,9.881159
0.0,1000,9.928966
0.0,1000,9.976092
0.0,1000,10.020592
0.0,1000,10.065938
0.0,1000,10.110855
1.0,506,10.13323
0.0,1000,10.17798
0.0,1000,10.222537
0.0,1000,10.266969
0.0,1000,10.311373
1.0,875,10.350392
0.0,1000,10.393636
0.0,1000,10.438119
0.0,1000,10.483058
1.0,873,10.521916
0.0,1000,10.566505
0.0,1000,10.611137
0.0,1000,10.656105
0.0,1000,10.702606
0.0,1000,10.74701
0.0,1000,10.791641
0.0,1000,10.83869
0.0,1000,10.883022
0.0,1000,10.927879
0.0,1000,10.972709
0.0,1000,11.014981
1.0,269,11.026183
1.0,734,11.056262
0.0,1000,11.09675
0.0,1000,11.136514
0.0,1000,11.17646
0.0,1000,11.216467
0.0,1000,11.25642
0.0,1000,11.296725
1.0,956,11.335826
1.0,473,11.355222
0.0,1000,11.395945
1.0,754,11.426919
0.0,1000,11.467763
0.0,1000,11.508845
0.0,1000,11.549351
0.0,1000,11.590095
0.0,1000,11.630923
0.0,1000,11.671075
1.0,264,11.682168
1.0,891,11.718897
1.0,519,11.740289
0.0,1000,11.781666
0.0,1000,11.822176
0.0,1000,11.863299
0.0,1000,11.904405
0.0,1000,11.945314
0.0,1000,11.986013
0.0,1000,12.026099
0.0,1000,12.066477
0.0,1000,12.107297
0.0,1000,12.147987
0.0,1000,12.188879
0.0,1000,12.229627
0.0,1000,12.269248
0.0,1000,12.310437
0.0,1000,12.351273
0.0,1000,12.391954
0.0,1000,12.433026
0.0,1000,12.47409
0.0,1000,12.515116
0.0,1000,12.555921
0.0,1000,12.600963
1.0,260,12.612158
0.0,1000,12.652411
0.0,1000,12.693903
0.0,1000,12.734973
0.0,1000,12.776178
0.0,1000,12.818718
0.0,1000,12.859183
0.0,1000,12.904416
1.0,944,12.947317
0.0,1000,12.992564
0.0,1000,13.037343
0.0,1000,13.082179
0.0,1000,13.128071
0.0,1000,13.169598
0.0,1000,13.210643
0.0,1000,13.250887
1.0,347,13.265455
0.0,1000,13.306033
0.0,1000,13.34697
0.0,1000,13.387932
0.0,1000,13.428753
0.0,1000,13.469902
0.0,1000,13.51034
0.0,1000,13.551502
0.0,1000,13.592581
0.0,1000,13.633579
0.0,1000,13.675189
1.0,769,13.707175
0.0,1000,13.748648
1.0,952,13.787599
1.0,999,13.828676
0.0,1000,13.869719
0.0,1000,13.9106
0.0,1000,13.952292
0.0,1000,13.993247
0.0,1000,14.034285
0.0,1000,14.07511
0.0,1000,14.115819
0.0,1000,14.156328
0.0,1000,14.197357
1.0,328,14.210617
0.0,1000,14.251369
0.0,1000,14.291634
0.0,1000,14.333025
0.0,1000,14.373298
0.0,1000,14.413846
0.0,1000,14.454802
1.0,757,14.485783
1.0,830,14.519746
0.0,1000,14.560543
0.0,1000,14.601552
0.0,1000,14.642677
0.0,1000,14.682981
0.0,1000,14.723512
0.0,1000,14.764508
0.0,1000,14.80474
1.0,144,14.810794
0.0,1000,14.851267
0.0,1000,14.891799
0.0,1000,14.93223
0.0,1000,14.972999
0.0,1000,15.012927
0.0,1000,15.05466
0.0,1000,15.095531
0.0,1000,15.136123
0.0,1000,15.17727
0.0,1000,15.218193
0.0,1000,15.259279
0.0,1000,15.299792
1.0,964,15.338871
0.0,1000,15.379418
0.0,1000,15.419901
0.0,1000,15.461033
0.0,1000,15.501611
0.0,1000,15.54261
0.0,1000,15.583984
1.0,609,15.608837
0.0,1000,15.649631
0.0,1000,15.690513
0.0,1000,15.731089
0.0,1000,15.771868
0.0,1000,15.812425
0.0,1000,15.852939
0.0,1000,15.893871
0.0,1000,15.934752
0.0,1000,15.975757
0.0,1000,16.016457
0.0,1000,16.057337
0.0,1000,16.098047
0.0,1000,16.138834
0.0,1000,16.179538
0.0,1000,16.220159
0.0,1000,16.26089
0.0,1000,16.301544
0.0,1000,16.342367
0.0,1000,16.383304
0.0,1000,16.424125
0.0,1000,16.464853
0.0,1000,16.505545
1.0,293,16.517637
0.0,1000,16.558175
0.0,1000,16.598938
0.0,1000,16.638617
0.0,1000,16.679025
0.0,1000,16.719743
0.0,1000,16.760718
0.0,1000,16.801885
0.0,1000,16.843352
0.0,1000,16.884593
0.0,1000,16.925457
1.0,874,16.961128
0.0,1000,17.001689
0.0,1000,17.041956
0.0,1000,17.082469
0.0,1000,17.12214
0.0,1000,17.162474
0.0,1000,17.203635
1.0,444,17.222007
0.0,1000,17.262655
0.0,1000,17.303485
1.0,827,17.337607
0.0,1000,17.378069
0.0,1000,17.419192
0.0,1000,17.460405
0.0,1000,17.501132
0.0,1000,17.54174
1.0,605,17.566784
0.0,1000,17.607823
1.0,557,17.630733
0.0,1000,17.671842
0.0,1000,17.712371
0.0,1000,17.753179
0.0,1000,17.794128
0.0,1000,17.835531
0.0,1000,17.876656
0.0,1000,17.917556
1.0,742,17.947898
0.0,1000,17.988559
1.0,617,18.014088
0.0,1000,18.055166
0.0,1000,18.096146
0.0,1000,18.137163
0.0,1000,18.177632
1.0,417,18.194909
0.0,1000,18.235842
0.0,1000,18.275472
0.0,1000,18.321875
0.0,1000,18.363737
0.0,1000,18.40565
0.0,1000,18.447648
0.0,1000,18.489672
0.0,1000,18.530682
0.0,1000,18.572478
0.0,1000,18.615087
0.0,1000,18.656356
0.0,1000,18.697209
0.0,1000,18.738938
1.0,883,18.774838
0.0,1000,18.816597
1.0,687,18.845962
0.0,1000,18.887703
0.0,1000,18.929747
0.0,1000,18.971402
0.0,1000,19.012945
0.0,1000,19.054722
0.0,1000,19.096178
1.0,689,19.124807
0.0,1000,19.165889
0.0,1000,19.206937
1.0,774,19.239204
1.0,936,19.277884
0.0,1000,19.31903
0.0,1000,19.360668
0.0,1000,19.402117
0.0,1000,19.442889
0.0,1000,19.484298
1.0,684,19.512458
0.0,1000,19.553328
0.0,1000,19.594249
0.0,1000,19.635076
1.0,504,19.655946
0.0,1000,19.697003
0.0,1000,19.737752
0.0,1000,19.778742
0.0,1000,19.819572
0.0,1000,19.860377
0.0,1000,19.901289
0.0,1000,19.941919
0.0,1000,19.982794
0.0,1000,20.023475
0.0,1000,20.064588
0.0,1000,20.105546
1.0,435,20.123482
0.0,1000,20.164926
0.0,1000,20.206303
0.0,1000,20.247462
0.0,1000,20.288522
1.0,482,20.308242
0.0,1000,20.349109
1.0,544,20.371536
0.0,1000,20.41258
0.0,1000,20.454026
0.0,1000,20.495227
0.0,1000,20.5361
0.0,1000,20.576764
0.0,1000,20.617795
0.0,1000,20.658819
1.0,481,20.678428
1.0,750,20.709063
1.0,924,20.74651
0.0,1000,20.787473
0.0,1000,20.828149
0.0,1000,20.869053
0.0,1000,20.910317
0.0,1000,20.950891
0.0,1000,20.991367
1.0,371,21.006632
0.0,1000,21.047284
0.0,1000,21.08831
1.0,235,21.098115
0.0,1000,21.138912
0.0,1000,21.179614
0.0,1000,21.220402
0.0,1000,21.261307
0.0,1000,21.302607
0.0,1000,21.342156
1.0,419,21.359526
0.0,1000,21.400623
1.0,204,21.409147
0.0,1000,21.450418
0.0,1000,21.491541
0.0,1000,21.53234
0.0,1000,21.5736
0.0,1000,21.614366
0.0,1000,21.655549
0.0,1000,21.696721
0.0,1000,21.737612
1.0,728,21.767345
1.0,348,21.781594
1.0,543,21.803842
0.0,1000,21.844442
0.0,1000,21.885163
0.0,1000,21.925994
0.0,1000,21.967419
0.0,1000,22.008892
0.0,1000,22.048738
1.0,475,22.068213
1.0,655,22.095644
0.0,1000,22.136766
0.0,1000,22.178076
0.0,1000,22.219526
0.0,1000,22.260607
0.0,1000,22.30175
0.0,1000,22.342656
0.0,1000,22.383879
0.0,1000,22.425175
0.0,1000,22.466063
0.0,1000,22.506993
1.0,624,22.532653
0.0,1000,22.573471
0.0,1000,22.614625
0.0,1000,22.655304
0.0,1000,22.696288
0.0,1000,22.73742
0.0,1000,22.778665
0.0,1000,22.819558
0.0,1000,22.860761
1.0,205,22.869363
0.0,1000,22.910521
1.0,668,22.938035
0.0,1000,22.979104
0.0,1000,23.02008
0.0,1000,23.060974
0.0,1000,23.102197
0.0,1000,23.143326
0.0,1000,23.184505
0.0,1000,23.225549
0.0,1000,23.26663
1.0,771,23.298112
0.0,1000,23.339065
0.0,1000,23.379878
0.0,1000,23.420904
0.0,1000,23.46038
0.0,1000,23.500706
0.0,1000,23.54143
0.0,1000,23.582628
1.0,166,23.589499
0.0,1000,23.630584
0.0,1000,23.671421
0.0,1000,23.712211
0.0,1000,23.753167
0.0,1000,23.793157
0.0,1000,23.834202
1.0,629,23.860065
0.0,1000,23.901152
0.0,1000,23.94204
1.0,371,23.957337
0.0,1000,23.998116
0.0,1000,24.03943
1.0,247,24.049853
0.0,1000,24.091257
1.0,552,24.114068
0.0,1000,24.15575
0.0,1000,24.197171
0.0,1000,24.238131
0.0,1000,24.279248
0.0,1000,24.320024
0.0,1000,24.360768
0.0,1000,24.401402
1.0,647,24.427896
1.0,486,24.448167
0.0,1000,24.488883
0.0,1000,24.529621
0.0,1000,24.570036
1.0,724,24.599281
0.0,1000,24.639807
0.0,1000,24.680341
1.0,740,24.710707
0.0,1000,24.751575
0.0,1000,24.792142
0.0,1000,24.83307
0.0,1000,24.874256
0.0,1000,24.915457
0.0,1000,24.956624
0.0,1000,24.998075
0.0,1000,25.039235
0.0,1000,25.08026
0.0,1000,25.120779
1.0,561,25.143746
0.0,1000,25.184542
0.0,1000,25.225605
0.0,1000,25.266556
0.0,1000,25.307811
0.0,1000,25.349053
0.0,1000,25.389858
0.0,1000,25.429807
0.0,1000,25.47057
1.0,929,25.508405
0.0,1000,25.549214
0.0,1000,25.590306
0.0,1000,25.631811
0.0,1000,25.673192
0.0,1000,25.714155
0.0,1000,25.760231
0.0,1000,25.803208
0.0,1000,25.84472
0.0,1000,25.886451
0.0,1000,25.928108
0.0,1000,25.969895
1.0,347,25.984802
1.0,497,26.005848
0.0,1000,26.047217
0.0,1000,26.088833
0.0,1000,26.130012
0.0,1000,26.171267
0.0,1000,26.2128
1.0,314,26.226312
0.0,1000,26.270475
0.0,1000,26.31524
0.0,1000,26.360615
1.0,350,26.376985
0.0,1000,26.422514
0.0,1000,26.467631
0.0,1000,26.512797
0.0,1000,26.557975
0.0,1000,26.603188
0.0,1000,26.648232
1.0,358,26.664556
1.0,106,26.669456
1.0,603,26.696705
0.0,1000,26.74203
0.0,1000,26.787465
0.0,1000,26.832886
0.0,1000,26.878169
0.0,1000,26.923344
0.0,1000,26.968191
1.0,392,26.98619
0.0,1000,27.031246
0.0,1000,27.077339
0.0,1000,27.123836
0.0,1000,27.168885
0.0,1000,27.214274
0.0,1000,27.259638
0.0,1000,27.304843
0.0,1000,27.350275
0.0,1000,27.395566
0.0,1000,27.440576
1.0,700,27.472183
0.0,1000,27.51719
0.0,1000,27.562157
0.0,1000,27.607798
0.0,1000,27.653304
0.0,1000,27.699
1.0,921,27.74077
0.0,1000,27.785976
0.0,1000,27.831465
0.0,1000,27.876665
1.0,273,27.888147
0.0,1000,27.928724
0.0,1000,27.96957
1.0,680,27.997809
0.0,1000,28.038712
0.0,1000,28.079685
0.0,1000,28.120742
0.0,1000,28.161942
0.0,1000,28.203098
1.0,106,28.207575
1.0,518,28.228615
0.0,1000,28.26985
0.0,1000,28.310623
1.0,650,28.3376
0.0,1000,28.378676
0.0,1000,28.419879
0.0,1000,28.461118
0.0,1000,28.50224
0.0,1000,28.543277
0.0,1000,28.584172
0.0,1000,28.625036
0.0,1000,28.665849
0.0,1000,28.706946
0.0,1000,28.747949
0.0,1000,28.788642
0.0,1000,28.829949
0.0,1000,28.871255
0.0,1000,28.91206
0.0,1000,28.952802
1.0,801,28.985698
1.0,762,29.016852
1.0,649,29.043431
0.0,1000,29.084158
1.0,481,29.104104
0.0,1000,29.144941
0.0,1000,29.186037
0.0,1000,29.227405
0.0,1000,29.269445
0.0,1000,29.311392
1.0,306,29.324286
0.0,1000,29.365469
1.0,362,29.380672
1.0,756,29.412135
0.0,1000,29.453343
0.0,1000,29.494321
0.0,1000,29.535435
0.0,1000,29.576376
0.0,1000,29.617216
0.0,1000,29.657054
0.0,1000,29.698158
1.0,446,29.716377
0.0,1000,29.75706
0.0,1000,29.797805
0.0,1000,29.838954
0.0,1000,29.879911
0.0,1000,29.920689
0.0,1000,29.96163
0.0,1000,30.002515
0.0,1000,30.043475
0.0,1000,30.084422
1.0,139,30.090213
0.0,1000,30.130758
0.0,1000,30.171284
0.0,1000,30.212054
0.0,1000,30.253248
0.0,1000,30.294216
0.0,1000,30.335426
0.0,1000,30.376925
0.0,1000,30.419083
1.0,176,30.426677
0.0,1000,30.470618
0.0,1000,30.515163
0.0,1000,30.559869
0.0,1000,30.604851
0.0,1000,30.650787
0.0,1000,30.695975
1.0,894,30.737928
0.0,1000,30.78292
0.0,1000,30.827874
0.0,1000,30.873091
1.0,640,30.90177
1.0,601,30.928663
1.0,577,30.954581
0.0,1000,30.999274
0.0,1000,31.044021
0.0,1000,31.088078
0.0,1000,31.132704
0.0,1000,31.177647
0.0,1000,31.222487
0.0,1000,31.267526
1.0,862,31.306056
1.0,259,31.317722
1.0,724,31.350013
0.0,1000,31.395226
0.0,1000,31.44031
0.0,1000,31.485124
0.0,1000,31.530087
0.0,1000,31.575189
0.0,1000,31.61984
1.0,760,31.653955
0.0,1000,31.698733
0.0,1000,31.743346
0.0,1000,31.78793
0.0,1000,31.832883
0.0,1000,31.878128
1.0,764,31.912404
0.0,1000,31.957216
0.0,1000,32.002032
0.0,1000,32.047078
0.0,1000,32.091989
0.0,1000,32.136763
0.0,1000,32.182522
1.0,718,32.215034
0.0,1000,32.260044
0.0,1000,32.304548
0.0,1000,32.349461
0.0,1000,32.395704
0.0,1000,32.441976
0.0,1000,32.487467
1.0,186,32.495956
0.0,1000,32.540751
0.0,1000,32.585168
1.0,420,32.604064
0.0,1000,32.649107
0.0,1000,32.69458
0.0,1000,32.739439
0.0,1000,32.78464
0.0,1000,32.829562
0.0,1000,32.873729
1.0,172,32.881657
0.0,1000,32.926936
1.0,361,32.943229
0.0,1000,32.987914
1.0,329,33.002934
0.0,1000,33.045671
0.0,1000,33.085336
0.0,1000,33.126601
0.0,1000,33.167844
0.0,1000,33.20884
1.0,466,33.227861
1.0,491,33.248102
1.0,402,33.264588
1.0,477,33.284028
0.0,1000,33.325072
0.0,1000,33.365944
0.0,1000,33.407615
0.0,1000,33.449073
0.0,1000,33.490003
0.0,1000,33.530991
1.0,286,33.542712
1.0,435,33.560531
1.0,684,33.588351
1.0,866,33.623729
0.0,1000,33.664498
0.0,1000,33.704722
0.0,1000,33.746021
1.0,692,33.774507
0.0,1000,33.815605
0.0,1000,33.856602
0.0,1000,33.897508
0.0,1000,33.938172
1.0,829,33.971891
0.0,1000,34.01272
0.0,1000,34.053718
0.0,1000,34.094476
0.0,1000,34.135557
0.0,1000,34.176739
0.0,1000,34.21792
0.0,1000,34.258902
1.0,155,34.265414
0.0,1000,34.306122
0.0,1000,34.346935
1.0,201,34.35523
0.0,1000,34.396197
0.0,1000,34.437378
0.0,1000,34.478977
1.0,559,34.502479
0.0,1000,34.543914
0.0,1000,34.585499
0.0,1000,34.627019
0.0,1000,34.66755
0.0,1000,34.707904
0.0,1000,34.748712
0.0,1000,34.789834
0.0,1000,34.830957
0.0,1000,34.874233
0.0,1000,34.919202
0.0,1000,34.964511
0.0,1000,35.00936
1.0,306,35.023363
1.0,976,35.066688
1.0,589,35.09299
0.0,1000,35.13739
0.0,1000,35.182707
0.0,1000,35.227669
0.0,1000,35.27288
1.0,296,35.286362
0.0,1000,35.331167
0.0,1000,35.376349
0.0,1000,35.423276
0.0,1000,35.465642
1.0,986,35.507487
1.0,612,35.533674
1.0,812,35.568156
0.0,1000,35.610369
0.0,1000,35.653352
0.0,1000,35.695435
0.0,1000,35.737466
0.0,1000,35.779221
1.0,649,35.806662
0.0,1000,35.848224
0.0,1000,35.88914
1.0,860,35.924703
0.0,1000,35.966498
0.0,1000,36.008441
0.0,1000,36.048568
0.0,1000,36.090017
0.0,1000,36.131567
0.0,1000,36.171415
0.0,1000,36.212833
1.0,331,36.226434
1.0,836,36.260711
1.0,486,36.280697
0.0,1000,36.321877
0.0,1000,36.362717
0.0,1000,36.403799
1.0,932,36.44238
0.0,1000,36.483638
0.0,1000,36.524916
0.0,1000,36.565612
1.0,601,36.590311
0.0,1000,36.631058
1.0,644,36.657475
0.0,1000,36.698308
0.0,1000,36.739469
0.0,1000,36.780829
0.0,1000,36.822082
0.0,1000,36.863361
0.0,1000,36.904447
1.0,526,36.926213
1.0,313,36.939218
1.0,596,36.96387
0.0,1000,37.005115
0.0,1000,37.04624
0.0,1000,37.08729
0.0,1000,37.128852
1.0,981,37.169441
0.0,1000,37.21072
0.0,1000,37.251784
1.0,776,37.283828
0.0,1000,37.324957
1.0,403,37.341627
1.0,714,37.371142
0.0,1000,37.4125
0.0,1000,37.45355
0.0,1000,37.494756
0.0,1000,37.53606
0.0,1000,37.577289
0.0,1000,37.618646
1.0,273,37.629882
0.0,1000,37.670632
0.0,1000,37.711627
0.0,1000,37.752541
0.0,1000,37.793936
0.0,1000,37.834836
0.0,1000,37.876062
1.0,917,37.913792
0.0,1000,37.954917
0.0,1000,37.99621
1.0,866,38.031704
0.0,1000,38.07237
0.0,1000,38.113067
1.0,537,38.135
1.0,686,38.16313
0.0,1000,38.203974
0.0,1000,38.244705
1.0,775,38.276771
0.0,1000,38.317698
0.0,1000,38.358802
1.0,192,38.36687
1.0,808,38.401427
1.0,561,38.426692
0.0,1000,38.471198
0.0,1000,38.515973
0.0,1000,38.560819
0.0,1000,38.606211
0.0,1000,38.651003
0.0,1000,38.69608
0.0,1000,38.74099
0.0,1000,38.785667
1.0,624,38.813686
1.0,687,38.844187
1.0,701,38.875521
0.0,1000,38.92057
0.0,1000,38.965638
0.0,1000,39.010574
1.0,644,39.03999
0.0,1000,39.084839
0.0,1000,39.128667
1.0,185,39.137128
1.0,882,39.176409
0.0,1000,39.221237
0.0,1000,39.265731
1.0,451,39.286097
0.0,1000,39.330479
0.0,1000,39.375573
0.0,1000,39.42069
0.0,1000,39.465956
0.0,1000,39.510819
1.0,626,39.538935
0.0,1000,39.583559
0.0,1000,39.628373
0.0,1000,39.672997
0.0,1000,39.719618
1.0,880,39.760264
0.0,1000,39.806333
1.0,334,39.82233
0.0,1000,39.869058
0.0,1000,39.914356
1.0,846,39.952777
1.0,720,39.984763
0.0,1000,40.029409
0.0,1000,40.074222
0.0,1000,40.119182
0.0,1000,40.164003
0.0,1000,40.209134
0.0,1000,40.254533
0.0,1000,40.299376
0.0,1000,40.34394
1.0,162,40.351388
1.0,983,40.395169
1.0,294,40.408661
1.0,498,40.43087
0.0,1000,40.475999
0.0,1000,40.520805
0.0,1000,40.565947
1.0,505,40.588623
0.0,1000,40.635704
0.0,1000,40.682928
1.0,528,40.707157
0.0,1000,40.752299
1.0,613,40.779744
0.0,1000,40.824473
0.0,1000,40.869723
0.0,1000,40.913507
0.0,1000,40.958674
1.0,971,41.002392
0.0,1000,41.04744
0.0,1000,41.09248
1.0,955,41.135316
0.0,1000,41.179933
1.0,193,41.188679
0.0,1000,41.233272
0.0,1000,41.278329
0.0,1000,41.32352
0.0,1000,41.368505
0.0,1000,41.413655
0.0,1000,41.459083
0.0,1000,41.504317
1.0,66,41.507404
0.0,1000,41.552032
1.0,737,41.585175
0.0,1000,41.629671
0.0,1000,41.674446
0.0,1000,41.71914
0.0,1000,41.764064
0.0,1000,41.809404
0.0,1000,41.854573
0.0,1000,41.899908
0.0,1000,41.944905
1.0,539,41.969132
0.0,1000,42.013844
1.0,228,42.024273
0.0,1000,42.069455
0.0,1000,42.114292
0.0,1000,42.159374
0.0,1000,42.204658
0.0,1000,42.249867
0.0,1000,42.295066
0.0,1000,42.340074
1.0,795,42.375561
1.0,605,42.403095
1.0,795,42.441054
1.0,282,42.454278
0.0,1000,42.499438
0.0,1000,42.544612
1.0,607,42.57205
0.0,1000,42.616987
0.0,1000,42.661992
0.0,1000,42.707127
1.0,654,42.736495
1.0,594,42.76335
1.0,752,42.797066
1.0,967,42.84051
0.0,1000,42.885306
0.0,1000,42.930253
1.0,892,42.970516
0.0,1000,43.015451
0.0,1000,43.060252
1.0,699,43.091736
1.0,419,43.110841
1.0,95,43.115187
0.0,1000,43.159838
1.0,429,43.179117
0.0,1000,43.223547
0.0,1000,43.268544
0.0,1000,43.313449
0.0,1000,43.35853
0.0,1000,43.403917
1.0,291,43.417437
1.0,717,43.449537
1.0,683,43.48013
0.0,1000,43.524888
1.0,420,43.543927
0.0,1000,43.589159
0.0,1000,43.633403
1.0,576,43.659431
0.0,1000,43.70422
0.0,1000,43.74937
1.0,558,43.774296
1.0,689,43.805138
1.0,234,43.815806
1.0,358,43.832092
1.0,581,43.858367
0.0,1000,43.903309
0.0,1000,43.94855
0.0,1000,43.993438
0.0,1000,44.038424
0.0,1000,44.083363
1.0,545,44.107846
1.0,987,44.152098
0.0,1000,44.196686
0.0,1000,44.241364
0.0,1000,44.285965
0.0,1000,44.330819
0.0,1000,44.37599
0.0,1000,44.421227
0.0,1000,44.466211
0.0,1000,44.510398
1.0,227,44.520663
0.0,1000,44.565433
0.0,1000,44.609944
1.0,239,44.620803
0.0,1000,44.665874
0.0,1000,44.7105
1.0,722,44.742063
0.0,1000,44.78658
0.0,1000,44.831582
0.0,1000,44.876829
1.0,101,44.881498
1.0,459,44.90223
1.0,136,44.90871
1.0,234,44.919911
1.0,774,44.956697
0.0,1000,45.002796
0.0,1000,45.048401
1.0,757,45.0836
0.0,1000,45.128655
0.0,1000,45.173743
0.0,1000,45.218925
0.0,1000,45.263931
1.0,177,45.271917
1.0,426,45.291063
1.0,958,45.334352
0.0,1000,45.379563
0.0,1000,45.425161
0.0,1000,45.470617
0.0,1000,45.515445
0.0,1000,45.560377
1.0,252,45.571712
0.0,1000,45.616102
0.0,1000,45.661095
0.0,1000,45.70626
0.0,1000,45.752025
0.0,1000,45.79791
1.0,633,45.826996
0.0,1000,45.872251
0.0,1000,45.916857
0.0,1000,45.961635
0.0,1000,46.006293
0.0,1000,46.050751
1.0,471,46.071988
0.0,1000,46.116522
0.0,1000,46.161343
0.0,1000,46.205992
0.0,1000,46.250902
1.0,692,46.28245
0.0,1000,46.327401
0.0,1000,46.372699
0.0,1000,46.417528
1.0,357,46.433581
1.0,923,46.474756
1.0,380,46.491863
0.0,1000,46.536756
0.0,1000,46.581825
0.0,1000,46.626865
1.0,732,46.659745
0.0,1000,46.70462
0.0,1000,46.749773
0.0,1000,46.794876
1.0,162,46.802244
0.0,1000,46.84684
1.0,686,46.877511
1.0,422,46.896495
0.0,1000,46.94115
0.0,1000,46.986593
0.0,1000,47.031768
0.0,1000,47.076835
0.0,1000,47.121554
0.0,1000,47.166975
0.0,1000,47.212031
0.0,1000,47.25695
0.0,1000,47.301882
1.0,722,47.334573
0.0,1000,47.379693
0.0,1000,47.424842
0.0,1000,47.470049
0.0,1000,47.51518
0.0,1000,47.561317
0.0,1000,47.60652
1.0,377,47.623716
1.0,718,47.655999
0.0,1000,47.700969
0.0,1000,47.746036
0.0,1000,47.79113
0.0,1000,47.836531
0.0,1000,47.881449
0.0,1000,47.9266
0.0,1000,47.973989
1.0,561,47.999128
0.0,1000,48.041026
1.0,808,48.075623
0.0,1000,48.118146
0.0,1000,48.161058
0.0,1000,48.204088
1.0,546,48.228578
0.0,1000,48.274036
0.0,1000,48.319909
0.0,1000,48.368154
0.0,1000,48.415668
0.0,1000,48.463144
0.0,1000,48.510804
1.0,234,48.522366
1.0,563,48.549516
0.0,1000,48.592171
0.0,1000,48.633754
0.0,1000,48.675458
0.0,1000,48.716717
0.0,1000,48.758197
1.0,106,48.762742
1.0,303,48.775276
1.0,358,48.789957
1.0,530,48.811919
0.0,1000,48.853149
0.0,1000,48.894371
0.0,1000,48.935696
0.0,1000,48.976824
0.0,1000,49.018213
0.0,1000,49.05942
1.0,501,49.080024
1.0,415,49.097126
1.0,103,49.101467
1.0,702,49.130184
0.0,1000,49.171434
0.0,1000,49.21259
0.0,1000,49.253998
0.0,1000,49.295201
0.0,1000,49.336273
1.0,965,49.376287
1.0,702,49.405223
0.0,1000,49.445948
1.0,508,49.466695
1.0,437,49.484773
0.0,1000,49.526239
0.0,1000,49.567434
0.0,1000,49.610061
1.0,983,49.651777
0.0,1000,49.694391
0.0,1000,49.736542
1.0,125,49.742021
1.0,633,49.768523
0.0,1000,49.809354
1.0,349,49.823841
1.0,551,49.846951
0.0,1000,49.887947
0.0,1000,49.929232
0.0,1000,49.970378
0.0,1000,50.0116
0.0,1000,50.052782
1.0,181,50.060303
1.0,290,50.072199
1.0,420,50.089383
0.0,1000,50.13026
0.0,1000,50.172142
0.0,1000,50.214102
0.0,1000,50.256565
0.0,1000,50.298232
0.0,1000,50.339538
0.0,1000,50.380751
0.0,1000,50.421793
1.0,718,50.451217
0.0,1000,50.491918
1.0,255,50.5025
0.0,1000,50.543488
1.0,606,50.568527
0.0,1000,50.609686
0.0,1000,50.650923
0.0,1000,50.691986
0.0,1000,50.733603
1.0,155,50.740106
0.0,1000,50.780761
0.0,1000,50.821549
1.0,907,50.858953
0.0,1000,50.900297
0.0,1000,50.941104
0.0,1000,50.982481
0.0,1000,51.023715
0.0,1000,51.064806
0.0,1000,51.106052
1.0,56,51.108436
1.0,885,51.145
1.0,384,51.16122
1.0,426,51.17903
0.0,1000,51.221271
0.0,1000,51.263356
0.0,1000,51.304448
1.0,837,51.338845
0.0,1000,51.379748
0.0,1000,51.420674
1.0,728,51.450388
0.0,1000,51.491113
1.0,625,51.516796
1.0,561,51.539791
0.0,1000,51.58093
0.0,1000,51.621809
0.0,1000,51.662882
0.0,1000,51.704051
0.0,1000,51.745111
0.0,1000,51.786363
0.0,1000,51.827734
0.0,1000,51.868766
1.0,350,51.883214
1.0,74,51.886328
0.0,1000,51.927583
0.0,1000,51.968768
0.0,1000,52.009961
0.0,1000,52.051359
0.0,1000,52.092862
0.0,1000,52.134139
1.0,405,52.15091
0.0,1000,52.192374
1.0,337,52.206662
1.0,405,52.223729
0.0,1000,52.26621
0.0,1000,52.307657
0.0,1000,52.348876
0.0,1000,52.38982
0.0,1000,52.431182
0.0,1000,52.47213
1.0,717,52.501792
0.0,1000,52.542788
1.0,956,52.58184
1.0,607,52.606882
0.0,1000,52.648329
0.0,1000,52.689856
0.0,1000,52.730628
1.0,552,52.753373
0.0,1000,52.794738
0.0,1000,52.835664
1.0,63,52.838394
1.0,182,52.845967
1.0,333,52.859697
0.0,1000,52.900527
1.0,707,52.929703
0.0,1000,52.971451
0.0,1000,53.013046
1.0,617,53.03913
0.0,1000,53.08122
0.0,1000,53.12238
1.0,191,53.130316
0.0,1000,53.171047
0.0,1000,53.211933
1.0,260,53.222595
0.0,1000,53.263979
0.0,1000,53.305182
0.0,1000,53.346347
0.0,1000,53.387257
0.0,1000,53.428893
0.0,1000,53.469786
1.0,742,53.500586
0.0,1000,53.541017
1.0,460,53.559943
1.0,386,53.575789
0.0,1000,53.616711
0.0,1000,53.657717
0.0,1000,53.698889
0.0,1000,53.740355
0.0,1000,53.781281
0.0,1000,53.821968
1.0,453,53.840513
1.0,427,53.85793
0.0,1000,53.898733
0.0,1000,53.939549
0.0,1000,53.980757
0.0,1000,54.021631
1.0,871,54.056734
0.0,1000,54.097904
0.0,1000,54.138922
0.0,1000,54.179812
0.0,1000,54.220369
0.0,1000,54.260774
1.0,373,54.276057
0.0,1000,54.316833
0.0,1000,54.35789
0.0,1000,54.398922
0.0,1000,54.44058
1.0,930,54.479041
0.0,1000,54.520365
0.0,1000,54.561038
0.0,1000,54.601759
1.0,442,54.619808
0.0,1000,54.660461
0.0,1000,54.701043
0.0,1000,54.74226
0.0,1000,54.783276
0.0,1000,54.824358
0.0,1000,54.865198
0.0,1000,54.906209
0.0,1000,54.947364
1.0,665,54.974627
0.0,1000,55.015303
1.0,396,55.031563
1.0,398,55.047679
1.0,975,55.087351
0.0,1000,55.128432
0.0,1000,55.169589
0.0,1000,55.210685
0.0,1000,55.251746
0.0,1000,55.292571
1.0,860,55.327807
1.0,329,55.3414
1.0,487,55.36127
0.0,1000,55.40192
0.0,1000,55.44367
0.0,1000,55.484976
0.0,1000,55.526329
1.0,877,55.562137
0.0,1000,55.603153
0.0,1000,55.644155
1.0,930,55.682276
0.0,1000,55.722801
1.0,55,55.725177
1.0,577,55.749051
0.0,1000,55.790565
0.0,1000,55.831655
0.0,1000,55.872458
0.0,1000,55.913454
0.0,1000,55.954684
0.0,1000,55.995934
0.0,1000,56.037427
1.0,286,56.049345
1.0,753,56.079953
1.0,163,56.086748
1.0,231,56.096288
0.0,1000,56.137438
0.0,1000,56.178358
0.0,1000,56.219671
0.0,1000,56.26057
0.0,1000,56.30131
0.0,1000,56.342366
0.0,1000,56.383457
1.0,756,56.414387
0.0,1000,56.455274
0.0,1000,56.496257
0.0,1000,56.537165
0.0,1000,56.578983
1.0,978,56.619304
0.0,1000,56.660304
0.0,1000,56.7014
1.0,48,56.7035
1.0,412,56.720422
1.0,270,56.731534
1.0,771,56.763405
1.0,488,56.783662
1.0,254,56.794288
0.0,1000,56.835243
0.0,1000,56.876327
0.0,1000,56.917447
0.0,1000,56.957794
0.0,1000,56.998942
1.0,739,57.029009
0.0,1000,57.069595
0.0,1000,57.110465
0.0,1000,57.151806
0.0,1000,57.192905
0.0,1000,57.234288
0.0,1000,57.275221
0.0,1000,57.316391
0.0,1000,57.357547
1.0,596,57.382239
1.0,939,57.420344
1.0,467,57.439559
1.0,293,57.451631
0.0,1000,57.492915
0.0,1000,57.533904
0.0,1000,57.575178
0.0,1000,57.616479
0.0,1000,57.657562
0.0,1000,57.698588
1.0,72,57.70171
1.0,204,57.71015
0.0,1000,57.750952
1.0,411,57.767905
0.0,1000,57.809952
0.0,1000,57.850719
0.0,1000,57.89209
0.0,1000,57.933119
0.0,1000,57.974461
0.0,1000,58.015548
1.0,140,58.021505
1.0,378,58.037041
1.0,844,58.07155
1.0,252,58.081968
0.0,1000,58.123036
0.0,1000,58.16429
0.0,1000,58.205698
0.0,1000,58.246673
0.0,1000,58.287817
0.0,1000,58.328762
1.0,248,58.339193
1.0,982,58.379284
1.0,843,58.414155
1.0,804,58.447153
0.0,1000,58.488377
0.0,1000,58.529963
0.0,1000,58.571396
0.0,1000,58.61298
0.0,1000,58.653585
0.0,1000,58.694902
1.0,72,58.697976
1.0,408,58.714737
1.0,197,58.722862
1.0,718,58.752099
0.0,1000,58.792952
0.0,1000,58.834009
0.0,1000,58.874481
0.0,1000,58.915329
0.0,1000,58.956585
0.0,1000,58.997739
1.0,153,59.004086
1.0,354,59.018694
1.0,139,59.024467
1.0,523,59.045739
0.0,1000,59.086621
0.0,1000,59.126963
0.0,1000,59.168167
1.0,977,59.208476
0.0,1000,59.249604
0.0,1000,59.290382
1.0,613,59.31553
0.0,1000,59.356337
0.0,1000,59.39708
1.0,380,59.41271
1.0,280,59.424486
0.0,1000,59.465228
0.0,1000,59.506126
1.0,834,59.540478
0.0,1000,59.581504
0.0,1000,59.622605
1.0,188,59.63045
0.0,1000,59.671352
1.0,458,59.689967
1.0,532,59.711645
1.0,830,59.745801
0.0,1000,59.786752
0.0,1000,59.828029
0.0,1000,59.869071
0.0,1000,59.909925
0.0,1000,59.950746
0.0,1000,59.991715
0.0,1000,60.034145
0.0,1000,60.078627
0.0,1000,60.12306
0.0,1000,60.168129
0.0,1000,60.212959
0.0,1000,60.258193
0.0,1000,60.302943
0.0,1000,60.347862
0.0,1000,60.392582
1.0,199,60.401699
1.0,928,60.443098
1.0,188,60.451685
0.0,1000,60.496066
0.0,1000,60.540761
0.0,1000,60.585111
0.0,1000,60.631423
0.0,1000,60.676905
0.0,1000,60.721724
0.0,1000,60.766876
1.0,573,60.793561
1.0,518,60.817135
1.0,752,60.850876
0.0,1000,60.895569
0.0,1000,60.940605
0.0,1000,60.985486
0.0,1000,61.030522
0.0,1000,61.075717
0.0,1000,61.122452
0.0,1000,61.168995
1.0,88,61.173221
1.0,186,61.181786
1.0,524,61.205247
1.0,793,61.240785
0.0,1000,61.286266
0.0,1000,61.33093
0.0,1000,61.37505
0.0,1000,61.420287
0.0,1000,61.465803
0.0,1000,61.510968
0.0,1000,61.556236
1.0,881,61.595612
0.0,1000,61.640607
1.0,613,61.668304
1.0,670,61.698537
1.0,470,61.719651
0.0,1000,61.764659
0.0,1000,61.809448
0.0,1000,61.854789
0.0,1000,61.899861
0.0,1000,61.944944
1.0,766,61.979366
1.0,342,61.994865
1.0,853,62.033073
0.0,1000,62.077992
0.0,1000,62.12276
1.0,711,62.155021
0.0,1000,62.199695
0.0,1000,62.244317
0.0,1000,62.289419
1.0,505,62.312332
0.0,1000,62.357016
1.0,77,62.360731
1.0,439,62.380396
1.0,433,62.399788
0.0,1000,62.444751
0.0,1000,62.490062
1.0,782,62.525624
0.0,1000,62.570955
0.0,1000,62.616132
0.0,1000,62.660857
0.0,1000,62.705801
1.0,700,62.737086
0.0,1000,62.781742
0.0,1000,62.82682
0.0,1000,62.871966
0.0,1000,62.918366
0.0,1000,62.963471
0.0,1000,63.008627
0.0,1000,63.052848
1.0,894,63.093261
1.0,804,63.129039
1.0,588,63.155398
0.0,1000,63.199966
0.0,1000,63.245026
0.0,1000,63.290187
0.0,1000,63.335404
1.0,582,63.361564
0.0,1000,63.406497
0.0,1000,63.451112
0.0,1000,63.496257
0.0,1000,63.540558
1.0,885,63.57995
1.0,706,63.611677
1.0,357,63.627859
0.0,1000,63.672964
0.0,1000,63.718478
0.0,1000,63.763475
0.0,1000,63.808596
0.0,1000,63.854058
1.0,418,63.873002
1.0,272,63.885344
1.0,901,63.925713
1.0,885,63.965136
0.0,1000,64.009737
0.0,1000,64.054466
0.0,1000,64.099778
0.0,1000,64.144464
0.0,1000,64.189285
0.0,1000,64.234179
1.0,244,64.245254
1.0,443,64.265254
1.0,624,64.2965
0.0,1000,64.339073
1.0,653,64.367341
0.0,1000,64.4099
0.0,1000,64.452308
1.0,801,64.486201
0.0,1000,64.529251
0.0,1000,64.57557
1.0,80,64.579502
1.0,362,64.596406
0.0,1000,64.641681
1.0,361,64.658467
0.0,1000,64.704538
1.0,880,64.744867
0.0,1000,64.790254
0.0,1000,64.840338
0.0,1000,64.889305
0.0,1000,64.937943
0.0,1000,64.985412
0.0,1000,65.032362
0.0,1000,65.077255
1.0,755,65.111269
1.0,439,65.131658
0.0,1000,65.177497
0.0,1000,65.223308
1.0,472,65.244828
0.0,1000,65.290142
0.0,1000,65.335758
0.0,1000,65.380829
1.0,214,65.390603
1.0,578,65.416607
0.0,1000,65.462487
1.0,787,65.498925
0.0,1000,65.544438
1.0,513,65.567762
1.0,301,65.581651
0.0,1000,65.626963
0.0,1000,65.675326
1.0,983,65.721771
1.0,692,65.753848
1.0,287,65.766743
1.0,661,65.796956
0.0,1000,65.842732
0.0,1000,65.887958
0.0,1000,65.933414
0.0,1000,65.978811
0.0,1000,66.024163
0.0,1000,66.068759
1.0,480,66.090417
0.0,1000,66.134882
0.0,1000,66.179814
1.0,595,66.206648
0.0,1000,66.25332
0.0,1000,66.299044
0.0,1000,66.344697
1.0,564,66.370955
0.0,1000,66.417032
0.0,1000,66.463451
0.0,1000,66.508844
1.0,568,66.534501
1.0,161,66.541871
0.0,1000,66.587217
0.0,1000,66.632364
0.0,1000,66.677488
0.0,1000,66.721779
1.0,802,66.758973
0.0,1000,66.804298
0.0,1000,66.849441
1.0,90,66.853825
1.0,720,66.886084
0.0,1000,66.930813
1.0,478,66.952403
0.0,1000,66.997676
0.0,1000,67.042508
0.0,1000,67.08773
0.0,1000,67.132677
0.0,1000,67.17807
0.0,1000,67.223212
1.0,79,67.226912
1.0,419,67.245591
1.0,88,67.24962
1.0,382,67.266714
0.0,1000,67.31194
0.0,1000,67.356938
0.0,1000,67.402142
0.0,1000,67.447932
0.0,1000,67.49272
0.0,1000,67.537822
1.0,122,67.543402
1.0,318,67.557753
1.0,476,67.579384
1.0,244,67.59054
0.0,1000,67.635529
0.0,1000,67.680764
0.0,1000,67.725955
0.0,1000,67.771207
0.0,1000,67.816551
0.0,1000,67.861769
1.0,145,67.868523
1.0,690,67.899283
0.0,1000,67.944292
1.0,498,67.966772
1.0,916,68.008693
0.0,1000,68.054528
0.0,1000,68.099433
0.0,1000,68.14503
0.0,1000,68.190428
0.0,1000,68.235451
0.0,1000,68.280062
0.0,1000,68.320872
1.0,402,68.337325
0.0,1000,68.378186
0.0,1000,68.419267
0.0,1000,68.460632
0.0,1000,68.501716
0.0,1000,68.542624
0.0,1000,68.583754
0.0,1000,68.625065
0.0,1000,68.665872
1.0,372,68.681257
1.0,347,68.695472
0.0,1000,68.736058
1.0,487,68.756147
0.0,1000,68.797181
0.0,1000,68.838292
0.0,1000,68.879285
0.0,1000,68.92018
0.0,1000,68.961212
1.0,248,68.971488
1.0,166,68.978306
1.0,689,69.006727
1.0,466,69.026029
1.0,777,69.058156
0.0,1000,69.09935
0.0,1000,69.140969
1.0,523,69.162804
0.0,1000,69.203828
0.0,1000,69.24494
1.0,229,69.254455
1.0,261,69.265151
1.0,597,69.289456
1.0,161,69.296111
0.0,1000,69.336839
0.0,1000,69.378149
0.0,1000,69.419835
0.0,1000,69.461126
0.0,1000,69.502031
0.0,1000,69.542955
1.0,62,69.545626
1.0,898,69.582172
1.0,77,69.585423
0.0,1000,69.626637
0.0,1000,69.667706
0.0,1000,69.708474
0.0,1000,69.749265
1.0,896,69.78612
0.0,1000,69.827271
1.0,980,69.867154
1.0,98,69.871252
1.0,648,69.897652
1.0,465,69.916717
1.0,673,69.944212
1.0,665,69.971453
0.0,1000,70.012392
0.0,1000,70.053623
1.0,934,70.092754
0.0,1000,70.133923
0.0,1000,70.17512
1.0,235,70.184832
0.0,1000,70.225315
0.0,1000,70.266169
1.0,146,70.272333
1.0,533,70.29428
0.0,1000,70.335314
0.0,1000,70.376578
0.0,1000,70.417545
0.0,1000,70.458914
0.0,1000,70.500739
1.0,316,70.514196
1.0,259,70.524956
1.0,219,70.533969
1.0,946,70.572577
1.0,457,70.591985
0.0,1000,70.633436
0.0,1000,70.676576
0.0,1000,70.719183
0.0,1000,70.761156
0.0,1000,70.802708
1.0,264,70.813705
1.0,784,70.84562
0.0,1000,70.8862
1.0,177,70.893628
0.0,1000,70.934532
0.0,1000,70.975376
0.0,1000,71.016353
0.0,1000,71.057435
0.0,1000,71.098606
0.0,1000,71.139662
1.0,694,71.168059
0.0,1000,71.208858
0.0,1000,71.249972
1.0,257,71.26057
0.0,1000,71.301838
0.0,1000,71.344148
0.0,1000,71.386775
1.0,687,71.415628
0.0,1000,71.457493
0.0,1000,71.498768
1.0,972,71.53886
1.0,925,71.576616
1.0,200,71.584979
1.0,650,71.611637
0.0,1000,71.652864
0.0,1000,71.694102
0.0,1000,71.735532
1.0,630,71.761608
0.0,1000,71.80286
0.0,1000,71.844378
1.0,531,71.866759
0.0,1000,71.907719
1.0,665,71.934906
1.0,643,71.961473
0.0,1000,72.002799
1.0,914,72.04031
0.0,1000,72.081394
0.0,1000,72.122293
0.0,1000,72.163658
0.0,1000,72.204346
1.0,579,72.228204
1.0,450,72.246731
1.0,705,72.275595
1.0,235,72.285321
1.0,659,72.31257
0.0,1000,72.353418
0.0,1000,72.39459
0.0,1000,72.435637
0.0,1000,72.476891
0.0,1000,72.517583
1.0,237,72.527362
0.0,1000,72.567908
0.0,1000,72.608473
1.0,348,72.622792
0.0,1000,72.663591
1.0,968,72.703585
0.0,1000,72.744653
0.0,1000,72.785483
1.0,920,72.822977
0.0,1000,72.863979
1.0,537,72.886216
1.0,362,72.900956
1.0,389,72.916927
1.0,673,72.94439
0.0,1000,72.985251
0.0,1000,73.026146
0.0,1000,73.067161
1.0,732,73.097353
0.0,1000,73.138577
0.0,1000,73.17958
1.0,79,73.183004
1.0,175,73.190216
1.0,374,73.205559
1.0,478,73.225137
1.0,883,73.261293
0.0,1000,73.302388
0.0,1000,73.343322
0.0,1000,73.384212
0.0,1000,73.425095
0.0,1000,73.466343
1.0,298,73.478707
1.0,882,73.514667
1.0,87,73.518361
1.0,323,73.53159
0.0,1000,73.572495
0.0,1000,73.613501
0.0,1000,73.654551
1.0,783,73.686836
0.0,1000,73.727732
0.0,1000,73.768696
1.0,505,73.789191
0.0,1000,73.829958
1.0,509,73.8506
1.0,491,73.870674
1.0,338,73.884619
0.0,1000,73.925719
0.0,1000,73.966968
0.0,1000,74.008136
0.0,1000,74.049178
0.0,1000,74.090006
0.0,1000,74.130949
1.0,360,74.145789
1.0,819,74.179306
1.0,432,74.197103
1.0,353,74.211636
0.0,1000,74.252548
0.0,1000,74.293355
1.0,657,74.320371
1.0,981,74.360197
0.0,1000,74.401136
0.0,1000,74.441741
0.0,1000,74.482413
0.0,1000,74.523335
1.0,159,74.529996
1.0,542,74.552121
0.0,1000,74.593115
0.0,1000,74.634117
1.0,205,74.64269
0.0,1000,74.683443
0.0,1000,74.72467
0.0,1000,74.765543
1.0,292,74.777619
1.0,457,74.796254
0.0,1000,74.836939
0.0,1000,74.87806
0.0,1000,74.919125
0.0,1000,74.960271
0.0,1000,75.001074
0.0,1000,75.041917
0.0,1000,75.082803
1.0,755,75.113702
1.0,454,75.132408
1.0,251,75.142714
0.0,1000,75.183491
0.0,1000,75.224657
0.0,1000,75.26565
0.0,1000,75.306457
0.0,1000,75.347648
0.0,1000,75.388814
0.0,1000,75.429806
1.0,44,75.431738
1.0,544,75.453977
1.0,385,75.469752
1.0,535,75.491602
1.0,776,75.52343
0.0,1000,75.564541
0.0,1000,75.605396
0.0,1000,75.64642
0.0,1000,75.687586
0.0,1000,75.729065
1.0,187,75.737049
1.0,831,75.77101
1.0,261,75.78191
1.0,778,75.813827
0.0,1000,75.854908
1.0,583,75.87905
0.0,1000,75.920342
1.0,549,75.943015
0.0,1000,75.984249
0.0,1000,76.02527
1.0,87,76.028982
0.0,1000,76.069879
0.0,1000,76.110394
1.0,99,76.114594
1.0,782,76.146999
0.0,1000,76.187724
0.0,1000,76.228955
1.0,714,76.258313
0.0,1000,76.299428
0.0,1000,76.340229
1.0,86,76.34388
1.0,747,76.374557
1.0,789,76.406617
1.0,881,76.442709
0.0,1000,76.48443
0.0,1000,76.52604
0.0,1000,76.56745
0.0,1000,76.608234
0.0,1000,76.649151
0.0,1000,76.690068
1.0,104,76.69443
1.0,286,76.706138
1.0,244,76.716179
1.0,215,76.725059
0.0,1000,76.766163
0.0,1000,76.807072
0.0,1000,76.848473
0.0,1000,76.889642
0.0,1000,76.930432
0.0,1000,76.971764
1.0,306,76.984554
0.0,1000,77.025251
1.0,257,77.035869
0.0,1000,77.076419
1.0,232,77.085999
0.0,1000,77.126858
0.0,1000,77.168161
0.0,1000,77.209227
0.0,1000,77.25011
0.0,1000,77.291096
1.0,632,77.316952
1.0,466,77.335976
0.0,1000,77.37636
1.0,388,77.39237
0.0,1000,77.433053
0.0,1000,77.473985
0.0,1000,77.514787
1.0,963,77.554293
0.0,1000,77.595303
0.0,1000,77.636115
1.0,71,77.639144
1.0,460,77.657926
1.0,145,77.663853
0.0,1000,77.704294
1.0,179,77.711807
0.0,1000,77.752438
0.0,1000,77.793535
1.0,651,77.820437
0.0,1000,77.861442
0.0,1000,77.902405
1.0,516,77.923617
1.0,738,77.9537
0.0,1000,77.994351
1.0,589,78.018399
0.0,1000,78.059316
0.0,1000,78.100338
0.0,1000,78.14121
0.0,1000,78.182074
0.0,1000,78.222937
0.0,1000,78.263763
1.0,49,78.265908
1.0,628,78.291429
1.0,800,78.323814
0.0,1000,78.364445
1.0,772,78.396229
0.0,1000,78.437062
0.0,1000,78.478125
0.0,1000,78.519048
0.0,1000,78.559881
0.0,1000,78.600986
0.0,1000,78.641942
1.0,376,78.657408
1.0,638,78.683399
1.0,990,78.723889
0.0,1000,78.764611
0.0,1000,78.805635
0.0,1000,78.846669
0.0,1000,78.887595
0.0,1000,78.928508
0.0,1000,78.969467
1.0,349,78.983854
0.0,1000,79.024585
1.0,530,79.046337
0.0,1000,79.087072
0.0,1000,79.128211
0.0,1000,79.169129
0.0,1000,79.210514
0.0,1000,79.251566
0.0,1000,79.292719
0.0,1000,79.333576
1.0,384,79.349411
1.0,234,79.359118
1.0,331,79.372681
1.0,179,79.380062
0.0,1000,79.421495
0.0,1000,79.462497
0.0,1000,79.503265
0.0,1000,79.5442
0.0,1000,79.585217
0.0,1000,79.626533
0.0,1000,79.667416
1.0,847,79.705226
1.0,125,79.711009
1.0,635,79.739369
0.0,1000,79.784542
0.0,1000,79.829488
0.0,1000,79.874159
0.0,1000,79.918967
0.0,1000,79.963823
0.0,1000,80.008698
1.0,269,80.021169
1.0,417,80.039887
1.0,467,80.060773
1.0,849,80.098582
1.0,972,80.142451
0.0,1000,80.187323
0.0,1000,80.232624
1.0,730,80.265604
0.0,1000,80.310637
0.0,1000,80.355704
0.0,1000,80.40071
1.0,685,80.431747
1.0,384,80.449072
1.0,705,80.480762
0.0,1000,80.525794
0.0,1000,80.567596
0.0,1000,80.608998
0.0,1000,80.650156
0.0,1000,80.691381
0.0,1000,80.732208
0.0,1000,80.773271
0.0,1000,80.813941
1.0,209,80.822605
1.0,399,80.839118
1.0,783,80.871363
0.0,1000,80.912312
0.0,1000,80.953539
0.0,1000,80.994569
0.0,1000,81.035703
0.0,1000,81.076906
1.0,146,81.083054
1.0,508,81.103641
0.0,1000,81.144356
1.0,218,81.153362
0.0,1000,81.194304
0.0,1000,81.235325
0.0,1000,81.276353
1.0,935,81.314736
0.0,1000,81.355593
0.0,1000,81.396461
1.0,48,81.398542
1.0,252,81.408836
1.0,119,81.413816
0.0,1000,81.454614
0.0,1000,81.495684
0.0,1000,81.536807
0.0,1000,81.578107
1.0,568,81.601677
0.0,1000,81.642713
0.0,1000,81.683952
1.0,122,81.689124
1.0,581,81.712826
1.0,211,81.721461
1.0,258,81.732057
0.0,1000,81.773183
0.0,1000,81.813752
0.0,1000,81.854756
1.0,346,81.869326
0.0,1000,81.910577
0.0,1000,81.951787
1.0,372,81.96717
1.0,352,81.981601
1.0,129,81.986938
1.0,191,81.994817
1.0,528,82.016816
0.0,1000,82.057888
0.0,1000,82.100045
1.0,292,82.112382
0.0,1000,82.154121
0.0,1000,82.195719
1.0,144,82.201689
1.0,277,82.213066
1.0,220,82.222018
1.0,960,82.261271
1.0,725,82.291332
0.0,1000,82.332437
0.0,1000,82.373425
0.0,1000,82.414441
0.0,1000,82.455395
0.0,1000,82.496524
1.0,340,82.510566
0.0,1000,82.551183
1.0,93,82.555159
1.0,156,82.561617
0.0,1000,82.602562
0.0,1000,82.643502
0.0,1000,82.684689
1.0,846,82.719331
0.0,1000,82.760371
0.0,1000,82.800967
1.0,280,82.812532
0.0,1000,82.853212
1.0,765,82.884583
1.0,893,82.921013
1.0,667,82.948507
0.0,1000,82.989593
0.0,1000,83.030599
0.0,1000,83.071625
0.0,1000,83.112854
0.0,1000,83.153839
1.0,145,83.159866
1.0,468,83.179083
1.0,481,83.198737
0.0,1000,83.239428
0.0,1000,83.280595
0.0,1000,83.322093
0.0,1000,83.363168
1.0,288,83.37507
0.0,1000,83.416018
0.0,1000,83.45629
1.0,235,83.466052
1.0,177,83.473443
0.0,1000,83.514115
1.0,173,83.521311
0.0,1000,83.562348
0.0,1000,83.603257
0.0,1000,83.64458
1.0,597,83.66924
0.0,1000,83.710282
0.0,1000,83.75119
0.0,1000,83.792338
1.0,215,83.801162
1.0,153,83.807485
1.0,952,83.846182
1.0,593,83.870778
0.0,1000,83.91158
0.0,1000,83.952585
1.0,975,83.992671
0.0,1000,84.033733
0.0,1000,84.074486
1.0,326,84.087938
0.0,1000,84.128612
1.0,660,84.15556
1.0,872,84.191386
1.0,468,84.210725
0.0,1000,84.251804
0.0,1000,84.293097
