# {"t_start": 1599692389.3066077, "env_id": "Office-single-v0"} 
r,l,t
0.0,25,0.005598
0.0,23,0.008641
0.0,43,0.014248
0.0,21,0.016809
0.0,12,0.018244
0.0,19,0.020458
0.0,54,0.026726
0.0,49,0.032381
0.0,37,0.036819
0.0,21,0.039268
0.0,27,0.042429
0.0,98,0.053806
0.0,26,0.05682
0.0,9,0.057893
0.0,43,0.063025
0.0,116,0.076367
0.0,46,0.081666
0.0,56,0.088108
0.0,2,0.08837
0.0,66,0.095954
0.0,11,0.097254
0.0,13,0.098776
0.0,83,0.108412
0.0,47,0.113875
0.0,115,0.127173
0.0,94,0.138017
0.0,133,0.15339
0.0,5,0.154018
0.0,71,0.162229
0.0,114,0.175349
0.0,115,0.188435
0.0,72,0.196776
0.0,4,0.197277
0.0,105,0.209428
0.0,85,0.219331
0.0,176,0.239917
0.0,121,0.253865
0.0,11,0.255166
0.0,9,0.256239
1.0,275,0.291271
1.0,180,0.314422
0.0,214,0.341935
0.0,756,0.432955
0.0,909,0.538144
0.0,47,0.543607
0.0,9,0.544678
0.0,168,0.563708
0.0,138,0.579584
0.0,218,0.604437
1.0,622,0.676426
0.0,20,0.678787
0.0,34,0.682745
1.0,287,0.715697
0.0,48,0.721285
0.0,54,0.727562
0.0,47,0.732994
0.0,43,0.73797
0.0,23,0.74064
0.0,67,0.748462
0.0,212,0.772816
0.0,28,0.776095
0.0,27,0.779237
0.0,160,0.79771
0.0,29,0.801108
0.0,42,0.805982
0.0,67,0.813704
0.0,125,0.828148
0.0,195,0.850845
0.0,110,0.863564
0.0,138,0.879544
0.0,125,0.894047
0.0,6,0.894782
0.0,45,0.899975
0.0,119,0.913782
0.0,70,0.921902
0.0,111,0.934767
0.0,37,0.939091
0.0,27,0.942237
1.0,135,0.957852
0.0,85,0.967696
1.0,168,0.987148
0.0,35,0.991223
0.0,55,0.997591
1.0,134,1.013092
1.0,142,1.029538
0.0,116,1.043002
1.0,63,1.050299
1.0,278,1.082211
0.0,47,1.087669
1.0,61,1.094578
0.0,25,1.097478
0.0,74,1.10599
1.0,206,1.129787
0.0,12,1.131227
0.0,40,1.135873
1.0,77,1.144778
0.0,57,1.151403
1.0,52,1.157393
1.0,120,1.171248
1.0,73,1.179948
1.0,84,1.18962
1.0,48,1.195175
1.0,110,1.207869
0.0,107,1.220094
1.0,84,1.229792
0.0,43,1.234796
0.0,11,1.236087
0.0,33,1.239928
1.0,47,1.245362
0.0,4,1.245853
0.0,24,1.248657
1.0,50,1.254452
1.0,76,1.263416
0.0,38,1.267848
1.0,104,1.279876
0.0,73,1.288379
1.0,116,1.301859
1.0,50,1.307657
0.0,2,1.30792
0.0,37,1.312209
1.0,86,1.322134
1.0,36,1.326329
0.0,90,1.336615
1.0,47,1.342087
0.0,23,1.344765
1.0,36,1.34892
1.0,56,1.355418
0.0,23,1.358106
1.0,104,1.370216
0.0,25,1.373137
0.0,49,1.378866
0.0,21,1.381316
0.0,60,1.388316
1.0,33,1.392155
0.0,24,1.394979
0.0,11,1.396289
1.0,93,1.407063
0.0,16,1.408936
0.0,8,1.409886
0.0,55,1.416264
1.0,35,1.420326
0.0,50,1.426116
0.0,23,1.428798
1.0,35,1.432881
0.0,12,1.434309
0.0,17,1.436301
0.0,5,1.436907
1.0,86,1.446834
0.0,13,1.448359
1.0,35,1.452435
1.0,51,1.458338
1.0,43,1.463474
1.0,103,1.475415
1.0,31,1.479016
1.0,35,1.483095
1.0,32,1.486829
0.0,17,1.488831
1.0,34,1.492792
1.0,38,1.497183
1.0,32,1.500913
0.0,6,1.501637
1.0,30,1.505136
0.0,17,1.507134
1.0,39,1.511645
1.0,36,1.515831
0.0,27,1.518975
1.0,34,1.522946
0.0,32,1.526687
1.0,42,1.53152
1.0,34,1.535465
1.0,30,1.538942
1.0,34,1.542924
1.0,34,1.546875
1.0,33,1.550696
0.0,30,1.554187
1.0,32,1.557895
0.0,11,1.559195
1.0,36,1.563388
1.0,31,1.566972
1.0,30,1.570445
1.0,36,1.574614
0.0,6,1.575332
1.0,32,1.57907
1.0,37,1.583342
1.0,39,1.587866
1.0,37,1.59217
1.0,32,1.595897
1.0,27,1.599058
0.0,16,1.600923
1.0,27,1.604052
1.0,26,1.607072
1.0,28,1.610305
1.0,27,1.613438
1.0,32,1.617179
1.0,28,1.620431
0.0,21,1.622878
1.0,29,1.626237
1.0,31,1.629818
1.0,25,1.632733
0.0,18,1.634843
1.0,27,1.637971
1.0,25,1.640871
1.0,25,1.643793
1.0,29,1.647157
1.0,30,1.65064
1.0,25,1.65356
1.0,27,1.656691
1.0,29,1.660041
1.0,27,1.663184
1.0,29,1.666627
1.0,28,1.669973
1.0,31,1.67356
1.0,35,1.677589
1.0,25,1.680494
1.0,28,1.683733
1.0,25,1.68664
1.0,30,1.690112
1.0,25,1.693006
1.0,26,1.696011
1.0,25,1.698918
1.0,25,1.701805
1.0,27,1.704923
1.0,30,1.708386
1.0,25,1.711295
0.0,14,1.712936
1.0,29,1.716289
1.0,27,1.719432
1.0,32,1.723126
1.0,30,1.726589
1.0,28,1.729829
1.0,25,1.732726
1.0,30,1.736179
0.0,8,1.737136
1.0,27,1.740289
1.0,27,1.743422
1.0,25,1.746329
1.0,27,1.749459
1.0,26,1.752487
0.0,8,1.753439
1.0,28,1.756719
1.0,27,1.759854
1.0,34,1.763772
1.0,26,1.766799
1.0,33,1.770592
1.0,31,1.774213
0.0,20,1.776538
1.0,27,1.779655
1.0,25,1.782553
1.0,27,1.785676
1.0,30,1.789144
1.0,29,1.792534
0.0,23,1.795209
0.0,18,1.79729
1.0,25,1.800175
0.0,19,1.802398
1.0,28,1.805631
1.0,29,1.808982
1.0,25,1.811893
1.0,27,1.815013
0.0,16,1.816876
1.0,27,1.819999
1.0,27,1.823137
1.0,31,1.826725
1.0,34,1.83067
0.0,21,1.833109
1.0,28,1.836331
1.0,28,1.83957
0.0,14,1.841201
1.0,25,1.844097
1.0,31,1.847715
1.0,27,1.850837
0.0,14,1.852469
1.0,32,1.856144
1.0,27,1.859272
1.0,29,1.862612
1.0,31,1.866218
1.0,29,1.869562
1.0,27,1.872853
1.0,27,1.875978
1.0,29,1.879329
1.0,25,1.882228
1.0,25,1.885162
0.0,4,1.885648
1.0,29,1.888989
0.0,4,1.889479
1.0,30,1.892913
1.0,40,1.897484
1.0,30,1.900956
1.0,30,1.904434
1.0,28,1.907669
1.0,25,1.910565
1.0,26,1.913573
1.0,28,1.916806
1.0,28,1.920072
1.0,28,1.923309
1.0,27,1.926425
1.0,31,1.930006
1.0,27,1.933134
1.0,29,1.936492
1.0,32,1.940198
1.0,25,1.943099
1.0,28,1.946332
1.0,30,1.949801
1.0,29,1.95316
1.0,27,1.95631
1.0,30,1.959774
0.0,14,1.961413
1.0,31,1.964982
1.0,26,1.968004
1.0,28,1.971232
1.0,30,1.974729
1.0,27,1.977865
1.0,31,1.981444
1.0,28,1.984694
0.0,8,1.98565
1.0,32,1.989334
1.0,25,1.992251
1.0,26,1.995275
1.0,27,1.998403
1.0,30,2.00186
1.0,31,2.005438
1.0,31,2.009012
1.0,31,2.012627
1.0,28,2.015865
1.0,28,2.019114
1.0,28,2.022351
1.0,25,2.025245
1.0,27,2.028396
1.0,27,2.03156
1.0,27,2.034688
0.0,6,2.035402
1.0,29,2.038747
1.0,29,2.042107
0.0,26,2.045114
0.0,21,2.0476
1.0,29,2.050979
1.0,25,2.053878
1.0,29,2.057222
1.0,29,2.060579
1.0,35,2.064628
1.0,32,2.06834
1.0,28,2.071545
0.0,16,2.07341
1.0,34,2.077504
1.0,31,2.081066
0.0,4,2.081554
1.0,29,2.084947
1.0,31,2.088515
1.0,32,2.092211
1.0,29,2.095561
0.0,4,2.096051
1.0,27,2.099169
1.0,27,2.102327
1.0,29,2.105695
0.0,18,2.107795
1.0,27,2.110936
1.0,27,2.114079
1.0,28,2.117316
1.0,27,2.120474
0.0,25,2.123383
0.0,21,2.12582
1.0,26,2.128828
1.0,27,2.131963
0.0,18,2.134047
1.0,27,2.137187
1.0,25,2.140134
1.0,28,2.143382
0.0,12,2.144796
1.0,27,2.147919
1.0,35,2.151974
1.0,27,2.155094
1.0,27,2.158279
1.0,37,2.16252
1.0,28,2.165758
1.0,25,2.168673
1.0,25,2.171571
1.0,25,2.17449
1.0,25,2.1774
1.0,33,2.181215
1.0,28,2.184451
1.0,31,2.188075
1.0,25,2.190979
1.0,33,2.194798
0.0,18,2.196915
0.0,8,2.197868
1.0,27,2.201047
1.0,25,2.203949
0.0,17,2.205937
1.0,35,2.20996
1.0,25,2.212881
0.0,16,2.214775
1.0,25,2.217669
1.0,25,2.22057
0.0,4,2.221058
1.0,31,2.224649
0.0,6,2.225369
1.0,25,2.228266
0.0,15,2.230016
0.0,6,2.230741
1.0,25,2.23367
1.0,37,2.237934
1.0,29,2.241287
1.0,29,2.244645
0.0,21,2.24708
0.0,17,2.249067
1.0,27,2.252233
1.0,29,2.255594
1.0,29,2.258956
1.0,29,2.26232
1.0,27,2.265447
0.0,12,2.266861
0.0,12,2.268286
1.0,25,2.271188
1.0,25,2.274087
1.0,26,2.277092
1.0,28,2.280506
1.0,30,2.283972
1.0,26,2.287018
1.0,27,2.291991
1.0,25,2.294985
1.0,25,2.297891
1.0,25,2.30078
1.0,31,2.304353
1.0,28,2.30762
1.0,25,2.310523
1.0,27,2.313641
1.0,27,2.316794
1.0,25,2.319693
0.0,12,2.321096
1.0,28,2.324397
1.0,27,2.32752
1.0,29,2.330872
1.0,27,2.334009
1.0,25,2.337071
1.0,25,2.339973
1.0,28,2.343249
1.0,28,2.346488
0.0,16,2.348346
1.0,28,2.351589
1.0,25,2.354501
1.0,31,2.358075
1.0,25,2.360998
0.0,22,2.363562
1.0,29,2.366917
1.0,27,2.370049
1.0,25,2.372957
1.0,27,2.376089
1.0,25,2.379038
0.0,4,2.379534
1.0,25,2.382435
1.0,25,2.385335
1.0,25,2.388248
1.0,30,2.391733
1.0,29,2.395097
1.0,26,2.398143
1.0,29,2.401507
0.0,19,2.403727
1.0,26,2.40674
1.0,29,2.410107
1.0,26,2.413112
1.0,28,2.416384
0.0,6,2.417107
1.0,29,2.420454
1.0,27,2.423594
1.0,28,2.426835
0.0,19,2.429023
0.0,13,2.430552
1.0,25,2.433479
1.0,27,2.436611
1.0,25,2.439594
0.0,19,2.441799
0.0,19,2.444008
1.0,28,2.447251
0.0,20,2.449562
1.0,32,2.453289
1.0,29,2.456643
1.0,27,2.459767
0.0,4,2.460255
1.0,32,2.463936
1.0,32,2.46762
1.0,30,2.471106
1.0,30,2.474586
1.0,33,2.478408
1.0,29,2.481763
1.0,28,2.485161
0.0,21,2.487589
1.0,27,2.490747
0.0,4,2.49124
1.0,30,2.494703
0.0,20,2.497009
1.0,28,2.500248
0.0,17,2.502214
1.0,27,2.505328
1.0,27,2.508482
0.0,20,2.510814
1.0,31,2.51437
1.0,26,2.517368
0.0,20,2.519696
1.0,32,2.523393
1.0,27,2.526544
1.0,27,2.52968
1.0,30,2.533126
1.0,28,2.536358
1.0,25,2.539257
1.0,26,2.542245
0.0,8,2.54321
1.0,25,2.546127
1.0,27,2.549248
1.0,25,2.552131
1.0,28,2.555374
1.0,30,2.558852
0.0,21,2.561276
1.0,26,2.564318
1.0,24,2.567108
1.0,28,2.570344
0.0,19,2.572548
1.0,25,2.575454
1.0,26,2.578466
1.0,23,2.581166
1.0,27,2.584298
0.0,23,2.586959
1.0,25,2.589847
1.0,25,2.592741
0.0,16,2.594603
0.0,19,2.596794
0.0,17,2.598788
1.0,24,2.601588
1.0,27,2.604709
1.0,23,2.607367
1.0,23,2.610038
1.0,27,2.613151
0.0,4,2.61364
1.0,23,2.616304
1.0,26,2.619356
1.0,25,2.622258
1.0,25,2.625159
1.0,25,2.628068
1.0,28,2.631304
1.0,26,2.634315
1.0,26,2.637357
1.0,25,2.640245
1.0,25,2.643149
1.0,25,2.646042
1.0,27,2.649158
1.0,25,2.652051
1.0,23,2.654728
1.0,23,2.657425
1.0,24,2.660194
1.0,29,2.663536
1.0,27,2.666662
1.0,25,2.669548
0.0,12,2.670969
0.0,12,2.672368
1.0,24,2.675137
0.0,4,2.675631
1.0,30,2.679119
1.0,23,2.681781
1.0,27,2.684915
1.0,26,2.688083
1.0,23,2.690741
1.0,33,2.694557
0.0,6,2.695277
1.0,25,2.698187
1.0,31,2.701759
1.0,23,2.704425
1.0,25,2.707314
1.0,27,2.710446
1.0,26,2.713439
0.0,14,2.715076
1.0,24,2.717892
1.0,30,2.721345
1.0,25,2.724247
0.0,14,2.725885
1.0,25,2.728773
1.0,23,2.731439
1.0,23,2.734103
1.0,25,2.737015
1.0,23,2.739673
1.0,23,2.742334
0.0,16,2.744191
1.0,23,2.746866
0.0,6,2.747582
1.0,27,2.7507
1.0,33,2.754527
1.0,31,2.758121
1.0,25,2.760984
1.0,27,2.764094
1.0,25,2.76699
1.0,23,2.769652
0.0,4,2.770148
1.0,25,2.773076
0.0,6,2.773799
1.0,27,2.776925
0.0,18,2.77901
1.0,25,2.781911
1.0,28,2.785146
1.0,27,2.788261
1.0,25,2.791189
1.0,25,2.794097
1.0,25,2.796989
0.0,8,2.797945
1.0,25,2.800829
1.0,23,2.803505
1.0,29,2.806848
1.0,32,2.810556
1.0,23,2.813227
1.0,26,2.816236
1.0,27,2.819358
0.0,14,2.820998
1.0,29,2.824347
1.0,31,2.827971
1.0,25,2.830883
0.0,16,2.832742
0.0,25,2.835636
1.0,27,2.838778
1.0,25,2.841679
1.0,23,2.844358
1.0,30,2.847857
1.0,26,2.850865
1.0,26,2.853867
1.0,25,2.856757
1.0,25,2.859656
1.0,30,2.863115
1.0,26,2.866155
1.0,23,2.868807
0.0,4,2.869295
0.0,15,2.871045
0.0,19,2.87324
1.0,28,2.876488
1.0,23,2.879164
0.0,6,2.879882
0.0,21,2.882325
1.0,23,2.885017
1.0,25,2.887905
0.0,16,2.889772
1.0,23,2.892607
1.0,23,2.895289
1.0,27,2.898407
1.0,23,2.901092
1.0,26,2.904125
1.0,29,2.907459
0.0,17,2.909438
0.0,19,2.911632
1.0,24,2.914415
0.0,8,2.915359
0.0,17,2.917328
1.0,27,2.920489
0.0,18,2.922591
1.0,25,2.925481
1.0,23,2.928149
1.0,26,2.931159
1.0,24,2.933934
1.0,32,2.937632
0.0,21,2.940084
1.0,23,2.942736
1.0,25,2.945616
1.0,29,2.948967
1.0,23,2.951638
1.0,32,2.955341
1.0,27,2.958495
1.0,30,2.961958
1.0,23,2.964628
1.0,25,2.967534
1.0,27,2.970655
1.0,25,2.973547
0.0,17,2.975558
1.0,24,2.978351
1.0,25,2.981236
1.0,26,2.984245
1.0,23,2.986932
1.0,25,2.989825
0.0,17,2.991815
1.0,23,2.994513
1.0,23,2.997178
1.0,23,2.999849
1.0,23,3.002527
1.0,30,3.005998
1.0,31,3.009576
1.0,25,3.012488
0.0,17,3.014475
0.0,17,3.016477
1.0,24,3.019259
1.0,25,3.022162
1.0,23,3.024825
1.0,25,3.027706
1.0,23,3.030414
1.0,23,3.033095
1.0,27,3.036222
1.0,27,3.039359
0.0,16,3.041232
1.0,34,3.045142
1.0,25,3.048059
0.0,20,3.050393
1.0,27,3.05351
1.0,31,3.05708
1.0,23,3.059762
1.0,23,3.062427
0.0,17,3.064399
1.0,34,3.068334
0.0,18,3.070425
1.0,25,3.073313
0.0,18,3.075404
1.0,26,3.078418
1.0,27,3.081532
1.0,26,3.084542
1.0,31,3.088126
1.0,23,3.090789
1.0,26,3.093791
1.0,25,3.096861
1.0,29,3.100214
1.0,27,3.103368
1.0,30,3.106825
1.0,31,3.110387
0.0,21,3.112804
1.0,28,3.116035
0.0,6,3.116754
0.0,22,3.11929
1.0,25,3.122221
1.0,24,3.125005
1.0,26,3.128003
1.0,27,3.131118
1.0,23,3.133798
1.0,25,3.136689
1.0,27,3.139839
1.0,24,3.142635
0.0,6,3.143356
1.0,25,3.146246
0.0,19,3.148448
1.0,25,3.151346
0.0,12,3.15275
1.0,27,3.155869
1.0,25,3.158797
1.0,32,3.162498
0.0,8,3.16345
0.0,10,3.164622
0.0,16,3.166479
1.0,32,3.170171
1.0,23,3.172836
1.0,33,3.176665
0.0,6,3.177396
1.0,27,3.180531
1.0,31,3.184098
1.0,23,3.186778
1.0,23,3.18945
1.0,26,3.192457
1.0,29,3.195849
1.0,25,3.198751
1.0,25,3.201631
0.0,18,3.203695
1.0,29,3.207053
1.0,26,3.210056
1.0,29,3.213414
1.0,28,3.216681
0.0,4,3.217178
1.0,25,3.220076
1.0,25,3.222969
1.0,25,3.225874
1.0,27,3.228987
1.0,23,3.231673
1.0,27,3.23482
1.0,28,3.238057
1.0,26,3.241051
0.0,19,3.243258
0.0,14,3.244892
0.0,8,3.245841
1.0,24,3.248615
0.0,4,3.249103
1.0,29,3.252479
0.0,4,3.25297
1.0,25,3.255857
0.0,14,3.257489
1.0,29,3.260836
1.0,23,3.26353
1.0,23,3.266191
1.0,25,3.269089
1.0,25,3.27201
1.0,25,3.274898
1.0,27,3.278032
1.0,29,3.281418
1.0,23,3.284085
1.0,25,3.287
1.0,29,3.290376
1.0,25,3.293256
1.0,25,3.296139
1.0,23,3.298952
1.0,23,3.301651
1.0,25,3.304547
1.0,25,3.307472
0.0,14,3.309103
1.0,23,3.31176
1.0,35,3.315783
1.0,23,3.318456
0.0,14,3.320102
1.0,23,3.32277
1.0,26,3.325824
1.0,33,3.329627
1.0,32,3.333335
0.0,10,3.334515
1.0,23,3.337178
1.0,28,3.34041
1.0,25,3.343331
1.0,26,3.346357
0.0,8,3.347304
1.0,29,3.350656
1.0,30,3.354119
1.0,27,3.357242
1.0,31,3.360826
0.0,10,3.362032
0.0,25,3.36493
1.0,23,3.367598
0.0,18,3.36968
1.0,31,3.373266
1.0,25,3.376164
1.0,25,3.379069
1.0,24,3.38188
1.0,23,3.384529
0.0,4,3.385018
0.0,4,3.385505
1.0,25,3.388399
1.0,23,3.391071
1.0,23,3.393734
1.0,25,3.396624
1.0,28,3.399876
0.0,4,3.400369
0.0,17,3.402344
1.0,25,3.405229
1.0,23,3.407888
1.0,33,3.411674
1.0,27,3.414781
1.0,23,3.417462
1.0,23,3.420144
1.0,31,3.423783
1.0,25,3.426676
1.0,23,3.429348
1.0,23,3.432027
1.0,23,3.434706
1.0,32,3.438415
1.0,27,3.44154
0.0,18,3.44363
1.0,54,3.449899
1.0,27,3.453026
1.0,23,3.455727
1.0,27,3.458846
1.0,26,3.461861
1.0,24,3.46464
1.0,24,3.467433
0.0,19,3.469639
0.0,13,3.471171
0.0,8,3.472133
1.0,23,3.47482
0.0,12,3.47623
1.0,28,3.479466
1.0,26,3.482481
1.0,23,3.485148
1.0,25,3.488038
1.0,25,3.490966
1.0,30,3.494431
1.0,23,3.497094
1.0,28,3.500431
0.0,6,3.501153
1.0,24,3.504118
1.0,25,3.507012
1.0,23,3.509709
1.0,27,3.512849
1.0,27,3.515966
0.0,16,3.517834
0.0,17,3.5198
1.0,26,3.522795
1.0,27,3.525904
1.0,25,3.528828
0.0,21,3.531275
1.0,23,3.533936
1.0,26,3.536936
1.0,25,3.539839
1.0,27,3.542956
1.0,24,3.545761
0.0,6,3.5465
0.0,9,3.547569
1.0,26,3.550575
1.0,29,3.553932
1.0,23,3.556594
1.0,25,3.559489
1.0,27,3.562615
0.0,16,3.564501
1.0,29,3.567865
1.0,29,3.571213
1.0,25,3.574107
1.0,29,3.577459
0.0,19,3.579668
1.0,23,3.582362
1.0,24,3.585155
1.0,27,3.588271
1.0,25,3.591162
0.0,19,3.593366
0.0,19,3.595588
1.0,25,3.59848
1.0,25,3.601393
1.0,23,3.604072
1.0,31,3.607645
1.0,26,3.610653
1.0,25,3.61355
1.0,27,3.616677
1.0,29,3.620065
1.0,27,3.623198
1.0,28,3.626433
0.0,22,3.628976
1.0,26,3.631999
0.0,8,3.632951
1.0,27,3.636058
0.0,8,3.637017
1.0,25,3.639927
1.0,25,3.642819
1.0,23,3.645475
1.0,23,3.648133
1.0,25,3.651033
1.0,30,3.654478
1.0,24,3.657276
1.0,24,3.660064
1.0,25,3.662944
1.0,25,3.665835
1.0,31,3.669412
1.0,25,3.672309
1.0,28,3.675562
0.0,6,3.67629
1.0,30,3.679743
1.0,26,3.682741
1.0,27,3.685863
1.0,25,3.688759
1.0,25,3.69165
1.0,25,3.694573
1.0,25,3.697475
1.0,31,3.701049
1.0,25,3.703945
1.0,25,3.706982
1.0,27,3.710138
1.0,26,3.713137
1.0,29,3.716523
0.0,6,3.717244
1.0,25,3.72014
1.0,27,3.723261
1.0,23,3.725947
1.0,30,3.729396
1.0,28,3.732634
1.0,23,3.735328
1.0,28,3.738553
1.0,23,3.741222
1.0,31,3.74481
1.0,23,3.747476
1.0,24,3.750252
0.0,21,3.752716
1.0,27,3.755839
0.0,20,3.75815
1.0,23,3.760814
1.0,25,3.763728
1.0,24,3.766506
1.0,23,3.769179
1.0,25,3.772099
1.0,24,3.774879
1.0,23,3.777543
1.0,27,3.780673
1.0,23,3.783348
1.0,30,3.786791
1.0,23,3.789489
1.0,24,3.792264
0.0,17,3.794235
1.0,27,3.797334
1.0,23,3.800021
1.0,23,3.802688
1.0,23,3.805358
1.0,27,3.80852
1.0,26,3.811521
1.0,27,3.814639
1.0,25,3.817518
1.0,30,3.820979
0.0,23,3.82363
1.0,27,3.826759
1.0,27,3.829879
1.0,27,3.832999
0.0,10,3.834184
1.0,27,3.837302
1.0,23,3.839961
1.0,25,3.842867
0.0,4,3.843359
1.0,25,3.846258
1.0,25,3.849141
1.0,25,3.852031
1.0,23,3.854709
0.0,14,3.856329
1.0,25,3.859221
0.0,4,3.85971
1.0,30,3.863201
0.0,14,3.864843
1.0,28,3.868053
1.0,23,3.870727
1.0,27,3.873849
1.0,29,3.877192
0.0,6,3.877913
1.0,28,3.881166
1.0,25,3.884075
1.0,23,3.88674
1.0,23,3.8894
1.0,25,3.89231
0.0,18,3.894395
1.0,27,3.897511
1.0,31,3.901115
0.0,4,3.901609
1.0,27,3.904725
1.0,28,3.907955
1.0,24,3.910842
1.0,25,3.913775
1.0,32,3.917483
1.0,28,3.920738
1.0,23,3.923405
1.0,23,3.926074
0.0,10,3.92725
1.0,31,3.930825
0.0,6,3.931544
1.0,23,3.934196
1.0,23,3.936881
1.0,24,3.93966
1.0,25,3.942548
0.0,6,3.943268
1.0,27,3.94638
1.0,25,3.949278
1.0,23,3.951949
1.0,23,3.954616
1.0,27,3.957765
1.0,28,3.961004
1.0,26,3.964003
1.0,23,3.966672
1.0,27,3.969789
1.0,25,3.972672
1.0,23,3.975354
1.0,25,3.978266
1.0,27,3.98138
0.0,12,3.982795
1.0,25,3.98568
0.0,4,3.98617
1.0,27,3.989279
1.0,26,3.992296
1.0,25,3.995183
1.0,23,3.997868
1.0,23,4.000541
1.0,27,4.003648
1.0,27,4.006775
1.0,25,4.009674
1.0,23,4.012338
1.0,27,4.015466
0.0,16,4.017354
1.0,25,4.020241
1.0,29,4.023585
0.0,8,4.024535
0.0,18,4.026625
0.0,14,4.028252
1.0,24,4.031033
1.0,25,4.033926
1.0,28,4.037178
1.0,23,4.039864
1.0,28,4.043105
1.0,31,4.046678
1.0,25,4.049572
1.0,25,4.05248
1.0,27,4.055614
1.0,28,4.058866
1.0,26,4.061876
1.0,23,4.064537
1.0,23,4.06721
1.0,27,4.070331
0.0,22,4.072891
1.0,27,4.076054
0.0,6,4.076767
1.0,26,4.079759
0.0,21,4.082203
1.0,23,4.084867
1.0,29,4.088219
1.0,27,4.091336
0.0,4,4.091829
1.0,30,4.09534
1.0,23,4.098001
1.0,23,4.100653
1.0,23,4.103312
1.0,29,4.106656
0.0,12,4.108063
1.0,23,4.110721
1.0,29,4.114142
1.0,26,4.117273
0.0,17,4.119256
1.0,27,4.122375
0.0,4,4.122864
1.0,24,4.125628
1.0,26,4.128618
1.0,25,4.131544
1.0,26,4.134553
0.0,4,4.135043
0.0,18,4.137126
1.0,25,4.140029
0.0,6,4.140749
0.0,19,4.142951
1.0,23,4.145605
1.0,36,4.149764
1.0,27,4.152874
1.0,23,4.155541
1.0,27,4.158661
1.0,26,4.161666
1.0,23,4.16434
1.0,25,4.167267
1.0,27,4.170393
1.0,25,4.173281
0.0,16,4.175148
1.0,25,4.17804
1.0,31,4.181613
1.0,26,4.184632
1.0,24,4.187426
0.0,12,4.188834
1.0,23,4.191494
1.0,25,4.194382
1.0,27,4.197505
0.0,8,4.198455
0.0,16,4.200329
1.0,26,4.203479
1.0,23,4.206211
1.0,27,4.20937
0.0,8,4.21034
1.0,27,4.21347
1.0,23,4.216164
1.0,25,4.219066
0.0,12,4.220471
1.0,23,4.223175
1.0,25,4.22608
1.0,27,4.229205
1.0,26,4.232223
1.0,30,4.235694
1.0,26,4.238695
0.0,9,4.239768
1.0,25,4.242679
1.0,25,4.245555
1.0,26,4.248558
1.0,31,4.252127
1.0,24,4.254899
1.0,34,4.258828
1.0,26,4.261858
1.0,31,4.265431
1.0,23,4.268094
1.0,23,4.270767
0.0,6,4.271488
0.0,6,4.272201
1.0,29,4.275527
1.0,27,4.278672
1.0,25,4.281564
0.0,13,4.283084
1.0,23,4.285743
0.0,20,4.288057
1.0,30,4.291533
1.0,23,4.294268
1.0,28,4.297524
1.0,24,4.300301
1.0,32,4.30399
1.0,23,4.306657
1.0,23,4.309318
1.0,27,4.312437
1.0,25,4.315355
1.0,30,4.318968
1.0,24,4.321775
1.0,27,4.324901
1.0,24,4.327694
1.0,27,4.330808
1.0,28,4.33407
1.0,30,4.337528
0.0,6,4.338254
1.0,25,4.34114
1.0,31,4.34471
0.0,19,4.346921
1.0,23,4.349586
1.0,24,4.352391
0.0,4,4.352891
1.0,23,4.355562
1.0,23,4.358238
1.0,23,4.360899
1.0,30,4.364378
1.0,27,4.36751
1.0,29,4.370884
1.0,31,4.374476
1.0,25,4.377383
1.0,28,4.380625
1.0,25,4.383522
1.0,23,4.386186
1.0,27,4.38932
1.0,27,4.392436
1.0,23,4.395099
0.0,8,4.396043
1.0,24,4.398802
1.0,27,4.401936
1.0,31,4.405503
1.0,24,4.408306
1.0,28,4.41154
1.0,25,4.414429
1.0,27,4.417542
1.0,30,4.420997
1.0,23,4.423664
1.0,25,4.42658
1.0,27,4.429726
1.0,28,4.432953
0.0,7,4.433783
1.0,25,4.436677
1.0,24,4.43946
1.0,29,4.442792
1.0,23,4.445484
1.0,25,4.448393
1.0,23,4.451057
1.0,23,4.453722
1.0,23,4.456401
1.0,29,4.459746
1.0,23,4.462405
1.0,23,4.4651
1.0,23,4.467801
1.0,25,4.470706
1.0,26,4.473733
1.0,25,4.476645
1.0,29,4.479999
1.0,33,4.483831
1.0,26,4.486812
1.0,27,4.489927
1.0,25,4.492815
1.0,24,4.495608
1.0,31,4.49918
1.0,23,4.501881
0.0,21,4.504321
1.0,23,4.506993
1.0,27,4.510106
1.0,28,4.513355
1.0,23,4.516022
1.0,25,4.518936
1.0,25,4.521832
0.0,21,4.524444
1.0,29,4.527786
1.0,27,4.53091
1.0,27,4.534032
1.0,25,4.536921
1.0,23,4.539621
1.0,23,4.542279
1.0,29,4.545623
1.0,27,4.548752
1.0,23,4.551424
1.0,30,4.554883
0.0,21,4.557356
1.0,28,4.560592
1.0,25,4.563474
1.0,25,4.566368
0.0,4,4.566857
1.0,23,4.569517
1.0,25,4.572403
1.0,23,4.57509
1.0,31,4.578678
1.0,23,4.581335
1.0,25,4.584213
1.0,25,4.587111
1.0,23,4.589757
1.0,27,4.592881
1.0,23,4.595578
1.0,27,4.598693
1.0,30,4.602151
1.0,23,4.604828
1.0,26,4.607838
1.0,29,4.611187
1.0,25,4.614116
1.0,25,4.617009
1.0,37,4.621279
1.0,25,4.624165
0.0,11,4.625458
1.0,27,4.628574
1.0,25,4.631505
1.0,25,4.634406
1.0,26,4.637414
0.0,18,4.639509
1.0,31,4.643087
1.0,28,4.646314
1.0,23,4.649008
1.0,23,4.651683
0.0,6,4.652396
1.0,25,4.655286
1.0,27,4.65839
1.0,25,4.661383
1.0,33,4.665186
1.0,23,4.667891
1.0,27,4.671016
1.0,31,4.674575
1.0,31,4.678176
1.0,25,4.681064
1.0,25,4.683935
0.0,21,4.686385
1.0,23,4.68904
0.0,14,4.690668
1.0,25,4.693545
1.0,29,4.696897
1.0,25,4.699788
1.0,33,4.703612
0.0,6,4.704337
1.0,30,4.707801
1.0,27,4.710904
1.0,25,4.713782
1.0,23,4.716451
1.0,24,4.71922
1.0,28,4.722494
1.0,24,4.725276
1.0,28,4.728675
0.0,19,4.730886
1.0,25,4.733774
1.0,24,4.736549
1.0,23,4.739206
0.0,20,4.741541
1.0,23,4.744212
1.0,24,4.74698
1.0,25,4.749872
1.0,27,4.753004
1.0,27,4.756121
0.0,10,4.757293
0.0,24,4.760096
1.0,27,4.763218
1.0,27,4.766318
1.0,24,4.769087
1.0,25,4.771972
0.0,6,4.77269
1.0,25,4.775584
1.0,32,4.779309
1.0,25,4.782193
1.0,23,4.784851
0.0,6,4.785566
1.0,27,4.788689
1.0,27,4.791816
1.0,26,4.794812
0.0,7,4.795653
0.0,6,4.796394
1.0,31,4.799978
1.0,23,4.802638
1.0,33,4.806441
1.0,23,4.809122
1.0,26,4.812125
1.0,23,4.814792
0.0,17,4.816774
1.0,23,4.819446
1.0,27,4.822547
1.0,24,4.825314
0.0,24,4.828096
1.0,29,4.831449
1.0,27,4.83459
1.0,23,4.837275
1.0,25,4.840171
1.0,23,4.842842
1.0,23,4.845513
1.0,27,4.848638
1.0,33,4.852459
1.0,29,4.85586
0.0,4,4.856352
1.0,27,4.859474
1.0,27,4.862606
1.0,25,4.865512
1.0,27,4.868632
1.0,27,4.871765
1.0,27,4.874903
1.0,25,4.877789
1.0,27,4.880913
1.0,25,4.883826
1.0,23,4.886489
0.0,14,4.888111
1.0,27,4.891251
1.0,29,4.894615
1.0,26,4.897608
1.0,31,4.903114
1.0,34,4.907084
1.0,28,4.91034
1.0,25,4.913238
1.0,26,4.916244
1.0,23,4.918907
1.0,24,4.921691
1.0,31,4.925267
0.0,4,4.92575
0.0,4,4.926239
1.0,31,4.9298
1.0,31,4.933547
1.0,30,4.936995
0.0,14,4.938629
1.0,27,4.941738
1.0,31,4.945309
1.0,27,4.948456
1.0,25,4.951351
1.0,33,4.955156
1.0,26,4.95819
1.0,23,4.960854
1.0,26,4.963852
1.0,30,4.967348
0.0,8,4.968298
1.0,23,4.970953
1.0,29,4.974289
0.0,8,4.97523
1.0,27,4.978353
1.0,23,4.981003
1.0,31,4.984599
1.0,23,4.987279
1.0,25,4.990177
1.0,25,4.993058
1.0,23,4.995714
1.0,31,4.999288
1.0,23,5.001968
0.0,21,5.00442
1.0,25,5.007305
1.0,29,5.010647
0.0,20,5.012965
1.0,23,5.015629
1.0,27,5.018746
1.0,24,5.021531
1.0,23,5.024209
1.0,33,5.02801
0.0,12,5.029408
1.0,23,5.032072
1.0,23,5.034733
0.0,4,5.035222
1.0,27,5.038321
1.0,27,5.041462
1.0,25,5.044358
0.0,8,5.045303
1.0,31,5.048881
1.0,26,5.051888
0.0,21,5.05431
0.0,8,5.05526
1.0,23,5.057946
1.0,25,5.060831
0.0,4,5.061317
1.0,27,5.064428
1.0,24,5.06719
1.0,23,5.069863
1.0,23,5.072516
1.0,23,5.075189
1.0,23,5.077889
1.0,23,5.080564
1.0,29,5.083912
1.0,26,5.086913
1.0,25,5.08981
1.0,25,5.092706
1.0,27,5.095845
1.0,30,5.099288
1.0,27,5.102415
1.0,26,5.105406
1.0,25,5.108298
1.0,28,5.111526
1.0,25,5.114442
0.0,6,5.115168
1.0,27,5.118284
1.0,25,5.121171
1.0,24,5.123944
1.0,26,5.12694
1.0,23,5.129606
0.0,8,5.130565
1.0,23,5.133223
0.0,19,5.135618
1.0,25,5.138538
1.0,23,5.141188
0.0,4,5.141674
1.0,23,5.14433
1.0,23,5.146996
1.0,27,5.15011
1.0,29,5.153452
1.0,25,5.156345
1.0,25,5.159246
1.0,23,5.161916
1.0,25,5.164797
1.0,23,5.167471
1.0,26,5.170472
1.0,23,5.173125
1.0,25,5.176045
1.0,28,5.179288
1.0,26,5.182292
1.0,27,5.185394
1.0,23,5.188071
1.0,25,5.190959
1.0,25,5.193873
1.0,33,5.197679
0.0,14,5.199314
1.0,29,5.20266
1.0,25,5.205559
1.0,23,5.208216
1.0,24,5.210994
0.0,12,5.212429
1.0,27,5.215569
1.0,24,5.218342
1.0,24,5.221098
1.0,23,5.223777
1.0,23,5.226444
1.0,25,5.229335
0.0,15,5.231112
1.0,23,5.233791
1.0,36,5.237935
0.0,4,5.238428
1.0,24,5.241202
1.0,25,5.244094
0.0,6,5.24481
1.0,25,5.247692
1.0,23,5.250388
1.0,27,5.253509
0.0,6,5.254229
1.0,27,5.25734
1.0,25,5.260235
1.0,23,5.262908
1.0,28,5.266123
1.0,25,5.269016
1.0,27,5.272145
1.0,27,5.275267
1.0,24,5.278041
0.0,6,5.278763
1.0,23,5.281416
1.0,27,5.284542
1.0,26,5.28759
0.0,4,5.288085
1.0,25,5.290973
1.0,25,5.293867
1.0,23,5.296532
1.0,29,5.299898
1.0,23,5.302553
1.0,23,5.305238
1.0,26,5.308253
1.0,24,5.31103
1.0,30,5.314475
0.0,19,5.316687
1.0,25,5.319589
0.0,19,5.321787
1.0,24,5.324586
1.0,33,5.328383
1.0,26,5.331392
1.0,29,5.334742
1.0,25,5.337632
1.0,27,5.340921
0.0,10,5.34213
1.0,28,5.345376
1.0,28,5.348594
1.0,32,5.352286
1.0,25,5.355196
1.0,27,5.35832
1.0,27,5.361468
1.0,23,5.364145
1.0,27,5.367261
1.0,25,5.370159
1.0,26,5.373163
1.0,31,5.376745
1.0,23,5.379454
1.0,23,5.382135
0.0,6,5.382854
0.0,10,5.384025
1.0,34,5.387934
1.0,26,5.390948
1.0,27,5.394072
1.0,28,5.39731
1.0,25,5.400239
1.0,23,5.402895
1.0,23,5.405559
1.0,25,5.408455
0.0,16,5.410328
0.0,6,5.411041
0.0,23,5.413696
1.0,25,5.416615
0.0,16,5.418498
1.0,25,5.421368
1.0,25,5.424262
1.0,27,5.427392
1.0,23,5.430062
1.0,33,5.433845
1.0,26,5.436888
1.0,25,5.439792
1.0,25,5.442676
1.0,27,5.445794
1.0,27,5.448923
1.0,29,5.452271
1.0,25,5.455209
1.0,25,5.458109
1.0,29,5.461448
1.0,36,5.465591
0.0,6,5.466322
1.0,25,5.469203
1.0,25,5.472121
1.0,27,5.475282
0.0,12,5.476676
1.0,27,5.479788
1.0,25,5.482753
1.0,29,5.486122
0.0,22,5.488661
1.0,23,5.491354
0.0,4,5.491849
1.0,23,5.494522
0.0,4,5.495011
1.0,27,5.498132
1.0,25,5.501019
0.0,8,5.501976
1.0,23,5.504647
0.0,14,5.506278
1.0,23,5.508943
1.0,25,5.511864
1.0,25,5.514758
1.0,36,5.518905
1.0,23,5.521584
1.0,25,5.524481
1.0,23,5.527154
1.0,25,5.530101
1.0,29,5.53345
1.0,25,5.536332
0.0,4,5.536821
0.0,8,5.537763
0.0,8,5.538714
1.0,26,5.54172
0.0,6,5.542514
1.0,29,5.545976
1.0,26,5.549022
1.0,25,5.551914
1.0,27,5.555037
1.0,27,5.55816
1.0,26,5.561176
1.0,29,5.564523
1.0,25,5.567449
1.0,27,5.570578
1.0,23,5.573233
1.0,27,5.576347
1.0,27,5.579475
1.0,27,5.582592
1.0,23,5.585296
1.0,25,5.588194
0.0,16,5.590055
1.0,26,5.593053
1.0,25,5.595949
1.0,28,5.599163
1.0,25,5.60206
1.0,30,5.605529
1.0,27,5.608626
1.0,26,5.611634
1.0,25,5.614532
1.0,25,5.617415
1.0,23,5.620085
1.0,25,5.622995
1.0,27,5.626107
1.0,27,5.62922
0.0,8,5.630172
1.0,29,5.633534
1.0,27,5.636657
1.0,23,5.639396
1.0,25,5.64232
1.0,28,5.645536
1.0,25,5.648432
0.0,8,5.649369
1.0,23,5.652045
1.0,27,5.655164
1.0,26,5.658191
1.0,24,5.661052
1.0,24,5.663838
1.0,27,5.66695
1.0,28,5.670171
0.0,8,5.671124
0.0,8,5.672067
1.0,23,5.674728
1.0,25,5.677635
1.0,25,5.68055
1.0,25,5.683432
1.0,26,5.686433
0.0,8,5.687382
1.0,23,5.69005
1.0,23,5.692717
1.0,25,5.695597
0.0,6,5.696311
1.0,28,5.699551
1.0,27,5.702701
1.0,25,5.705583
1.0,23,5.708245
1.0,27,5.711368
1.0,27,5.714483
1.0,27,5.717601
1.0,24,5.720377
1.0,23,5.723068
1.0,25,5.725984
0.0,8,5.72693
0.0,8,5.727877
1.0,25,5.730758
1.0,26,5.733768
1.0,28,5.737003
0.0,22,5.739544
1.0,23,5.742234
1.0,27,5.745351
1.0,25,5.748249
1.0,29,5.751763
1.0,27,5.754903
1.0,26,5.757903
1.0,29,5.761272
1.0,23,5.763941
0.0,17,5.765922
0.0,16,5.767785
1.0,27,5.770916
1.0,25,5.773807
1.0,25,5.776692
1.0,23,5.77938
0.0,14,5.781017
1.0,25,5.783898
1.0,27,5.787015
0.0,6,5.787734
0.0,8,5.788685
1.0,23,5.791366
0.0,8,5.792317
1.0,25,5.795207
1.0,29,5.798565
1.0,31,5.80215
1.0,23,5.804808
1.0,25,5.807691
1.0,27,5.810808
1.0,23,5.813457
1.0,25,5.816374
1.0,23,5.819054
1.0,26,5.822235
1.0,25,5.825122
0.0,8,5.826076
0.0,17,5.828057
1.0,23,5.830721
1.0,23,5.833373
1.0,23,5.836065
0.0,8,5.837016
1.0,27,5.840131
0.0,10,5.841305
1.0,29,5.844651
1.0,25,5.847548
0.0,12,5.848955
1.0,27,5.852064
0.0,4,5.852561
1.0,23,5.855249
1.0,35,5.859274
1.0,28,5.862494
0.0,12,5.863903
1.0,25,5.866784
1.0,25,5.86967
1.0,27,5.872821
0.0,11,5.874119
1.0,25,5.876993
1.0,29,5.880329
1.0,25,5.883227
1.0,27,5.886347
1.0,26,5.889334
1.0,27,5.892493
0.0,4,5.892988
1.0,25,5.895869
1.0,26,5.898869
1.0,23,5.901525
1.0,23,5.904194
1.0,23,5.906854
1.0,25,5.909768
1.0,26,5.912787
1.0,27,5.915911
1.0,27,5.919022
1.0,23,5.921694
1.0,25,5.924586
1.0,23,5.927275
0.0,4,5.927769
1.0,28,5.931024
1.0,26,5.934019
0.0,19,5.936218
0.0,21,5.938656
1.0,27,5.941777
1.0,23,5.944434
1.0,29,5.9478
1.0,27,5.950922
1.0,27,5.954077
1.0,23,5.956877
1.0,28,5.960103
1.0,27,5.963222
0.0,16,5.965095
1.0,30,5.968577
1.0,26,5.971574
1.0,23,5.974242
1.0,32,5.977934
1.0,25,5.980827
1.0,23,5.983498
1.0,29,5.986871
1.0,23,5.98953
1.0,25,5.992426
1.0,31,5.996021
1.0,23,5.998689
1.0,23,6.001346
1.0,23,6.004042
0.0,16,6.005914
0.0,16,6.007763
1.0,23,6.010425
0.0,16,6.012282
1.0,28,6.015528
1.0,29,6.018877
0.0,14,6.020516
1.0,25,6.023443
1.0,25,6.026339
1.0,29,6.029679
1.0,30,6.033154
1.0,23,6.035818
1.0,25,6.038718
0.0,8,6.039686
1.0,29,6.043052
1.0,23,6.045712
1.0,23,6.04838
1.0,23,6.051045
1.0,23,6.053713
1.0,25,6.056602
1.0,23,6.059298
0.0,25,6.062199
1.0,25,6.065087
1.0,29,6.068441
1.0,26,6.071467
0.0,8,6.072418
0.0,6,6.073126
1.0,24,6.075896
0.0,12,6.077319
0.0,8,6.078287
1.0,25,6.081186
1.0,34,6.085099
1.0,25,6.088001
1.0,25,6.090907
1.0,23,6.093564
1.0,25,6.096478
1.0,29,6.099839
1.0,25,6.102727
1.0,27,6.105842
1.0,24,6.108618
1.0,28,6.111858
0.0,4,6.112346
1.0,25,6.115256
1.0,23,6.117944
1.0,23,6.120606
1.0,23,6.123276
1.0,27,6.126394
0.0,4,6.126885
1.0,25,6.129763
0.0,6,6.130483
1.0,23,6.133178
0.0,16,6.135063
1.0,25,6.13796
1.0,34,6.141868
1.0,29,6.145222
1.0,27,6.148327
0.0,18,6.150401
1.0,34,6.154355
1.0,33,6.158221
1.0,23,6.16102
1.0,24,6.163809
1.0,26,6.166809
1.0,34,6.170742
1.0,26,6.173764
1.0,23,6.176428
1.0,23,6.179088
1.0,27,6.182214
1.0,25,6.185099
1.0,23,6.187769
1.0,27,6.19093
1.0,25,6.193835
1.0,25,6.196726
1.0,28,6.199962
0.0,6,6.200684
1.0,25,6.203575
1.0,25,6.206468
1.0,23,6.209178
0.0,14,6.210819
0.0,19,6.21301
1.0,27,6.216117
1.0,26,6.219127
0.0,15,6.22087
0.0,8,6.22182
1.0,23,6.22447
0.0,19,6.226692
1.0,25,6.229572
1.0,24,6.232347
0.0,16,6.234202
0.0,6,6.234915
1.0,23,6.23757
1.0,23,6.240237
1.0,25,6.243107
1.0,23,6.245798
1.0,23,6.248487
1.0,27,6.251602
1.0,25,6.254503
0.0,8,6.255455
0.0,18,6.257555
1.0,23,6.260234
1.0,23,6.262901
1.0,25,6.265844
0.0,9,6.266911
0.0,4,6.267395
1.0,29,6.270738
1.0,25,6.273625
0.0,21,6.276074
1.0,27,6.279186
0.0,8,6.280135
1.0,23,6.282812
0.0,6,6.283542
1.0,27,6.286681
1.0,32,6.290363
1.0,24,6.293148
1.0,23,6.29582
0.0,16,6.297682
1.0,25,6.30057
0.0,4,6.301067
0.0,20,6.303401
1.0,24,6.306176
0.0,22,6.308694
0.0,12,6.310102
1.0,27,6.313201
1.0,23,6.315868
1.0,25,6.318755
1.0,23,6.321452
1.0,31,6.325032
1.0,25,6.327947
1.0,29,6.331304
0.0,8,6.332256
1.0,29,6.335599
1.0,23,6.338279
1.0,23,6.340949
0.0,16,6.342812
1.0,27,6.345932
1.0,25,6.348813
1.0,25,6.351715
0.0,4,6.352205
1.0,23,6.354867
0.0,17,6.356855
1.0,23,6.359554
1.0,23,6.362271
1.0,25,6.365271
1.0,34,6.369208
1.0,25,6.372101
1.0,23,6.374757
1.0,23,6.377454
1.0,27,6.380586
1.0,25,6.383468
1.0,25,6.386359
1.0,29,6.389712
1.0,33,6.393524
0.0,14,6.395197
1.0,29,6.398558
1.0,24,6.401338
1.0,27,6.40445
0.0,6,6.405169
1.0,23,6.407837
1.0,27,6.410953
0.0,19,6.413148
1.0,31,6.416749
1.0,35,6.420764
1.0,25,6.423664
1.0,23,6.426332
1.0,24,6.429126
1.0,23,6.431819
1.0,27,6.434959
1.0,27,6.438083
1.0,25,6.440975
0.0,6,6.441692
1.0,23,6.444366
0.0,12,6.445781
1.0,25,6.448678
0.0,6,6.449407
1.0,25,6.452309
1.0,35,6.456338
1.0,26,6.45934
1.0,25,6.462249
1.0,25,6.465138
1.0,27,6.468263
0.0,14,6.469914
0.0,21,6.472341
1.0,27,6.475476
1.0,25,6.478353
1.0,25,6.481253
1.0,28,6.484489
1.0,27,6.487634
0.0,8,6.488593
1.0,27,6.491723
1.0,23,6.49438
1.0,28,6.497607
1.0,27,6.50073
1.0,33,6.50454
1.0,27,6.507639
1.0,27,6.510796
1.0,25,6.513687
1.0,28,6.517004
1.0,23,6.519672
0.0,23,6.522338
1.0,28,6.525572
1.0,23,6.52824
1.0,25,6.531127
1.0,26,6.534159
1.0,29,6.537507
1.0,26,6.540498
1.0,25,6.543384
1.0,26,6.546387
0.0,17,6.548374
1.0,26,6.55137
1.0,25,6.554283
0.0,8,6.555232
1.0,29,6.558588
0.0,4,6.559078
1.0,25,6.561963
1.0,24,6.564736
1.0,23,6.567581
1.0,25,6.570475
1.0,29,6.573831
0.0,17,6.575806
0.0,8,6.576746
1.0,27,6.579855
1.0,25,6.582771
1.0,27,6.585876
1.0,32,6.589553
1.0,29,6.592898
1.0,28,6.596116
0.0,14,6.597744
1.0,26,6.600782
1.0,27,6.603904
0.0,19,6.606116
1.0,29,6.60947
1.0,23,6.612156
1.0,27,6.615273
1.0,25,6.618205
1.0,28,6.621444
1.0,29,6.624802
1.0,23,6.627475
1.0,25,6.630365
1.0,27,6.633489
1.0,24,6.636302
1.0,31,6.639881
1.0,25,6.642782
1.0,32,6.646466
1.0,26,6.649475
1.0,31,6.653058
1.0,25,6.655971
1.0,27,6.659106
1.0,26,6.662105
1.0,28,6.665334
1.0,25,6.668237
1.0,29,6.671574
1.0,25,6.674476
0.0,17,6.676473
1.0,23,6.679142
0.0,17,6.681118
0.0,4,6.681605
1.0,25,6.684491
1.0,23,6.687164
1.0,26,6.690173
1.0,23,6.692843
1.0,25,6.695735
0.0,14,6.697379
0.0,23,6.700053
1.0,23,6.702717
1.0,23,6.705378
1.0,25,6.708275
1.0,23,6.710927
0.0,4,6.711417
1.0,23,6.714088
1.0,24,6.716856
1.0,32,6.720583
1.0,29,6.723926
1.0,25,6.726823
1.0,24,6.729585
1.0,29,6.732938
1.0,25,6.735836
1.0,25,6.738786
1.0,32,6.742531
1.0,31,6.746138
1.0,25,6.749028
0.0,12,6.750444
0.0,6,6.75116
1.0,23,6.753837
1.0,31,6.757427
1.0,23,6.760103
1.0,28,6.763367
1.0,31,6.766974
1.0,25,6.76987
1.0,29,6.773417
1.0,27,6.776535
1.0,23,6.779199
0.0,21,6.781661
1.0,23,6.784348
1.0,25,6.787214
0.0,4,6.787702
1.0,23,6.790365
1.0,24,6.793156
1.0,26,6.796167
0.0,16,6.798038
1.0,23,6.800725
0.0,8,6.801683
1.0,32,6.805374
0.0,8,6.806325
1.0,31,6.809901
0.0,19,6.812099
0.0,8,6.813045
1.0,27,6.816139
1.0,23,6.818832
1.0,25,6.821736
1.0,23,6.824401
0.0,19,6.826592
1.0,31,6.83016
1.0,23,6.832831
1.0,25,6.835725
1.0,33,6.839559
0.0,6,6.840277
1.0,29,6.843621
1.0,23,6.846282
0.0,18,6.848367
1.0,23,6.851052
1.0,27,6.854167
0.0,18,6.85628
1.0,32,6.859983
1.0,24,6.862775
1.0,29,6.866143
1.0,27,6.86927
1.0,25,6.872167
1.0,23,6.874864
1.0,23,6.87756
1.0,27,6.880669
1.0,27,6.883785
1.0,25,6.88669
1.0,23,6.889355
1.0,29,6.892704
1.0,27,6.89587
1.0,25,6.89875
1.0,25,6.901626
1.0,27,6.904752
1.0,25,6.907669
1.0,27,6.910794
0.0,8,6.911747
0.0,10,6.91293
1.0,23,6.915611
0.0,8,6.916561
1.0,25,6.919452
1.0,29,6.922799
0.0,16,6.924663
1.0,28,6.927899
1.0,29,6.931257
1.0,34,6.935192
1.0,25,6.938086
1.0,27,6.941198
1.0,25,6.944094
1.0,27,6.947194
1.0,25,6.950102
1.0,26,6.953123
1.0,27,6.95623
1.0,23,6.958895
1.0,27,6.962024
1.0,25,6.96491
1.0,23,6.967574
0.0,8,6.968528
0.0,14,6.970179
1.0,24,6.972957
1.0,23,6.975621
1.0,25,6.97861
1.0,28,6.98194
1.0,27,6.985166
1.0,27,6.988327
1.0,23,6.991014
1.0,25,6.993903
0.0,19,6.99611
1.0,27,6.999234
1.0,26,7.002242
0.0,15,7.003986
1.0,25,7.006913
1.0,23,7.009604
1.0,23,7.012259
1.0,28,7.015496
1.0,23,7.018181
1.0,26,7.021183
1.0,25,7.02408
1.0,25,7.02701
1.0,25,7.029913
1.0,28,7.033148
1.0,28,7.036383
1.0,25,7.03928
1.0,23,7.041942
0.0,19,7.044179
1.0,23,7.046857
1.0,31,7.050432
0.0,16,7.052292
1.0,26,7.055303
1.0,27,7.058427
1.0,25,7.061318
1.0,27,7.064476
1.0,28,7.067698
1.0,29,7.071052
1.0,27,7.074172
1.0,27,7.077283
1.0,23,7.07995
1.0,23,7.082657
1.0,34,7.086578
1.0,27,7.089704
0.0,6,7.09043
1.0,28,7.093665
1.0,27,7.096775
1.0,27,7.099924
0.0,14,7.101596
1.0,23,7.104269
1.0,24,7.107041
1.0,28,7.110289
1.0,23,7.112958
0.0,7,7.113788
1.0,26,7.116796
1.0,25,7.11972
1.0,29,7.123073
1.0,29,7.126431
0.0,4,7.12692
1.0,27,7.130085
1.0,23,7.132789
1.0,29,7.136138
0.0,21,7.138606
0.0,17,7.140583
1.0,23,7.143237
1.0,32,7.146929
1.0,29,7.150287
1.0,23,7.152949
1.0,29,7.156325
1.0,27,7.159455
1.0,26,7.162454
0.0,20,7.164776
1.0,25,7.167687
1.0,25,7.170587
0.0,8,7.171532
1.0,31,7.175132
1.0,23,7.177802
0.0,4,7.178291
1.0,25,7.181168
1.0,23,7.184016
1.0,24,7.186812
1.0,23,7.189481
1.0,23,7.192146
1.0,23,7.194844
0.0,18,7.196927
1.0,25,7.19982
1.0,27,7.202943
0.0,23,7.205594
0.0,6,7.206317
1.0,25,7.209196
1.0,29,7.212551
1.0,25,7.215464
1.0,25,7.218364
1.0,30,7.221827
1.0,26,7.224834
1.0,30,7.228303
1.0,29,7.23168
0.0,14,7.233328
0.0,18,7.23541
0.0,19,7.237605
0.0,22,7.240144
0.0,14,7.241775
1.0,28,7.245016
1.0,23,7.247683
1.0,29,7.251072
0.0,19,7.253279
1.0,30,7.256735
0.0,17,7.258717
0.0,4,7.259206
1.0,23,7.26188
0.0,6,7.2626
1.0,27,7.265714
1.0,23,7.268476
0.0,21,7.27093
0.0,8,7.271876
1.0,25,7.274768
1.0,25,7.277657
1.0,23,7.280334
1.0,25,7.283229
1.0,25,7.286122
1.0,23,7.288823
0.0,22,7.291371
1.0,31,7.294938
1.0,25,7.297822
0.0,23,7.30049
1.0,23,7.303235
0.0,4,7.30372
1.0,26,7.3068
1.0,27,7.309949
1.0,29,7.313354
1.0,25,7.316254
0.0,21,7.318708
1.0,23,7.321368
1.0,23,7.324104
0.0,6,7.324841
1.0,25,7.327862
1.0,25,7.330773
1.0,25,7.333655
1.0,28,7.336904
1.0,25,7.339801
1.0,27,7.34293
0.0,6,7.343658
1.0,28,7.346924
0.0,6,7.347642
1.0,25,7.35053
1.0,26,7.353529
1.0,25,7.356442
0.0,4,7.356933
1.0,25,7.359826
1.0,29,7.363188
1.0,23,7.365872
1.0,31,7.369442
1.0,26,7.372453
1.0,25,7.375355
0.0,21,7.377802
1.0,23,7.380473
1.0,23,7.383182
1.0,29,7.386665
1.0,29,7.39009
1.0,29,7.393459
1.0,27,7.396584
1.0,27,7.399711
0.0,14,7.401371
1.0,28,7.404612
1.0,23,7.407276
0.0,4,7.407764
1.0,26,7.41076
0.0,22,7.413302
1.0,23,7.415979
0.0,4,7.416466
1.0,26,7.419489
1.0,25,7.422409
0.0,17,7.424384
1.0,27,7.427499
1.0,25,7.430399
1.0,26,7.433413
1.0,29,7.436759
1.0,30,7.440251
1.0,28,7.443494
1.0,25,7.446378
1.0,28,7.449604
1.0,33,7.453413
1.0,27,7.45655
0.0,8,7.457503
1.0,31,7.461091
1.0,23,7.463862
1.0,25,7.466838
1.0,23,7.469537
1.0,29,7.472982
0.0,10,7.474164
1.0,29,7.477533
1.0,25,7.480555
1.0,27,7.483703
1.0,23,7.486424
1.0,23,7.489141
1.0,29,7.492513
1.0,28,7.495735
0.0,13,7.497259
1.0,25,7.500203
1.0,24,7.502992
1.0,28,7.506231
0.0,13,7.507749
1.0,25,7.510657
1.0,26,7.513666
0.0,6,7.514391
1.0,34,7.518358
1.0,23,7.52104
1.0,26,7.52405
1.0,27,7.527175
1.0,29,7.530549
1.0,23,7.533202
1.0,27,7.536346
1.0,23,7.539039
0.0,20,7.541358
1.0,28,7.5446
1.0,31,7.548208
1.0,23,7.550886
1.0,27,7.554029
1.0,28,7.557297
1.0,25,7.560199
0.0,12,7.561611
1.0,23,7.564281
1.0,24,7.567076
1.0,25,7.569974
1.0,23,7.572638
1.0,23,7.575349
0.0,12,7.576759
1.0,31,7.580335
1.0,27,7.583461
1.0,27,7.586603
1.0,26,7.589587
1.0,26,7.592786
0.0,6,7.593511
0.0,17,7.595501
1.0,25,7.598382
1.0,27,7.601501
0.0,19,7.603703
0.0,8,7.604654
1.0,27,7.607771
1.0,26,7.61077
1.0,23,7.613463
1.0,23,7.616134
1.0,23,7.618795
1.0,28,7.622026
0.0,18,7.624123
0.0,4,7.624609
0.0,8,7.625549
1.0,24,7.628319
1.0,23,7.631014
1.0,26,7.634032
1.0,23,7.636695
1.0,26,7.639703
1.0,23,7.642374
0.0,20,7.64468
1.0,25,7.647571
1.0,25,7.650493
0.0,6,7.651217
1.0,26,7.654214
0.0,6,7.654922
1.0,27,7.658046
0.0,19,7.660257
1.0,25,7.663156
1.0,31,7.666711
1.0,32,7.670425
1.0,29,7.673761
1.0,24,7.676547
1.0,25,7.679452
1.0,23,7.682123
1.0,27,7.685251
1.0,27,7.688404
1.0,31,7.691976
1.0,27,7.695102
1.0,25,7.698021
1.0,25,7.700921
1.0,26,7.703938
1.0,25,7.706848
1.0,26,7.709836
1.0,27,7.712946
1.0,27,7.716059
0.0,15,7.717808
1.0,25,7.720687
1.0,27,7.72379
1.0,23,7.726484
1.0,25,7.729366
1.0,25,7.732255
0.0,14,7.733892
1.0,32,7.737576
1.0,29,7.740922
1.0,29,7.744299
1.0,31,7.747862
1.0,27,7.750983
1.0,24,7.753768
1.0,28,7.757016
0.0,12,7.758428
1.0,30,7.761914
1.0,26,7.764934
0.0,16,7.766792
1.0,28,7.770009
0.0,18,7.772096
1.0,23,7.774774
0.0,21,7.777211
1.0,24,7.779998
1.0,24,7.782807
0.0,8,7.78376
0.0,6,7.784481
1.0,25,7.787387
1.0,25,7.790287
1.0,23,7.792964
1.0,31,7.796721
1.0,27,7.799875
1.0,27,7.802994
0.0,6,7.80371
0.0,18,7.80579
1.0,25,7.808684
1.0,23,7.811354
1.0,29,7.814703
1.0,23,7.817387
1.0,26,7.820433
1.0,24,7.823213
1.0,24,7.825972
1.0,25,7.828867
1.0,25,7.831776
1.0,25,7.83467
1.0,25,7.837593
1.0,25,7.840501
0.0,4,7.84099
1.0,25,7.843866
1.0,27,7.846993
1.0,31,7.85057
0.0,6,7.851291
1.0,33,7.855103
1.0,25,7.858039
0.0,20,7.860332
1.0,23,7.862986
1.0,23,7.865653
1.0,28,7.868905
1.0,25,7.871802
1.0,33,7.875664
0.0,6,7.87639
0.0,13,7.877913
1.0,23,7.880577
0.0,12,7.881993
0.0,12,7.883397
1.0,23,7.88607
0.0,6,7.886789
1.0,30,7.890252
1.0,25,7.893171
1.0,23,7.895856
1.0,25,7.898747
1.0,23,7.901412
1.0,25,7.904305
0.0,20,7.906618
1.0,28,7.909844
1.0,23,7.912537
1.0,27,7.915678
1.0,26,7.918693
1.0,27,7.921806
1.0,27,7.924942
1.0,23,7.927619
1.0,23,7.930308
1.0,29,7.933674
1.0,29,7.937005
1.0,27,7.940127
1.0,25,7.943019
1.0,30,7.946458
1.0,27,7.949598
1.0,23,7.952276
1.0,25,7.955164
1.0,29,7.958516
1.0,25,7.961419
1.0,26,7.964434
1.0,25,7.967345
1.0,33,7.971182
0.0,12,7.972592
1.0,26,7.975595
0.0,23,7.978258
1.0,23,7.980919
1.0,29,7.984271
1.0,24,7.987047
1.0,28,7.990327
0.0,18,7.992427
1.0,27,7.995547
1.0,28,7.998885
1.0,30,8.002395
1.0,26,8.005408
1.0,25,8.008297
1.0,29,8.011676
1.0,25,8.014578
0.0,4,8.015065
1.0,30,8.018527
1.0,25,8.021418
1.0,26,8.024436
1.0,23,8.027102
0.0,15,8.028851
1.0,23,8.031555
1.0,25,8.034452
1.0,25,8.037337
0.0,8,8.038295
1.0,23,8.040963
1.0,24,8.043745
1.0,31,8.047334
1.0,28,8.050602
1.0,26,8.053615
1.0,25,8.056517
0.0,6,8.057235
0.0,8,8.058187
1.0,23,8.060852
1.0,32,8.064521
1.0,26,8.067543
1.0,26,8.070562
1.0,25,8.073455
1.0,24,8.076236
1.0,27,8.079376
1.0,34,8.083298
0.0,12,8.084706
1.0,26,8.087752
1.0,25,8.090657
1.0,25,8.09354
1.0,24,8.096321
1.0,29,8.099685
0.0,14,8.101317
1.0,28,8.104557
1.0,30,8.108057
1.0,25,8.110951
0.0,14,8.112583
0.0,4,8.113067
1.0,27,8.116184
1.0,25,8.119086
1.0,33,8.122885
1.0,25,8.125818
1.0,27,8.128934
1.0,25,8.131826
0.0,4,8.132317
1.0,23,8.134982
1.0,27,8.138094
1.0,23,8.14077
1.0,32,8.144454
1.0,25,8.147475
0.0,18,8.149576
1.0,25,8.152463
1.0,25,8.155349
0.0,15,8.157095
1.0,26,8.160104
1.0,24,8.162885
1.0,29,8.166231
1.0,29,8.169605
0.0,6,8.170329
0.0,20,8.172627
1.0,25,8.175522
1.0,30,8.178977
0.0,10,8.180146
1.0,27,8.183261
0.0,4,8.183747
1.0,25,8.186671
1.0,25,8.189574
1.0,27,8.192698
1.0,23,8.195356
1.0,27,8.198482
1.0,28,8.201687
1.0,25,8.204774
1.0,29,8.20815
0.0,19,8.21035
1.0,23,8.213017
1.0,26,8.216028
1.0,31,8.219606
1.0,26,8.222619
0.0,4,8.223118
1.0,23,8.225805
1.0,24,8.22858
0.0,17,8.230557
1.0,24,8.233335
1.0,23,8.236017
1.0,28,8.239261
1.0,23,8.241948
0.0,20,8.24429
1.0,28,8.247534
0.0,6,8.248253
1.0,23,8.250911
1.0,28,8.254146
1.0,27,8.257254
0.0,17,8.259239
1.0,24,8.26205
0.0,16,8.26392
1.0,34,8.267827
1.0,25,8.270738
0.0,14,8.272375
1.0,23,8.275042
0.0,20,8.277374
1.0,29,8.280751
1.0,23,8.283438
1.0,30,8.288809
0.0,6,8.28961
1.0,28,8.292865
0.0,17,8.294852
1.0,29,8.298196
0.0,6,8.298924
1.0,28,8.302155
0.0,21,8.304583
0.0,8,8.305527
1.0,27,8.308646
0.0,19,8.310858
1.0,27,8.313981
1.0,29,8.317327
0.0,4,8.317832
1.0,27,8.320956
1.0,23,8.323616
1.0,24,8.326397
0.0,18,8.328488
1.0,32,8.332189
0.0,21,8.334633
1.0,25,8.3375
1.0,35,8.341573
0.0,14,8.343203
0.0,17,8.34517
1.0,28,8.348383
1.0,25,8.351289
1.0,23,8.353961
1.0,23,8.356612
1.0,25,8.359545
1.0,33,8.363335
1.0,29,8.366677
1.0,29,8.370029
1.0,26,8.373027
0.0,12,8.374443
1.0,27,8.377554
1.0,25,8.380473
1.0,23,8.38316
1.0,24,8.385945
0.0,13,8.387464
1.0,23,8.39013
1.0,25,8.393016
1.0,25,8.395912
1.0,27,8.399025
1.0,25,8.401932
1.0,23,8.404617
0.0,6,8.405343
1.0,23,8.408191
0.0,9,8.409251
1.0,27,8.412376
0.0,6,8.413093
1.0,25,8.416014
1.0,26,8.419036
1.0,29,8.422391
1.0,27,8.425536
1.0,25,8.428433
1.0,25,8.431334
1.0,24,8.434116
1.0,23,8.436778
1.0,27,8.439905
0.0,22,8.442456
1.0,23,8.445112
0.0,6,8.445844
1.0,24,8.448651
0.0,14,8.450289
0.0,4,8.450778
0.0,14,8.452416
1.0,30,8.455875
1.0,25,8.458765
1.0,26,8.461767
1.0,25,8.464665
0.0,4,8.465156
0.0,21,8.467584
1.0,26,8.470632
1.0,25,8.473524
1.0,25,8.476422
0.0,4,8.476908
1.0,27,8.480036
1.0,23,8.482727
1.0,25,8.485631
1.0,24,8.48842
1.0,25,8.491354
1.0,25,8.494268
1.0,25,8.497159
1.0,27,8.500284
1.0,27,8.503416
1.0,23,8.506089
1.0,27,8.509216
0.0,18,8.511317
1.0,25,8.514213
0.0,12,8.515618
1.0,24,8.518387
1.0,25,8.521278
1.0,25,8.524164
1.0,24,8.52694
1.0,27,8.530092
1.0,27,8.533213
1.0,33,8.537016
1.0,26,8.540032
1.0,26,8.543043
0.0,16,8.544892
1.0,27,8.548031
0.0,23,8.550713
1.0,23,8.553371
1.0,27,8.556492
1.0,23,8.559174
1.0,25,8.562063
1.0,25,8.564942
1.0,28,8.568228
1.0,29,8.57157
1.0,23,8.574225
1.0,25,8.577115
1.0,26,8.580133
1.0,29,8.583476
1.0,25,8.586411
1.0,25,8.589316
1.0,25,8.592213
0.0,13,8.593729
0.0,9,8.59479
1.0,37,8.599054
1.0,29,8.602401
1.0,28,8.605665
1.0,25,8.608561
1.0,28,8.611955
1.0,26,8.614958
1.0,33,8.618759
1.0,27,8.621892
1.0,25,8.624764
1.0,25,8.627677
0.0,16,8.629541
1.0,25,8.632432
1.0,24,8.635216
0.0,16,8.637069
0.0,8,8.638021
1.0,27,8.64115
1.0,29,8.644491
1.0,25,8.647422
1.0,25,8.650317
0.0,12,8.651725
1.0,25,8.65461
0.0,21,8.657058
1.0,24,8.659839
1.0,25,8.662722
1.0,30,8.666216
1.0,25,8.669123
1.0,27,8.67225
0.0,9,8.67331
0.0,9,8.674372
1.0,27,8.677492
1.0,23,8.680167
1.0,25,8.683082
1.0,25,8.685993
1.0,27,8.689095
0.0,23,8.691751
1.0,25,8.694652
1.0,27,8.697762
1.0,33,8.701575
1.0,25,8.704496
1.0,25,8.707379
1.0,25,8.710277
1.0,24,8.713047
1.0,24,8.715824
0.0,6,8.716543
0.0,12,8.717955
1.0,25,8.720868
1.0,25,8.723774
1.0,27,8.726891
1.0,24,8.72965
0.0,8,8.730603
1.0,23,8.733273
0.0,8,8.734229
1.0,26,8.737231
1.0,24,8.740027
1.0,27,8.743153
1.0,25,8.746051
1.0,28,8.749286
1.0,23,8.751954
0.0,16,8.753822
1.0,26,8.756819
1.0,29,8.760195
0.0,12,8.761601
1.0,31,8.765187
1.0,29,8.768533
0.0,14,8.770174
1.0,29,8.773515
0.0,14,8.775148
1.0,23,8.777836
1.0,27,8.780958
1.0,25,8.783846
1.0,23,8.786509
1.0,23,8.789174
1.0,31,8.792747
1.0,23,8.795415
1.0,23,8.798114
1.0,23,8.80078
1.0,27,8.803898
1.0,30,8.807356
1.0,27,8.810468
1.0,25,8.813358
1.0,23,8.816235
1.0,25,8.819138
1.0,24,8.821907
1.0,31,8.825477
1.0,25,8.828381
0.0,4,8.828873
1.0,31,8.832443
0.0,19,8.834679
0.0,16,8.836546
1.0,24,8.839311
1.0,25,8.842207
1.0,25,8.845099
1.0,28,8.848334
0.0,9,8.849394
0.0,8,8.850345
1.0,26,8.853354
1.0,30,8.856817
1.0,26,8.859801
1.0,25,8.86269
1.0,23,8.865353
1.0,30,8.868806
1.0,27,8.871949
1.0,23,8.874626
1.0,23,8.87728
1.0,25,8.880171
1.0,23,8.882847
0.0,18,8.884934
1.0,28,8.888149
1.0,27,8.891314
1.0,26,8.894319
1.0,23,8.896974
1.0,23,8.899645
0.0,16,8.901514
0.0,21,8.903949
1.0,29,8.907299
1.0,28,8.910557
1.0,23,8.913224
0.0,8,8.914175
1.0,25,8.917055
1.0,23,8.919718
1.0,25,8.92263
1.0,23,8.925291
1.0,28,8.928555
1.0,29,8.931917
1.0,27,8.935034
0.0,20,8.937347
1.0,30,8.94082
1.0,25,8.943704
1.0,23,8.946388
1.0,25,8.949296
1.0,24,8.952078
1.0,30,8.955535
0.0,20,8.957848
1.0,25,8.960734
1.0,23,8.963398
1.0,26,8.96642
1.0,29,8.969771
1.0,27,8.97289
1.0,25,8.975783
1.0,24,8.978558
1.0,30,8.982006
1.0,26,8.985033
1.0,30,8.988508
1.0,27,8.991638
1.0,26,8.994644
0.0,6,8.995361
1.0,23,8.998041
1.0,24,9.000814
1.0,25,9.003741
1.0,29,9.007081
1.0,23,9.009752
1.0,27,9.012873
0.0,8,9.013833
1.0,23,9.016519
1.0,30,9.020153
0.0,20,9.02249
1.0,28,9.025736
1.0,28,9.028972
1.0,23,9.031641
1.0,23,9.034318
1.0,26,9.037318
0.0,16,9.039183
1.0,27,9.042328
1.0,25,9.045228
1.0,31,9.048802
1.0,25,9.051688
1.0,23,9.054368
1.0,29,9.057714
1.0,27,9.060855
1.0,26,9.063885
1.0,25,9.06679
1.0,25,9.069684
1.0,23,9.072357
1.0,25,9.075256
1.0,25,9.078149
1.0,26,9.081184
0.0,21,9.083613
0.0,14,9.08524
0.0,22,9.087776
1.0,26,9.090772
0.0,4,9.091268
1.0,28,9.094505
1.0,25,9.097386
1.0,30,9.100888
1.0,25,9.103793
0.0,4,9.104286
1.0,23,9.106952
1.0,31,9.110538
1.0,26,9.113537
1.0,27,9.11666
1.0,27,9.119803
1.0,25,9.122688
0.0,9,9.123754
1.0,27,9.126874
1.0,23,9.129551
0.0,8,9.130504
1.0,26,9.133487
0.0,6,9.134213
1.0,25,9.137132
0.0,18,9.139235
0.0,4,9.139724
1.0,25,9.142602
1.0,25,9.145495
1.0,27,9.148612
1.0,25,9.151507
0.0,8,9.152454
0.0,14,9.154097
1.0,25,9.157022
1.0,24,9.15981
0.0,18,9.161893
1.0,25,9.164791
1.0,23,9.167475
1.0,28,9.170709
0.0,8,9.171658
1.0,32,9.175413
1.0,23,9.178077
0.0,9,9.179138
1.0,23,9.181799
0.0,4,9.182294
1.0,23,9.184962
1.0,31,9.188565
1.0,23,9.191242
1.0,23,9.19394
1.0,27,9.197071
1.0,27,9.200174
1.0,25,9.203072
0.0,17,9.205038
0.0,10,9.206219
1.0,27,9.209344
1.0,26,9.212351
0.0,15,9.214104
1.0,27,9.217247
0.0,8,9.218202
1.0,29,9.221544
1.0,23,9.224417
1.0,25,9.227335
1.0,23,9.230016
1.0,25,9.232914
1.0,26,9.235945
1.0,27,9.23907
1.0,31,9.242628
1.0,23,9.245293
0.0,20,9.247615
1.0,23,9.250273
1.0,25,9.253185
0.0,10,9.254377
1.0,26,9.257375
0.0,4,9.257867
0.0,4,9.258354
1.0,29,9.261677
0.0,6,9.2624
0.0,20,9.264724
1.0,25,9.267626
1.0,23,9.270299
1.0,23,9.272989
1.0,23,9.275658
1.0,23,9.278315
1.0,23,9.280982
0.0,16,9.282839
0.0,22,9.285377
1.0,25,9.288279
1.0,26,9.291276
1.0,23,9.293957
1.0,26,9.296984
1.0,23,9.299656
0.0,6,9.30037
1.0,23,9.303027
1.0,28,9.306264
1.0,27,9.309544
1.0,25,9.312441
1.0,25,9.315325
1.0,25,9.31826
1.0,23,9.320929
1.0,27,9.324045
1.0,29,9.327383
0.0,19,9.329589
0.0,4,9.330083
1.0,26,9.333076
1.0,25,9.335981
1.0,29,9.33935
1.0,30,9.34282
0.0,15,9.344563
0.0,17,9.346548
1.0,28,9.349781
1.0,27,9.352899
1.0,25,9.355813
1.0,25,9.358712
1.0,34,9.362651
1.0,32,9.366342
1.0,26,9.369347
1.0,30,9.37281
0.0,8,9.37376
1.0,28,9.377007
1.0,25,9.379908
1.0,25,9.382797
1.0,26,9.385843
1.0,27,9.388961
0.0,4,9.389451
0.0,12,9.390852
0.0,9,9.391898
1.0,25,9.394795
1.0,27,9.397924
0.0,4,9.398415
1.0,23,9.401086
1.0,25,9.403983
1.0,28,9.407252
1.0,30,9.410707
1.0,29,9.414048
1.0,26,9.41706
1.0,23,9.419736
1.0,23,9.422399
1.0,24,9.425182
0.0,8,9.426185
1.0,27,9.429456
1.0,25,9.432364
1.0,27,9.435481
0.0,21,9.437917
1.0,26,9.440931
0.0,18,9.443019
1.0,25,9.445933
1.0,32,9.449633
1.0,29,9.452981
1.0,23,9.455642
1.0,29,9.45898
1.0,27,9.462095
1.0,25,9.464977
0.0,14,9.4666
1.0,25,9.469515
1.0,23,9.472177
1.0,25,9.475064
0.0,17,9.477022
0.0,20,9.479319
1.0,25,9.482236
0.0,8,9.483214
1.0,25,9.486117
1.0,27,9.489244
0.0,18,9.491362
1.0,26,9.494361
1.0,25,9.497236
1.0,25,9.50012
1.0,27,9.503236
1.0,24,9.506034
1.0,29,9.50935
1.0,25,9.512237
1.0,25,9.515154
1.0,25,9.518041
1.0,25,9.521013
1.0,24,9.523769
0.0,8,9.524715
1.0,26,9.527726
0.0,19,9.52993
1.0,29,9.533272
1.0,25,9.536204
1.0,23,9.538891
1.0,33,9.542686
1.0,27,9.545799
1.0,26,9.548818
1.0,26,9.551826
1.0,29,9.555205
1.0,25,9.558109
1.0,23,9.560771
1.0,23,9.563435
1.0,24,9.566224
1.0,23,9.568893
1.0,25,9.571797
1.0,28,9.575069
1.0,28,9.578299
1.0,23,9.581019
1.0,29,9.584373
1.0,23,9.587034
1.0,23,9.589694
1.0,30,9.593173
1.0,25,9.596075
1.0,24,9.598839
1.0,23,9.601502
1.0,23,9.604182
1.0,27,9.607307
1.0,27,9.610457
1.0,27,9.613612
1.0,25,9.616512
1.0,24,9.619292
1.0,26,9.622309
1.0,27,9.625411
0.0,26,9.628419
0.0,4,9.628915
1.0,24,9.631873
1.0,27,9.634991
0.0,16,9.636841
1.0,26,9.639843
1.0,23,9.642511
1.0,27,9.645634
1.0,29,9.648995
1.0,28,9.652243
1.0,23,9.654917
1.0,27,9.658031
1.0,26,9.661049
1.0,25,9.663944
1.0,26,9.666972
1.0,24,9.669766
1.0,27,9.67287
1.0,23,9.675531
1.0,26,9.678543
1.0,25,9.681421
1.0,28,9.684653
0.0,12,9.686085
1.0,25,9.688988
1.0,27,9.692114
1.0,25,9.695001
0.0,20,9.697316
1.0,23,9.699988
0.0,6,9.700704
1.0,24,9.703482
1.0,32,9.707219
1.0,25,9.710119
1.0,24,9.712898
0.0,4,9.713387
1.0,27,9.716514
1.0,28,9.719743
1.0,31,9.723311
1.0,25,9.726219
1.0,23,9.728884
0.0,16,9.730747
1.0,27,9.733859
1.0,23,9.736532
1.0,29,9.739863
0.0,10,9.74103
1.0,29,9.744418
1.0,23,9.74709
1.0,28,9.750326
1.0,23,9.752985
1.0,23,9.75566
1.0,24,9.758437
0.0,8,9.759382
0.0,14,9.761017
1.0,28,9.76428
1.0,25,9.76717
1.0,25,9.77006
1.0,27,9.773158
1.0,25,9.776051
1.0,31,9.779611
1.0,26,9.782609
1.0,26,9.78563
0.0,22,9.788182
1.0,32,9.791872
1.0,25,9.794769
0.0,12,9.796174
1.0,25,9.799067
0.0,16,9.800928
1.0,23,9.803597
0.0,12,9.805006
1.0,35,9.809074
1.0,32,9.812762
1.0,23,9.815439
0.0,6,9.816161
1.0,23,9.818832
1.0,23,9.821495
0.0,6,9.822227
1.0,29,9.825567
1.0,23,9.828237
1.0,23,9.830936
0.0,4,9.831429
1.0,30,9.835016
1.0,31,9.838623
1.0,26,9.841626
1.0,25,9.844528
1.0,23,9.847199
1.0,25,9.850139
0.0,19,9.852351
1.0,24,9.855136
1.0,27,9.858261
1.0,33,9.86208
1.0,23,9.864746
1.0,31,9.868346
1.0,27,9.871479
1.0,27,9.874593
1.0,29,9.87793
1.0,25,9.880841
1.0,26,9.883852
1.0,27,9.887016
1.0,23,9.889689
0.0,12,9.891109
0.0,12,9.892519
1.0,27,9.895645
1.0,23,9.898319
1.0,27,9.901442
1.0,26,9.904458
1.0,23,9.907157
1.0,25,9.91006
1.0,26,9.913056
0.0,4,9.913545
1.0,23,9.916214
0.0,4,9.916707
1.0,25,9.919609
1.0,25,9.922495
0.0,6,9.92322
1.0,24,9.92602
1.0,31,9.929592
1.0,23,9.932257
1.0,27,9.93538
1.0,28,9.93861
1.0,27,9.94172
1.0,25,9.944659
1.0,25,9.947553
1.0,27,9.950675
1.0,29,9.954021
1.0,28,9.957248
1.0,23,9.959916
0.0,14,9.961558
1.0,23,9.964237
1.0,26,9.967236
1.0,29,9.970568
1.0,27,9.97369
1.0,25,9.976588
0.0,16,9.978446
0.0,10,9.979634
1.0,25,9.98257
1.0,24,9.985346
1.0,25,9.988242
0.0,12,9.98965
1.0,26,9.992656
1.0,29,9.995994
1.0,27,9.999137
1.0,25,10.00206
0.0,8,10.003006
1.0,23,10.005674
0.0,19,10.007882
0.0,4,10.008369
1.0,25,10.01127
1.0,25,10.014164
0.0,17,10.016143
1.0,24,10.018938
1.0,23,10.021621
0.0,18,10.023711
1.0,25,10.026595
1.0,31,10.030181
1.0,25,10.033072
1.0,29,10.036411
1.0,25,10.039511
1.0,23,10.042182
1.0,23,10.04485
1.0,27,10.047972
1.0,23,10.050654
1.0,27,10.053771
1.0,32,10.057476
1.0,25,10.060378
0.0,12,10.061782
1.0,25,10.064667
1.0,23,10.067333
0.0,16,10.069197
1.0,23,10.071865
1.0,27,10.074991
0.0,6,10.075711
1.0,29,10.07908
1.0,30,10.082549
1.0,26,10.085543
0.0,7,10.086377
1.0,25,10.089269
1.0,23,10.09193
1.0,23,10.0946
1.0,29,10.097967
1.0,30,10.101425
1.0,24,10.10422
0.0,8,10.105183
1.0,29,10.108547
1.0,24,10.111323
1.0,23,10.113984
1.0,27,10.117105
0.0,4,10.117592
1.0,23,10.120268
1.0,26,10.12328
1.0,23,10.125948
1.0,27,10.129091
1.0,27,10.1322
1.0,31,10.135776
1.0,26,10.138785
1.0,27,10.14192
0.0,21,10.144347
0.0,20,10.146661
1.0,25,10.149579
1.0,28,10.152829
1.0,25,10.155732
1.0,31,10.15931
1.0,27,10.162434
1.0,26,10.165433
1.0,28,10.168692
1.0,28,10.171941
1.0,26,10.174951
1.0,23,10.177612
1.0,31,10.181198
0.0,11,10.18249
1.0,25,10.1854
1.0,31,10.189017
1.0,24,10.191803
1.0,29,10.195131
1.0,24,10.19791
0.0,18,10.200005
1.0,25,10.202901
1.0,25,10.205807
1.0,23,10.208509
1.0,23,10.211172
0.0,14,10.212802
1.0,28,10.216037
1.0,30,10.219502
1.0,25,10.222388
1.0,25,10.225291
1.0,33,10.2291
1.0,25,10.231993
1.0,27,10.235111
1.0,25,10.238004
1.0,25,10.240896
0.0,16,10.242882
1.0,25,10.245843
1.0,27,10.248983
1.0,27,10.252129
0.0,17,10.254099
1.0,23,10.256756
0.0,6,10.257473
1.0,29,10.260834
1.0,25,10.263738
1.0,27,10.266865
1.0,25,10.269755
1.0,25,10.272682
0.0,4,10.273169
0.0,16,10.275031
1.0,25,10.277923
1.0,23,10.280588
1.0,28,10.283814
1.0,25,10.286712
1.0,28,10.289941
0.0,20,10.292256
1.0,23,10.294958
0.0,16,10.29682
1.0,25,10.299703
1.0,24,10.302477
1.0,23,10.30513
0.0,4,10.30562
1.0,29,10.308984
1.0,29,10.312316
0.0,6,10.313051
1.0,29,10.316421
1.0,27,10.319536
1.0,27,10.322654
1.0,24,10.325421
1.0,23,10.328089
0.0,20,10.330411
1.0,25,10.333286
1.0,23,10.335974
1.0,31,10.339542
1.0,27,10.342647
1.0,30,10.346102
1.0,29,10.349438
1.0,27,10.352585
1.0,25,10.355481
1.0,28,10.358756
0.0,20,10.361092
1.0,25,10.363983
1.0,26,10.366992
1.0,23,10.369652
1.0,23,10.372317
1.0,27,10.375447
1.0,28,10.378693
0.0,6,10.379415
1.0,23,10.382118
1.0,24,10.384898
1.0,27,10.388015
1.0,24,10.390786
1.0,23,10.393454
1.0,27,10.396582
1.0,25,10.399486
1.0,26,10.402503
1.0,25,10.40542
1.0,25,10.40832
1.0,27,10.41144
1.0,25,10.41434
1.0,23,10.417008
1.0,23,10.41969
1.0,28,10.42293
0.0,4,10.423415
0.0,6,10.424126
1.0,23,10.42682
0.0,7,10.427655
1.0,32,10.431335
0.0,22,10.433885
0.0,18,10.435971
1.0,27,10.439101
0.0,24,10.441874
1.0,27,10.445018
1.0,27,10.448332
0.0,8,10.44928
1.0,25,10.452156
1.0,23,10.454823
1.0,27,10.457947
1.0,25,10.460843
1.0,27,10.463982
1.0,24,10.466785
0.0,4,10.467273
0.0,12,10.468681
1.0,24,10.471547
0.0,4,10.472048
0.0,18,10.474153
1.0,25,10.477055
0.0,8,10.478009
1.0,25,10.480887
1.0,29,10.484271
1.0,23,10.486932
1.0,27,10.490037
1.0,25,10.492928
1.0,23,10.495603
0.0,19,10.497796
1.0,28,10.501042
1.0,27,10.504255
0.0,14,10.505891
1.0,32,10.509569
1.0,25,10.512486
1.0,29,10.515844
1.0,23,10.518516
0.0,14,10.520147
0.0,6,10.520857
1.0,24,10.523649
1.0,27,10.526776
1.0,31,10.530369
1.0,25,10.533272
1.0,32,10.536944
0.0,21,10.539388
1.0,25,10.542286
0.0,18,10.544376
1.0,27,10.547501
1.0,23,10.550172
0.0,4,10.550664
1.0,23,10.553339
1.0,25,10.55624
1.0,25,10.559152
1.0,26,10.562171
1.0,25,10.565064
1.0,23,10.56774
0.0,16,10.569607
1.0,26,10.572615
1.0,24,10.5754
1.0,23,10.57808
0.0,10,10.579248
1.0,29,10.582611
1.0,26,10.58561
1.0,27,10.588743
1.0,27,10.591886
1.0,27,10.59503
1.0,23,10.5977
1.0,23,10.600379
1.0,25,10.603281
1.0,25,10.606184
1.0,23,10.608879
0.0,6,10.609615
1.0,27,10.612786
1.0,25,10.615725
1.0,23,10.618417
1.0,31,10.622031
1.0,25,10.624932
1.0,27,10.628082
1.0,26,10.631152
1.0,32,10.634877
1.0,23,10.637564
1.0,28,10.64081
1.0,25,10.643714
1.0,27,10.646842
1.0,24,10.649631
0.0,21,10.652253
1.0,24,10.655048
0.0,4,10.655539
1.0,27,10.658667
1.0,23,10.661338
0.0,14,10.662978
0.0,14,10.66461
1.0,25,10.667508
1.0,25,10.670427
1.0,23,10.673108
1.0,23,10.675788
1.0,26,10.6788
1.0,28,10.682043
1.0,23,10.684744
1.0,23,10.68751
1.0,30,10.691023
0.0,4,10.69153
1.0,25,10.694438
1.0,25,10.697357
1.0,23,10.700141
1.0,25,10.703046
1.0,25,10.705964
1.0,26,10.709011
1.0,23,10.711716
1.0,29,10.715174
1.0,31,10.718812
0.0,6,10.719552
1.0,27,10.722719
1.0,27,10.725855
1.0,25,10.728769
1.0,30,10.732257
0.0,4,10.732752
0.0,14,10.734396
0.0,9,10.735462
0.0,14,10.737103
1.0,29,10.740458
1.0,26,10.743465
1.0,30,10.746932
1.0,23,10.749621
1.0,29,10.75298
1.0,27,10.756097
0.0,8,10.757052
1.0,27,10.760178
1.0,24,10.762967
1.0,24,10.76574
1.0,25,10.768672
0.0,18,10.770871
1.0,30,10.774359
1.0,23,10.777024
1.0,25,10.779906
1.0,25,10.78282
1.0,23,10.78547
0.0,6,10.7862
1.0,23,10.788865
0.0,12,10.790282
1.0,25,10.793152
1.0,26,10.79623
1.0,25,10.799124
1.0,25,10.802002
1.0,34,10.805953
1.0,23,10.808601
1.0,29,10.811962
1.0,31,10.815572
1.0,25,10.818443
1.0,29,10.821777
1.0,25,10.824695
0.0,12,10.826117
1.0,25,10.828997
0.0,21,10.831453
1.0,30,10.834968
1.0,32,10.838665
1.0,27,10.841774
1.0,27,10.844931
1.0,27,10.848067
1.0,25,10.850986
1.0,25,10.853913
1.0,23,10.856756
1.0,24,10.859516
1.0,28,10.862757
1.0,27,10.865892
1.0,23,10.868527
1.0,25,10.871483
1.0,28,10.874724
1.0,25,10.877595
0.0,6,10.878318
1.0,26,10.881309
1.0,29,10.884677
1.0,25,10.887587
1.0,25,10.890519
1.0,23,10.893195
1.0,25,10.896103
1.0,25,10.898983
1.0,25,10.901922
1.0,27,10.905002
1.0,27,10.908169
1.0,25,10.911094
1.0,23,10.913748
1.0,27,10.916891
1.0,25,10.919771
0.0,10,10.920947
1.0,26,10.92396
1.0,26,10.92698
1.0,25,10.92992
1.0,28,10.93314
1.0,28,10.936372
1.0,25,10.939275
1.0,27,10.942409
1.0,25,10.945304
1.0,23,10.948001
1.0,31,10.951585
1.0,23,10.954255
1.0,30,10.957682
1.0,25,10.960585
1.0,26,10.963605
1.0,27,10.96669
1.0,27,10.969811
1.0,25,10.972726
1.0,26,10.975737
1.0,23,10.978412
1.0,24,10.981204
1.0,23,10.983893
0.0,8,10.984833
1.0,23,10.987512
1.0,31,10.991158
1.0,25,10.994038
1.0,27,10.99715
0.0,12,10.998574
1.0,25,11.001459
0.0,18,11.003531
1.0,25,11.006436
1.0,25,11.00934
1.0,23,11.012014
1.0,29,11.015362
1.0,23,11.01803
0.0,17,11.020009
1.0,27,11.023129
1.0,25,11.026044
1.0,30,11.029518
1.0,29,11.032869
1.0,25,11.035869
1.0,23,11.038604
1.0,23,11.041302
0.0,16,11.04327
1.0,25,11.046224
1.0,26,11.049369
1.0,26,11.052547
1.0,26,11.055743
0.0,12,11.05722
1.0,25,11.060323
1.0,24,11.063313
1.0,23,11.066024
1.0,25,11.069073
1.0,23,11.071908
1.0,23,11.074686
1.0,27,11.077887
1.0,27,11.081154
1.0,31,11.084875
1.0,27,11.088186
1.0,26,11.091373
1.0,26,11.094439
1.0,31,11.098171
1.0,23,11.100938
1.0,25,11.104023
1.0,25,11.107108
1.0,25,11.110022
1.0,25,11.113038
1.0,29,11.116601
1.0,23,11.119553
1.0,30,11.123447
0.0,20,11.126094
1.0,23,11.129094
1.0,25,11.132155
0.0,4,11.132662
1.0,23,11.135498
0.0,22,11.138127
1.0,26,11.141267
1.0,28,11.144673
1.0,27,11.14801
0.0,16,11.149902
1.0,23,11.152702
0.0,18,11.154955
0.0,6,11.1557
0.0,4,11.156206
0.0,21,11.158769
0.0,12,11.160234
1.0,23,11.163058
1.0,23,11.165805
1.0,23,11.168734
1.0,24,11.171718
0.0,15,11.173486
1.0,23,11.17633
1.0,25,11.179427
1.0,27,11.182681
1.0,23,11.185415
1.0,28,11.188854
0.0,15,11.190698
0.0,4,11.191241
1.0,28,11.194571
1.0,25,11.197562
1.0,29,11.201176
1.0,28,11.204673
1.0,26,11.207926
1.0,25,11.211056
1.0,25,11.214029
1.0,28,11.217448
0.0,6,11.218241
1.0,25,11.221292
1.0,23,11.224135
1.0,23,11.226959
1.0,27,11.230154
1.0,23,11.232889
0.0,15,11.234676
1.0,27,11.237804
1.0,25,11.240822
1.0,28,11.244208
1.0,25,11.247108
1.0,25,11.250027
0.0,14,11.251682
1.0,26,11.254734
1.0,27,11.257896
0.0,18,11.259995
1.0,25,11.26308
1.0,27,11.266298
1.0,23,11.268978
0.0,4,11.269474
1.0,26,11.272528
1.0,23,11.27543
0.0,12,11.276868
1.0,26,11.279911
1.0,23,11.282626
1.0,23,11.285356
1.0,28,11.288659
1.0,26,11.291759
1.0,25,11.294713
0.0,8,11.295683
1.0,25,11.298641
1.0,25,11.301576
1.0,23,11.304325
1.0,24,11.307145
1.0,23,11.309821
1.0,25,11.312752
1.0,29,11.316093
1.0,24,11.318917
1.0,26,11.321949
1.0,27,11.325126
0.0,4,11.325627
1.0,28,11.328875
1.0,37,11.3332
1.0,26,11.336222
0.0,6,11.336998
1.0,25,11.339921
1.0,27,11.343077
1.0,25,11.34602
1.0,29,11.349435
1.0,25,11.352373
1.0,23,11.355059
0.0,21,11.357503
1.0,25,11.36043
1.0,23,11.363121
1.0,28,11.366327
1.0,28,11.369627
1.0,27,11.372755
1.0,35,11.37675
0.0,8,11.377682
1.0,28,11.380957
1.0,30,11.384382
1.0,23,11.387122
1.0,26,11.390183
1.0,25,11.393097
1.0,23,11.395779
1.0,24,11.39857
0.0,8,11.399538
1.0,24,11.402272
0.0,6,11.402991
0.0,10,11.404146
1.0,23,11.406894
0.0,14,11.408547
1.0,23,11.41122
0.0,21,11.413676
1.0,25,11.416645
0.0,22,11.419244
1.0,25,11.422239
1.0,25,11.425233
0.0,14,11.427013
1.0,27,11.430243
1.0,30,11.43383
0.0,8,11.434855
1.0,29,11.438349
1.0,26,11.441431
1.0,24,11.444308
1.0,25,11.447355
1.0,29,11.450738
0.0,4,11.451265
1.0,30,11.454742
1.0,24,11.457526
1.0,28,11.460815
1.0,27,11.464041
1.0,31,11.467855
1.0,23,11.470541
1.0,23,11.47328
1.0,23,11.476244
0.0,6,11.477042
1.0,23,11.479906
1.0,23,11.482722
1.0,25,11.485698
0.0,14,11.487461
1.0,25,11.490377
1.0,28,11.493685
1.0,23,11.496455
1.0,23,11.499268
1.0,25,11.50213
1.0,25,11.505168
1.0,23,11.508007
0.0,12,11.509372
1.0,27,11.512558
1.0,25,11.515617
1.0,23,11.518305
1.0,29,11.521661
0.0,16,11.523744
1.0,23,11.526503
1.0,27,11.52968
1.0,25,11.532715
1.0,27,11.535928
1.0,30,11.5395
0.0,4,11.539978
1.0,25,11.542973
0.0,18,11.545139
1.0,23,11.547881
1.0,27,11.551128
1.0,23,11.553724
1.0,41,11.558498
1.0,23,11.561176
1.0,29,11.564652
1.0,25,11.567546
1.0,25,11.570393
1.0,28,11.573582
0.0,8,11.574543
0.0,19,11.576756
1.0,23,11.579423
1.0,33,11.583269
1.0,31,11.586883
1.0,27,11.589962
1.0,27,11.593049
1.0,29,11.596405
0.0,21,11.598845
1.0,25,11.601737
1.0,23,11.604432
1.0,25,11.607327
0.0,12,11.608704
1.0,26,11.611708
1.0,29,11.615042
1.0,29,11.618355
0.0,14,11.619969
0.0,8,11.620953
1.0,23,11.623644
0.0,13,11.625125
1.0,26,11.628125
0.0,24,11.630942
1.0,29,11.634366
1.0,28,11.637579
1.0,25,11.640578
1.0,31,11.644201
1.0,23,11.646865
1.0,23,11.649677
