# {"t_start": 1614832375.219522, "env_id": "Office-v0"} 
r,l,t
0.0,23,0.010552
0.0,5,0.012505
0.0,70,0.038338
0.0,53,0.058048
0.0,14,0.063271
0.0,9,0.066596
0.0,14,0.071776
0.0,61,0.094391
0.0,25,0.103686
0.0,34,0.116354
0.0,33,0.128644
0.0,100,0.165878
0.0,39,0.183424
0.0,135,0.23331
0.0,27,0.243368
0.0,33,0.255541
0.0,77,0.283749
0.0,51,0.302012
0.0,39,0.316529
0.0,146,0.369111
0.0,167,0.432061
0.0,72,0.458238
0.0,93,0.493591
0.0,110,0.53602
0.0,51,0.555768
0.0,45,0.572916
0.0,138,0.62426
0.0,107,0.663393
0.0,48,0.681252
0.0,49,0.698789
0.0,121,0.743246
0.0,112,0.784663
1.0,652,1.022483
0.0,228,1.104299
0.0,163,1.164398
0.0,162,1.224507
0.0,288,1.330824
0.0,214,1.409722
0.0,338,1.532886
0.0,146,1.584812
1.0,27,1.594931
1.0,264,1.691848
0.0,51,1.71077
0.0,24,1.719903
0.0,23,1.728573
0.0,20,1.736247
0.0,303,1.851458
0.0,461,2.029659
0.0,157,2.091029
0.0,230,2.181582
0.0,21,2.190028
0.0,61,2.213588
0.0,47,2.231943
0.0,34,2.245287
0.0,22,2.253893
0.0,113,2.297726
1.0,97,2.335396
0.0,94,2.371781
0.0,29,2.38314
0.0,53,2.403763
1.0,57,2.426158
0.0,129,2.475914
0.0,54,2.497021
0.0,112,2.540514
0.0,26,2.550789
0.0,162,2.615313
0.0,130,2.66608
0.0,89,2.700125
1.0,98,2.738136
0.0,25,2.747941
0.0,102,2.787212
0.0,167,2.851813
1.0,21,2.860018
0.0,229,2.948941
0.0,25,2.95848
0.0,156,3.018681
1.0,24,3.028176
0.0,139,3.082113
0.0,44,3.099285
1.0,109,3.14086
1.0,22,3.149413
1.0,85,3.18265
1.0,250,3.279654
1.0,200,3.356982
1.0,19,3.364252
0.0,58,3.387622
1.0,185,3.462677
0.0,92,3.499724
1.0,37,3.514775
1.0,86,3.549322
0.0,38,3.564259
1.0,97,3.603468
1.0,11,3.607899
0.0,39,3.623675
1.0,323,3.75371
1.0,54,3.775662
1.0,11,3.780134
0.0,6,3.78258
0.0,11,3.787041
1.0,113,3.833158
1.0,11,3.837642
0.0,68,3.864879
0.0,106,3.907802
0.0,20,3.915966
1.0,11,3.920332
0.0,124,3.970589
1.0,153,4.032206
1.0,67,4.058978
1.0,12,4.063825
1.0,101,4.104271
0.0,30,4.116212
1.0,45,4.134631
0.0,6,4.13706
1.0,136,4.191909
0.0,64,4.21756
1.0,133,4.271023
1.0,12,4.275766
0.0,55,4.298067
1.0,93,4.33571
1.0,99,4.375402
1.0,12,4.380352
0.0,29,4.392128
0.0,6,4.394595
1.0,68,4.422113
1.0,11,4.4266
1.0,124,4.476811
1.0,99,4.516541
1.0,74,4.54641
1.0,15,4.552496
1.0,120,4.603189
1.0,242,4.70035
1.0,65,4.726734
1.0,11,4.73124
0.0,38,4.746872
1.0,78,4.778631
0.0,8,4.781926
1.0,13,4.787159
1.0,67,4.814487
1.0,61,4.838976
0.0,12,4.843883
1.0,11,4.848357
0.0,38,4.863937
1.0,119,4.912141
1.0,51,4.932588
1.0,11,4.937055
0.0,96,4.975917
1.0,62,5.000764
1.0,51,5.02165
1.0,16,5.028045
0.0,57,5.051157
0.0,10,5.055264
1.0,48,5.074532
1.0,16,5.081037
0.0,28,5.092259
1.0,78,5.12381
1.0,47,5.142805
1.0,13,5.148077
1.0,111,5.191854
1.0,145,5.247516
1.0,132,5.298215
1.0,11,5.302563
1.0,91,5.338293
1.0,154,5.398128
1.0,92,5.433328
1.0,11,5.437593
1.0,75,5.466063
1.0,89,5.500264
1.0,51,5.519857
1.0,13,5.524733
1.0,61,5.548122
0.0,2,5.54895
1.0,48,5.567526
1.0,12,5.572093
0.0,38,5.586685
0.0,9,5.590217
0.0,10,5.594059
1.0,11,5.598295
1.0,117,5.643003
1.0,70,5.669731
0.0,29,5.681047
1.0,11,5.685279
0.0,18,5.692211
1.0,58,5.714472
0.0,6,5.71686
1.0,12,5.721465
1.0,66,5.746652
1.0,47,5.764517
1.0,34,5.777708
1.0,11,5.781992
0.0,60,5.805276
1.0,38,5.819932
0.0,4,5.821519
1.0,13,5.826555
0.0,16,5.832852
1.0,42,5.848966
1.0,44,5.866755
1.0,13,5.872004
1.0,97,5.911896
1.0,90,5.948419
1.0,26,5.958886
1.0,16,5.965188
1.0,29,5.976579
1.0,43,5.993215
1.0,46,6.011162
1.0,15,6.01698
0.0,11,6.021292
0.0,6,6.023644
1.0,33,6.036393
1.0,11,6.040636
0.0,30,6.052316
0.0,21,6.060287
1.0,30,6.07208
1.0,11,6.076448
1.0,45,6.094109
1.0,64,6.118379
0.0,18,6.125308
1.0,11,6.129573
1.0,28,6.140248
1.0,39,6.155361
1.0,25,6.165078
0.0,9,6.168576
0.0,57,6.190583
1.0,52,6.210656
1.0,34,6.223961
1.0,11,6.22822
0.0,111,6.271378
1.0,42,6.28765
1.0,50,6.306642
0.0,9,6.310228
1.0,46,6.327856
1.0,44,6.344711
1.0,25,6.354545
1.0,15,6.360373
1.0,37,6.374755
0.0,2,6.375571
0.0,31,6.387564
1.0,11,6.391816
0.0,40,6.407262
1.0,31,6.418988
0.0,31,6.430734
1.0,13,6.435585
0.0,12,6.440094
0.0,7,6.442789
1.0,25,6.452327
0.0,10,6.456222
1.0,27,6.466589
1.0,47,6.484232
1.0,29,6.495286
1.0,14,6.500642
1.0,75,6.528951
1.0,39,6.543485
1.0,25,6.552765
0.0,9,6.556103
1.0,46,6.573085
1.0,55,6.593195
0.0,8,6.596212
1.0,12,6.60071
1.0,35,6.613928
1.0,43,6.630146
1.0,31,6.641788
1.0,11,6.645918
1.0,28,6.656461
1.0,73,6.68435
1.0,27,6.694638
1.0,13,6.699477
0.0,57,6.72078
1.0,34,6.733098
0.0,26,6.74264
0.0,4,6.744149
1.0,31,6.755529
1.0,36,6.768843
1.0,38,6.782943
0.0,4,6.784461
1.0,113,6.826094
0.0,9,6.829485
1.0,30,6.840698
1.0,11,6.844757
1.0,39,6.859068
1.0,39,6.873538
1.0,31,6.885067
1.0,13,6.889862
1.0,26,6.899457
1.0,31,6.910779
1.0,37,6.924608
1.0,13,6.929383
1.0,25,6.938565
0.0,34,6.951104
1.0,29,6.962111
1.0,11,6.96632
1.0,27,6.976624
0.0,28,6.987323
1.0,25,6.997029
1.0,13,7.001923
1.0,33,7.01423
1.0,33,7.026732
1.0,34,7.03974
1.0,11,7.043956
1.0,25,7.053718
1.0,38,7.068492
1.0,27,7.079034
1.0,11,7.083334
1.0,28,7.094185
1.0,68,7.120731
1.0,34,7.13405
1.0,11,7.13833
1.0,25,7.147992
1.0,29,7.159338
1.0,27,7.169869
1.0,13,7.174868
1.0,27,7.185377
1.0,40,7.200941
1.0,35,7.214525
1.0,11,7.218815
1.0,25,7.228553
1.0,44,7.245304
1.0,27,7.255697
1.0,12,7.260277
1.0,26,7.270394
0.0,7,7.273157
1.0,27,7.283662
1.0,11,7.28789
1.0,27,7.298407
1.0,31,7.310573
1.0,27,7.321097
1.0,11,7.325387
1.0,23,7.334404
0.0,8,7.337557
1.0,25,7.34727
1.0,13,7.352345
1.0,33,7.365143
1.0,44,7.382245
1.0,27,7.392758
0.0,6,7.395149
1.0,25,7.404932
0.0,4,7.406524
1.0,40,7.422161
1.0,15,7.427973
1.0,25,7.437629
1.0,32,7.450074
1.0,27,7.460581
1.0,14,7.466016
1.0,23,7.475074
1.0,33,7.48794
1.0,30,7.499613
1.0,11,7.503898
1.0,24,7.513355
1.0,33,7.526151
1.0,27,7.536663
0.0,7,7.539424
1.0,63,7.563972
0.0,9,7.567542
1.0,29,7.578716
1.0,13,7.58376
1.0,25,7.593519
0.0,11,7.597783
1.0,46,7.615505
1.0,11,7.619795
1.0,31,7.631804
0.0,19,7.639063
1.0,31,7.651042
0.0,11,7.655405
1.0,25,7.66518
1.0,33,7.678037
1.0,26,7.688169
1.0,16,7.69437
1.0,24,7.703765
1.0,32,7.718352
1.0,28,7.729648
1.0,11,7.733951
0.0,20,7.741711
0.0,23,7.750654
0.0,10,7.754547
1.0,11,7.758815
1.0,23,7.767766
0.0,7,7.77051
0.0,8,7.773664
1.0,16,7.779833
1.0,23,7.78872
1.0,35,7.802275
1.0,31,7.814359
0.0,11,7.818687
0.0,6,7.821067
1.0,53,7.841594
1.0,25,7.851214
1.0,13,7.856193
1.0,27,7.866683
1.0,39,7.881678
1.0,31,7.89383
1.0,11,7.898047
1.0,29,7.909206
1.0,31,7.921283
1.0,27,7.931559
1.0,11,7.935872
1.0,31,7.94768
1.0,29,7.958774
0.0,4,7.96033
1.0,12,7.964968
1.0,24,7.974115
0.0,19,7.981444
1.0,25,7.991075
1.0,11,7.995324
1.0,25,8.005007
0.0,13,8.010009
1.0,25,8.019716
1.0,13,8.02477
0.0,12,8.029442
0.0,27,8.039858
1.0,29,8.051086
1.0,11,8.055367
1.0,25,8.064953
1.0,33,8.077705
1.0,27,8.088136
1.0,17,8.09469
1.0,23,8.103616
1.0,32,8.115955
0.0,23,8.124824
1.0,11,8.129054
1.0,28,8.139895
1.0,38,8.15427
1.0,25,8.163932
1.0,11,8.168209
0.0,8,8.171346
0.0,7,8.174067
1.0,30,8.18568
1.0,11,8.189893
1.0,25,8.199578
1.0,33,8.212269
1.0,31,8.224228
1.0,11,8.22843
1.0,26,8.238491
0.0,11,8.242722
1.0,25,8.252437
1.0,13,8.257403
1.0,26,8.267431
1.0,33,8.280035
1.0,25,8.289794
1.0,11,8.29403
1.0,33,8.306492
0.0,17,8.313008
1.0,28,8.32382
1.0,13,8.328954
1.0,25,8.338695
0.0,23,8.347555
1.0,32,8.359934
1.0,13,8.364872
1.0,25,8.374527
1.0,32,8.386814
1.0,30,8.398351
1.0,13,8.403268
1.0,28,8.414066
1.0,34,8.427117
1.0,27,8.437678
1.0,11,8.44196
1.0,25,8.451522
1.0,36,8.465424
1.0,30,8.476983
1.0,11,8.481261
1.0,25,8.4908
1.0,38,8.505357
1.0,30,8.516994
1.0,16,8.523215
1.0,23,8.532138
1.0,31,8.54411
1.0,30,8.555535
1.0,11,8.55979
0.0,14,8.565227
0.0,21,8.573323
1.0,32,8.585704
0.0,4,8.587187
1.0,25,8.596689
1.0,30,8.608205
1.0,30,8.619808
1.0,11,8.624074
1.0,28,8.634884
1.0,33,8.647535
0.0,6,8.649897
1.0,11,8.65415
1.0,23,8.663007
0.0,15,8.668807
1.0,29,8.679984
1.0,11,8.684231
1.0,26,8.694407
1.0,29,8.705611
0.0,10,8.709548
1.0,12,8.714103
1.0,24,8.72341
1.0,38,8.738004
1.0,27,8.748426
1.0,12,8.75303
1.0,27,8.763393
1.0,35,8.776985
1.0,25,8.786754
1.0,11,8.791033
1.0,26,8.801168
1.0,33,8.814055
1.0,29,8.825226
1.0,11,8.829477
1.0,23,8.838318
0.0,7,8.841041
1.0,28,8.851674
1.0,11,8.856018
1.0,25,8.865664
0.0,24,8.874876
1.0,27,8.885543
1.0,12,8.890214
1.0,32,8.902534
0.0,26,8.912613
1.0,37,8.927061
1.0,11,8.931345
1.0,24,8.940885
1.0,31,8.952946
1.0,25,8.962682
1.0,11,8.966977
1.0,26,8.977179
1.0,29,8.988457
1.0,27,8.999068
1.0,11,9.003372
1.0,27,9.013832
1.0,29,9.025134
0.0,22,9.033553
1.0,13,9.038517
1.0,27,9.048967
1.0,40,9.064415
1.0,29,9.075804
1.0,13,9.080842
1.0,26,9.090772
1.0,32,9.103194
1.0,27,9.113781
1.0,14,9.11909
1.0,32,9.131458
1.0,33,9.144518
0.0,19,9.15185
1.0,13,9.156903
1.0,23,9.165871
1.0,31,9.177774
1.0,31,9.189838
1.0,11,9.1941
1.0,27,9.20468
1.0,33,9.217514
1.0,27,9.228104
1.0,11,9.232429
1.0,26,9.242397
1.0,32,9.254812
1.0,27,9.265478
1.0,11,9.26976
0.0,8,9.272928
1.0,32,9.285394
0.0,8,9.288559
1.0,11,9.292815
1.0,27,9.3032
0.0,15,9.309032
1.0,25,9.318893
1.0,12,9.323642
0.0,8,9.326903
0.0,2,9.327698
1.0,28,9.339016
1.0,11,9.343279
1.0,28,9.354224
1.0,33,9.367051
1.0,29,9.378439
1.0,11,9.382731
1.0,23,9.391837
0.0,20,9.39965
1.0,34,9.412866
0.0,2,9.413673
1.0,25,9.423296
1.0,30,9.434962
1.0,29,9.446484
1.0,13,9.45152
0.0,14,9.457054
0.0,12,9.4619
1.0,27,9.472759
1.0,11,9.477154
0.0,13,9.482282
0.0,4,9.483873
1.0,27,9.494572
1.0,11,9.498875
1.0,27,9.509648
1.0,31,9.52187
1.0,26,9.532214
1.0,11,9.536583
1.0,27,9.547283
1.0,31,9.559506
0.0,12,9.564204
1.0,11,9.568482
1.0,29,9.579753
1.0,34,9.592929
1.0,25,9.602642
1.0,11,9.606936
1.0,26,9.617183
1.0,37,9.631527
1.0,27,9.642125
1.0,15,9.647927
0.0,21,9.656115
1.0,33,9.66908
0.0,4,9.670665
1.0,11,9.674963
1.0,25,9.684747
1.0,32,9.697172
1.0,25,9.706958
1.0,11,9.711256
1.0,23,9.720179
1.0,29,9.731515
0.0,12,9.736215
1.0,17,9.74277
1.0,33,9.75572
1.0,32,9.768161
1.0,31,9.780313
1.0,11,9.784697
1.0,31,9.796792
1.0,31,9.808903
1.0,26,9.819039
1.0,18,9.826055
1.0,25,9.835816
1.0,33,9.848697
1.0,27,9.859282
1.0,14,9.864644
1.0,27,9.875103
1.0,33,9.887897
1.0,25,9.897728
1.0,12,9.90241
1.0,30,9.914149
1.0,31,9.926165
1.0,26,9.936347
1.0,11,9.940636
1.0,25,9.950565
1.0,31,9.962713
1.0,25,9.972437
1.0,11,9.976724
1.0,27,9.987221
0.0,16,9.993309
1.0,30,10.005063
1.0,11,10.00936
1.0,25,10.019093
1.0,30,10.030816
1.0,29,10.042197
0.0,9,10.045745
1.0,26,10.055902
1.0,30,10.067592
1.0,31,10.079688
1.0,11,10.083999
1.0,23,10.092994
0.0,19,10.10042
1.0,25,10.11024
1.0,11,10.114522
1.0,23,10.12364
0.0,17,10.130251
1.0,28,10.141106
1.0,13,10.146154
1.0,26,10.15631
1.0,33,10.1693
1.0,27,10.179922
1.0,11,10.184208
0.0,6,10.186546
1.0,39,10.201701
1.0,32,10.214128
1.0,11,10.218421
1.0,23,10.227306
0.0,23,10.236228
1.0,42,10.252733
1.0,15,10.258539
0.0,10,10.262447
1.0,35,10.275984
1.0,31,10.28812
1.0,11,10.292401
1.0,27,10.302817
1.0,37,10.317317
1.0,27,10.327958
1.0,11,10.332259
0.0,11,10.336614
0.0,26,10.346815
0.0,4,10.348406
1.0,11,10.352685
0.0,12,10.357398
1.0,32,10.369945
1.0,30,10.381716
1.0,11,10.385994
1.0,24,10.395225
0.0,18,10.402302
1.0,30,10.413965
0.0,6,10.416339
1.0,28,10.427166
1.0,33,10.439999
0.0,19,10.447511
0.0,6,10.449925
0.0,23,10.458866
1.0,32,10.471338
0.0,17,10.47794
1.0,11,10.482243
0.0,17,10.488802
1.0,30,10.50052
1.0,26,10.510759
1.0,13,10.515795
0.0,21,10.523851
1.0,36,10.537721
1.0,26,10.547848
1.0,11,10.552119
1.0,31,10.564356
0.0,9,10.568005
1.0,29,10.57945
1.0,11,10.583801
0.0,16,10.59017
1.0,39,10.605456
1.0,31,10.617788
1.0,11,10.622165
1.0,23,10.631203
1.0,34,10.644695
1.0,31,10.657053
1.0,12,10.661617
1.0,23,10.670592
1.0,37,10.685046
1.0,27,10.695657
1.0,12,10.70019
0.0,12,10.704829
1.0,30,10.716577
1.0,29,10.727874
1.0,12,10.732455
1.0,26,10.74274
1.0,33,10.755578
1.0,27,10.766094
0.0,11,10.770433
1.0,24,10.779861
1.0,32,10.792378
1.0,29,10.803677
1.0,13,10.80872
1.0,30,10.820354
1.0,35,10.833864
1.0,28,10.844825
1.0,11,10.849151
1.0,29,10.860232
1.0,29,10.871521
1.0,25,10.881243
1.0,11,10.885523
1.0,26,10.895643
1.0,33,10.908501
1.0,25,10.918352
1.0,12,10.922997
1.0,25,10.932794
1.0,35,10.946397
1.0,28,10.957336
1.0,16,10.963358
0.0,7,10.966081
1.0,29,10.977371
1.0,27,10.98798
1.0,12,10.99265
0.0,6,10.995025
0.0,17,11.001595
0.0,21,11.009745
1.0,12,11.014483
0.0,16,11.020744
1.0,34,11.033784
1.0,25,11.043612
1.0,14,11.049037
0.0,12,11.053764
1.0,32,11.066123
1.0,25,11.075946
1.0,11,11.080256
1.0,23,11.089137
0.0,4,11.090726
1.0,32,11.103165
1.0,12,11.107826
1.0,28,11.1187
0.0,20,11.126529
0.0,14,11.13203
1.0,11,11.136312
0.0,4,11.137888
1.0,30,11.149566
1.0,27,11.160047
1.0,13,11.16505
1.0,25,11.174815
1.0,29,11.186235
1.0,25,11.195999
1.0,16,11.202265
1.0,23,11.211125
1.0,31,11.22314
1.0,27,11.233704
0.0,11,11.238156
1.0,25,11.247876
1.0,31,11.259923
1.0,27,11.27056
1.0,11,11.274821
1.0,23,11.283665
1.0,32,11.296094
1.0,31,11.308322
1.0,14,11.313771
1.0,28,11.32478
1.0,29,11.336211
1.0,31,11.34842
1.0,11,11.35276
0.0,18,11.359728
1.0,31,11.371761
1.0,25,11.381505
1.0,11,11.38589
0.0,14,11.391388
1.0,31,11.403464
1.0,27,11.414157
0.0,2,11.414958
1.0,24,11.424195
1.0,31,11.436234
1.0,28,11.447236
1.0,11,11.451504
0.0,6,11.453866
1.0,38,11.468807
0.0,20,11.476554
1.0,11,11.480827
1.0,25,11.490465
1.0,31,11.502537
0.0,7,11.505291
1.0,11,11.509568
0.0,24,11.518926
1.0,29,11.530249
1.0,32,11.542675
1.0,13,11.547708
1.0,23,11.55657
0.0,4,11.558159
1.0,29,11.569811
1.0,11,11.574236
1.0,29,11.585818
0.0,17,11.592566
0.0,16,11.598866
0.0,2,11.599663
1.0,23,11.608657
1.0,39,11.623972
1.0,31,11.636165
0.0,9,11.63972
1.0,25,11.649279
1.0,29,11.660553
1.0,29,11.671942
0.0,2,11.672755
1.0,25,11.682493
1.0,29,11.69405
1.0,26,11.704477
1.0,11,11.708788
1.0,27,11.719275
1.0,33,11.732165
1.0,28,11.7432
1.0,13,11.748277
1.0,26,11.758383
0.0,8,11.76154
1.0,25,11.771541
1.0,11,11.77582
1.0,23,11.787007
1.0,34,11.800518
1.0,29,11.811786
1.0,11,11.816047
1.0,26,11.826258
1.0,32,11.838673
1.0,26,11.848923
1.0,14,11.854418
1.0,27,11.864815
0.0,26,11.874924
1.0,25,11.884787
1.0,11,11.889072
0.0,16,11.895241
1.0,29,11.90653
1.0,31,11.918726
1.0,11,11.922999
1.0,24,11.932312
1.0,34,11.945537
0.0,8,11.948687
1.0,11,11.952947
1.0,23,11.961829
0.0,2,11.962633
1.0,26,11.972804
1.0,13,11.977782
1.0,25,11.98758
1.0,30,11.999301
1.0,28,12.010164
1.0,15,12.01597
1.0,29,12.027076
1.0,31,12.039004
1.0,25,12.048714
1.0,13,12.053746
0.0,4,12.055313
0.0,9,12.058899
1.0,35,12.072446
1.0,12,12.077166
1.0,29,12.088226
1.0,29,12.099439
1.0,32,12.111863
1.0,13,12.116888
1.0,25,12.126529
1.0,29,12.137905
1.0,27,12.148512
1.0,13,12.153565
0.0,14,12.159042
1.0,34,12.172169
0.0,4,12.173766
1.0,11,12.178055
1.0,33,12.190973
1.0,33,12.20385
0.0,24,12.213013
0.0,6,12.215388
0.0,18,12.22244
1.0,32,12.234739
1.0,25,12.244599
1.0,11,12.248946
1.0,26,12.258974
1.0,30,12.2706
0.0,10,12.274565
1.0,13,12.279542
0.0,8,12.282697
0.0,19,12.290116
1.0,27,12.300711
1.0,13,12.305811
1.0,25,12.315491
1.0,33,12.328096
1.0,25,12.338004
1.0,12,12.342631
1.0,27,12.353369
1.0,29,12.364683
1.0,35,12.378222
1.0,11,12.382517
1.0,31,12.394454
1.0,31,12.406543
0.0,25,12.416314
1.0,12,12.421014
1.0,28,12.431836
0.0,9,12.435417
0.0,8,12.43857
1.0,14,12.443967
0.0,21,12.45213
1.0,32,12.464625
1.0,39,12.479925
1.0,11,12.484225
1.0,25,12.493865
1.0,36,12.507751
1.0,28,12.51867
0.0,7,12.521426
1.0,26,12.531543
1.0,29,12.542801
1.0,28,12.553761
1.0,15,12.55957
1.0,25,12.569256
0.0,24,12.578597
0.0,19,12.586144
1.0,11,12.59044
1.0,23,12.599343
0.0,16,12.605617
1.0,27,12.61616
1.0,13,12.621193
1.0,27,12.631374
1.0,39,12.646373
1.0,32,12.658729
1.0,11,12.66292
1.0,25,12.672496
1.0,35,12.685916
0.0,14,12.691356
1.0,11,12.695622
1.0,30,12.707099
0.0,7,12.709854
1.0,27,12.720309
1.0,13,12.725355
1.0,26,12.735175
1.0,33,12.747799
1.0,33,12.760668
1.0,14,12.765955
1.0,25,12.775602
1.0,38,12.790168
1.0,25,12.799803
0.0,4,12.801384
1.0,24,12.810564
0.0,18,12.817715
0.0,19,12.825079
1.0,11,12.829376
1.0,25,12.838886
1.0,27,12.849154
1.0,28,12.859953
1.0,11,12.864237
1.0,23,12.873003
1.0,30,12.884486
1.0,28,12.895427
1.0,11,12.899639
1.0,27,12.909749
1.0,35,12.92289
1.0,25,12.932811
1.0,13,12.937808
1.0,24,12.946905
1.0,38,12.961412
0.0,16,12.967574
1.0,11,12.971832
0.0,16,12.978076
0.0,16,12.984258
0.0,19,12.991476
1.0,11,12.995725
1.0,35,13.009043
1.0,30,13.020823
1.0,30,13.032448
1.0,11,13.036662
1.0,23,13.045463
0.0,46,13.063176
1.0,28,13.074192
1.0,13,13.079187
0.0,12,13.083794
1.0,37,13.097967
0.0,4,13.099499
1.0,15,13.105242
1.0,25,13.114807
1.0,36,13.12861
1.0,33,13.141256
0.0,8,13.144349
1.0,25,13.153985
1.0,32,13.166278
1.0,26,13.176315
1.0,11,13.180493
1.0,32,13.19244
1.0,32,13.204775
1.0,25,13.214506
1.0,17,13.221106
1.0,27,13.231497
0.0,11,13.235743
1.0,27,13.246168
1.0,13,13.25117
1.0,23,13.260074
1.0,31,13.271965
1.0,25,13.28189
1.0,11,13.286132
1.0,25,13.295671
0.0,11,13.299911
1.0,28,13.310869
1.0,12,13.315571
1.0,25,13.325604
1.0,30,13.337635
1.0,26,13.34809
1.0,15,13.353861
1.0,27,13.364645
1.0,37,13.379245
1.0,25,13.389241
1.0,11,13.393588
1.0,25,13.403528
1.0,37,13.418407
0.0,18,13.425708
1.0,14,13.431173
1.0,23,13.440395
1.0,29,13.452002
0.0,10,13.455989
1.0,11,13.460467
1.0,29,13.471888
1.0,37,13.486565
1.0,31,13.49891
1.0,11,13.503226
1.0,25,13.513136
1.0,31,13.525409
0.0,6,13.527794
1.0,16,13.534192
1.0,26,13.544467
1.0,44,13.561836
1.0,27,13.572507
1.0,11,13.576906
0.0,6,13.579302
0.0,21,13.587777
1.0,25,13.597721
1.0,13,13.602942
0.0,4,13.604577
0.0,6,13.606981
0.0,4,13.608662
1.0,11,13.612991
1.0,25,13.623017
1.0,33,13.63622
1.0,25,13.646387
1.0,13,13.651606
1.0,26,13.662118
1.0,39,13.67771
0.0,15,13.68365
1.0,11,13.688052
1.0,23,13.697099
1.0,36,13.711423
1.0,31,13.723871
1.0,14,13.729436
1.0,27,13.740039
0.0,30,13.752084
0.0,18,13.759242
1.0,11,13.763601
0.0,6,13.76608
1.0,33,13.779174
1.0,33,13.792425
1.0,13,13.797548
0.0,14,13.803128
1.0,44,13.820599
1.0,25,13.830478
1.0,11,13.834894
1.0,27,13.845811
1.0,31,13.8582
1.0,26,13.86858
1.0,11,13.873038
1.0,25,13.882938
1.0,32,13.895637
1.0,27,13.906531
1.0,11,13.911003
0.0,10,13.914937
0.0,16,13.921365
1.0,30,13.933341
1.0,13,13.938421
0.0,4,13.940086
1.0,35,13.954011
1.0,26,13.964359
1.0,13,13.969502
1.0,23,13.978562
0.0,4,13.98015
1.0,27,13.991014
1.0,13,13.996188
1.0,27,14.006782
1.0,33,14.019928
1.0,26,14.030281
1.0,14,14.035803
1.0,26,14.046157
1.0,29,14.057651
1.0,27,14.068405
1.0,11,14.072779
1.0,25,14.082804
1.0,31,14.095201
1.0,25,14.105025
1.0,11,14.109441
1.0,29,14.120982
1.0,33,14.133989
1.0,28,14.145266
0.0,6,14.147714
1.0,27,14.158457
0.0,4,14.160104
0.0,4,14.161714
1.0,11,14.166077
1.0,25,14.176016
1.0,31,14.188394
1.0,25,14.198424
1.0,11,14.202855
1.0,24,14.212475
0.0,11,14.216797
1.0,25,14.226835
1.0,11,14.231237
0.0,4,14.232855
0.0,11,14.237254
1.0,25,14.247134
1.0,11,14.251525
1.0,25,14.261577
1.0,31,14.273849
1.0,27,14.284713
1.0,12,14.289391
1.0,23,14.298511
1.0,31,14.310826
1.0,26,14.321393
1.0,13,14.326527
0.0,21,14.334934
1.0,32,14.347605
0.0,17,14.354427
1.0,13,14.359551
1.0,27,14.370355
1.0,38,14.385355
1.0,34,14.398964
0.0,9,14.402621
1.0,27,14.413218
1.0,35,14.427252
1.0,25,14.437466
1.0,11,14.441949
1.0,23,14.451107
0.0,20,14.459017
0.0,12,14.463802
1.0,11,14.468179
1.0,23,14.477395
1.0,33,14.490447
1.0,28,14.50174
0.0,6,14.504143
1.0,25,14.513997
1.0,34,14.52755
1.0,25,14.537497
1.0,11,14.541857
1.0,26,14.552145
1.0,30,14.564078
1.0,27,14.575034
1.0,11,14.579409
1.0,25,14.589414
0.0,4,14.59103
1.0,25,14.601079
1.0,11,14.605469
1.0,28,14.616335
0.0,36,14.630647
1.0,30,14.64268
1.0,12,14.64738
1.0,25,14.657411
0.0,24,14.666816
0.0,14,14.672395
1.0,11,14.676745
1.0,26,14.68699
1.0,33,14.699944
1.0,25,14.709914
1.0,13,14.714906
1.0,24,14.724381
1.0,34,14.737817
1.0,27,14.748687
1.0,13,14.753875
0.0,16,14.760132
1.0,37,14.774699
1.0,29,14.786211
1.0,11,14.790595
1.0,29,14.802041
1.0,37,14.816564
0.0,14,14.82223
1.0,11,14.826523
1.0,27,14.837058
1.0,34,14.850463
0.0,19,14.858171
1.0,12,14.862862
1.0,23,14.872025
1.0,38,14.887156
1.0,31,14.899514
1.0,12,14.904357
1.0,26,14.914565
1.0,31,14.926939
0.0,21,14.935283
1.0,13,14.940418
1.0,25,14.950391
1.0,32,14.962958
1.0,29,14.974514
1.0,13,14.979532
0.0,31,14.991562
1.0,31,15.003776
1.0,25,15.013731
1.0,11,15.01805
1.0,27,15.028624
0.0,12,15.033393
0.0,19,15.040966
1.0,13,15.046037
1.0,23,15.055046
1.0,34,15.068427
1.0,25,15.078308
0.0,10,15.082293
0.0,12,15.087059
1.0,29,15.098454
1.0,25,15.108367
1.0,11,15.112686
1.0,25,15.122401
0.0,19,15.129858
1.0,29,15.141392
0.0,9,15.144975
1.0,31,15.15717
0.0,29,15.168524
1.0,26,15.178584
1.0,13,15.183635
1.0,23,15.192568
0.0,6,15.194955
1.0,27,15.205583
1.0,12,15.210249
1.0,25,15.220095
1.0,32,15.232592
1.0,27,15.243251
1.0,16,15.249457
1.0,23,15.258497
0.0,2,15.25929
1.0,27,15.269985
0.0,4,15.271587
1.0,23,15.280528
1.0,31,15.292578
1.0,27,15.303011
1.0,12,15.307602
1.0,29,15.318921
0.0,8,15.322112
1.0,28,15.333238
1.0,13,15.338312
1.0,24,15.347753
1.0,33,15.360518
1.0,29,15.371848
0.0,2,15.372687
1.0,32,15.385165
1.0,35,15.398795
1.0,29,15.41017
0.0,2,15.410979
0.0,8,15.41415
1.0,44,15.431191
1.0,29,15.442697
1.0,12,15.447336
1.0,25,15.45706
1.0,39,15.472181
0.0,8,15.475365
1.0,11,15.479656
1.0,25,15.489363
1.0,30,15.501063
0.0,18,15.508009
1.0,13,15.513088
0.0,14,15.518514
0.0,20,15.52641
1.0,25,15.536265
1.0,11,15.540597
0.0,4,15.54216
1.0,35,15.556047
1.0,28,15.567094
1.0,11,15.571398
0.0,19,15.578794
1.0,31,15.590947
1.0,27,15.601657
1.0,15,15.607464
1.0,28,15.61843
0.0,7,15.621227
1.0,29,15.632674
1.0,11,15.636993
0.0,4,15.638584
1.0,31,15.650711
1.0,25,15.660513
1.0,13,15.665573
1.0,29,15.676837
1.0,32,15.689359
0.0,8,15.692549
1.0,11,15.696852
1.0,27,15.707421
0.0,2,15.708231
1.0,25,15.718044
0.0,7,15.720841
1.0,25,15.730452
1.0,30,15.742145
1.0,27,15.752784
1.0,11,15.757083
0.0,18,15.763942
1.0,32,15.77628
1.0,28,15.78735
1.0,11,15.791654
0.0,13,15.796751
1.0,29,15.808021
1.0,29,15.819472
1.0,12,15.824156
0.0,14,15.829716
1.0,29,15.841067
0.0,8,15.844168
1.0,11,15.84851
1.0,23,15.857431
1.0,35,15.870927
1.0,27,15.88176
1.0,11,15.886074
1.0,23,15.895143
1.0,31,15.90729
1.0,25,15.917103
1.0,15,15.922936
1.0,27,15.933482
1.0,33,15.946404
1.0,31,15.958623
0.0,6,15.961032
1.0,23,15.969967
1.0,32,15.982489
1.0,33,15.995378
1.0,11,15.999695
0.0,19,16.007034
1.0,31,16.019192
1.0,25,16.029035
1.0,11,16.033363
1.0,25,16.04327
1.0,31,16.055454
1.0,29,16.066868
1.0,16,16.073134
1.0,25,16.083038
0.0,9,16.086621
0.0,18,16.093703
1.0,11,16.098003
0.0,6,16.100431
1.0,32,16.112992
1.0,27,16.12354
1.0,11,16.127855
1.0,30,16.139462
1.0,33,16.152357
1.0,27,16.163056
1.0,14,16.168408
1.0,24,16.177778
0.0,28,16.188983
0.0,17,16.195763
1.0,11,16.200176
0.0,6,16.202688
0.0,2,16.203487
1.0,29,16.21497
1.0,13,16.220106
1.0,26,16.230366
1.0,33,16.243442
1.0,37,16.257853
1.0,11,16.262187
1.0,30,16.273733
1.0,25,16.283637
1.0,30,16.295547
0.0,2,16.296389
0.0,22,16.304928
0.0,8,16.308096
1.0,32,16.320705
0.0,2,16.321513
0.0,19,16.329082
1.0,41,16.345233
1.0,29,16.356683
1.0,13,16.361729
1.0,27,16.372315
1.0,32,16.385069
1.0,29,16.396935
1.0,14,16.402469
1.0,29,16.413961
1.0,34,16.427386
1.0,34,16.441106
1.0,15,16.447103
1.0,23,16.45613
1.0,34,16.46979
0.0,19,16.477317
0.0,8,16.480553
1.0,26,16.490856
1.0,36,16.505183
1.0,27,16.515772
1.0,14,16.521257
1.0,23,16.530199
1.0,32,16.542697
1.0,30,16.554689
1.0,11,16.559012
0.0,23,16.567951
0.0,4,16.569568
1.0,29,16.580958
0.0,7,16.583812
0.0,4,16.585433
1.0,34,16.598388
1.0,27,16.60906
1.0,13,16.614294
0.0,10,16.618339
0.0,10,16.622268
1.0,27,16.632823
1.0,12,16.637376
1.0,23,16.646381
1.0,34,16.659672
1.0,27,16.670384
1.0,11,16.674742
1.0,25,16.684473
1.0,29,16.696197
0.0,6,16.698652
1.0,11,16.70304
0.0,14,16.708604
1.0,34,16.721925
1.0,25,16.731938
0.0,9,16.735592
1.0,25,16.745446
1.0,35,16.75929
1.0,29,16.770904
1.0,13,16.776075
1.0,25,16.78626
1.0,31,16.798741
1.0,25,16.808959
0.0,6,16.811406
1.0,26,16.821875
0.0,13,16.827137
1.0,29,16.839058
1.0,13,16.844404
1.0,24,16.854202
1.0,35,16.868313
1.0,25,16.878664
1.0,12,16.883471
1.0,31,16.896004
1.0,31,16.908628
1.0,27,16.919672
1.0,11,16.924139
1.0,31,16.936369
1.0,33,16.949243
1.0,34,16.962376
1.0,13,16.967392
1.0,23,16.976237
0.0,8,16.979393
1.0,25,16.989158
0.0,13,16.994125
0.0,8,16.997168
1.0,31,17.008899
0.0,19,17.016045
1.0,11,17.020291
0.0,6,17.022592
0.0,19,17.029885
1.0,27,17.040435
0.0,6,17.042781
1.0,25,17.05255
1.0,34,17.067843
1.0,25,17.077847
1.0,11,17.082198
1.0,23,17.091254
1.0,36,17.10546
1.0,31,17.117697
1.0,11,17.122001
1.0,25,17.131792
1.0,29,17.143216
0.0,4,17.144842
1.0,11,17.149264
0.0,18,17.156641
0.0,2,17.157476
1.0,31,17.170055
1.0,11,17.174504
1.0,23,17.183694
1.0,31,17.196205
1.0,25,17.206431
1.0,11,17.210957
1.0,25,17.221117
1.0,31,17.233732
1.0,26,17.244498
1.0,15,17.25047
1.0,23,17.25972
0.0,17,17.266642
1.0,30,17.278644
1.0,11,17.28313
0.0,10,17.287142
1.0,30,17.299259
1.0,29,17.311095
1.0,11,17.31554
1.0,23,17.324903
1.0,30,17.337156
1.0,27,17.34803
1.0,12,17.352661
1.0,25,17.362295
0.0,4,17.363854
1.0,25,17.373706
1.0,11,17.377958
1.0,23,17.386804
1.0,35,17.400199
0.0,20,17.407891
1.0,13,17.412782
1.0,26,17.422712
0.0,6,17.425042
1.0,29,17.436184
1.0,11,17.440474
1.0,23,17.449236
1.0,29,17.460257
1.0,27,17.470766
1.0,11,17.475002
1.0,31,17.486918
1.0,30,17.498262
1.0,26,17.508247
1.0,11,17.512551
1.0,23,17.521199
0.0,9,17.524714
1.0,25,17.534517
1.0,13,17.539453
1.0,23,17.547993
1.0,34,17.560779
1.0,26,17.570604
1.0,13,17.5754
1.0,23,17.5839
1.0,32,17.595828
1.0,25,17.605589
1.0,11,17.609821
1.0,25,17.619166
1.0,31,17.631043
1.0,32,17.643305
1.0,11,17.647484
1.0,23,17.656138
1.0,33,17.668826
0.0,23,17.677809
1.0,11,17.681987
1.0,27,17.692253
0.0,27,17.702601
1.0,27,17.713171
1.0,11,17.717373
1.0,23,17.726282
1.0,34,17.739107
1.0,28,17.749868
0.0,6,17.752162
1.0,24,17.761407
1.0,31,17.773211
1.0,27,17.78354
1.0,11,17.787794
1.0,25,17.797325
1.0,29,17.808527
1.0,35,17.821835
1.0,14,17.827113
0.0,6,17.829489
0.0,9,17.832993
1.0,35,17.846598
1.0,11,17.850821
1.0,23,17.859534
0.0,19,17.866917
1.0,27,17.877402
1.0,11,17.881657
0.0,17,17.888339
0.0,18,17.89532
1.0,26,17.905217
1.0,11,17.909391
1.0,26,17.919332
1.0,29,17.930423
1.0,25,17.939928
1.0,14,17.945258
1.0,29,17.955988
1.0,33,17.968455
1.0,27,17.97893
1.0,13,17.984021
1.0,24,17.993405
0.0,8,17.996618
1.0,25,18.006555
1.0,12,18.011251
1.0,30,18.022945
1.0,34,18.036298
1.0,31,18.048753
1.0,13,18.053993
1.0,26,18.064565
1.0,35,18.078885
1.0,29,18.090833
0.0,4,18.092439
1.0,23,18.1015
1.0,35,18.115079
1.0,27,18.125654
0.0,9,18.129139
1.0,27,18.139299
1.0,30,18.150755
0.0,12,18.15535
1.0,13,18.160247
1.0,23,18.16908
1.0,41,18.184695
1.0,27,18.194794
1.0,11,18.19898
1.0,27,18.209132
1.0,35,18.222219
1.0,25,18.231578
1.0,11,18.235775
0.0,8,18.238857
1.0,35,18.251778
0.0,12,18.256433
1.0,11,18.260623
1.0,24,18.269765
1.0,32,18.281979
1.0,26,18.291711
1.0,12,18.29621
1.0,25,18.305704
1.0,31,18.317414
1.0,28,18.328054
1.0,11,18.332248
1.0,23,18.341067
0.0,2,18.341863
1.0,25,18.351523
1.0,12,18.355933
1.0,25,18.365423
1.0,32,18.377367
1.0,32,18.389359
1.0,11,18.393419
1.0,23,18.401897
1.0,34,18.414494
1.0,31,18.426275
0.0,9,18.429674
1.0,25,18.439007
1.0,31,18.450635
1.0,29,18.461696
1.0,12,18.466154
1.0,23,18.474742
1.0,37,18.48854
1.0,27,18.499144
1.0,12,18.503729
1.0,29,18.514839
1.0,30,18.526369
1.0,25,18.535987
1.0,11,18.54013
0.0,19,18.547424
0.0,15,18.553132
0.0,4,18.554723
1.0,13,18.559703
1.0,25,18.569196
1.0,33,18.58193
0.0,25,18.591601
1.0,11,18.595776
1.0,27,18.606095
1.0,29,18.617167
1.0,25,18.626711
0.0,8,18.629881
1.0,23,18.638528
1.0,32,18.650741
1.0,29,18.661869
1.0,11,18.666057
1.0,23,18.674861
1.0,33,18.687448
1.0,32,18.699658
1.0,11,18.703918
0.0,6,18.706269
0.0,11,18.710515
1.0,29,18.721581
1.0,11,18.725847
1.0,27,18.736354
1.0,29,18.747521
1.0,25,18.757321
1.0,16,18.763334
1.0,25,18.772863
1.0,31,18.784798
1.0,29,18.796006
1.0,13,18.800923
1.0,23,18.809869
1.0,32,18.822127
1.0,27,18.832758
1.0,11,18.836996
1.0,29,18.848061
1.0,31,18.859929
1.0,25,18.869587
1.0,11,18.87388
1.0,23,18.882594
1.0,31,18.894416
0.0,18,18.901464
1.0,11,18.905643
0.0,16,18.911739
1.0,31,18.923535
1.0,33,18.93631
1.0,11,18.940513
1.0,27,18.950793
1.0,33,18.963229
1.0,27,18.973682
1.0,11,18.977894
1.0,23,18.986694
1.0,35,19.000056
1.0,25,19.009657
1.0,13,19.014598
0.0,19,19.021891
1.0,31,19.033762
1.0,31,19.045677
1.0,13,19.050581
1.0,25,19.060176
0.0,2,19.061001
1.0,28,19.071852
1.0,12,19.076524
1.0,23,19.085404
1.0,31,19.097442
0.0,16,19.103703
1.0,13,19.108771
1.0,24,19.118002
0.0,25,19.127724
1.0,33,19.140461
1.0,13,19.145321
1.0,23,19.153929
1.0,31,19.165403
1.0,25,19.174821
1.0,13,19.17969
1.0,29,19.190596
0.0,6,19.192889
0.0,25,19.202269
1.0,11,19.206345
1.0,29,19.217291
1.0,29,19.228125
0.0,15,19.233874
1.0,11,19.237959
1.0,24,19.246868
1.0,35,19.259815
1.0,27,19.27044
0.0,9,19.274346
1.0,23,19.284069
1.0,31,19.295967
1.0,27,19.30629
1.0,11,19.310728
0.0,13,19.315973
1.0,33,19.328862
1.0,25,19.339177
1.0,12,19.344153
1.0,27,19.355044
0.0,4,19.356696
1.0,31,19.369174
1.0,11,19.373674
1.0,27,19.384197
1.0,33,19.39741
0.0,18,19.404682
1.0,11,19.409055
1.0,27,19.419594
1.0,31,19.432035
1.0,30,19.444267
1.0,19,19.451702
1.0,23,19.460949
1.0,37,19.475579
1.0,31,19.487792
1.0,14,19.493379
1.0,28,19.504534
0.0,32,19.517334
1.0,27,19.528131
1.0,11,19.532491
0.0,25,19.542487
1.0,35,19.556539
1.0,25,19.566643
1.0,13,19.571839
1.0,33,19.584922
1.0,37,19.599549
1.0,26,19.610129
1.0,14,19.615647
1.0,23,19.625129
1.0,35,19.639485
1.0,25,19.650005
1.0,11,19.654575
1.0,26,19.665243
1.0,36,19.680169
1.0,28,19.691953
1.0,11,19.696548
1.0,23,19.706108
1.0,31,19.718997
1.0,37,19.734336
1.0,13,19.739727
1.0,23,19.749631
1.0,32,19.762695
1.0,28,19.77442
1.0,11,19.778981
1.0,25,19.789346
1.0,29,19.801336
1.0,27,19.812694
1.0,12,19.817689
0.0,4,19.819397
0.0,30,19.831834
1.0,35,19.846603
1.0,13,19.851893
1.0,25,19.862333
1.0,34,19.876209
1.0,25,19.886715
1.0,12,19.89163
1.0,25,19.901929
1.0,35,19.91658
0.0,12,19.921656
1.0,11,19.926108
1.0,23,19.935568
1.0,33,19.949184
1.0,25,19.959793
1.0,17,19.966925
1.0,28,19.978508
0.0,6,19.981043
1.0,25,19.991477
1.0,13,19.996908
1.0,32,20.010125
1.0,34,20.024546
1.0,28,20.036528
1.0,13,20.042007
1.0,28,20.05358
0.0,14,20.058968
1.0,29,20.071036
1.0,11,20.075349
1.0,23,20.084434
0.0,15,20.090469
1.0,26,20.101387
1.0,11,20.105742
0.0,6,20.10808
1.0,37,20.123263
1.0,25,20.13309
1.0,13,20.138136
1.0,28,20.148696
0.0,4,20.150304
1.0,27,20.160923
1.0,16,20.16691
0.0,4,20.168472
1.0,37,20.182247
1.0,25,20.19174
1.0,11,20.195814
1.0,36,20.209224
1.0,30,20.220624
1.0,27,20.23083
0.0,7,20.233634
1.0,23,20.24223
1.0,33,20.254629
1.0,25,20.264013
0.0,4,20.265637
1.0,31,20.277207
1.0,32,20.289175
1.0,28,20.299767
1.0,12,20.304249
1.0,24,20.313359
1.0,41,20.328424
1.0,25,20.337899
1.0,13,20.342751
0.0,11,20.346905
1.0,32,20.358775
1.0,27,20.368972
1.0,11,20.373015
1.0,25,20.382088
1.0,33,20.394082
0.0,23,20.402636
1.0,11,20.406719
0.0,11,20.410876
0.0,15,20.416474
0.0,4,20.418029
1.0,11,20.422119
1.0,27,20.431957
1.0,30,20.443101
0.0,21,20.450803
0.0,11,20.454882
1.0,25,20.464076
1.0,34,20.476606
1.0,25,20.485936
1.0,11,20.489962
1.0,27,20.499726
1.0,32,20.511431
1.0,27,20.521458
1.0,11,20.525496
1.0,26,20.535025
1.0,32,20.546687
1.0,27,20.556674
1.0,11,20.560687
1.0,26,20.570348
1.0,30,20.581321
1.0,25,20.590589
1.0,11,20.594622
1.0,25,20.603801
1.0,34,20.616201
1.0,27,20.626107
1.0,11,20.630141
1.0,28,20.640238
1.0,34,20.652589
0.0,4,20.654083
1.0,13,20.658822
1.0,24,20.667733
0.0,25,20.676981
1.0,28,20.6875
1.0,11,20.691624
1.0,25,20.701211
0.0,21,20.709173
1.0,26,20.719025
1.0,14,20.724232
1.0,25,20.733627
1.0,30,20.744761
1.0,29,20.755497
1.0,11,20.759656
1.0,25,20.768956
1.0,34,20.781376
1.0,32,20.793269
1.0,11,20.797509
1.0,29,20.808348
1.0,32,20.820289
1.0,25,20.829533
1.0,12,20.833935
1.0,26,20.843374
1.0,36,20.856649
1.0,27,20.866646
0.0,7,20.869262
1.0,24,20.87816
1.0,30,20.889159
0.0,19,20.896081
1.0,11,20.900165
1.0,23,20.908648
1.0,35,20.921477
1.0,27,20.931738
1.0,11,20.93599
1.0,28,20.946609
1.0,34,20.95957
1.0,29,20.970679
1.0,13,20.975725
1.0,25,20.985302
1.0,34,20.998357
1.0,33,21.010956
1.0,13,21.015901
1.0,25,21.025577
1.0,31,21.037431
1.0,29,21.048676
1.0,15,21.054383
1.0,26,21.064153
1.0,36,21.078028
1.0,30,21.089609
0.0,9,21.093089
1.0,27,21.103429
1.0,30,21.114949
1.0,28,21.125706
1.0,11,21.129916
1.0,24,21.138988
1.0,36,21.152792
0.0,21,21.160904
1.0,14,21.166206
1.0,29,21.177274
1.0,31,21.189249
1.0,27,21.199536
1.0,11,21.20383
1.0,26,21.213667
1.0,35,21.227021
1.0,31,21.239012
1.0,12,21.243655
1.0,23,21.252415
0.0,10,21.256276
1.0,35,21.269732
1.0,12,21.274353
1.0,25,21.283918
1.0,30,21.295408
1.0,25,21.305005
1.0,11,21.30921
1.0,24,21.318365
0.0,17,21.324833
1.0,29,21.336035
1.0,11,21.340243
0.0,16,21.346394
0.0,8,21.349485
0.0,17,21.356133
1.0,11,21.360371
1.0,25,21.369965
1.0,33,21.382664
1.0,27,21.3931
0.0,4,21.39466
0.0,23,21.403541
0.0,8,21.40662
1.0,29,21.417884
1.0,11,21.422088
1.0,27,21.432387
0.0,17,21.438956
0.0,4,21.44055
1.0,13,21.445522
1.0,31,21.457247
1.0,34,21.470374
1.0,27,21.4809
1.0,13,21.485925
1.0,26,21.495908
1.0,34,21.508823
1.0,27,21.519224
0.0,7,21.521936
1.0,27,21.532321
1.0,32,21.544575
1.0,29,21.555917
1.0,11,21.560186
1.0,25,21.569908
0.0,10,21.573877
0.0,16,21.580099
1.0,13,21.585162
1.0,24,21.594434
0.0,10,21.598299
1.0,33,21.611179
1.0,13,21.616136
1.0,23,21.625046
0.0,2,21.625848
1.0,27,21.636457
1.0,11,21.64077
1.0,25,21.650487
1.0,36,21.664587
1.0,31,21.676854
1.0,13,21.681931
1.0,25,21.691834
1.0,41,21.708058
1.0,27,21.718819
1.0,15,21.724802
1.0,27,21.735184
1.0,42,21.751206
0.0,23,21.759923
1.0,12,21.764544
1.0,23,21.773313
1.0,32,21.785533
1.0,25,21.795399
1.0,11,21.799593
1.0,26,21.809476
1.0,40,21.824718
1.0,25,21.834317
1.0,11,21.838525
1.0,23,21.847374
1.0,36,21.861063
0.0,14,21.866421
1.0,12,21.871088
1.0,23,21.879803
1.0,30,21.891306
0.0,7,21.894053
1.0,14,21.899367
1.0,23,21.908262
0.0,25,21.917965
1.0,25,21.927708
1.0,11,21.931965
1.0,23,21.94086
1.0,32,21.953107
1.0,37,21.967371
1.0,13,21.972391
0.0,22,21.980858
1.0,32,21.993178
1.0,27,22.003725
0.0,4,22.005315
1.0,23,22.014169
0.0,30,22.025758
1.0,31,22.037662
0.0,2,22.038468
1.0,25,22.047926
1.0,32,22.060174
1.0,28,22.071072
1.0,11,22.075277
1.0,29,22.086339
1.0,32,22.098587
1.0,31,22.110466
1.0,14,22.115767
1.0,23,22.124621
0.0,15,22.130462
1.0,26,22.140543
1.0,11,22.144794
0.0,16,22.150838
1.0,35,22.164143
1.0,30,22.175653
1.0,11,22.179863
0.0,18,22.186836
1.0,37,22.201175
1.0,28,22.212011
1.0,13,22.217001
1.0,23,22.2259
0.0,18,22.232839
0.0,16,22.239167
1.0,11,22.24333
1.0,27,22.253726
0.0,9,22.257212
1.0,27,22.267685
1.0,12,22.272155
1.0,26,22.282074
1.0,32,22.29439
0.0,16,22.300569
1.0,11,22.304785
1.0,29,22.315788
1.0,30,22.327287
0.0,22,22.335799
1.0,11,22.34001
0.0,21,22.348072
1.0,40,22.363503
1.0,29,22.374737
1.0,13,22.379719
1.0,23,22.388577
1.0,32,22.400875
0.0,20,22.408641
1.0,13,22.413667
1.0,23,22.422597
1.0,33,22.435437
1.0,27,22.446162
1.0,13,22.451289
1.0,27,22.461965
0.0,19,22.469521
0.0,4,22.471111
0.0,4,22.472732
1.0,31,22.48475
1.0,33,22.497477
1.0,28,22.508377
1.0,11,22.512671
1.0,25,22.522334
0.0,4,22.523892
1.0,27,22.534421
1.0,13,22.539496
1.0,25,22.549165
0.0,12,22.553874
1.0,25,22.56369
0.0,6,22.566068
1.0,24,22.575232
1.0,32,22.587579
1.0,27,22.598143
1.0,13,22.603183
1.0,25,22.612905
1.0,34,22.626034
1.0,35,22.639337
1.0,11,22.643564
1.0,25,22.653151
1.0,31,22.665159
1.0,26,22.675405
1.0,13,22.680456
1.0,24,22.689585
1.0,34,22.702621
1.0,27,22.713103
1.0,11,22.717374
1.0,25,22.726969
0.0,7,22.729751
1.0,25,22.739561
0.0,4,22.741147
1.0,29,22.752358
1.0,35,22.765885
1.0,25,22.77564
0.0,4,22.777247
1.0,24,22.786544
1.0,29,22.797668
0.0,21,22.805718
1.0,12,22.810411
1.0,26,22.820384
1.0,29,22.831592
0.0,4,22.833162
1.0,13,22.838063
1.0,23,22.846913
1.0,33,22.859513
1.0,27,22.869928
1.0,13,22.874899
1.0,25,22.884413
1.0,29,22.895654
1.0,27,22.906215
1.0,11,22.910468
1.0,27,22.92084
1.0,31,22.932828
0.0,8,22.935897
1.0,11,22.940133
0.0,12,22.944785
1.0,32,22.957073
1.0,30,22.968781
0.0,2,22.969585
1.0,26,22.979531
1.0,32,22.991867
1.0,28,23.002786
1.0,11,23.007064
1.0,29,23.018385
1.0,29,23.029631
0.0,6,23.03195
1.0,13,23.036977
1.0,24,23.046216
1.0,31,23.058253
0.0,4,23.059853
1.0,11,23.064145
1.0,27,23.074547
1.0,33,23.087339
1.0,25,23.097175
0.0,2,23.097977
0.0,16,23.104197
1.0,35,23.117715
1.0,26,23.127867
1.0,11,23.132144
1.0,27,23.142619
1.0,34,23.155703
0.0,11,23.160016
1.0,11,23.164256
1.0,25,23.173877
0.0,31,23.185915
1.0,27,23.196444
1.0,12,23.201142
0.0,12,23.205848
1.0,33,23.218626
0.0,16,23.224825
1.0,12,23.229449
1.0,23,23.23838
1.0,31,23.250217
1.0,26,23.260429
1.0,11,23.264684
1.0,25,23.274221
1.0,33,23.286978
0.0,8,23.290117
1.0,11,23.294392
1.0,25,23.30395
0.0,6,23.30633
1.0,26,23.316423
0.0,4,23.318038
0.0,8,23.32117
1.0,32,23.333533
1.0,27,23.34414
0.0,2,23.344947
1.0,24,23.354221
1.0,31,23.366042
1.0,27,23.37618
1.0,11,23.380313
0.0,18,23.386988
1.0,33,23.398957
1.0,31,23.410451
1.0,15,23.415923
1.0,25,23.425317
0.0,28,23.435596
1.0,26,23.445168
1.0,11,23.449318
1.0,25,23.458469
0.0,6,23.460801
1.0,33,23.473043
1.0,11,23.477256
1.0,25,23.48645
1.0,35,23.499251
1.0,29,23.510066
1.0,11,23.514205
1.0,23,23.522885
1.0,39,23.537079
1.0,25,23.546599
1.0,13,23.551454
1.0,25,23.560556
1.0,35,23.573346
1.0,25,23.582908
1.0,13,23.587729
1.0,29,23.598393
1.0,31,23.609773
1.0,30,23.620975
1.0,11,23.625175
1.0,24,23.634097
0.0,26,23.643751
1.0,31,23.655229
0.0,2,23.65599
1.0,24,23.665168
0.0,13,23.669989
1.0,28,23.680306
1.0,12,23.684725
1.0,23,23.693152
1.0,29,23.703836
1.0,29,23.714617
1.0,11,23.718706
0.0,19,23.725923
1.0,32,23.737696
0.0,4,23.739202
1.0,12,23.743495
0.0,18,23.750142
1.0,35,23.763077
1.0,29,23.773727
1.0,11,23.777786
0.0,15,23.783332
1.0,39,23.797585
1.0,28,23.807841
1.0,11,23.811895
1.0,26,23.821594
1.0,32,23.833495
1.0,32,23.845337
1.0,12,23.849733
1.0,23,23.858279
1.0,31,23.869638
1.0,25,23.878927
1.0,11,23.882979
1.0,24,23.891791
0.0,31,23.903488
1.0,28,23.914147
1.0,11,23.918263
1.0,26,23.930371
0.0,19,23.937749
1.0,25,23.947461
1.0,13,23.952229
1.0,25,23.961637
1.0,32,23.973682
1.0,32,23.985836
1.0,11,23.98991
1.0,23,23.99871
1.0,31,24.010544
1.0,27,24.020933
1.0,14,24.026235
1.0,28,24.036975
1.0,33,24.049748
1.0,27,24.060271
0.0,9,24.063828
1.0,29,24.074992
1.0,30,24.086641
1.0,33,24.099504
1.0,11,24.103741
1.0,25,24.113034
1.0,30,24.123979
1.0,27,24.133896
1.0,11,24.137922
1.0,23,24.146393
1.0,25,24.155602
1.0,26,24.165224
1.0,11,24.169307
1.0,25,24.178504
1.0,35,24.191427
0.0,16,24.19733
1.0,14,24.202364
0.0,19,24.209369
1.0,34,24.222044
1.0,26,24.231609
1.0,11,24.235712
0.0,8,24.238841
1.0,34,24.251457
1.0,29,24.262225
1.0,11,24.266298
0.0,16,24.272183
1.0,37,24.285941
1.0,26,24.295597
1.0,11,24.299729
1.0,23,24.308254
1.0,30,24.319245
1.0,36,24.332434
1.0,13,24.337237
1.0,30,24.348161
0.0,4,24.349648
1.0,25,24.359013
1.0,11,24.363078
1.0,28,24.373479
0.0,7,24.376105
1.0,29,24.386879
0.0,4,24.388351
1.0,27,24.398263
0.0,4,24.39976
1.0,25,24.409083
1.0,11,24.41312
1.0,24,24.422047
1.0,31,24.434034
1.0,37,24.448327
1.0,15,24.453864
1.0,26,24.463418
1.0,35,24.476279
1.0,30,24.487309
0.0,9,24.490756
1.0,25,24.499975
1.0,32,24.511621
1.0,27,24.521536
1.0,14,24.526639
1.0,23,24.535008
1.0,31,24.546416
1.0,25,24.555769
1.0,13,24.56058
1.0,23,24.569025
1.0,31,24.580517
1.0,25,24.589877
1.0,12,24.59449
1.0,25,24.604203
1.0,35,24.617818
1.0,29,24.629119
1.0,13,24.634081
1.0,23,24.642962
1.0,37,24.65719
1.0,27,24.667608
0.0,8,24.670682
1.0,23,24.679419
0.0,2,24.680247
0.0,16,24.686556
1.0,11,24.690997
1.0,26,24.700908
1.0,31,24.712916
1.0,27,24.723302
1.0,13,24.728329
1.0,25,24.73788
1.0,32,24.750043
1.0,29,24.761322
1.0,11,24.765572
1.0,29,24.776866
1.0,35,24.790395
1.0,34,24.803525
1.0,11,24.807721
1.0,26,24.817911
1.0,33,24.830531
1.0,26,24.840644
1.0,16,24.846793
1.0,23,24.855714
0.0,11,24.859936
1.0,29,24.871143
1.0,11,24.875306
1.0,26,24.885159
1.0,37,24.899292
0.0,21,24.907342
1.0,11,24.911669
1.0,27,24.921953
0.0,10,24.925912
0.0,19,24.933249
1.0,11,24.937479
0.0,26,24.947417
1.0,31,24.959295
0.0,23,24.968061
1.0,15,24.973835
1.0,25,24.983289
1.0,31,24.995318
1.0,30,25.006865
1.0,11,25.011068
1.0,25,25.020714
0.0,31,25.032522
1.0,27,25.043037
0.0,10,25.04688
1.0,23,25.05592
1.0,29,25.066962
1.0,25,25.0767
1.0,11,25.080919
1.0,25,25.090468
1.0,33,25.102941
1.0,30,25.114424
1.0,11,25.11874
0.0,6,25.121101
1.0,38,25.135399
1.0,25,25.145224
1.0,12,25.149827
0.0,6,25.152136
0.0,6,25.154474
1.0,27,25.164855
1.0,11,25.169094
0.0,4,25.170651
0.0,9,25.174065
1.0,30,25.185489
1.0,11,25.189754
0.0,8,25.192731
1.0,30,25.204041
0.0,20,25.211627
1.0,12,25.216228
0.0,19,25.223321
1.0,32,25.235228
1.0,33,25.247869
1.0,13,25.252776
1.0,23,25.261623
0.0,8,25.264715
0.0,6,25.266923
1.0,11,25.270953
1.0,24,25.280054
1.0,32,25.29187
1.0,35,25.305243
1.0,11,25.309359
1.0,25,25.318748
1.0,37,25.332667
0.0,6,25.334993
1.0,11,25.33927
1.0,23,25.347967
1.0,30,25.359303
1.0,26,25.36947
1.0,12,25.374013
0.0,8,25.377059
1.0,33,25.389599
1.0,25,25.399246
1.0,14,25.404735
1.0,23,25.413471
1.0,34,25.426339
1.0,29,25.437312
1.0,12,25.441907
0.0,6,25.444231
0.0,4,25.445776
1.0,33,25.458206
1.0,11,25.462615
1.0,29,25.473458
1.0,34,25.486241
0.0,23,25.494942
1.0,12,25.499464
0.0,16,25.505434
1.0,33,25.517729
0.0,17,25.524156
0.0,7,25.526884
1.0,25,25.536323
1.0,33,25.548836
1.0,25,25.558394
1.0,11,25.562529
1.0,25,25.571963
1.0,32,25.58406
0.0,21,25.591743
0.0,9,25.59519
1.0,27,25.605226
1.0,36,25.618855
1.0,29,25.630129
1.0,15,25.635775
0.0,17,25.642177
1.0,32,25.654244
1.0,32,25.666486
1.0,16,25.672464
1.0,31,25.683975
1.0,35,25.697321
1.0,27,25.707397
1.0,11,25.711615
1.0,29,25.722503
1.0,37,25.736562
1.0,30,25.747952
1.0,11,25.752089
1.0,28,25.762437
1.0,31,25.774088
1.0,27,25.784433
1.0,11,25.788557
0.0,12,25.793153
1.0,31,25.80477
1.0,33,25.817032
1.0,11,25.821261
1.0,27,25.831575
1.0,37,25.845805
1.0,27,25.856183
1.0,11,25.860457
1.0,23,25.869377
1.0,31,25.881297
1.0,28,25.892115
1.0,11,25.896469
1.0,23,25.90545
1.0,32,25.917666
1.0,31,25.929542
1.0,13,25.934424
1.0,23,25.943344
1.0,34,25.956473
1.0,25,25.966366
1.0,15,25.971872
1.0,30,25.983175
1.0,39,25.99802
1.0,27,26.008471
1.0,11,26.012614
1.0,23,26.021485
1.0,38,26.035674
1.0,27,26.046216
1.0,11,26.050476
0.0,21,26.058668
1.0,32,26.07093
1.0,25,26.080676
0.0,9,26.084034
1.0,23,26.092749
1.0,34,26.10584
1.0,29,26.117141
1.0,11,26.121347
1.0,25,26.130705
1.0,35,26.143786
1.0,28,26.154402
1.0,16,26.160441
1.0,23,26.169212
1.0,29,26.180148
0.0,18,26.187086
1.0,15,26.1928
1.0,26,26.202495
0.0,9,26.205895
1.0,27,26.21633
0.0,2,26.217176
0.0,14,26.222548
0.0,27,26.232953
1.0,27,26.24322
1.0,12,26.247611
0.0,6,26.249892
1.0,30,26.261379
1.0,27,26.271736
1.0,11,26.275824
1.0,31,26.287597
1.0,41,26.303056
1.0,32,26.315133
1.0,11,26.319147
1.0,27,26.329161
1.0,32,26.341356
1.0,27,26.351749
0.0,7,26.354439
1.0,25,26.363875
1.0,31,26.375798
1.0,31,26.387682
1.0,11,26.39195
1.0,25,26.401508
0.0,28,26.412108
1.0,27,26.422638
0.0,9,26.426095
0.0,20,26.433578
0.0,16,26.439599
0.0,6,26.441935
1.0,11,26.44615
1.0,27,26.456207
1.0,34,26.469084
1.0,25,26.47858
1.0,11,26.482987
1.0,28,26.493592
0.0,19,26.500779
0.0,26,26.510664
1.0,11,26.514803
1.0,29,26.525515
1.0,30,26.53695
1.0,30,26.5483
1.0,13,26.553143
1.0,25,26.562438
1.0,30,26.573803
1.0,27,26.584079
1.0,11,26.588277
1.0,27,26.598453
1.0,29,26.609392
1.0,27,26.619613
1.0,11,26.623816
1.0,27,26.633879
1.0,35,26.646908
1.0,32,26.65881
1.0,13,26.663664
1.0,27,26.673964
0.0,17,26.680413
0.0,4,26.68197
1.0,13,26.687031
1.0,31,26.698805
0.0,16,26.704831
1.0,26,26.714658
1.0,12,26.719176
0.0,19,26.72634
1.0,29,26.737242
0.0,12,26.741941
1.0,11,26.746185
1.0,27,26.756669
1.0,31,26.768769
0.0,6,26.771113
1.0,12,26.775798
1.0,25,26.785207
0.0,19,26.792485
0.0,19,26.799571
1.0,13,26.804385
0.0,6,26.806627
1.0,31,26.818663
1.0,25,26.828412
1.0,13,26.833446
1.0,23,26.842476
1.0,33,26.855186
1.0,27,26.865741
0.0,4,26.867244
1.0,27,26.877657
1.0,37,26.892131
0.0,14,26.89774
1.0,11,26.902034
1.0,26,26.912122
0.0,13,26.917184
1.0,30,26.928993
1.0,13,26.934122
1.0,25,26.943877
0.0,17,26.950473
0.0,4,26.952049
1.0,12,26.956688
1.0,23,26.965549
1.0,34,26.978734
1.0,25,26.98851
1.0,12,26.993187
1.0,25,27.002829
0.0,15,27.008634
0.0,23,27.017516
1.0,11,27.021795
1.0,32,27.034106
1.0,35,27.047726
1.0,28,27.058593
1.0,13,27.063598
1.0,25,27.073439
1.0,36,27.087263
1.0,31,27.099416
1.0,12,27.104265
1.0,27,27.114763
0.0,27,27.125304
1.0,26,27.135478
1.0,11,27.139793
1.0,25,27.149374
0.0,9,27.15303
1.0,27,27.163873
1.0,12,27.168571
1.0,25,27.178549
1.0,35,27.192175
1.0,27,27.202771
1.0,12,27.207663
1.0,25,27.217452
1.0,29,27.228882
1.0,30,27.240788
0.0,7,27.243608
1.0,28,27.254371
1.0,31,27.266513
1.0,25,27.276438
1.0,11,27.280774
1.0,23,27.289902
1.0,33,27.302764
1.0,27,27.313268
0.0,4,27.314853
1.0,28,27.325607
0.0,9,27.329153
0.0,14,27.334646
1.0,11,27.338994
0.0,12,27.343714
0.0,6,27.346182
0.0,19,27.353734
1.0,13,27.358733
1.0,27,27.369225
1.0,33,27.382089
1.0,29,27.393417
1.0,13,27.398397
1.0,25,27.408134
0.0,8,27.411271
1.0,29,27.422566
0.0,10,27.426462
1.0,23,27.43541
1.0,30,27.447026
1.0,29,27.458379
1.0,12,27.463056
1.0,23,27.472
0.0,9,27.475513
1.0,25,27.485243
1.0,11,27.489501
1.0,25,27.499119
1.0,34,27.512351
0.0,23,27.521237
1.0,11,27.525504
0.0,21,27.533581
1.0,29,27.544833
0.0,6,27.54715
1.0,15,27.55284
1.0,25,27.562517
1.0,29,27.574288
0.0,2,27.575071
0.0,2,27.575864
1.0,27,27.586655
1.0,35,27.600481
1.0,27,27.611246
1.0,11,27.615665
1.0,27,27.626356
1.0,35,27.640246
1.0,26,27.650672
1.0,15,27.656541
0.0,8,27.659725
1.0,35,27.673275
1.0,29,27.684512
1.0,12,27.689063
0.0,14,27.694549
1.0,35,27.708066
0.0,15,27.714014
0.0,6,27.716368
1.0,32,27.728657
0.0,19,27.736058
0.0,18,27.743185
1.0,11,27.747454
1.0,26,27.757529
0.0,4,27.759096
1.0,28,27.770074
1.0,11,27.774351
1.0,23,27.783279
1.0,31,27.795358
0.0,23,27.804264
1.0,11,27.808543
1.0,25,27.818154
1.0,29,27.829387
0.0,22,27.838014
1.0,11,27.842292
1.0,27,27.852736
1.0,29,27.863983
1.0,26,27.874194
1.0,11,27.878472
0.0,6,27.880795
1.0,31,27.892787
1.0,25,27.902523
1.0,11,27.906896
1.0,25,27.916744
1.0,29,27.927921
1.0,25,27.937629
1.0,12,27.94227
1.0,23,27.951158
1.0,31,27.963153
1.0,31,27.975242
1.0,12,27.979897
1.0,23,27.988858
0.0,2,27.989662
1.0,26,27.999755
1.0,14,28.005151
1.0,25,28.014861
1.0,30,28.026779
1.0,27,28.03749
0.0,2,28.038334
0.0,4,28.039954
1.0,32,28.052392
1.0,28,28.063364
1.0,13,28.06841
1.0,27,28.078727
1.0,30,28.090349
1.0,28,28.101212
1.0,13,28.106247
1.0,23,28.115177
1.0,33,28.128057
1.0,27,28.138646
1.0,11,28.142922
1.0,24,28.152164
1.0,35,28.165527
0.0,19,28.173
1.0,11,28.177273
1.0,24,28.186508
1.0,29,28.197765
1.0,27,28.208253
1.0,13,28.213295
0.0,17,28.219938
0.0,19,28.227323
1.0,27,28.237805
1.0,11,28.242131
1.0,23,28.251006
0.0,25,28.26074
1.0,25,28.270487
1.0,11,28.274757
1.0,27,28.285138
1.0,32,28.297669
0.0,23,28.306709
1.0,11,28.310982
1.0,24,28.320423
0.0,4,28.322114
1.0,33,28.334891
1.0,12,28.339578
1.0,25,28.349406
1.0,33,28.362419
1.0,25,28.372152
1.0,13,28.377202
1.0,27,28.387523
1.0,31,28.399566
0.0,16,28.40574
1.0,12,28.410388
1.0,31,28.422439
0.0,9,28.425973
1.0,30,28.437082
1.0,13,28.441852
0.0,19,28.449119
1.0,31,28.460858
1.0,25,28.470372
1.0,13,28.47522
1.0,25,28.484645
1.0,29,28.495699
1.0,27,28.506001
0.0,6,28.508247
1.0,27,28.518423
1.0,32,28.530658
1.0,34,28.543396
0.0,2,28.54416
1.0,28,28.554651
1.0,33,28.566927
1.0,28,28.577777
1.0,11,28.581927
1.0,23,28.590489
0.0,4,28.592046
1.0,29,28.602929
0.0,6,28.605244
1.0,26,28.614893
1.0,37,28.6287
1.0,27,28.638971
1.0,12,28.643447
0.0,4,28.644923
1.0,31,28.656538
1.0,27,28.666481
1.0,11,28.670752
1.0,26,28.680577
1.0,31,28.692228
1.0,28,28.702854
1.0,11,28.707012
1.0,23,28.715677
1.0,33,28.728023
1.0,25,28.737661
1.0,11,28.741801
1.0,27,28.751748
1.0,29,28.762372
1.0,27,28.772318
1.0,13,28.777087
1.0,25,28.786292
1.0,36,28.799469
1.0,29,28.810216
1.0,13,28.81502
1.0,27,28.824887
1.0,34,28.837252
1.0,29,28.84788
1.0,11,28.851923
1.0,28,28.862113
0.0,29,28.872792
1.0,31,28.88413
1.0,11,28.88816
1.0,23,28.896752
1.0,31,28.908132
1.0,27,28.918069
1.0,11,28.922125
1.0,23,28.93065
1.0,31,28.942141
1.0,32,28.953891
1.0,11,28.95795
1.0,31,28.969341
1.0,24,28.978292
0.0,20,28.985549
1.0,13,28.990359
1.0,25,28.999703
1.0,39,29.014318
1.0,26,29.024023
1.0,14,29.029304
1.0,25,29.038573
1.0,30,29.049837
1.0,25,29.059198
1.0,17,29.06548
1.0,23,29.074085
1.0,34,29.086522
1.0,27,29.096523
1.0,13,29.101361
1.0,23,29.110025
1.0,30,29.121379
1.0,25,29.130933
1.0,11,29.135041
1.0,23,29.143793
1.0,27,29.15401
1.0,27,29.164614
1.0,12,29.169166
0.0,8,29.172286
1.0,32,29.184678
0.0,6,29.187047
0.0,12,29.191738
1.0,27,29.202221
1.0,30,29.21367
1.0,29,29.224489
1.0,16,29.230412
1.0,29,29.241287
1.0,30,29.252491
0.0,12,29.257001
1.0,12,29.261498
1.0,26,29.271132
1.0,30,29.282072
1.0,28,29.292427
1.0,14,29.297538
1.0,25,29.306697
1.0,36,29.319857
1.0,27,29.32988
1.0,15,29.335352
1.0,27,29.345342
0.0,4,29.346844
1.0,29,29.357336
0.0,4,29.358837
1.0,26,29.368356
1.0,31,29.379755
1.0,28,29.390119
1.0,13,29.394855
0.0,14,29.399972
1.0,32,29.411707
0.0,18,29.418328
1.0,11,29.422381
1.0,31,29.4336
0.0,6,29.435857
1.0,29,29.446604
1.0,13,29.45136
1.0,27,29.461282
1.0,34,29.473726
1.0,29,29.484476
1.0,11,29.48852
1.0,23,29.496947
1.0,32,29.508588
1.0,25,29.517784
1.0,12,29.522177
1.0,25,29.531393
0.0,4,29.532871
1.0,27,29.542696
1.0,14,29.547984
1.0,25,29.557003
0.0,2,29.557761
1.0,30,29.568844
1.0,13,29.573601
1.0,23,29.582035
1.0,33,29.594106
1.0,25,29.603281
1.0,11,29.607314
1.0,34,29.619739
1.0,30,29.630729
0.0,18,29.637187
1.0,13,29.641932
1.0,23,29.650337
1.0,25,29.659424
1.0,27,29.669359
1.0,14,29.674495
1.0,23,29.682965
1.0,30,29.693916
1.0,25,29.703207
1.0,11,29.707236
1.0,29,29.71782
1.0,37,29.731235
0.0,19,29.73818
1.0,11,29.742331
1.0,23,29.750965
1.0,32,29.762668
1.0,29,29.773403
1.0,13,29.77809
1.0,26,29.787599
1.0,33,29.799689
0.0,19,29.80665
1.0,11,29.810712
1.0,27,29.820553
1.0,30,29.831522
1.0,30,29.842523
1.0,11,29.846634
0.0,21,29.854286
1.0,36,29.867418
1.0,28,29.877712
1.0,17,29.883812
1.0,25,29.892923
0.0,4,29.8944
1.0,38,29.908357
1.0,15,29.913769
1.0,23,29.922158
1.0,31,29.933514
0.0,17,29.939789
1.0,14,29.944895
1.0,29,29.955598
1.0,35,29.968401
1.0,31,29.979875
1.0,13,29.984616
1.0,24,29.99337
1.0,29,30.003989
1.0,30,30.014989
1.0,13,30.019762
1.0,25,30.028928
1.0,31,30.040287
1.0,34,30.052763
1.0,12,30.057161
1.0,23,30.065672
1.0,29,30.07632
1.0,52,30.095378
1.0,12,30.099793
1.0,24,30.108549
0.0,25,30.117813
1.0,28,30.128215
1.0,11,30.132265
1.0,25,30.141401
1.0,33,30.153504
1.0,31,30.165169
1.0,13,30.169935
1.0,23,30.178362
1.0,31,30.18977
1.0,31,30.201184
1.0,11,30.205232
1.0,31,30.216534
1.0,33,30.228641
1.0,33,30.240833
1.0,11,30.244879
1.0,25,30.253962
1.0,31,30.267419
1.0,30,30.278581
1.0,11,30.282621
1.0,23,30.29102
1.0,29,30.301696
1.0,27,30.311725
1.0,13,30.316501
1.0,25,30.325724
0.0,8,30.328712
1.0,27,30.33867
1.0,11,30.342715
1.0,27,30.35258
1.0,31,30.36417
1.0,27,30.37419
1.0,11,30.378247
1.0,26,30.387869
1.0,33,30.400096
1.0,29,30.410927
1.0,13,30.415799
1.0,25,30.425242
0.0,2,30.426042
1.0,27,30.436152
1.0,13,30.441111
1.0,25,30.450531
0.0,25,30.459971
0.0,17,30.46639
0.0,9,30.469834
1.0,30,30.48099
1.0,37,30.494751
1.0,28,30.505249
1.0,11,30.509367
0.0,9,30.512767
1.0,29,30.523488
1.0,33,30.535575
1.0,11,30.539709
1.0,29,30.550401
1.0,33,30.562543
1.0,30,30.573836
0.0,6,30.576048
1.0,27,30.586066
1.0,31,30.597585
1.0,29,30.608327
1.0,11,30.612369
1.0,31,30.623671
0.0,10,30.627445
0.0,18,30.634158
1.0,11,30.638195
1.0,29,30.648776
0.0,16,30.654778
1.0,30,30.665993
1.0,14,30.671022
1.0,24,30.680012
0.0,6,30.682283
1.0,29,30.693087
1.0,11,30.697141
1.0,25,30.706389
1.0,34,30.718786
1.0,29,30.729574
1.0,13,30.734412
1.0,25,30.743571
1.0,31,30.755032
1.0,27,30.765031
1.0,12,30.769602
1.0,30,30.78039
1.0,32,30.792171
1.0,25,30.801617
1.0,13,30.806406
1.0,27,30.8162
1.0,27,30.826178
1.0,27,30.836285
1.0,12,30.840731
1.0,25,30.849894
1.0,30,30.860948
1.0,25,30.870226
1.0,13,30.875168
0.0,15,30.880703
1.0,32,30.892511
0.0,22,30.900586
1.0,11,30.904685
1.0,25,30.91388
1.0,44,30.930029
1.0,29,30.940459
1.0,11,30.944502
1.0,23,30.953123
1.0,32,30.964826
0.0,22,30.972925
1.0,14,30.978183
1.0,29,30.98881
1.0,33,31.000876
1.0,28,31.011296
1.0,13,31.01611
1.0,25,31.025541
1.0,35,31.038931
1.0,27,31.049233
1.0,12,31.053745
1.0,25,31.063154
0.0,14,31.068482
1.0,25,31.077923
1.0,11,31.082048
0.0,19,31.08927
1.0,38,31.10347
1.0,30,31.114826
0.0,2,31.115582
1.0,27,31.125701
1.0,32,31.137509
0.0,18,31.144184
1.0,11,31.148226
1.0,25,31.157435
1.0,33,31.169519
1.0,31,31.181391
1.0,11,31.18545
1.0,25,31.194801
1.0,34,31.207642
0.0,6,31.209966
1.0,13,31.214857
1.0,27,31.224968
1.0,32,31.236786
1.0,26,31.246541
1.0,11,31.250677
1.0,25,31.259938
0.0,25,31.269431
0.0,4,31.270935
1.0,11,31.275048
0.0,21,31.282779
1.0,33,31.294816
1.0,35,31.307983
1.0,11,31.312119
1.0,24,31.321094
1.0,34,31.333798
0.0,16,31.339752
1.0,11,31.343974
1.0,29,31.35511
1.0,34,31.368143
1.0,29,31.379123
1.0,14,31.384565
0.0,20,31.392079
1.0,30,31.403402
0.0,23,31.412167
1.0,14,31.417394
1.0,25,31.426668
1.0,34,31.439468
1.0,30,31.450797
0.0,4,31.452333
1.0,25,31.461806
1.0,30,31.473166
1.0,25,31.482539
1.0,12,31.486947
1.0,30,31.498212
1.0,32,31.509929
0.0,28,31.520222
1.0,12,31.524711
1.0,27,31.534903
1.0,34,31.547802
1.0,37,31.561434
1.0,11,31.56558
1.0,25,31.574758
1.0,30,31.586006
0.0,10,31.589797
1.0,11,31.593841
1.0,23,31.602508
1.0,32,31.614349
0.0,12,31.618783
1.0,13,31.623516
1.0,25,31.632712
1.0,40,31.647406
0.0,19,31.654508
1.0,13,31.659296
1.0,29,31.669888
0.0,6,31.672106
1.0,25,31.681484
1.0,11,31.685593
0.0,17,31.691758
0.0,6,31.69404
0.0,17,31.700357
1.0,13,31.705077
1.0,26,31.714651
1.0,35,31.727483
1.0,27,31.737558
1.0,11,31.741595
1.0,27,31.751485
1.0,34,31.763936
1.0,31,31.775557
1.0,11,31.779602
1.0,25,31.788861
1.0,35,31.802002
1.0,28,31.812587
1.0,11,31.816744
1.0,25,31.826197
1.0,31,31.837646
1.0,27,31.847699
0.0,4,31.849196
1.0,29,31.859634
0.0,21,31.867479
1.0,26,31.877043
1.0,12,31.881427
1.0,25,31.890416
1.0,34,31.902822
1.0,27,31.91284
1.0,11,31.91689
0.0,15,31.922312
1.0,33,31.934494
1.0,27,31.944488
1.0,11,31.948524
1.0,23,31.956931
1.0,30,31.968001
1.0,32,31.980116
0.0,2,31.980935
1.0,23,31.989544
1.0,30,32.000996
1.0,35,32.014397
1.0,13,32.019414
1.0,27,32.029633
1.0,33,32.042297
0.0,12,32.046899
1.0,11,32.051084
1.0,26,32.060943
1.0,34,32.073821
1.0,28,32.084483
1.0,13,32.089397
1.0,29,32.100357
1.0,36,32.113915
1.0,25,32.123503
1.0,11,32.127661
1.0,31,32.139366
0.0,10,32.143136
1.0,25,32.152815
1.0,11,32.156959
1.0,23,32.165715
1.0,32,32.177722
1.0,28,32.188348
1.0,12,32.19285
1.0,29,32.203788
1.0,37,32.21773
1.0,27,32.22807
1.0,11,32.232196
1.0,27,32.242461
1.0,38,32.256698
1.0,28,32.267325
1.0,11,32.271464
1.0,25,32.280969
0.0,30,32.292203
1.0,31,32.304035
1.0,13,32.309054
1.0,27,32.319258
1.0,35,32.332495
1.0,31,32.344469
1.0,11,32.348601
0.0,18,32.35531
1.0,34,32.36812
1.0,27,32.378564
1.0,11,32.382699
1.0,29,32.393648
1.0,30,32.405053
1.0,35,32.418279
1.0,13,32.423255
0.0,16,32.429496
1.0,35,32.442627
1.0,26,32.45243
0.0,9,32.45596
1.0,26,32.465791
0.0,18,32.472731
1.0,25,32.48222
1.0,11,32.486346
1.0,29,32.4974
1.0,32,32.509531
1.0,29,32.520442
1.0,15,32.52612
1.0,23,32.534743
1.0,32,32.546854
1.0,25,32.556387
1.0,11,32.560605
1.0,30,32.571789
0.0,12,32.576465
1.0,31,32.588102
1.0,13,32.593162
1.0,27,32.603292
1.0,29,32.614364
1.0,35,32.627694
1.0,11,32.631823
0.0,20,32.639433
1.0,33,32.651946
1.0,29,32.663088
1.0,11,32.66726
1.0,23,32.676205
1.0,33,32.688596
1.0,27,32.6989
1.0,11,32.703068
1.0,28,32.713651
0.0,6,32.715869
1.0,30,32.72719
0.0,9,32.730697
1.0,25,32.740291
1.0,34,32.753489
1.0,27,32.764071
1.0,11,32.768338
1.0,25,32.778121
1.0,30,32.789759
1.0,25,32.799603
1.0,12,32.804255
0.0,19,32.811723
0.0,23,32.820736
1.0,25,32.830596
1.0,12,32.835261
1.0,27,32.845768
1.0,31,32.859666
1.0,35,32.873212
1.0,17,32.879656
0.0,5,32.8816
0.0,13,32.886516
0.0,4,32.888068
1.0,12,32.892645
1.0,25,32.902176
1.0,32,32.914305
1.0,27,32.924551
1.0,15,32.930196
1.0,25,32.939654
1.0,32,32.951677
1.0,31,32.963586
1.0,13,32.96848
1.0,27,32.978717
1.0,34,32.991519
1.0,30,33.002978
0.0,4,33.004506
1.0,29,33.015707
1.0,37,33.029762
1.0,25,33.039501
1.0,13,33.044431
1.0,24,33.053466
0.0,2,33.054268
1.0,25,33.063758
1.0,13,33.068683
1.0,27,33.07897
1.0,32,33.0911
0.0,16,33.097213
1.0,13,33.102138
1.0,27,33.112258
0.0,15,33.117967
1.0,29,33.129014
1.0,11,33.133219
1.0,23,33.141883
1.0,34,33.154727
1.0,26,33.164754
1.0,21,33.172501
1.0,31,33.184296
1.0,29,33.195378
0.0,17,33.20182
1.0,14,33.207116
1.0,31,33.218815
1.0,29,33.229955
1.0,30,33.241385
0.0,8,33.244488
1.0,23,33.253142
0.0,18,33.259885
1.0,25,33.269513
1.0,11,33.273751
0.0,5,33.275607
1.0,33,33.288127
1.0,29,33.299307
1.0,11,33.303493
1.0,24,33.312617
1.0,37,33.326645
0.0,4,33.328201
1.0,12,33.332724
1.0,25,33.342312
1.0,38,33.356702
0.0,23,33.365533
1.0,14,33.37087
1.0,25,33.380423
1.0,30,33.39185
0.0,23,33.400748
1.0,14,33.406083
1.0,25,33.415451
0.0,6,33.417838
0.0,10,33.421705
1.0,11,33.425868
1.0,33,33.438389
0.0,27,33.448728
1.0,28,33.459362
1.0,16,33.465509
1.0,23,33.474179
1.0,31,33.486044
1.0,33,33.498744
1.0,11,33.50289
1.0,23,33.511671
0.0,32,33.523742
1.0,30,33.535222
1.0,11,33.539376
1.0,28,33.550071
0.0,15,33.55581
1.0,31,33.567728
1.0,13,33.572686
1.0,25,33.582106
1.0,32,33.594122
1.0,29,33.605277
1.0,12,33.609719
1.0,27,33.619797
1.0,31,33.631611
1.0,25,33.64119
1.0,14,33.646503
1.0,24,33.655585
1.0,29,33.666625
1.0,27,33.676843
1.0,12,33.6813
0.0,17,33.687712
0.0,4,33.689282
1.0,31,33.701036
1.0,16,33.707029
1.0,23,33.715643
1.0,36,33.729176
1.0,25,33.738688
1.0,13,33.743546
1.0,23,33.752165
1.0,33,33.764716
1.0,29,33.775665
0.0,4,33.777235
1.0,23,33.785961
1.0,29,33.797071
1.0,28,33.807585
0.0,8,33.810655
1.0,27,33.82075
1.0,35,33.834196
1.0,28,33.844895
1.0,14,33.85018
0.0,20,33.857724
0.0,24,33.866817
0.0,9,33.870254
1.0,11,33.874484
1.0,27,33.884717
0.0,2,33.885522
1.0,32,33.897778
0.0,6,33.900047
1.0,26,33.909913
0.0,20,33.917588
1.0,39,33.932102
0.0,9,33.935558
1.0,25,33.944982
1.0,31,33.956625
1.0,32,33.969006
0.0,6,33.971284
1.0,23,33.979869
1.0,29,33.990776
1.0,30,34.002165
1.0,13,34.007108
1.0,26,34.016914
1.0,38,34.031245
1.0,25,34.040902
1.0,14,34.046216
1.0,26,34.056042
0.0,4,34.057633
1.0,28,34.068202
1.0,13,34.073087
0.0,12,34.077701
1.0,35,34.090847
1.0,25,34.100425
1.0,11,34.104661
1.0,28,34.115176
0.0,32,34.127434
1.0,29,34.138568
1.0,15,34.144057
1.0,27,34.154252
1.0,32,34.166337
0.0,4,34.1679
1.0,11,34.172029
1.0,23,34.180644
1.0,38,34.194916
1.0,28,34.205574
1.0,11,34.20971
1.0,24,34.218806
1.0,30,34.230163
1.0,34,34.24332
1.0,12,34.247872
1.0,23,34.256423
1.0,32,34.268448
1.0,29,34.27952
1.0,11,34.28373
1.0,27,34.293999
1.0,37,34.307948
1.0,25,34.31762
1.0,17,34.323958
1.0,25,34.333499
1.0,32,34.345737
1.0,27,34.356027
1.0,11,34.360147
1.0,28,34.370754
0.0,4,34.37223
1.0,30,34.383772
1.0,11,34.387944
1.0,23,34.396647
0.0,28,34.407241
1.0,25,34.416781
0.0,9,34.420329
0.0,14,34.425533
1.0,30,34.436848
1.0,29,34.447935
1.0,13,34.452857
0.0,4,34.454421
1.0,33,34.466991
1.0,25,34.476437
1.0,13,34.481381
1.0,23,34.49012
1.0,34,34.502977
1.0,25,34.512397
1.0,11,34.516639
1.0,25,34.526052
1.0,33,34.538603
0.0,12,34.543156
1.0,13,34.548067
1.0,23,34.556807
1.0,31,34.568483
1.0,31,34.58019
1.0,12,34.584829
1.0,26,34.594635
1.0,30,34.605962
1.0,28,34.616483
0.0,6,34.618797
1.0,32,34.630819
1.0,34,34.64355
1.0,27,34.654031
0.0,2,34.654957
1.0,27,34.665014
1.0,34,34.677788
1.0,31,34.68964
1.0,11,34.694052
1.0,27,34.704205
0.0,14,34.709584
1.0,27,34.719997
1.0,11,34.724136
1.0,27,34.734256
1.0,36,34.747819
1.0,31,34.759611
1.0,11,34.763857
1.0,23,34.772566
1.0,30,34.783825
1.0,25,34.793442
1.0,13,34.798395
0.0,21,34.806468
1.0,31,34.818095
0.0,4,34.819636
1.0,11,34.823772
1.0,25,34.833267
1.0,32,34.845287
1.0,29,34.856448
0.0,11,34.860639
1.0,26,34.870498
0.0,9,34.873945
1.0,33,34.88647
1.0,14,34.891568
1.0,28,34.902225
1.0,33,34.914719
0.0,11,34.918897
1.0,15,34.924515
1.0,25,34.933998
1.0,40,34.949205
0.0,12,34.953871
1.0,15,34.959562
1.0,25,34.969141
1.0,31,34.98097
1.0,27,34.99127
1.0,11,34.99541
1.0,29,35.006454
1.0,32,35.018621
1.0,25,35.0283
1.0,11,35.032457
1.0,23,35.041298
1.0,33,35.053715
1.0,33,35.066179
1.0,11,35.070303
0.0,14,35.07562
1.0,32,35.08761
1.0,28,35.098261
1.0,11,35.102392
1.0,25,35.111757
1.0,35,35.124969
0.0,8,35.12808
1.0,12,35.132661
0.0,18,35.139464
1.0,35,35.152541
1.0,29,35.163498
1.0,11,35.167721
0.0,14,35.173
1.0,40,35.188161
1.0,27,35.198526
1.0,13,35.203357
1.0,25,35.212814
0.0,16,35.21879
1.0,26,35.228587
1.0,12,35.233104
1.0,26,35.242997
1.0,35,35.256089
0.0,4,35.257766
1.0,12,35.262283
1.0,23,35.270916
0.0,8,35.274009
1.0,29,35.284898
1.0,11,35.289032
1.0,25,35.298437
1.0,32,35.310469
1.0,27,35.320646
0.0,4,35.322227
1.0,23,35.330931
0.0,4,35.332462
0.0,8,35.33546
1.0,12,35.33986
1.0,29,35.351016
1.0,36,35.364495
1.0,32,35.376627
1.0,13,35.381545
1.0,29,35.392291
0.0,4,35.393898
0.0,18,35.400707
0.0,6,35.403072
0.0,4,35.404573
1.0,33,35.417005
1.0,25,35.426591
0.0,7,35.429314
1.0,26,35.439212
0.0,25,35.448707
1.0,30,35.460154
1.0,11,35.464537
1.0,23,35.473336
1.0,38,35.487526
1.0,28,35.498196
1.0,11,35.502337
0.0,19,35.509373
1.0,30,35.520672
1.0,32,35.532931
1.0,11,35.537159
1.0,25,35.546854
1.0,33,35.559642
0.0,19,35.566991
1.0,11,35.571289
1.0,25,35.580831
0.0,13,35.585822
1.0,31,35.597532
0.0,8,35.600665
1.0,23,35.609624
1.0,29,35.620885
0.0,14,35.626378
1.0,13,35.631514
1.0,25,35.641258
1.0,35,35.654852
1.0,27,35.665445
1.0,11,35.669519
1.0,25,35.679023
1.0,35,35.691999
1.0,25,35.701396
1.0,12,35.705865
1.0,23,35.714703
1.0,31,35.726132
1.0,25,35.735519
0.0,4,35.737023
1.0,25,35.746418
1.0,29,35.757284
1.0,29,35.768124
1.0,15,35.77349
1.0,23,35.78197
1.0,31,35.793717
0.0,21,35.801564
1.0,13,35.806536
0.0,8,35.809554
1.0,31,35.821241
1.0,26,35.830943
1.0,11,35.835082
1.0,29,35.845957
0.0,4,35.847498
0.0,23,35.856047
1.0,12,35.860548
1.0,27,35.87069
1.0,32,35.882481
1.0,25,35.891854
1.0,11,35.895882
1.0,23,35.904253
1.0,33,35.916505
1.0,29,35.927307
1.0,11,35.931489
0.0,4,35.932968
0.0,17,35.939218
1.0,29,35.950421
1.0,11,35.954527
1.0,25,35.963777
1.0,35,35.976941
0.0,4,35.978477
1.0,14,35.983681
1.0,25,35.993107
1.0,29,36.003979
1.0,26,36.013842
1.0,13,36.018499
0.0,21,36.026337
1.0,36,36.039768
1.0,27,36.049869
0.0,10,36.053654
1.0,27,36.06377
1.0,34,36.0767
1.0,29,36.087614
1.0,11,36.091797
1.0,33,36.104355
1.0,29,36.115375
1.0,31,36.127165
1.0,11,36.131315
1.0,24,36.140258
1.0,29,36.151213
0.0,4,36.152753
1.0,11,36.156889
1.0,27,36.166953
0.0,4,36.168483
1.0,29,36.179287
1.0,13,36.184109
1.0,23,36.192538
1.0,37,36.206116
1.0,25,36.215504
1.0,11,36.219669
1.0,23,36.228104
1.0,32,36.239965
0.0,21,36.248051
1.0,11,36.252177
1.0,29,36.263036
1.0,36,36.27653
1.0,32,36.288641
1.0,15,36.294372
1.0,28,36.305021
0.0,11,36.309293
1.0,31,36.321439
0.0,2,36.322247
1.0,23,36.33111
1.0,41,36.347091
0.0,8,36.350221
1.0,11,36.354528
1.0,30,36.366432
0.0,19,36.373857
1.0,30,36.385866
1.0,11,36.390173
1.0,30,36.40185
1.0,36,36.415881
1.0,25,36.425759
0.0,4,36.427352
1.0,24,36.436714
1.0,35,36.45043
1.0,25,36.460212
1.0,12,36.46487
0.0,4,36.466435
0.0,31,36.478508
1.0,27,36.489274
1.0,11,36.493536
1.0,23,36.502388
1.0,30,36.514033
0.0,9,36.517564
1.0,12,36.522136
1.0,26,36.53212
0.0,27,36.542569
1.0,27,36.553165
1.0,13,36.558121
1.0,28,36.569001
1.0,37,36.583275
0.0,8,36.586462
1.0,11,36.590742
0.0,19,36.598174
0.0,4,36.599758
0.0,15,36.605526
1.0,11,36.609826
1.0,29,36.621001
1.0,34,36.634181
1.0,29,36.645571
1.0,16,36.651743
1.0,26,36.661535
1.0,34,36.674753
1.0,31,36.686948
1.0,12,36.691601
1.0,33,36.704426
0.0,29,36.715684
1.0,27,36.726315
1.0,15,36.73212
1.0,25,36.741885
1.0,33,36.754614
1.0,28,36.7655
1.0,14,36.770905
1.0,25,36.7806
1.0,36,36.794494
1.0,29,36.805857
1.0,13,36.810903
1.0,25,36.820577
1.0,35,36.83408
1.0,29,36.845366
1.0,11,36.849651
0.0,16,36.855773
0.0,32,36.868235
0.0,17,36.874934
1.0,13,36.879969
0.0,19,36.887357
1.0,32,36.899887
1.0,27,36.91039
1.0,13,36.915447
1.0,23,36.924295
1.0,34,36.937464
1.0,27,36.947962
1.0,14,36.953407
1.0,25,36.963176
1.0,34,36.976344
1.0,27,36.987074
1.0,11,36.991355
1.0,24,37.000709
1.0,35,37.014143
1.0,27,37.02473
1.0,11,37.029002
1.0,28,37.039932
1.0,36,37.053964
1.0,27,37.064487
0.0,10,37.068331
1.0,23,37.077164
1.0,37,37.09143
1.0,27,37.102052
1.0,14,37.107452
0.0,10,37.111352
1.0,32,37.123709
1.0,27,37.134294
0.0,4,37.135881
0.0,4,37.137451
0.0,16,37.143758
1.0,27,37.154341
1.0,11,37.158617
0.0,21,37.166774
1.0,32,37.179212
1.0,27,37.189811
1.0,13,37.194854
1.0,25,37.204519
1.0,30,37.216184
1.0,27,37.226781
1.0,11,37.231058
1.0,24,37.240289
1.0,30,37.251878
1.0,25,37.261729
1.0,11,37.266032
0.0,18,37.272986
1.0,33,37.285784
1.0,27,37.296288
1.0,15,37.302226
1.0,23,37.311215
1.0,34,37.324375
1.0,27,37.334879
1.0,13,37.33993
0.0,8,37.343091
1.0,31,37.355156
0.0,20,37.362994
0.0,2,37.363803
1.0,24,37.373149
1.0,32,37.385561
0.0,10,37.389423
0.0,7,37.392297
1.0,23,37.401549
0.0,9,37.405148
0.0,25,37.415052
1.0,11,37.419328
1.0,23,37.428498
1.0,35,37.442059
0.0,16,37.448356
1.0,11,37.452641
1.0,24,37.461924
1.0,31,37.47388
1.0,25,37.483613
1.0,13,37.488675
0.0,10,37.492605
1.0,34,37.505856
1.0,29,37.517278
1.0,11,37.521546
1.0,23,37.530484
0.0,8,37.533637
0.0,10,37.537534
1.0,12,37.542082
1.0,23,37.551021
1.0,33,37.56382
1.0,28,37.574807
0.0,7,37.577585
1.0,27,37.58796
1.0,37,37.602292
1.0,25,37.611979
1.0,11,37.616247
0.0,12,37.620977
1.0,35,37.634554
1.0,27,37.645162
1.0,17,37.651723
1.0,25,37.661423
0.0,18,37.668437
1.0,29,37.679706
1.0,11,37.683982
1.0,24,37.693268
1.0,38,37.707989
1.0,25,37.717807
1.0,11,37.722072
1.0,25,37.731775
1.0,37,37.746066
1.0,27,37.756603
1.0,14,37.76201
1.0,23,37.770984
1.0,30,37.782603
1.0,26,37.792621
1.0,13,37.797686
0.0,14,37.803031
1.0,33,37.81581
1.0,25,37.825581
1.0,11,37.829857
1.0,29,37.84093
1.0,33,37.853685
1.0,27,37.864167
1.0,11,37.868428
1.0,26,37.878609
0.0,30,37.890279
0.0,6,37.892668
1.0,11,37.896954
0.0,8,37.900101
0.0,19,37.907481
1.0,31,37.919705
1.0,11,37.924013
1.0,23,37.932909
1.0,31,37.944948
1.0,29,37.956276
1.0,14,37.961703
1.0,32,37.974151
0.0,7,37.976963
1.0,27,37.987556
0.0,6,37.989941
1.0,29,38.001016
1.0,32,38.013364
1.0,25,38.023205
0.0,4,38.024809
1.0,24,38.034162
1.0,34,38.047395
1.0,29,38.058819
1.0,11,38.063119
1.0,29,38.074353
1.0,33,38.087122
1.0,27,38.097756
1.0,11,38.102072
1.0,37,38.116485
1.0,36,38.130413
1.0,27,38.141058
1.0,13,38.146066
1.0,26,38.156066
1.0,33,38.168844
1.0,32,38.18124
1.0,12,38.185889
1.0,26,38.195978
1.0,31,38.208013
0.0,18,38.214967
1.0,15,38.220775
0.0,8,38.223898
0.0,14,38.229408
0.0,25,38.239074
1.0,13,38.244034
1.0,26,38.253964
1.0,41,38.269837
1.0,31,38.281904
1.0,12,38.286558
0.0,23,38.295329
1.0,32,38.307697
0.0,18,38.314619
1.0,16,38.320921
0.0,22,38.329396
1.0,32,38.341821
1.0,31,38.353935
1.0,13,38.358992
1.0,23,38.367875
0.0,2,38.368679
0.0,16,38.374774
1.0,11,38.379149
1.0,28,38.390094
1.0,32,38.402475
1.0,27,38.412982
1.0,11,38.417266
1.0,24,38.426705
0.0,23,38.435659
1.0,27,38.446164
1.0,11,38.450447
1.0,28,38.46112
0.0,25,38.470884
0.0,17,38.477463
1.0,11,38.48174
1.0,24,38.491012
1.0,37,38.505561
