# {"t_start": 1614917603.7224224, "env_id": "Craft-single-M2-v0"} 
r,l,t
0.0,1000,0.034966
0.0,1000,0.070014
0.0,1000,0.103951
0.0,1000,0.138057
0.0,1000,0.171484
0.0,1000,0.204702
0.0,1000,0.238103
0.0,1000,0.274344
0.0,1000,0.307888
0.0,1000,0.341382
0.0,1000,0.375093
0.0,1000,0.408497
0.0,1000,0.441932
0.0,1000,0.475349
0.0,1000,0.509078
0.0,1000,0.542532
0.0,1000,0.57599
0.0,1000,0.609219
0.0,1000,0.642554
0.0,1000,0.675741
0.0,1000,0.709134
0.0,1000,0.742569
0.0,1000,0.776053
0.0,1000,0.809368
0.0,1000,0.842799
0.0,1000,0.876003
0.0,1000,0.909338
0.0,1000,0.942579
0.0,1000,0.975989
0.0,1000,1.009308
0.0,1000,1.042883
0.0,1000,1.076185
0.0,1000,1.109515
0.0,1000,1.142811
0.0,1000,1.176312
0.0,1000,1.209679
0.0,1000,1.243011
0.0,1000,1.276489
0.0,1000,1.309765
0.0,1000,1.342981
0.0,1000,1.376722
0.0,1000,1.410058
0.0,1000,1.443514
0.0,1000,1.476927
0.0,1000,1.51018
0.0,1000,1.543545
0.0,1000,1.576856
0.0,1000,1.611265
0.0,1000,1.644757
0.0,1000,1.67822
0.0,1000,1.71173
0.0,1000,1.745111
0.0,1000,1.778779
0.0,1000,1.812527
0.0,1000,1.845984
0.0,1000,1.879524
0.0,1000,1.913002
0.0,1000,1.946536
0.0,1000,1.980202
0.0,1000,2.01405
0.0,1000,2.047745
0.0,1000,2.081129
0.0,1000,2.114689
0.0,1000,2.148402
0.0,1000,2.181897
0.0,1000,2.215683
0.0,1000,2.249067
0.0,1000,2.284948
0.0,1000,2.318739
0.0,1000,2.352227
0.0,1000,2.385957
0.0,1000,2.419776
0.0,1000,2.45357
0.0,1000,2.487286
0.0,1000,2.52075
0.0,1000,2.554209
0.0,1000,2.587558
0.0,1000,2.621464
0.0,1000,2.654965
0.0,1000,2.688426
0.0,1000,2.722039
0.0,1000,2.755433
0.0,1000,2.788783
0.0,1000,2.822668
0.0,1000,2.856142
0.0,1000,2.889737
0.0,1000,2.923134
0.0,1000,2.956567
0.0,1000,2.990097
0.0,1000,3.023925
0.0,1000,3.057437
0.0,1000,3.09084
0.0,1000,3.124384
0.0,1000,3.157896
0.0,1000,3.191292
0.0,1000,3.225131
0.0,1000,3.258712
0.0,1000,3.292371
0.0,1000,3.325888
0.0,1000,3.35936
0.0,1000,3.393007
0.0,1000,3.426661
0.0,1000,3.460341
0.0,1000,3.493876
0.0,1000,3.52725
0.0,1000,3.560712
0.0,1000,3.59412
0.0,1000,3.627714
0.0,1000,3.661069
0.0,1000,3.694484
0.0,1000,3.728077
0.0,1000,3.761544
0.0,1000,3.794935
0.0,1000,3.828551
0.0,1000,3.86201
0.0,1000,3.895595
0.0,1000,3.929029
0.0,1000,3.962575
0.0,1000,3.99608
0.0,1000,4.029909
0.0,1000,4.063385
0.0,1000,4.096758
0.0,1000,4.130281
0.0,1000,4.163761
0.0,1000,4.197263
0.0,1000,4.230925
0.0,1000,4.264481
0.0,1000,4.297997
0.0,1000,4.331454
0.0,1000,4.364938
0.0,1000,4.399164
0.0,1000,4.432713
0.0,1000,4.466522
0.0,1000,4.500344
0.0,1000,4.533977
0.0,1000,4.567672
0.0,1000,4.601383
0.0,1000,4.634951
0.0,1000,4.668881
0.0,1000,4.702452
0.0,1000,4.736076
0.0,1000,4.769785
0.0,1000,4.803541
0.0,1000,4.837209
0.0,1000,4.870995
0.0,1000,4.907466
0.0,1000,4.941061
0.0,1000,4.974887
0.0,1000,5.008636
0.0,1000,5.042348
0.0,1000,5.076196
0.0,1000,5.109877
0.0,1000,5.143363
0.0,1000,5.177057
0.0,1000,5.210546
0.0,1000,5.244081
0.0,1000,5.277826
0.0,1000,5.311272
0.0,1000,5.346455
0.0,1000,5.381856
0.0,1000,5.417363
0.0,1000,5.451505
0.0,1000,5.485278
0.0,1000,5.518813
0.0,1000,5.552194
0.0,1000,5.585813
0.0,1000,5.619366
0.0,1000,5.652784
0.0,1000,5.686603
0.0,1000,5.720089
0.0,1000,5.754392
0.0,1000,5.787967
0.0,1000,5.821469
1.0,959,5.85359
0.0,1000,5.887385
0.0,1000,5.921058
0.0,1000,5.954621
0.0,1000,5.988135
0.0,1000,6.022093
0.0,1000,6.056574
0.0,1000,6.090789
0.0,1000,6.124332
0.0,1000,6.157933
0.0,1000,6.191457
0.0,1000,6.224911
0.0,1000,6.25846
0.0,1000,6.292237
0.0,1000,6.325708
0.0,1000,6.35925
0.0,1000,6.392784
0.0,1000,6.426505
0.0,1000,6.460032
0.0,1000,6.494494
0.0,1000,6.528833
0.0,1000,6.562747
0.0,1000,6.596203
0.0,1000,6.629763
0.0,1000,6.663345
0.0,1000,6.697079
0.0,1000,6.730636
0.0,1000,6.764365
0.0,1000,6.798279
0.0,1000,6.831812
0.0,1000,6.866329
0.0,1000,6.900248
0.0,1000,6.933789
0.0,1000,6.96722
0.0,1000,7.00061
0.0,1000,7.034411
0.0,1000,7.067868
0.0,1000,7.101651
0.0,1000,7.135163
0.0,1000,7.16875
0.0,1000,7.202384
0.0,1000,7.235862
0.0,1000,7.269336
0.0,1000,7.303176
0.0,1000,7.336886
0.0,1000,7.370486
0.0,1000,7.404022
0.0,1000,7.437775
0.0,1000,7.471289
0.0,1000,7.504987
0.0,1000,7.538548
0.0,1000,7.572089
0.0,1000,7.605584
0.0,1000,7.639167
0.0,1000,7.672681
0.0,1000,7.706512
0.0,1000,7.740128
0.0,1000,7.773893
0.0,1000,7.8075
0.0,1000,7.840986
0.0,1000,7.874569
0.0,1000,7.909092
0.0,1000,7.942869
0.0,1000,7.976659
0.0,1000,8.010214
0.0,1000,8.043996
0.0,1000,8.077532
0.0,1000,8.1114
0.0,1000,8.145011
0.0,1000,8.178501
0.0,1000,8.21198
0.0,1000,8.245414
1.0,666,8.270276
0.0,1000,8.30453
0.0,1000,8.33857
0.0,1000,8.372145
0.0,1000,8.40569
0.0,1000,8.439358
0.0,1000,8.473141
0.0,1000,8.506712
0.0,1000,8.540342
0.0,1000,8.573857
0.0,1000,8.607142
0.0,1000,8.640634
0.0,1000,8.674116
0.0,1000,8.707543
0.0,1000,8.741287
0.0,1000,8.774842
1.0,982,8.807803
0.0,1000,8.841271
0.0,1000,8.874844
0.0,1000,8.90843
0.0,1000,8.941998
0.0,1000,8.975592
0.0,1000,9.009081
0.0,1000,9.042651
0.0,1000,9.076073
0.0,1000,9.109607
0.0,1000,9.143383
0.0,1000,9.176856
0.0,1000,9.210271
0.0,1000,9.24369
0.0,1000,9.277047
0.0,1000,9.310502
0.0,1000,9.344245
0.0,1000,9.377591
0.0,1000,9.411188
0.0,1000,9.444656
0.0,1000,9.478261
0.0,1000,9.511798
0.0,1000,9.545362
0.0,1000,9.578931
0.0,1000,9.612447
0.0,1000,9.646007
0.0,1000,9.679538
0.0,1000,9.712959
0.0,1000,9.746657
0.0,1000,9.780234
0.0,1000,9.813744
0.0,1000,9.84719
1.0,898,9.877163
0.0,1000,9.910664
0.0,1000,9.944303
0.0,1000,9.977806
0.0,1000,10.011237
0.0,1000,10.044959
0.0,1000,10.078601
0.0,1000,10.112194
0.0,1000,10.146006
0.0,1000,10.179556
0.0,1000,10.213091
0.0,1000,10.246751
0.0,1000,10.280249
0.0,1000,10.31398
0.0,1000,10.347493
0.0,1000,10.381088
0.0,1000,10.414752
0.0,1000,10.449151
0.0,1000,10.484684
0.0,1000,10.520217
0.0,1000,10.555305
0.0,1000,10.5892
0.0,1000,10.622785
0.0,1000,10.656292
0.0,1000,10.689992
0.0,1000,10.723381
0.0,1000,10.757108
0.0,1000,10.790953
0.0,1000,10.824577
0.0,1000,10.858128
0.0,1000,10.891604
0.0,1000,10.925164
0.0,1000,10.95858
0.0,1000,10.992333
0.0,1000,11.026226
0.0,1000,11.05968
0.0,1000,11.0933
0.0,1000,11.127461
0.0,1000,11.161942
1.0,758,11.187728
0.0,1000,11.221383
0.0,1000,11.254943
0.0,1000,11.288429
0.0,1000,11.321959
0.0,1000,11.355465
0.0,1000,11.389087
0.0,1000,11.422742
0.0,1000,11.456253
0.0,1000,11.48993
0.0,1000,11.523445
0.0,1000,11.557073
0.0,1000,11.590681
0.0,1000,11.625227
0.0,1000,11.659879
0.0,1000,11.693794
0.0,1000,11.727234
0.0,1000,11.760839
0.0,1000,11.794651
0.0,1000,11.828247
0.0,1000,11.861647
0.0,1000,11.895119
0.0,1000,11.928483
0.0,1000,11.962024
0.0,1000,11.995688
0.0,1000,12.029314
0.0,1000,12.062862
0.0,1000,12.096498
0.0,1000,12.130407
0.0,1000,12.164095
0.0,1000,12.197734
0.0,1000,12.231356
0.0,1000,12.264911
0.0,1000,12.298478
0.0,1000,12.332564
1.0,981,12.366423
0.0,1000,12.400343
0.0,1000,12.433943
0.0,1000,12.467564
0.0,1000,12.501218
0.0,1000,12.534749
0.0,1000,12.568129
0.0,1000,12.601941
0.0,1000,12.635324
0.0,1000,12.671243
0.0,1000,12.705251
0.0,1000,12.73889
0.0,1000,12.772449
0.0,1000,12.806406
0.0,1000,12.840055
0.0,1000,12.873863
0.0,1000,12.907145
0.0,1000,12.940724
0.0,1000,12.97411
0.0,1000,13.007947
0.0,1000,13.041712
0.0,1000,13.075241
0.0,1000,13.108813
0.0,1000,13.142415
0.0,1000,13.175954
0.0,1000,13.209646
0.0,1000,13.243079
0.0,1000,13.2768
0.0,1000,13.310344
0.0,1000,13.34406
0.0,1000,13.377698
0.0,1000,13.411344
0.0,1000,13.445086
0.0,1000,13.479166
0.0,1000,13.513278
0.0,1000,13.547078
0.0,1000,13.580458
0.0,1000,13.614088
0.0,1000,13.647554
0.0,1000,13.681165
0.0,1000,13.714773
0.0,1000,13.748369
0.0,1000,13.781857
0.0,1000,13.815516
0.0,1000,13.84933
0.0,1000,13.882982
0.0,1000,13.916363
0.0,1000,13.950082
0.0,1000,13.983519
0.0,1000,14.017344
0.0,1000,14.051192
0.0,1000,14.084737
1.0,476,14.100782
0.0,1000,14.134369
0.0,1000,14.168047
0.0,1000,14.201655
0.0,1000,14.235393
0.0,1000,14.268931
0.0,1000,14.302759
0.0,1000,14.336406
0.0,1000,14.370093
0.0,1000,14.403769
0.0,1000,14.437542
0.0,1000,14.471102
0.0,1000,14.504994
0.0,1000,14.538548
0.0,1000,14.57223
0.0,1000,14.606118
0.0,1000,14.640198
0.0,1000,14.674858
0.0,1000,14.709991
0.0,1000,14.745048
0.0,1000,14.780251
0.0,1000,14.815477
0.0,1000,14.8506
0.0,1000,14.885703
0.0,1000,14.920728
0.0,1000,14.955611
0.0,1000,14.990505
0.0,1000,15.0256
1.0,955,15.059126
0.0,1000,15.094197
0.0,1000,15.128919
0.0,1000,15.163881
0.0,1000,15.198762
0.0,1000,15.233629
0.0,1000,15.268515
0.0,1000,15.303581
0.0,1000,15.338454
0.0,1000,15.373357
0.0,1000,15.408184
0.0,1000,15.443203
0.0,1000,15.477993
0.0,1000,15.512921
0.0,1000,15.547917
0.0,1000,15.583181
0.0,1000,15.61852
0.0,1000,15.653975
0.0,1000,15.688813
0.0,1000,15.723847
0.0,1000,15.758305
0.0,1000,15.793142
0.0,1000,15.827931
0.0,1000,15.8629
0.0,1000,15.897681
0.0,1000,15.932487
0.0,1000,15.96715
0.0,1000,16.002008
0.0,1000,16.036977
0.0,1000,16.071905
0.0,1000,16.106481
0.0,1000,16.141222
0.0,1000,16.175998
0.0,1000,16.210678
0.0,1000,16.245507
0.0,1000,16.280331
0.0,1000,16.315147
0.0,1000,16.349963
0.0,1000,16.384608
0.0,1000,16.419427
0.0,1000,16.454172
0.0,1000,16.489212
0.0,1000,16.524016
0.0,1000,16.559034
0.0,1000,16.594016
0.0,1000,16.628873
0.0,1000,16.663716
0.0,1000,16.698538
0.0,1000,16.733599
0.0,1000,16.768964
0.0,1000,16.803783
0.0,1000,16.838502
0.0,1000,16.873153
0.0,1000,16.908097
0.0,1000,16.943012
0.0,1000,16.977881
0.0,1000,17.012509
0.0,1000,17.047454
0.0,1000,17.082063
0.0,1000,17.116943
0.0,1000,17.151694
0.0,1000,17.186543
0.0,1000,17.221305
0.0,1000,17.256151
0.0,1000,17.291394
0.0,1000,17.326258
0.0,1000,17.361118
0.0,1000,17.395991
0.0,1000,17.430677
0.0,1000,17.465553
0.0,1000,17.500056
0.0,1000,17.534387
0.0,1000,17.568958
0.0,1000,17.603564
0.0,1000,17.638167
0.0,1000,17.672754
0.0,1000,17.707416
0.0,1000,17.74195
0.0,1000,17.776398
0.0,1000,17.811094
0.0,1000,17.845608
0.0,1000,17.880133
0.0,1000,17.914739
0.0,1000,17.949265
0.0,1000,17.983696
0.0,1000,18.018409
0.0,1000,18.052853
0.0,1000,18.087269
0.0,1000,18.121691
0.0,1000,18.156158
0.0,1000,18.190621
0.0,1000,18.224967
0.0,1000,18.259413
0.0,1000,18.294076
0.0,1000,18.328781
0.0,1000,18.363486
0.0,1000,18.400479
0.0,1000,18.435569
0.0,1000,18.470276
0.0,1000,18.505009
0.0,1000,18.539804
0.0,1000,18.574442
0.0,1000,18.608746
1.0,502,18.626188
0.0,1000,18.660839
0.0,1000,18.695363
0.0,1000,18.729934
0.0,1000,18.764354
0.0,1000,18.798925
0.0,1000,18.833565
0.0,1000,18.868055
1.0,802,18.895759
0.0,1000,18.930198
0.0,1000,18.964506
0.0,1000,18.998902
0.0,1000,19.033594
0.0,1000,19.067979
1.0,910,19.099288
0.0,1000,19.133833
0.0,1000,19.168222
0.0,1000,19.202724
0.0,1000,19.237132
0.0,1000,19.27177
0.0,1000,19.306214
0.0,1000,19.340733
0.0,1000,19.375138
0.0,1000,19.409615
0.0,1000,19.444064
0.0,1000,19.478406
0.0,1000,19.512687
0.0,1000,19.547301
0.0,1000,19.581621
0.0,1000,19.61598
0.0,1000,19.650275
0.0,1000,19.684711
0.0,1000,19.719125
0.0,1000,19.753469
1.0,883,19.783771
1.0,641,19.805937
0.0,1000,19.840339
0.0,1000,19.874854
0.0,1000,19.909213
0.0,1000,19.943769
0.0,1000,19.978216
0.0,1000,20.012485
0.0,1000,20.047342
0.0,1000,20.081594
0.0,1000,20.116088
0.0,1000,20.150504
0.0,1000,20.184721
0.0,1000,20.218963
0.0,1000,20.253208
0.0,1000,20.287555
0.0,1000,20.322132
0.0,1000,20.356572
0.0,1000,20.391318
0.0,1000,20.425596
0.0,1000,20.460073
0.0,1000,20.494645
0.0,1000,20.529106
0.0,1000,20.563622
0.0,1000,20.598162
0.0,1000,20.632271
0.0,1000,20.666826
0.0,1000,20.702027
0.0,1000,20.737483
0.0,1000,20.772863
0.0,1000,20.807071
0.0,1000,20.841105
0.0,1000,20.874593
0.0,1000,20.908288
0.0,1000,20.941948
0.0,1000,20.975519
0.0,1000,21.009103
0.0,1000,21.042825
0.0,1000,21.07658
0.0,1000,21.110391
0.0,1000,21.143993
0.0,1000,21.177657
0.0,1000,21.211368
0.0,1000,21.244923
0.0,1000,21.278854
0.0,1000,21.312609
1.0,353,21.324646
0.0,1000,21.358508
0.0,1000,21.392385
0.0,1000,21.426449
0.0,1000,21.460129
0.0,1000,21.49414
0.0,1000,21.527939
0.0,1000,21.56193
0.0,1000,21.595704
0.0,1000,21.629661
0.0,1000,21.663477
0.0,1000,21.697318
0.0,1000,21.731169
0.0,1000,21.765588
0.0,1000,21.799701
0.0,1000,21.833495
0.0,1000,21.86842
0.0,1000,21.903598
0.0,1000,21.937847
0.0,1000,21.971445
0.0,1000,22.005126
0.0,1000,22.039259
0.0,1000,22.07313
0.0,1000,22.107186
0.0,1000,22.141063
0.0,1000,22.17486
0.0,1000,22.208573
0.0,1000,22.242592
0.0,1000,22.276307
0.0,1000,22.310163
0.0,1000,22.344041
0.0,1000,22.378123
0.0,1000,22.411974
0.0,1000,22.44597
0.0,1000,22.479658
0.0,1000,22.513583
0.0,1000,22.546841
0.0,1000,22.58059
0.0,1000,22.61418
0.0,1000,22.647653
0.0,1000,22.680974
0.0,1000,22.714457
0.0,1000,22.747679
0.0,1000,22.781349
0.0,1000,22.814961
0.0,1000,22.848436
1.0,690,22.871636
0.0,1000,22.905005
0.0,1000,22.938549
0.0,1000,22.972065
0.0,1000,23.005848
0.0,1000,23.039523
0.0,1000,23.073011
1.0,912,23.103669
0.0,1000,23.137093
0.0,1000,23.170619
0.0,1000,23.204104
0.0,1000,23.237798
0.0,1000,23.271223
0.0,1000,23.304768
0.0,1000,23.338197
0.0,1000,23.371747
0.0,1000,23.405301
0.0,1000,23.439093
0.0,1000,23.472435
0.0,1000,23.505971
0.0,1000,23.539362
0.0,1000,23.572869
0.0,1000,23.606283
0.0,1000,23.639927
0.0,1000,23.673386
0.0,1000,23.706905
0.0,1000,23.74035
0.0,1000,23.773959
0.0,1000,23.807348
0.0,1000,23.840986
0.0,1000,23.874506
0.0,1000,23.908093
0.0,1000,23.941621
0.0,1000,23.975324
0.0,1000,24.008787
0.0,1000,24.042823
0.0,1000,24.076413
1.0,937,24.108016
0.0,1000,24.141537
0.0,1000,24.175049
0.0,1000,24.208525
0.0,1000,24.242091
1.0,462,24.257689
0.0,1000,24.291072
0.0,1000,24.324535
0.0,1000,24.358021
0.0,1000,24.39143
0.0,1000,24.424888
0.0,1000,24.45856
0.0,1000,24.492053
0.0,1000,24.525455
0.0,1000,24.558959
0.0,1000,24.592374
0.0,1000,24.62566
0.0,1000,24.659376
1.0,632,24.680705
0.0,1000,24.714104
0.0,1000,24.747566
1.0,921,24.778595
0.0,1000,24.811996
0.0,1000,24.845522
0.0,1000,24.878987
0.0,1000,24.912493
0.0,1000,24.946175
0.0,1000,24.979642
0.0,1000,25.013109
0.0,1000,25.046865
0.0,1000,25.080348
0.0,1000,25.1139
0.0,1000,25.147426
0.0,1000,25.180843
0.0,1000,25.214246
0.0,1000,25.247788
0.0,1000,25.281137
0.0,1000,25.31466
0.0,1000,25.348004
0.0,1000,25.381374
0.0,1000,25.414833
0.0,1000,25.448416
0.0,1000,25.482127
0.0,1000,25.515485
1.0,380,25.528226
0.0,1000,25.561648
0.0,1000,25.595003
0.0,1000,25.628352
0.0,1000,25.661806
1.0,672,25.684209
0.0,1000,25.717705
0.0,1000,25.751032
0.0,1000,25.784443
0.0,1000,25.817926
1.0,927,25.851553
0.0,1000,25.885752
0.0,1000,25.91926
0.0,1000,25.953191
0.0,1000,25.987241
0.0,1000,26.020969
0.0,1000,26.054659
0.0,1000,26.088391
0.0,1000,26.122004
0.0,1000,26.155462
0.0,1000,26.188886
0.0,1000,26.222378
0.0,1000,26.255876
0.0,1000,26.289578
0.0,1000,26.323348
0.0,1000,26.35675
0.0,1000,26.390277
1.0,941,26.421766
0.0,1000,26.455408
0.0,1000,26.489154
0.0,1000,26.522854
0.0,1000,26.556582
0.0,1000,26.590202
0.0,1000,26.623671
0.0,1000,26.657111
1.0,837,26.685233
0.0,1000,26.718722
0.0,1000,26.752075
0.0,1000,26.785434
0.0,1000,26.818853
0.0,1000,26.852304
0.0,1000,26.886146
0.0,1000,26.919569
0.0,1000,26.953029
0.0,1000,26.986924
0.0,1000,27.020737
0.0,1000,27.05433
0.0,1000,27.088234
0.0,1000,27.122048
0.0,1000,27.155634
1.0,726,27.180027
0.0,1000,27.213707
0.0,1000,27.247114
0.0,1000,27.280698
0.0,1000,27.314232
0.0,1000,27.347716
0.0,1000,27.381071
0.0,1000,27.414766
0.0,1000,27.448516
0.0,1000,27.482219
0.0,1000,27.516139
0.0,1000,27.549831
0.0,1000,27.583362
0.0,1000,27.616964
0.0,1000,27.650484
0.0,1000,27.684051
0.0,1000,27.717656
0.0,1000,27.751217
0.0,1000,27.784619
0.0,1000,27.818274
0.0,1000,27.851662
0.0,1000,27.885156
0.0,1000,27.918711
0.0,1000,27.952263
0.0,1000,27.985585
0.0,1000,28.019346
0.0,1000,28.052835
0.0,1000,28.086358
0.0,1000,28.120122
0.0,1000,28.153831
0.0,1000,28.187265
0.0,1000,28.220877
0.0,1000,28.254289
0.0,1000,28.287915
0.0,1000,28.321626
0.0,1000,28.355136
0.0,1000,28.388451
0.0,1000,28.422045
1.0,756,28.447454
1.0,906,28.478087
0.0,1000,28.511813
1.0,531,28.529704
1.0,678,28.55243
0.0,1000,28.585874
0.0,1000,28.619386
0.0,1000,28.652966
0.0,1000,28.686429
0.0,1000,28.720045
0.0,1000,28.753525
0.0,1000,28.787054
0.0,1000,28.820584
0.0,1000,28.854146
0.0,1000,28.887749
0.0,1000,28.921589
1.0,854,28.950265
1.0,849,28.97875
0.0,1000,29.012266
0.0,1000,29.04581
1.0,505,29.062751
0.0,1000,29.096065
0.0,1000,29.129587
0.0,1000,29.163013
0.0,1000,29.196341
1.0,331,29.207496
0.0,1000,29.240805
0.0,1000,29.274264
0.0,1000,29.307758
0.0,1000,29.341394
0.0,1000,29.37481
0.0,1000,29.408124
0.0,1000,29.441514
0.0,1000,29.475128
0.0,1000,29.508482
0.0,1000,29.542153
0.0,1000,29.575618
0.0,1000,29.608986
0.0,1000,29.642446
0.0,1000,29.676057
1.0,674,29.698558
0.0,1000,29.732025
0.0,1000,29.765636
0.0,1000,29.799102
0.0,1000,29.83269
0.0,1000,29.866121
0.0,1000,29.899498
0.0,1000,29.932966
0.0,1000,29.966618
0.0,1000,30.000231
0.0,1000,30.033952
0.0,1000,30.067368
0.0,1000,30.100806
0.0,1000,30.134807
0.0,1000,30.168449
0.0,1000,30.201922
0.0,1000,30.235353
0.0,1000,30.268865
0.0,1000,30.302306
0.0,1000,30.335809
0.0,1000,30.369277
0.0,1000,30.40275
0.0,1000,30.43624
0.0,1000,30.469606
1.0,389,30.482743
0.0,1000,30.516254
0.0,1000,30.549625
0.0,1000,30.583029
1.0,624,30.603851
0.0,1000,30.637036
1.0,519,30.654408
0.0,1000,30.687896
0.0,1000,30.72118
0.0,1000,30.754672
0.0,1000,30.788076
0.0,1000,30.821669
0.0,1000,30.854993
0.0,1000,30.888341
1.0,609,30.909226
0.0,1000,30.942748
0.0,1000,30.976677
0.0,1000,31.010519
0.0,1000,31.04492
0.0,1000,31.080091
0.0,1000,31.115684
1.0,886,31.147489
1.0,353,31.160219
0.0,1000,31.195972
0.0,1000,31.231617
1.0,914,31.264242
0.0,1000,31.299689
0.0,1000,31.335044
0.0,1000,31.370549
0.0,1000,31.40598
0.0,1000,31.441385
0.0,1000,31.476853
0.0,1000,31.512303
0.0,1000,31.547595
0.0,1000,31.583062
0.0,1000,31.61828
0.0,1000,31.653683
0.0,1000,31.689
1.0,715,31.713856
0.0,1000,31.747217
0.0,1000,31.781145
0.0,1000,31.814662
0.0,1000,31.847986
0.0,1000,31.88161
0.0,1000,31.914897
0.0,1000,31.948301
0.0,1000,31.982072
0.0,1000,32.015409
1.0,849,32.043977
0.0,1000,32.077386
1.0,763,32.103337
0.0,1000,32.280864
0.0,1000,32.314391
0.0,1000,32.347878
1.0,237,32.35585
0.0,1000,32.389489
0.0,1000,32.422923
0.0,1000,32.456165
0.0,1000,32.489764
0.0,1000,32.523141
0.0,1000,32.556589
0.0,1000,32.590115
1.0,735,32.614658
0.0,1000,32.648024
1.0,708,32.671743
0.0,1000,32.705326
0.0,1000,32.7387
0.0,1000,32.772167
0.0,1000,32.805842
0.0,1000,32.839087
0.0,1000,32.872539
0.0,1000,32.905877
0.0,1000,32.939249
0.0,1000,32.972605
0.0,1000,33.006316
0.0,1000,33.039997
0.0,1000,33.073323
0.0,1000,33.106944
0.0,1000,33.140299
0.0,1000,33.173712
0.0,1000,33.207303
0.0,1000,33.240741
0.0,1000,33.274246
1.0,942,33.305682
0.0,1000,33.339299
0.0,1000,33.372712
0.0,1000,33.406117
0.0,1000,33.439668
0.0,1000,33.473091
0.0,1000,33.506682
0.0,1000,33.540172
0.0,1000,33.573615
0.0,1000,33.607083
0.0,1000,33.640663
0.0,1000,33.6742
0.0,1000,33.707581
1.0,622,33.728377
0.0,1000,33.761879
0.0,1000,33.795264
0.0,1000,33.828789
0.0,1000,33.862051
0.0,1000,33.895421
0.0,1000,33.928838
0.0,1000,33.962309
0.0,1000,33.99578
0.0,1000,34.029801
0.0,1000,34.063344
0.0,1000,34.096771
0.0,1000,34.130177
0.0,1000,34.163705
0.0,1000,34.197218
1.0,261,34.206081
0.0,1000,34.239754
0.0,1000,34.27326
0.0,1000,34.306736
0.0,1000,34.34037
0.0,1000,34.37396
0.0,1000,34.407449
1.0,946,34.439401
0.0,1000,34.47293
0.0,1000,34.506527
0.0,1000,34.539812
0.0,1000,34.573302
0.0,1000,34.60672
0.0,1000,34.640253
0.0,1000,34.673553
0.0,1000,34.706968
0.0,1000,34.740383
0.0,1000,34.773871
0.0,1000,34.807325
0.0,1000,34.840963
0.0,1000,34.874412
0.0,1000,34.907794
0.0,1000,34.941204
0.0,1000,34.974661
0.0,1000,35.007899
0.0,1000,35.041745
0.0,1000,35.0751
1.0,296,35.085032
0.0,1000,35.118302
1.0,824,35.145738
0.0,1000,35.178881
1.0,771,35.204682
0.0,1000,35.238093
1.0,673,35.260747
0.0,1000,35.294306
1.0,234,35.302213
0.0,1000,35.33561
0.0,1000,35.36908
0.0,1000,35.402617
0.0,1000,35.436151
0.0,1000,35.469824
0.0,1000,35.503325
1.0,497,35.520036
0.0,1000,35.553612
0.0,1000,35.586916
0.0,1000,35.622895
0.0,1000,35.657162
0.0,1000,35.691087
1.0,492,35.707697
0.0,1000,35.741314
0.0,1000,35.774958
0.0,1000,35.808423
0.0,1000,35.841805
0.0,1000,35.875672
0.0,1000,35.909088
0.0,1000,35.942587
0.0,1000,35.976056
0.0,1000,36.009532
0.0,1000,36.043303
1.0,675,36.066141
0.0,1000,36.099589
0.0,1000,36.133085
0.0,1000,36.166892
0.0,1000,36.200329
0.0,1000,36.233962
0.0,1000,36.267698
1.0,759,36.293218
0.0,1000,36.326915
0.0,1000,36.360563
0.0,1000,36.394143
0.0,1000,36.427982
0.0,1000,36.461542
1.0,996,36.495179
1.0,887,36.524935
0.0,1000,36.558522
0.0,1000,36.591889
1.0,542,36.610172
0.0,1000,36.643562
1.0,377,36.656187
0.0,1000,36.689744
0.0,1000,36.723325
0.0,1000,36.756775
0.0,1000,36.791136
1.0,796,36.818401
1.0,857,36.847561
0.0,1000,36.882319
0.0,1000,36.915968
0.0,1000,36.949283
0.0,1000,36.982753
0.0,1000,37.016092
1.0,636,37.037623
0.0,1000,37.071052
1.0,813,37.098345
0.0,1000,37.131727
0.0,1000,37.165096
0.0,1000,37.199032
0.0,1000,37.233676
0.0,1000,37.267872
0.0,1000,37.301659
1.0,654,37.324012
0.0,1000,37.359358
0.0,1000,37.394679
0.0,1000,37.430111
0.0,1000,37.46552
0.0,1000,37.500963
0.0,1000,37.536199
1.0,264,37.545515
0.0,1000,37.580773
1.0,299,37.591431
1.0,477,37.607843
1.0,744,37.634193
1.0,866,37.664801
1.0,905,37.696859
0.0,1000,37.732461
0.0,1000,37.767073
0.0,1000,37.802169
1.0,930,37.835098
0.0,1000,37.868676
0.0,1000,37.902646
0.0,1000,37.936445
0.0,1000,37.969916
1.0,965,38.002203
0.0,1000,38.035884
0.0,1000,38.069354
0.0,1000,38.10324
0.0,1000,38.136792
0.0,1000,38.170178
0.0,1000,38.203594
0.0,1000,38.236865
0.0,1000,38.270289
0.0,1000,38.303915
1.0,536,38.321834
0.0,1000,38.355404
0.0,1000,38.388741
0.0,1000,38.422349
0.0,1000,38.45572
0.0,1000,38.489303
0.0,1000,38.522936
0.0,1000,38.556119
0.0,1000,38.589617
1.0,963,38.621767
0.0,1000,38.655246
0.0,1000,38.688763
0.0,1000,38.722219
0.0,1000,38.75579
1.0,544,38.774047
0.0,1000,38.807546
0.0,1000,38.840917
0.0,1000,38.874351
1.0,363,38.886523
1.0,695,38.909806
0.0,1000,38.943552
0.0,1000,38.977202
1.0,628,38.998346
0.0,1000,39.032141
0.0,1000,39.065709
0.0,1000,39.099258
0.0,1000,39.132959
0.0,1000,39.166538
0.0,1000,39.199952
0.0,1000,39.233465
0.0,1000,39.266796
1.0,634,39.288144
1.0,344,39.299651
1.0,751,39.325104
0.0,1000,39.358665
0.0,1000,39.392272
0.0,1000,39.425938
1.0,991,39.459216
0.0,1000,39.49268
0.0,1000,39.526208
0.0,1000,39.559879
0.0,1000,39.593197
0.0,1000,39.626865
0.0,1000,39.660305
0.0,1000,39.69388
0.0,1000,39.727351
0.0,1000,39.76112
0.0,1000,39.794724
0.0,1000,39.828266
0.0,1000,39.861682
0.0,1000,39.895224
1.0,482,39.911329
1.0,749,39.93658
0.0,1000,39.970163
0.0,1000,40.003592
0.0,1000,40.03733
1.0,249,40.045779
1.0,516,40.063226
0.0,1000,40.09666
0.0,1000,40.130163
0.0,1000,40.163753
0.0,1000,40.197271
1.0,788,40.223677
0.0,1000,40.257158
0.0,1000,40.290628
0.0,1000,40.324318
1.0,410,40.338093
0.0,1000,40.371769
0.0,1000,40.405227
0.0,1000,40.438839
1.0,674,40.461589
0.0,1000,40.495579
0.0,1000,40.529097
1.0,968,40.561831
1.0,470,40.577794
0.0,1000,40.61163
0.0,1000,40.645642
0.0,1000,40.68004
0.0,1000,40.714361
0.0,1000,40.749458
0.0,1000,40.784453
0.0,1000,40.819658
0.0,1000,40.854774
0.0,1000,40.890017
0.0,1000,40.924264
0.0,1000,40.957979
0.0,1000,40.991339
1.0,393,41.004543
0.0,1000,41.04028
0.0,1000,41.074836
1.0,792,41.102085
0.0,1000,41.137015
0.0,1000,41.172539
1.0,727,41.198249
1.0,730,41.22393
0.0,1000,41.258799
0.0,1000,41.293606
0.0,1000,41.328917
0.0,1000,41.364171
1.0,912,41.396365
0.0,1000,41.430714
0.0,1000,41.465932
1.0,185,41.472282
1.0,607,41.493627
0.0,1000,41.528521
0.0,1000,41.563341
0.0,1000,41.59868
1.0,284,41.608778
0.0,1000,41.644062
1.0,428,41.659218
1.0,742,41.685371
0.0,1000,41.720801
0.0,1000,41.756033
0.0,1000,41.791479
0.0,1000,41.826857
0.0,1000,41.861826
0.0,1000,41.89562
1.0,795,41.923573
0.0,1000,41.958942
0.0,1000,41.994413
0.0,1000,42.029756
0.0,1000,42.064985
0.0,1000,42.100006
0.0,1000,42.135044
0.0,1000,42.1704
0.0,1000,42.205695
0.0,1000,42.24034
0.0,1000,42.273781
0.0,1000,42.308992
1.0,374,42.322305
0.0,1000,42.357366
0.0,1000,42.393083
0.0,1000,42.428459
0.0,1000,42.463886
0.0,1000,42.499474
1.0,658,42.522846
0.0,1000,42.558116
0.0,1000,42.593675
1.0,99,42.597116
1.0,997,42.630479
0.0,1000,42.664363
1.0,352,42.676221
0.0,1000,42.710537
1.0,999,42.744382
0.0,1000,42.778377
1.0,641,42.800534
1.0,330,42.81181
0.0,1000,42.845323
0.0,1000,42.879044
0.0,1000,42.912589
0.0,1000,42.946216
0.0,1000,42.979712
0.0,1000,43.013741
0.0,1000,43.047333
1.0,802,43.074124
1.0,701,43.097636
0.0,1000,43.130933
0.0,1000,43.164372
0.0,1000,43.197978
0.0,1000,43.231434
1.0,857,43.260057
0.0,1000,43.293549
0.0,1000,43.327054
0.0,1000,43.360459
0.0,1000,43.394056
1.0,460,43.409729
0.0,1000,43.443136
0.0,1000,43.476453
0.0,1000,43.509962
1.0,429,43.524491
0.0,1000,43.558047
0.0,1000,43.591384
1.0,180,43.597495
0.0,1000,43.631142
0.0,1000,43.664362
1.0,808,43.691422
0.0,1000,43.724808
0.0,1000,43.758529
0.0,1000,43.792403
0.0,1000,43.826481
0.0,1000,43.859942
1.0,316,43.870603
1.0,824,43.898115
0.0,1000,43.93164
0.0,1000,43.965108
0.0,1000,43.998615
0.0,1000,44.032421
0.0,1000,44.065819
0.0,1000,44.099237
0.0,1000,44.13283
0.0,1000,44.166469
0.0,1000,44.199944
0.0,1000,44.233577
0.0,1000,44.267131
1.0,931,44.29813
1.0,514,44.315457
1.0,503,44.332299
1.0,765,44.357956
1.0,865,44.386894
1.0,702,44.410359
0.0,1000,44.444019
1.0,502,44.460903
0.0,1000,44.494366
1.0,222,44.501881
0.0,1000,44.535294
1.0,333,44.546504
1.0,877,44.575801
1.0,341,44.587224
0.0,1000,44.620568
0.0,1000,44.654094
1.0,707,44.677747
1.0,474,44.693629
0.0,1000,44.727038
0.0,1000,44.760446
1.0,533,44.778479
0.0,1000,44.812168
0.0,1000,44.845928
1.0,467,44.861688
0.0,1000,44.895081
1.0,935,44.926375
1.0,523,44.943827
1.0,753,44.96903
0.0,1000,45.002416
1.0,996,45.03611
0.0,1000,45.069662
0.0,1000,45.103047
0.0,1000,45.136393
1.0,928,45.167552
1.0,753,45.192679
1.0,220,45.200157
0.0,1000,45.233531
0.0,1000,45.267086
0.0,1000,45.300478
1.0,440,45.315291
0.0,1000,45.349576
0.0,1000,45.383025
1.0,981,45.415611
0.0,1000,45.449231
0.0,1000,45.48277
0.0,1000,45.516189
0.0,1000,45.549686
0.0,1000,45.583081
0.0,1000,45.616481
0.0,1000,45.650298
0.0,1000,45.683686
1.0,173,45.689595
1.0,708,45.713244
0.0,1000,45.746739
0.0,1000,45.780072
0.0,1000,45.813678
0.0,1000,45.847147
0.0,1000,45.880909
1.0,645,45.902495
0.0,1000,45.935881
0.0,1000,45.969345
1.0,844,45.997645
0.0,1000,46.031377
1.0,743,46.056457
0.0,1000,46.090005
0.0,1000,46.123417
1.0,574,46.142748
1.0,472,46.158553
0.0,1000,46.192026
0.0,1000,46.225503
0.0,1000,46.259109
1.0,563,46.278001
0.0,1000,46.311442
0.0,1000,46.344902
0.0,1000,46.378309
1.0,442,46.393119
1.0,192,46.399575
0.0,1000,46.432896
0.0,1000,46.466518
1.0,967,46.498999
1.0,479,46.515026
0.0,1000,46.548532
0.0,1000,46.581898
1.0,619,46.602591
0.0,1000,46.636015
1.0,411,46.649863
0.0,1000,46.68338
1.0,722,46.707496
0.0,1000,46.740854
1.0,732,46.76526
1.0,331,46.776357
0.0,1000,46.809885
0.0,1000,46.843288
0.0,1000,46.876858
1.0,848,46.905136
0.0,1000,46.93857
1.0,487,46.954836
1.0,954,46.986799
0.0,1000,47.020653
0.0,1000,47.056284
0.0,1000,47.091933
0.0,1000,47.127513
0.0,1000,47.161844
1.0,886,47.192168
1.0,673,47.214881
1.0,558,47.233569
1.0,381,47.246335
0.0,1000,47.279859
0.0,1000,47.313278
0.0,1000,47.34672
1.0,870,47.375824
0.0,1000,47.409322
0.0,1000,47.442746
1.0,929,47.475717
0.0,1000,47.510274
0.0,1000,47.543848
0.0,1000,47.577377
1.0,696,47.600764
1.0,406,47.614418
1.0,565,47.633291
0.0,1000,47.666828
0.0,1000,47.700529
1.0,669,47.722854
1.0,372,47.735277
0.0,1000,47.768584
0.0,1000,47.801888
0.0,1000,47.835129
1.0,446,47.85004
1.0,954,47.881746
1.0,928,47.912891
1.0,623,47.933744
0.0,1000,47.967162
0.0,1000,48.00051
1.0,874,48.029953
0.0,1000,48.063386
0.0,1000,48.096822
0.0,1000,48.130284
0.0,1000,48.163863
0.0,1000,48.200452
1.0,422,48.21504
1.0,391,48.228448
1.0,855,48.257448
1.0,852,48.286105
1.0,604,48.306645
0.0,1000,48.340275
0.0,1000,48.374018
0.0,1000,48.40743
1.0,447,48.422434
0.0,1000,48.455823
0.0,1000,48.489542
0.0,1000,48.523412
0.0,1000,48.556991
1.0,572,48.576331
0.0,1000,48.60977
1.0,450,48.624901
0.0,1000,48.658335
1.0,970,48.690842
0.0,1000,48.72443
0.0,1000,48.757836
1.0,758,48.783215
0.0,1000,48.816766
0.0,1000,48.85018
0.0,1000,48.88353
0.0,1000,48.917407
0.0,1000,48.950902
1.0,943,48.982406
0.0,1000,49.015996
1.0,613,49.036672
1.0,443,49.051497
1.0,988,49.084528
1.0,488,49.100894
1.0,597,49.12103
0.0,1000,49.154563
0.0,1000,49.187961
0.0,1000,49.221298
0.0,1000,49.254886
1.0,929,49.286038
0.0,1000,49.319781
0.0,1000,49.353216
1.0,369,49.365631
0.0,1000,49.399054
0.0,1000,49.432518
0.0,1000,49.465984
1.0,835,49.493897
1.0,950,49.525906
0.0,1000,49.559327
1.0,633,49.580564
0.0,1000,49.613935
1.0,916,49.644526
1.0,786,49.670838
1.0,794,49.697383
0.0,1000,49.731108
1.0,613,49.751686
0.0,1000,49.784886
0.0,1000,49.81829
0.0,1000,49.851678
0.0,1000,49.884975
1.0,977,49.917765
1.0,521,49.935378
0.0,1000,49.968832
1.0,336,49.98012
0.0,1000,50.013652
1.0,179,50.019894
0.0,1000,50.053269
1.0,781,50.079323
0.0,1000,50.112796
1.0,843,50.14116
0.0,1000,50.174734
0.0,1000,50.208031
1.0,676,50.230625
0.0,1000,50.264051
0.0,1000,50.297376
0.0,1000,50.330773
0.0,1000,50.364328
0.0,1000,50.397702
1.0,646,50.419278
0.0,1000,50.452751
1.0,128,50.457114
1.0,603,50.477338
1.0,527,50.495107
0.0,1000,50.528425
0.0,1000,50.561927
0.0,1000,50.595439
0.0,1000,50.628724
0.0,1000,50.662197
0.0,1000,50.695529
1.0,365,50.70783
0.0,1000,50.741416
0.0,1000,50.775162
0.0,1000,50.808716
0.0,1000,50.842285
1.0,505,50.859317
0.0,1000,50.894255
1.0,728,50.919765
0.0,1000,50.954864
1.0,643,50.977245
0.0,1000,51.012322
1.0,665,51.035755
1.0,292,51.046108
1.0,650,51.06882
1.0,780,51.096232
1.0,404,51.110396
1.0,429,51.125487
0.0,1000,51.160437
1.0,473,51.176965
0.0,1000,51.21191
1.0,467,51.228139
1.0,546,51.247326
1.0,938,51.280047
1.0,789,51.307545
1.0,556,51.32703
1.0,931,51.35954
1.0,208,51.366785
1.0,624,51.388313
0.0,1000,51.423099
0.0,1000,51.458008
1.0,368,51.470876
0.0,1000,51.505788
0.0,1000,51.540617
1.0,800,51.568596
1.0,335,51.580317
1.0,935,51.613069
0.0,1000,51.647857
0.0,1000,51.682583
0.0,1000,51.71717
0.0,1000,51.751997
1.0,279,51.761892
0.0,1000,51.796684
1.0,217,51.804389
0.0,1000,51.83933
0.0,1000,51.874141
1.0,328,51.885602
0.0,1000,51.920343
0.0,1000,51.955227
0.0,1000,51.98974
1.0,125,51.99419
1.0,780,52.021503
0.0,1000,52.056253
1.0,312,52.067173
1.0,486,52.08413
0.0,1000,52.118856
1.0,274,52.128451
0.0,1000,52.163721
1.0,736,52.189923
1.0,969,52.22408
0.0,1000,52.259398
0.0,1000,52.294184
1.0,322,52.305618
0.0,1000,52.340379
0.0,1000,52.374858
1.0,594,52.395502
0.0,1000,52.430225
1.0,519,52.448349
0.0,1000,52.483236
1.0,479,52.499858
1.0,938,52.532481
1.0,871,52.562698
0.0,1000,52.598271
0.0,1000,52.632785
1.0,340,52.644576
1.0,610,52.665891
0.0,1000,52.700543
0.0,1000,52.735317
1.0,711,52.760107
1.0,406,52.774313
0.0,1000,52.809041
0.0,1000,52.843727
0.0,1000,52.878456
0.0,1000,52.913143
0.0,1000,52.94795
0.0,1000,52.982749
0.0,1000,53.017823
1.0,842,53.047166
0.0,1000,53.081947
1.0,771,53.108747
1.0,242,53.11722
1.0,462,53.133355
0.0,1000,53.168266
1.0,351,53.180423
1.0,662,53.203391
1.0,443,53.218858
1.0,202,53.225978
1.0,968,53.259589
0.0,1000,53.294312
1.0,927,53.32648
1.0,750,53.352715
1.0,476,53.369364
0.0,1000,53.404144
1.0,648,53.426675
1.0,471,53.4431
1.0,782,53.470284
0.0,1000,53.505046
1.0,420,53.519703
1.0,691,53.543758
0.0,1000,53.578547
0.0,1000,53.613242
0.0,1000,53.648001
1.0,837,53.67709
1.0,424,53.691863
0.0,1000,53.726639
1.0,222,53.734425
0.0,1000,53.768957
1.0,620,53.790498
1.0,802,53.818381
0.0,1000,53.853095
0.0,1000,53.887757
1.0,571,53.907626
0.0,1000,53.942412
0.0,1000,53.977066
0.0,1000,54.011992
1.0,407,54.02639
1.0,378,54.039558
0.0,1000,54.07427
0.0,1000,54.109048
0.0,1000,54.143801
1.0,584,54.164182
1.0,507,54.181925
0.0,1000,54.216653
1.0,567,54.236398
1.0,936,54.268979
1.0,423,54.283861
0.0,1000,54.318893
0.0,1000,54.353566
1.0,291,54.36381
0.0,1000,54.398763
0.0,1000,54.433457
1.0,398,54.447318
0.0,1000,54.481861
1.0,795,54.509553
1.0,487,54.526404
1.0,385,54.539691
0.0,1000,54.574193
0.0,1000,54.608734
0.0,1000,54.64326
1.0,928,54.675153
1.0,694,54.698977
0.0,1000,54.73329
0.0,1000,54.767854
0.0,1000,54.802289
0.0,1000,54.836759
1.0,420,54.851347
1.0,604,54.872176
0.0,1000,54.906757
1.0,230,54.914718
1.0,877,54.944855
1.0,781,54.971642
0.0,1000,55.005984
0.0,1000,55.040666
1.0,688,55.064464
0.0,1000,55.098966
0.0,1000,55.133195
0.0,1000,55.167518
0.0,1000,55.201993
1.0,974,55.235581
1.0,641,55.257548
0.0,1000,55.291888
0.0,1000,55.326369
0.0,1000,55.36072
1.0,407,55.37476
1.0,687,55.398531
1.0,558,55.417637
0.0,1000,55.45207
1.0,402,55.46602
0.0,1000,55.500444
1.0,410,55.514544
0.0,1000,55.548737
1.0,642,55.570795
1.0,969,55.603922
1.0,330,55.615135
0.0,1000,55.648733
0.0,1000,55.682202
1.0,944,55.713691
1.0,565,55.732447
1.0,572,55.751516
1.0,773,55.777374
1.0,872,55.806582
1.0,460,55.821935
1.0,294,55.831793
1.0,776,55.857907
0.0,1000,55.891218
1.0,606,55.911469
1.0,405,55.925021
1.0,473,55.940949
1.0,746,55.96609
1.0,329,55.977199
0.0,1000,56.011017
0.0,1000,56.044938
0.0,1000,56.07873
1.0,591,56.098697
0.0,1000,56.13253
0.0,1000,56.166283
1.0,795,56.193092
1.0,989,56.226316
1.0,797,56.253185
0.0,1000,56.286902
1.0,539,56.305153
0.0,1000,56.338836
0.0,1000,56.37252
0.0,1000,56.406205
1.0,991,56.439849
0.0,1000,56.473764
0.0,1000,56.50751
1.0,420,56.521771
1.0,140,56.526712
0.0,1000,56.560295
1.0,632,56.581761
1.0,953,56.613866
1.0,308,56.624277
1.0,278,56.633701
0.0,1000,56.667564
0.0,1000,56.701061
1.0,330,56.712291
0.0,1000,56.746015
0.0,1000,56.779766
1.0,559,56.798721
1.0,814,56.826059
1.0,462,56.841625
1.0,642,56.863306
0.0,1000,56.896951
0.0,1000,56.930852
0.0,1000,56.964503
1.0,711,56.988544
0.0,1000,57.022432
0.0,1000,57.056107
1.0,705,57.079901
0.0,1000,57.113598
1.0,776,57.139859
0.0,1000,57.173555
0.0,1000,57.207307
0.0,1000,57.240968
1.0,186,57.247322
0.0,1000,57.282037
0.0,1000,57.317528
1.0,198,57.324593
0.0,1000,57.359783
1.0,282,57.369797
1.0,535,57.38849
0.0,1000,57.42275
1.0,364,57.435299
0.0,1000,57.468803
1.0,536,57.487028
0.0,1000,57.520423
1.0,518,57.537804
1.0,358,57.54985
1.0,680,57.57267
0.0,1000,57.606097
0.0,1000,57.639406
0.0,1000,57.672873
0.0,1000,57.707582
1.0,407,57.721616
0.0,1000,57.755754
1.0,246,57.764051
1.0,329,57.775132
1.0,747,57.800307
1.0,947,57.832103
0.0,1000,57.865587
1.0,769,57.891402
1.0,307,57.901737
1.0,251,57.910186
0.0,1000,57.943734
1.0,320,57.954529
1.0,350,57.966258
0.0,1000,57.999623
0.0,1000,58.033136
0.0,1000,58.066635
1.0,639,58.087912
1.0,131,58.092509
0.0,1000,58.126167
1.0,254,58.134806
0.0,1000,58.168257
1.0,377,58.180943
0.0,1000,58.214497
1.0,533,58.232355
1.0,400,58.245784
1.0,718,58.269784
1.0,813,58.297162
0.0,1000,58.330676
0.0,1000,58.363874
1.0,423,58.378114
1.0,456,58.393387
0.0,1000,58.42677
1.0,799,58.45359
0.0,1000,58.487279
1.0,722,58.511664
1.0,708,58.535438
1.0,417,58.549381
0.0,1000,58.582867
1.0,249,58.591241
0.0,1000,58.624706
1.0,436,58.63931
1.0,302,58.649513
1.0,843,58.677699
1.0,392,58.6908
0.0,1000,58.724473
0.0,1000,58.757942
1.0,946,58.789554
1.0,626,58.810652
0.0,1000,58.844553
0.0,1000,58.878967
0.0,1000,58.912834
1.0,159,58.918302
1.0,579,58.937676
1.0,283,58.947179
0.0,1000,58.980614
0.0,1000,59.014032
1.0,320,59.024962
0.0,1000,59.058411
0.0,1000,59.091712
1.0,223,59.099232
1.0,780,59.125431
1.0,544,59.14371
1.0,491,59.160127
1.0,691,59.183194
0.0,1000,59.216435
1.0,418,59.230453
1.0,855,59.258917
0.0,1000,59.292293
0.0,1000,59.325921
0.0,1000,59.359374
1.0,777,59.385442
1.0,664,59.40765
1.0,290,59.417395
1.0,420,59.431515
1.0,482,59.44764
1.0,929,59.478786
1.0,372,59.491295
1.0,515,59.508541
1.0,834,59.536525
1.0,272,59.545665
1.0,673,59.568144
0.0,1000,59.601616
1.0,812,59.628717
0.0,1000,59.662079
0.0,1000,59.695533
0.0,1000,59.729134
1.0,816,59.756474
0.0,1000,59.789903
1.0,695,59.813248
1.0,168,59.818972
1.0,703,59.842407
1.0,549,59.860827
1.0,635,59.881965
0.0,1000,59.915351
1.0,329,59.926379
1.0,569,59.945544
1.0,347,59.957171
1.0,587,59.976841
0.0,1000,60.010208
0.0,1000,60.043727
0.0,1000,60.077287
0.0,1000,60.11156
1.0,479,60.127927
0.0,1000,60.161882
1.0,244,60.17014
0.0,1000,60.203458
0.0,1000,60.236719
1.0,276,60.246036
0.0,1000,60.279361
1.0,977,60.311769
1.0,580,60.331201
0.0,1000,60.364706
1.0,570,60.383763
1.0,678,60.40643
1.0,198,60.413034
0.0,1000,60.446466
1.0,735,60.471136
0.0,1000,60.50453
1.0,324,60.51542
1.0,681,60.53818
1.0,134,60.542891
1.0,276,60.552131
1.0,908,60.582491
1.0,233,60.590353
1.0,972,60.622808
1.0,579,60.642239
0.0,1000,60.675567
0.0,1000,60.708942
1.0,318,60.719602
1.0,414,60.733486
0.0,1000,60.766948
0.0,1000,60.800296
0.0,1000,60.833799
0.0,1000,60.867102
0.0,1000,60.900446
0.0,1000,60.933919
1.0,564,60.952875
1.0,579,60.972272
1.0,210,60.979397
1.0,338,60.990732
0.0,1000,61.024453
1.0,206,61.03141
1.0,612,61.051936
1.0,169,61.057665
0.0,1000,61.091072
1.0,317,61.101707
0.0,1000,61.135271
1.0,829,61.163193
0.0,1000,61.196723
0.0,1000,61.231025
1.0,625,61.25239
1.0,929,61.284242
0.0,1000,61.318178
0.0,1000,61.351452
1.0,651,61.373396
1.0,126,61.377708
0.0,1000,61.411046
0.0,1000,61.444455
1.0,572,61.463655
1.0,584,61.483238
1.0,339,61.494753
1.0,821,61.522188
0.0,1000,61.555721
0.0,1000,61.589282
1.0,824,61.616867
1.0,328,61.627872
0.0,1000,61.661246
1.0,477,61.677194
1.0,396,61.69053
0.0,1000,61.723818
1.0,378,61.736548
1.0,411,61.750334
1.0,296,61.760238
1.0,646,61.781931
0.0,1000,61.815391
1.0,965,61.847714
1.0,232,61.855539
0.0,1000,61.888896
1.0,741,61.91365
1.0,474,61.929526
1.0,403,61.942988
0.0,1000,61.976834
0.0,1000,62.010661
1.0,583,62.030483
1.0,234,62.038439
0.0,1000,62.072025
1.0,353,62.084089
0.0,1000,62.117528
1.0,212,62.124703
0.0,1000,62.158395
1.0,453,62.173676
1.0,623,62.194782
1.0,872,62.223936
1.0,262,62.232767
0.0,1000,62.266305
0.0,1000,62.299679
1.0,292,62.309613
1.0,781,62.335637
1.0,397,62.348966
1.0,318,62.359681
1.0,471,62.375473
1.0,285,62.385455
0.0,1000,62.420679
1.0,548,62.440061
0.0,1000,62.475322
1.0,565,62.495457
1.0,321,62.506878
0.0,1000,62.541338
1.0,217,62.548801
0.0,1000,62.582886
1.0,972,62.615506
0.0,1000,62.649116
1.0,491,62.665516
1.0,832,62.693342
1.0,750,62.718352
1.0,993,62.751409
1.0,178,62.7574
1.0,820,62.784738
1.0,291,62.794744
1.0,431,62.809353
0.0,1000,62.844218
0.0,1000,62.878136
1.0,903,62.908627
1.0,144,62.913661
1.0,584,62.933146
0.0,1000,62.966802
1.0,376,62.979487
1.0,843,63.007828
1.0,218,63.015218
1.0,739,63.040199
1.0,134,63.044759
1.0,827,63.072289
1.0,335,63.083556
0.0,1000,63.117049
1.0,477,63.132995
1.0,522,63.150633
1.0,310,63.161
1.0,397,63.174401
1.0,685,63.197508
1.0,687,63.220516
1.0,521,63.23802
1.0,545,63.25627
1.0,309,63.26671
0.0,1000,63.300095
1.0,977,63.333065
0.0,1000,63.36654
1.0,288,63.376272
1.0,989,63.409607
0.0,1000,63.443495
1.0,636,63.464825
1.0,720,63.489116
1.0,267,63.498136
0.0,1000,63.531728
0.0,1000,63.565106
0.0,1000,63.598565
0.0,1000,63.632195
0.0,1000,63.665545
0.0,1000,63.698942
1.0,646,63.72057
1.0,821,63.747974
1.0,408,63.76161
1.0,270,63.770661
1.0,300,63.780679
1.0,324,63.791527
0.0,1000,63.82492
1.0,605,63.845197
1.0,756,63.870486
1.0,326,63.881419
1.0,212,63.888535
1.0,252,63.896972
1.0,893,63.926749
1.0,224,63.934297
0.0,1000,63.967759
0.0,1000,64.001089
1.0,683,64.02431
1.0,246,64.032577
1.0,641,64.054124
0.0,1000,64.087982
1.0,717,64.112201
0.0,1000,64.145861
0.0,1000,64.179708
1.0,396,64.1932
1.0,932,64.224922
1.0,578,64.244424
1.0,823,64.271926
1.0,624,64.29287
1.0,597,64.312829
1.0,582,64.332382
0.0,1000,64.365818
0.0,1000,64.39933
1.0,245,64.407649
0.0,1000,64.441373
1.0,430,64.455837
1.0,454,64.47126
1.0,227,64.478986
1.0,568,64.49811
1.0,335,64.509334
1.0,229,64.517061
1.0,854,64.548547
1.0,944,64.580301
0.0,1000,64.613964
1.0,228,64.621835
0.0,1000,64.655537
0.0,1000,64.689111
1.0,412,64.703056
1.0,321,64.713893
1.0,216,64.72118
1.0,284,64.730798
1.0,652,64.752644
1.0,404,64.76632
1.0,219,64.773736
1.0,414,64.787675
1.0,431,64.802212
0.0,1000,64.835927
0.0,1000,64.869638
1.0,126,64.873995
0.0,1000,64.907631
0.0,1000,64.941365
1.0,198,64.948131
1.0,288,64.957862
1.0,188,64.964204
1.0,534,64.98218
1.0,176,64.98814
1.0,346,64.999815
1.0,134,65.00436
1.0,725,65.028856
1.0,273,65.038243
0.0,1000,65.071696
0.0,1000,65.105199
0.0,1000,65.138812
1.0,774,65.164795
0.0,1000,65.198456
1.0,422,65.212706
1.0,268,65.221802
1.0,330,65.232921
1.0,961,65.265385
1.0,804,65.292454
1.0,793,65.318971
0.0,1000,65.352453
1.0,217,65.359803
1.0,318,65.37051
1.0,377,65.383156
1.0,412,65.397022
1.0,555,65.415675
0.0,1000,65.449192
1.0,828,65.476907
0.0,1000,65.510365
0.0,1000,65.543955
0.0,1000,65.57751
1.0,349,65.5892
1.0,192,65.595729
1.0,731,65.620236
1.0,366,65.632553
0.0,1000,65.666209
1.0,436,65.680825
1.0,270,65.689912
1.0,513,65.707076
0.0,1000,65.740549
1.0,273,65.749733
1.0,430,65.764073
1.0,524,65.781611
1.0,256,65.790262
1.0,538,65.808309
1.0,403,65.821763
1.0,156,65.827033
1.0,620,65.847905
1.0,665,65.870418
1.0,926,65.901397
1.0,651,65.923242
0.0,1000,65.956722
1.0,525,65.97438
0.0,1000,66.00786
0.0,1000,66.041489
1.0,591,66.061503
1.0,783,66.087692
1.0,324,66.098609
1.0,829,66.12654
1.0,509,66.143605
0.0,1000,66.17699
0.0,1000,66.210549
1.0,482,66.226847
1.0,365,66.239107
1.0,622,66.260558
1.0,877,66.290079
1.0,178,66.296124
0.0,1000,66.329563
1.0,269,66.33861
1.0,308,66.348941
1.0,767,66.374656
0.0,1000,66.408245
0.0,1000,66.441883
1.0,350,66.453803
1.0,397,66.467383
1.0,323,66.478307
0.0,1000,66.512264
1.0,499,66.529263
1.0,712,66.553464
1.0,542,66.571869
1.0,818,66.599638
1.0,414,66.614081
1.0,504,66.631576
1.0,246,66.64017
1.0,421,66.654495
1.0,164,66.660072
1.0,182,66.666493
1.0,285,66.676146
0.0,1000,66.709803
0.0,1000,66.743561
1.0,691,66.766788
1.0,964,66.799408
0.0,1000,66.833325
0.0,1000,66.867084
1.0,532,66.88507
1.0,700,66.908744
0.0,1000,66.942259
1.0,667,66.964752
1.0,747,66.989881
1.0,426,67.004303
0.0,1000,67.038368
1.0,307,67.04869
1.0,376,67.061406
1.0,427,67.076023
0.0,1000,67.109827
0.0,1000,67.144133
0.0,1000,67.17804
1.0,502,67.195858
1.0,385,67.209354
1.0,644,67.232342
1.0,268,67.241909
1.0,448,67.257895
1.0,324,67.269365
0.0,1000,67.304931
1.0,762,67.332047
1.0,319,67.343569
0.0,1000,67.378494
1.0,333,67.390337
1.0,499,67.407701
1.0,218,67.4154
1.0,174,67.421585
0.0,1000,67.456939
1.0,200,67.464222
0.0,1000,67.499902
1.0,126,67.504535
1.0,476,67.521593
0.0,1000,67.557065
1.0,540,67.576548
1.0,486,67.593759
0.0,1000,67.630137
0.0,1000,67.664582
1.0,144,67.669943
1.0,884,67.701921
1.0,761,67.729011
1.0,222,67.737143
1.0,181,67.743729
1.0,340,67.755874
1.0,750,67.782348
1.0,452,67.798378
1.0,729,67.824112
1.0,955,67.858112
1.0,284,67.868353
1.0,149,67.873732
1.0,277,67.883581
1.0,372,67.896957
1.0,963,67.931509
