# {"t_start": 1614835598.850091, "env_id": "Office-single-v0"} 
r,l,t
0.0,21,0.005722
0.0,53,0.01544
0.0,10,0.017062
0.0,6,0.018069
0.0,17,0.020879
0.0,43,0.02784
0.0,11,0.029584
0.0,13,0.031721
0.0,31,0.036645
0.0,54,0.045236
0.0,36,0.050988
0.0,92,0.065667
0.0,67,0.076255
0.0,106,0.092835
0.0,20,0.096007
0.0,75,0.107549
0.0,61,0.11715
0.0,74,0.128923
0.0,136,0.150307
0.0,45,0.157479
0.0,95,0.172436
0.0,15,0.174843
0.0,130,0.194937
0.0,28,0.199378
0.0,115,0.217553
0.0,98,0.233162
0.0,15,0.23556
0.0,9,0.237047
0.0,117,0.255635
0.0,124,0.275257
0.0,37,0.283766
0.0,37,0.289736
0.0,37,0.295623
0.0,65,0.305909
0.0,97,0.321231
0.0,63,0.331235
0.0,20,0.334422
0.0,63,0.344387
0.0,77,0.356591
0.0,387,0.417473
0.0,102,0.433825
0.0,260,0.474518
0.0,2,0.474906
1.0,659,0.576877
0.0,11,0.578654
0.0,61,0.588251
0.0,352,0.643512
0.0,34,0.648929
0.0,46,0.656195
0.0,14,0.658437
0.0,612,0.753787
0.0,219,0.788136
0.0,24,0.792015
1.0,418,0.857431
0.0,361,0.914507
0.0,59,0.922587
0.0,395,0.983278
0.0,8,0.984626
0.0,397,1.044468
0.0,94,1.059374
0.0,35,1.064972
0.0,81,1.077663
0.0,227,1.112879
0.0,102,1.1288
0.0,161,1.154075
0.0,18,1.156981
0.0,27,1.161246
0.0,53,1.169605
0.0,233,1.206045
1.0,231,1.242399
0.0,205,1.274312
1.0,185,1.303414
0.0,70,1.314171
1.0,275,1.356639
1.0,139,1.378511
1.0,230,1.414447
1.0,298,1.460729
0.0,37,1.466579
1.0,166,1.492172
0.0,43,1.499004
1.0,159,1.523404
1.0,237,1.560667
1.0,107,1.577532
0.0,74,1.589018
1.0,188,1.618389
1.0,236,1.655338
1.0,147,1.678107
0.0,133,1.69907
1.0,111,1.716389
0.0,96,1.731253
1.0,395,1.791541
0.0,193,1.821267
1.0,202,1.852468
1.0,179,1.880368
0.0,29,1.884772
0.0,110,1.902081
1.0,88,1.91571
0.0,76,1.927692
0.0,35,1.933084
0.0,40,1.939348
1.0,55,1.947832
1.0,130,1.968066
0.0,7,1.96922
0.0,47,1.97651
0.0,75,1.988018
0.0,157,2.012676
1.0,78,2.024975
1.0,54,2.033307
1.0,60,2.042695
1.0,118,2.061067
1.0,63,2.071061
1.0,64,2.080982
1.0,51,2.088988
1.0,87,2.102316
1.0,67,2.112566
0.0,41,2.119005
1.0,45,2.126029
1.0,124,2.145436
0.0,51,2.153347
0.0,2,2.1537
0.0,4,2.154347
1.0,40,2.160533
0.0,24,2.164292
1.0,174,2.191491
1.0,190,2.220858
1.0,44,2.227695
1.0,64,2.237712
0.0,4,2.238383
0.0,38,2.244355
1.0,165,2.270162
0.0,7,2.271312
0.0,4,2.271976
1.0,34,2.277306
1.0,184,2.30763
1.0,45,2.314694
1.0,55,2.323295
0.0,37,2.32911
0.0,2,2.329482
0.0,2,2.329844
1.0,48,2.337379
1.0,50,2.345073
0.0,9,2.346515
0.0,40,2.352774
0.0,30,2.357481
1.0,70,2.368382
1.0,45,2.375485
0.0,16,2.378097
0.0,43,2.384684
1.0,63,2.394517
1.0,40,2.400766
1.0,33,2.405921
1.0,53,2.414169
1.0,95,2.429034
0.0,12,2.43085
1.0,52,2.438928
0.0,17,2.441605
1.0,69,2.452468
1.0,44,2.459325
0.0,2,2.459675
0.0,35,2.465164
1.0,71,2.47628
0.0,12,2.478152
1.0,38,2.484088
1.0,123,2.503269
1.0,33,2.508413
1.0,39,2.514541
0.0,28,2.518889
1.0,41,2.525253
0.0,17,2.527938
1.0,35,2.533276
1.0,31,2.53806
0.0,25,2.542019
1.0,39,2.547984
1.0,37,2.553778
0.0,30,2.558534
1.0,31,2.563375
0.0,26,2.567459
1.0,39,2.573551
1.0,68,2.584234
1.0,72,2.595548
1.0,29,2.600074
1.0,32,2.605055
0.0,8,2.606341
0.0,13,2.608258
0.0,2,2.608602
1.0,35,2.614327
0.0,72,2.627247
1.0,35,2.632981
1.0,47,2.640602
1.0,32,2.64589
1.0,36,2.651731
0.0,4,2.652382
1.0,30,2.657339
1.0,65,2.667824
1.0,33,2.673156
1.0,86,2.687095
1.0,34,2.69253
1.0,32,2.697469
1.0,33,2.702603
0.0,8,2.703882
0.0,9,2.705306
1.0,35,2.710757
0.0,24,2.714538
1.0,33,2.719689
1.0,30,2.724299
1.0,32,2.729282
1.0,35,2.734739
1.0,59,2.743948
1.0,32,2.748872
1.0,34,2.75416
0.0,15,2.756525
1.0,29,2.761075
1.0,33,2.766248
0.0,17,2.768926
1.0,35,2.774341
0.0,9,2.77579
1.0,31,2.780621
0.0,9,2.782065
1.0,93,2.796553
0.0,11,2.798292
1.0,31,2.803063
0.0,9,2.804503
1.0,37,2.810281
0.0,6,2.811263
1.0,31,2.816118
0.0,12,2.817936
1.0,41,2.824172
0.0,41,2.830653
1.0,31,2.835518
1.0,33,2.840675
1.0,29,2.845234
1.0,37,2.850984
1.0,31,2.855849
0.0,22,2.859287
0.0,4,2.859941
1.0,29,2.864515
1.0,33,2.869654
1.0,32,2.874683
1.0,29,2.879418
0.0,2,2.879769
1.0,35,2.885171
0.0,4,2.88584
0.0,19,2.888833
1.0,33,2.893965
0.0,7,2.895094
1.0,31,2.899919
0.0,17,2.902605
1.0,30,2.907258
1.0,37,2.913028
0.0,9,2.914482
0.0,38,2.920487
1.0,32,2.925489
0.0,9,2.926944
1.0,32,2.93184
1.0,39,2.937796
1.0,35,2.943265
1.0,33,2.948416
0.0,2,2.948767
1.0,32,2.953761
1.0,29,2.958312
1.0,39,2.964431
1.0,37,2.970163
1.0,32,2.975164
1.0,37,2.980937
0.0,32,2.985883
1.0,51,2.993801
1.0,30,2.998476
1.0,32,3.003468
1.0,31,3.00833
1.0,33,3.0135
0.0,21,3.016798
0.0,30,3.021482
0.0,14,3.023669
1.0,33,3.028839
0.0,6,3.029826
1.0,30,3.034518
1.0,30,3.039239
1.0,34,3.044467
1.0,29,3.04902
1.0,32,3.054026
1.0,32,3.059027
1.0,35,3.064476
0.0,4,3.065145
0.0,5,3.065965
0.0,11,3.067727
0.0,4,3.068385
1.0,29,3.072979
0.0,24,3.07677
0.0,11,3.078503
1.0,31,3.083529
1.0,34,3.088844
1.0,33,3.093906
1.0,37,3.099668
1.0,34,3.104994
1.0,34,3.110261
1.0,35,3.115701
1.0,29,3.120254
1.0,29,3.124798
1.0,33,3.129945
1.0,37,3.13586
1.0,29,3.14044
1.0,29,3.14502
1.0,60,3.154421
0.0,4,3.155087
1.0,31,3.159943
1.0,30,3.16465
0.0,25,3.16859
0.0,6,3.16958
0.0,27,3.173818
1.0,29,3.178376
1.0,31,3.183278
0.0,4,3.183943
0.0,7,3.185073
1.0,29,3.18961
0.0,8,3.190895
1.0,31,3.195738
0.0,19,3.198709
1.0,34,3.203961
0.0,16,3.206473
0.0,28,3.210875
0.0,6,3.211861
1.0,29,3.216402
1.0,33,3.221587
0.0,4,3.222246
1.0,35,3.227707
1.0,33,3.232807
1.0,34,3.238109
1.0,36,3.243732
1.0,39,3.249823
1.0,36,3.255393
1.0,33,3.260546
1.0,32,3.265554
0.0,18,3.268365
1.0,34,3.27381
0.0,14,3.275984
1.0,35,3.281452
1.0,31,3.286446
0.0,4,3.287112
1.0,29,3.291683
1.0,31,3.296556
0.0,26,3.300653
1.0,31,3.305475
1.0,33,3.310626
1.0,44,3.317439
1.0,34,3.322757
1.0,31,3.327619
0.0,31,3.332484
1.0,31,3.337361
1.0,32,3.342363
1.0,29,3.346887
1.0,29,3.351431
1.0,31,3.356281
1.0,32,3.361281
1.0,31,3.366154
1.0,32,3.371163
0.0,13,3.373191
1.0,32,3.378203
1.0,29,3.382767
1.0,30,3.387402
1.0,31,3.392277
0.0,12,3.394152
1.0,37,3.399899
0.0,4,3.40056
1.0,37,3.406357
1.0,32,3.411375
1.0,31,3.416236
1.0,33,3.421335
1.0,38,3.42723
1.0,37,3.433033
1.0,31,3.437891
1.0,29,3.442425
1.0,33,3.447555
1.0,34,3.452838
0.0,9,3.454301
1.0,35,3.459758
0.0,31,3.464646
1.0,34,3.469971
1.0,31,3.474852
0.0,19,3.477847
0.0,30,3.482545
1.0,32,3.487541
1.0,33,3.492873
1.0,40,3.499072
1.0,29,3.503603
0.0,13,3.505635
1.0,31,3.510494
1.0,31,3.515351
1.0,32,3.520357
1.0,42,3.526943
0.0,9,3.528394
1.0,29,3.532961
0.0,19,3.535922
1.0,39,3.542035
1.0,34,3.547359
0.0,17,3.550033
0.0,2,3.550378
0.0,15,3.552738
1.0,37,3.558453
0.0,4,3.559119
1.0,33,3.564295
1.0,32,3.569291
1.0,35,3.574733
1.0,49,3.58236
1.0,32,3.587387
1.0,38,3.593351
1.0,32,3.598297
0.0,34,3.603708
1.0,30,3.60843
1.0,32,3.613432
0.0,17,3.616129
0.0,23,3.619745
1.0,33,3.624901
0.0,38,3.630872
1.0,33,3.636019
0.0,14,3.638268
0.0,17,3.640963
1.0,29,3.645528
1.0,29,3.650098
1.0,37,3.655796
0.0,28,3.660145
1.0,31,3.665017
1.0,34,3.670316
0.0,4,3.670971
0.0,22,3.674416
1.0,33,3.679551
0.0,7,3.680689
1.0,30,3.685428
1.0,31,3.690294
1.0,32,3.695465
1.0,30,3.700164
1.0,45,3.707084
0.0,12,3.709008
1.0,36,3.714617
0.0,20,3.717799
1.0,38,3.723712
1.0,35,3.729164
1.0,31,3.734005
1.0,29,3.738526
1.0,33,3.743673
1.0,30,3.748408
1.0,29,3.75301
1.0,31,3.757854
1.0,32,3.762825
1.0,35,3.768265
1.0,31,3.773117
1.0,35,3.778566
1.0,30,3.783221
0.0,12,3.785129
0.0,23,3.788768
1.0,33,3.793915
1.0,29,3.798486
1.0,30,3.803191
1.0,35,3.808656
1.0,32,3.813708
1.0,29,3.818257
0.0,14,3.820505
1.0,32,3.825434
0.0,2,3.825782
0.0,19,3.828784
1.0,32,3.833766
1.0,33,3.83892
1.0,32,3.843891
1.0,31,3.84873
1.0,35,3.85417
1.0,31,3.85904
0.0,11,3.860793
0.0,13,3.862839
1.0,31,3.867648
1.0,34,3.872951
1.0,31,3.877799
1.0,31,3.882628
1.0,35,3.888088
1.0,33,3.89325
1.0,31,3.898266
0.0,25,3.902218
1.0,29,3.906759
1.0,32,3.911753
0.0,6,3.912739
0.0,18,3.915567
1.0,33,3.920722
1.0,35,3.926191
0.0,31,3.931051
0.0,6,3.932019
1.0,37,3.937783
0.0,15,3.940145
1.0,38,3.945998
1.0,33,3.951146
1.0,31,3.955983
1.0,36,3.961601
1.0,33,3.966688
0.0,9,3.96815
1.0,32,3.973151
1.0,34,3.978388
0.0,4,3.97905
1.0,33,3.984201
1.0,32,3.98921
1.0,41,3.995582
0.0,14,3.997839
1.0,30,4.002563
1.0,23,4.006128
0.0,14,4.008372
1.0,37,4.014133
0.0,18,4.017006
1.0,30,4.021711
1.0,34,4.027009
1.0,34,4.032291
1.0,35,4.03774
1.0,30,4.042433
0.0,8,4.043732
1.0,39,4.049788
0.0,4,4.05045
1.0,34,4.055689
1.0,34,4.060996
1.0,29,4.065535
1.0,33,4.070697
1.0,38,4.076587
1.0,34,4.081899
1.0,32,4.086821
1.0,31,4.091668
1.0,34,4.09698
1.0,32,4.102174
1.0,29,4.106711
1.0,35,4.112182
1.0,29,4.116736
1.0,32,4.121745
1.0,30,4.12644
0.0,4,4.127093
1.0,34,4.132349
0.0,6,4.133341
1.0,34,4.138659
0.0,2,4.139004
1.0,32,4.144006
1.0,33,4.149151
1.0,29,4.1537
1.0,35,4.159101
1.0,31,4.163936
0.0,5,4.164748
0.0,19,4.167733
1.0,31,4.172606
1.0,35,4.178069
1.0,37,4.18383
1.0,31,4.188695
1.0,31,4.193559
1.0,29,4.198115
1.0,33,4.203258
0.0,15,4.205616
1.0,32,4.210618
1.0,29,4.21516
1.0,35,4.220592
1.0,31,4.225403
1.0,31,4.230197
1.0,29,4.234728
1.0,31,4.239568
1.0,29,4.244105
1.0,32,4.249078
0.0,17,4.251758
0.0,19,4.25475
1.0,35,4.260156
0.0,13,4.262185
1.0,34,4.267484
1.0,36,4.273112
1.0,35,4.278549
1.0,29,4.283099
1.0,34,4.28839
0.0,11,4.290123
0.0,10,4.291722
1.0,35,4.297137
0.0,21,4.30037
1.0,34,4.305793
1.0,29,4.310391
1.0,38,4.316301
1.0,31,4.321148
1.0,31,4.325996
0.0,12,4.327872
0.0,12,4.329733
1.0,33,4.334897
0.0,11,4.336608
1.0,32,4.341609
1.0,35,4.347054
1.0,32,4.352062
0.0,17,4.354745
1.0,31,4.359622
0.0,16,4.362111
0.0,8,4.363401
1.0,34,4.368727
1.0,31,4.373544
1.0,33,4.37871
1.0,30,4.383452
1.0,33,4.388601
1.0,33,4.393785
1.0,35,4.399212
1.0,31,4.40406
0.0,12,4.405987
0.0,9,4.407433
0.0,18,4.410243
1.0,31,4.415103
1.0,29,4.419658
1.0,33,4.424814
0.0,27,4.429085
1.0,31,4.433939
1.0,32,4.438959
1.0,34,4.444204
1.0,30,4.448914
1.0,26,4.452949
0.0,11,4.454668
1.0,33,4.459824
1.0,32,4.464843
1.0,30,4.469539
0.0,14,4.471771
0.0,15,4.474147
1.0,31,4.478924
0.0,2,4.479272
1.0,37,4.485068
1.0,40,4.491159
1.0,41,4.497566
1.0,32,4.502614
1.0,32,4.507617
1.0,32,4.512782
1.0,34,4.518093
1.0,30,4.522802
1.0,35,4.528242
1.0,31,4.533068
1.0,35,4.538543
1.0,92,4.552909
1.0,35,4.558359
0.0,12,4.560293
0.0,11,4.56202
1.0,29,4.566534
1.0,36,4.572042
0.0,19,4.575026
1.0,33,4.58017
0.0,15,4.582534
1.0,35,4.58798
1.0,31,4.592811
1.0,31,4.597753
1.0,39,4.603899
1.0,30,4.60865
1.0,29,4.61319
1.0,32,4.618204
1.0,31,4.623036
1.0,29,4.627567
1.0,36,4.633167
0.0,20,4.636294
1.0,33,4.641459
1.0,36,4.647054
0.0,6,4.648036
0.0,6,4.649016
0.0,16,4.651577
1.0,30,4.656274
1.0,72,4.667528
0.0,16,4.670095
1.0,30,4.67479
1.0,38,4.680681
0.0,16,4.683229
0.0,31,4.688106
1.0,33,4.69326
1.0,35,4.698715
1.0,32,4.703835
1.0,35,4.709273
0.0,21,4.712571
1.0,32,4.71775
0.0,21,4.721059
0.0,8,4.722335
0.0,13,4.724373
1.0,33,4.729437
1.0,29,4.733959
1.0,32,4.738955
1.0,34,4.744257
1.0,29,4.748806
0.0,2,4.749153
1.0,34,4.754436
1.0,33,4.759528
1.0,32,4.764504
1.0,34,4.769798
0.0,11,4.771514
0.0,9,4.772973
1.0,33,4.778138
1.0,32,4.783141
1.0,31,4.787981
0.0,23,4.791574
0.0,25,4.795475
0.0,7,4.796614
1.0,30,4.801303
1.0,35,4.806684
1.0,35,4.812072
1.0,32,4.817078
1.0,34,4.822378
1.0,36,4.827903
0.0,21,4.831223
1.0,30,4.835911
0.0,13,4.837994
1.0,31,4.842814
1.0,34,4.848133
1.0,23,4.851741
1.0,30,4.85652
1.0,34,4.861833
1.0,32,4.866844
1.0,30,4.871567
1.0,31,4.876431
1.0,33,4.881556
0.0,33,4.886738
1.0,36,4.892338
0.0,13,4.896242
1.0,33,4.90149
1.0,34,4.906821
0.0,7,4.907959
1.0,31,4.912809
1.0,34,4.9183
0.0,30,4.923007
1.0,42,4.929532
1.0,30,4.934228
0.0,12,4.936154
1.0,23,4.939731
0.0,25,4.943668
0.0,28,4.948079
0.0,29,4.95261
1.0,32,4.957608
1.0,30,4.962274
0.0,29,4.966778
0.0,4,4.96744
0.0,8,4.96872
1.0,35,4.97414
1.0,34,4.979397
1.0,40,4.985587
1.0,33,4.990731
0.0,6,4.991721
1.0,34,4.996999
1.0,37,5.002761
0.0,7,5.003885
1.0,34,5.009162
1.0,29,5.013694
1.0,31,5.01854
0.0,27,5.022779
1.0,31,5.027618
1.0,36,5.033158
0.0,8,5.034442
1.0,33,5.039588
0.0,2,5.039937
1.0,34,5.045211
1.0,30,5.049878
1.0,30,5.05458
1.0,31,5.059427
1.0,29,5.063973
0.0,15,5.066312
0.0,4,5.066971
0.0,11,5.068717
1.0,32,5.073686
1.0,31,5.078516
0.0,23,5.082136
1.0,34,5.087412
1.0,31,5.092267
0.0,19,5.095263
1.0,36,5.100806
1.0,34,5.106085
1.0,35,5.111538
1.0,30,5.116179
1.0,31,5.121117
0.0,6,5.122227
1.0,31,5.127083
0.0,17,5.129759
1.0,37,5.135445
1.0,29,5.139999
1.0,31,5.144783
0.0,14,5.14701
1.0,32,5.15201
1.0,32,5.157016
0.0,16,5.159512
1.0,39,5.165503
1.0,29,5.170047
0.0,15,5.172391
0.0,29,5.176926
1.0,31,5.181761
1.0,31,5.186633
1.0,32,5.191659
1.0,32,5.196537
1.0,32,5.201528
1.0,31,5.206383
1.0,31,5.211219
1.0,30,5.215888
0.0,19,5.218833
1.0,31,5.223696
1.0,35,5.229068
1.0,37,5.234557
1.0,35,5.240026
1.0,34,5.245282
1.0,31,5.250118
1.0,31,5.254956
1.0,31,5.259758
1.0,29,5.264295
1.0,29,5.268836
1.0,34,5.274007
1.0,34,5.279233
0.0,2,5.27958
1.0,35,5.285021
1.0,34,5.290297
1.0,32,5.295287
1.0,34,5.300593
0.0,19,5.303598
0.0,4,5.304262
1.0,29,5.30879
0.0,25,5.312742
1.0,32,5.317737
1.0,38,5.323654
0.0,5,5.324466
1.0,30,5.329306
1.0,29,5.333861
0.0,23,5.337466
0.0,31,5.342304
0.0,4,5.342966
0.0,15,5.345324
1.0,32,5.350314
1.0,32,5.355306
1.0,37,5.361176
1.0,34,5.366427
1.0,37,5.37219
0.0,25,5.376103
1.0,32,5.381129
0.0,22,5.384598
0.0,11,5.386331
1.0,35,5.391785
1.0,34,5.397079
1.0,36,5.402678
1.0,30,5.407371
1.0,32,5.41231
0.0,6,5.413292
1.0,38,5.419185
1.0,33,5.424298
0.0,19,5.427332
1.0,32,5.432325
1.0,25,5.436179
1.0,32,5.441355
1.0,38,5.44727
1.0,32,5.452251
0.0,12,5.454181
1.0,30,5.458837
1.0,34,5.46413
0.0,17,5.466866
0.0,28,5.471252
0.0,10,5.472851
0.0,23,5.476487
1.0,37,5.48227
0.0,9,5.483727
1.0,29,5.488231
1.0,29,5.492771
1.0,34,5.498005
1.0,36,5.503615
1.0,29,5.508149
1.0,33,5.51322
1.0,29,5.517761
0.0,11,5.519475
1.0,33,5.524637
1.0,34,5.530176
1.0,33,5.535314
1.0,37,5.541065
0.0,6,5.542046
1.0,29,5.5466
1.0,29,5.551142
1.0,33,5.556302
1.0,29,5.560818
0.0,20,5.563944
0.0,23,5.567468
1.0,33,5.572628
0.0,15,5.575
1.0,31,5.579835
1.0,29,5.584386
1.0,39,5.590472
1.0,30,5.595138
1.0,31,5.59999
1.0,32,5.605007
0.0,21,5.608301
1.0,33,5.61344
1.0,35,5.618898
1.0,32,5.623867
1.0,43,5.630559
0.0,11,5.632303
0.0,27,5.636535
1.0,33,5.641681
1.0,34,5.646973
1.0,30,5.65168
1.0,29,5.656227
1.0,33,5.661345
0.0,22,5.66465
1.0,33,5.669772
1.0,35,5.675175
0.0,6,5.676162
0.0,32,5.681158
1.0,29,5.68573
0.0,4,5.686396
1.0,33,5.69154
1.0,35,5.697009
1.0,32,5.702008
1.0,34,5.70733
1.0,34,5.712659
0.0,10,5.71426
0.0,10,5.71586
1.0,33,5.721027
1.0,30,5.725702
1.0,33,5.730856
0.0,19,5.734041
1.0,34,5.739333
1.0,34,5.744691
1.0,29,5.749241
1.0,31,5.754109
1.0,37,5.759789
1.0,32,5.764813
0.0,8,5.766116
1.0,33,5.771302
1.0,34,5.776625
1.0,36,5.782226
0.0,4,5.782907
0.0,19,5.785978
0.0,7,5.787138
1.0,34,5.792439
1.0,33,5.79759
1.0,34,5.802903
1.0,34,5.808206
1.0,37,5.813961
1.0,40,5.820089
1.0,34,5.825435
1.0,35,5.830921
1.0,38,5.836859
1.0,33,5.842009
1.0,31,5.846839
1.0,33,5.851917
1.0,41,5.858306
1.0,36,5.863921
1.0,31,5.868817
0.0,27,5.873081
1.0,34,5.878329
1.0,28,5.882668
1.0,31,5.887537
1.0,37,5.89332
0.0,20,5.896489
1.0,35,5.901936
0.0,26,5.905993
1.0,33,5.91112
1.0,29,5.915617
0.0,2,5.915956
0.0,21,5.919308
0.0,2,5.919646
1.0,34,5.924933
1.0,39,5.931005
0.0,23,5.934641
0.0,12,5.936587
0.0,19,5.9398
1.0,30,5.944729
1.0,34,5.949999
0.0,6,5.950985
1.0,32,5.955899
0.0,14,5.958148
0.0,31,5.963011
1.0,34,5.968224
0.0,16,5.970742
1.0,36,5.976259
0.0,6,5.977241
1.0,34,5.98252
1.0,24,5.986237
1.0,32,5.991204
1.0,32,5.996163
1.0,39,6.002168
0.0,4,6.002839
1.0,33,6.008008
1.0,30,6.012751
0.0,4,6.013413
1.0,46,6.020573
0.0,28,6.024916
0.0,29,6.029471
1.0,35,6.03497
1.0,34,6.040257
1.0,30,6.044972
1.0,34,6.050283
0.0,14,6.052529
1.0,35,6.057977
1.0,33,6.063132
0.0,9,6.064571
0.0,2,6.064923
1.0,30,6.069631
1.0,32,6.07457
1.0,35,6.080124
0.0,27,6.084374
1.0,32,6.089418
0.0,39,6.095471
1.0,24,6.09914
1.0,33,6.104251
1.0,32,6.109244
1.0,31,6.114086
1.0,30,6.118781
0.0,4,6.119441
1.0,32,6.124445
1.0,32,6.129447
0.0,8,6.130742
1.0,34,6.135977
1.0,32,6.140895
1.0,34,6.146282
1.0,31,6.1511
1.0,30,6.155792
1.0,32,6.1608
1.0,38,6.166647
0.0,22,6.170121
0.0,28,6.174574
0.0,8,6.175892
0.0,16,6.17845
1.0,32,6.183377
1.0,34,6.188654
1.0,32,6.19369
1.0,29,6.198283
1.0,30,6.202976
1.0,29,6.207501
0.0,9,6.208959
1.0,32,6.21394
0.0,17,6.216616
1.0,33,6.221802
1.0,33,6.226949
1.0,31,6.231753
1.0,31,6.236584
0.0,6,6.237566
0.0,4,6.238247
1.0,33,6.243386
1.0,31,6.248261
1.0,34,6.253531
1.0,31,6.258389
1.0,34,6.263715
1.0,29,6.26847
1.0,31,6.273306
1.0,37,6.279044
1.0,33,6.284191
1.0,29,6.288748
1.0,29,6.293286
1.0,29,6.29782
1.0,38,6.303797
0.0,2,6.304141
0.0,25,6.308096
1.0,33,6.313187
1.0,37,6.318971
1.0,33,6.324113
1.0,33,6.32926
1.0,38,6.33514
1.0,31,6.340026
1.0,37,6.345869
1.0,35,6.351346
0.0,9,6.352782
1.0,36,6.358368
1.0,31,6.363229
1.0,29,6.36774
0.0,20,6.370857
0.0,9,6.372277
0.0,27,6.376502
1.0,29,6.381032
1.0,37,6.386716
1.0,29,6.391262
1.0,31,6.396098
1.0,31,6.400964
1.0,30,6.405676
1.0,31,6.410524
1.0,36,6.416039
0.0,27,6.420244
1.0,29,6.42479
1.0,31,6.429666
1.0,34,6.43496
0.0,6,6.43594
1.0,32,6.44091
0.0,4,6.441573
1.0,32,6.446546
1.0,32,6.451542
1.0,34,6.456721
1.0,30,6.461419
0.0,8,6.462705
1.0,32,6.467666
1.0,34,6.473
0.0,16,6.475549
1.0,34,6.48085
0.0,19,6.483835
1.0,36,6.489443
0.0,8,6.490762
1.0,29,6.495295
1.0,29,6.49984
0.0,27,6.50403
1.0,38,6.509919
1.0,36,6.515527
1.0,32,6.520549
1.0,30,6.525227
1.0,35,6.530685
1.0,33,6.535844
1.0,29,6.540395
1.0,33,6.545483
1.0,31,6.550455
1.0,33,6.555617
1.0,30,6.560311
1.0,31,6.565182
1.0,29,6.569748
1.0,33,6.574919
1.0,32,6.579924
1.0,36,6.585339
1.0,33,6.590466
1.0,36,6.596072
1.0,31,6.600933
0.0,4,6.601594
1.0,33,6.606804
1.0,32,6.611783
0.0,30,6.616509
1.0,30,6.621197
1.0,30,6.62588
0.0,25,6.629829
1.0,32,6.634823
1.0,36,6.640428
0.0,4,6.641093
0.0,6,6.64208
1.0,35,6.647547
1.0,37,6.653278
1.0,35,6.658671
0.0,9,6.660109
1.0,30,6.664817
0.0,22,6.668273
1.0,33,6.673427
1.0,36,6.67898
1.0,33,6.684145
0.0,16,6.686725
1.0,31,6.691612
0.0,10,6.693205
1.0,38,6.699156
1.0,31,6.703968
1.0,27,6.708204
0.0,30,6.712947
1.0,30,6.717662
1.0,30,6.72239
0.0,12,6.724314
0.0,4,6.724973
1.0,29,6.729493
0.0,15,6.731848
1.0,32,6.736866
0.0,25,6.740777
1.0,35,6.746222
1.0,30,6.750896
0.0,2,6.75125
0.0,9,6.752665
0.0,25,6.756808
1.0,31,6.7617
1.0,33,6.766726
1.0,38,6.772643
0.0,6,6.773612
1.0,30,6.7783
1.0,32,6.783267
0.0,4,6.78393
1.0,32,6.788943
1.0,30,6.793698
0.0,27,6.797939
0.0,6,6.798932
0.0,27,6.803178
0.0,20,6.806333
0.0,22,6.809828
1.0,29,6.814371
1.0,30,6.8191
1.0,35,6.82458
1.0,35,6.830072
1.0,30,6.834719
1.0,32,6.839742
1.0,35,6.845172
1.0,30,6.849869
1.0,32,6.854895
1.0,33,6.860031
1.0,36,6.865609
1.0,34,6.870927
0.0,23,6.874514
0.0,7,6.875627
1.0,35,6.881024
1.0,35,6.886453
1.0,30,6.891119
1.0,34,6.896405
0.0,32,6.901421
1.0,30,6.906148
1.0,37,6.911839
0.0,9,6.91327
1.0,36,6.918876
1.0,35,6.924239
0.0,20,6.927392
1.0,36,6.932913
1.0,36,6.938522
0.0,25,6.942465
0.0,26,6.946529
1.0,38,6.952353
1.0,40,6.958727
1.0,34,6.964011
0.0,8,6.965271
1.0,32,6.970244
1.0,30,6.974924
1.0,32,6.979939
1.0,36,6.985518
1.0,34,6.99087
1.0,30,6.995565
1.0,33,7.000656
1.0,30,7.005392
0.0,6,7.006391
1.0,35,7.011794
1.0,30,7.01648
1.0,38,7.022359
1.0,32,7.027387
1.0,33,7.032468
1.0,33,7.037616
1.0,32,7.042594
1.0,32,7.047553
1.0,35,7.053014
1.0,36,7.058549
1.0,32,7.063533
1.0,32,7.068501
1.0,35,7.073991
1.0,34,7.079289
1.0,33,7.084454
1.0,34,7.089783
1.0,30,7.094511
1.0,30,7.099223
1.0,30,7.103913
1.0,36,7.109496
0.0,20,7.112681
0.0,8,7.11396
1.0,36,7.119596
0.0,20,7.122912
1.0,34,7.128236
1.0,36,7.133854
1.0,40,7.139906
1.0,32,7.144893
1.0,34,7.150187
1.0,33,7.155351
0.0,17,7.15806
1.0,31,7.163058
1.0,38,7.168917
1.0,30,7.173632
1.0,32,7.178553
1.0,40,7.184779
1.0,33,7.189929
1.0,34,7.195156
1.0,36,7.200734
1.0,35,7.20619
1.0,30,7.210904
1.0,30,7.21556
1.0,33,7.220696
1.0,29,7.225217
0.0,28,7.229621
1.0,32,7.234651
1.0,32,7.239637
1.0,31,7.244485
0.0,6,7.245466
1.0,37,7.251247
1.0,30,7.255969
1.0,30,7.260692
1.0,30,7.265431
1.0,36,7.270887
1.0,30,7.27561
0.0,25,7.279565
1.0,32,7.28454
0.0,4,7.285206
1.0,29,7.289748
1.0,37,7.295464
1.0,39,7.301532
0.0,10,7.303134
1.0,31,7.30801
1.0,37,7.313712
1.0,30,7.318334
1.0,31,7.323204
0.0,15,7.325557
1.0,34,7.330884
1.0,36,7.33649
1.0,33,7.341664
1.0,37,7.347418
1.0,29,7.35198
1.0,30,7.356611
1.0,34,7.361923
1.0,42,7.368599
1.0,29,7.373182
1.0,30,7.37804
0.0,9,7.379489
1.0,34,7.38481
1.0,36,7.39043
1.0,34,7.395657
0.0,19,7.398586
1.0,31,7.403464
0.0,11,7.405209
1.0,33,7.410426
1.0,32,7.415494
1.0,32,7.420604
0.0,17,7.423397
0.0,15,7.425828
1.0,29,7.430463
1.0,31,7.435356
0.0,28,7.439792
0.0,9,7.441249
1.0,33,7.446425
0.0,2,7.446771
0.0,17,7.449461
0.0,23,7.452996
0.0,4,7.453668
1.0,36,7.45928
1.0,35,7.464724
1.0,34,7.470034
1.0,36,7.475636
1.0,31,7.480502
0.0,11,7.482224
1.0,37,7.487993
0.0,9,7.489456
0.0,14,7.491514
1.0,34,7.496752
1.0,30,7.501415
1.0,39,7.5075
1.0,32,7.512522
0.0,19,7.515553
1.0,35,7.520903
1.0,32,7.525901
1.0,34,7.531208
0.0,19,7.534211
0.0,21,7.537524
1.0,33,7.542678
1.0,32,7.547693
1.0,30,7.552406
0.0,7,7.553558
1.0,38,7.5595
1.0,39,7.565494
1.0,38,7.571562
1.0,33,7.576646
1.0,30,7.581332
1.0,33,7.586492
0.0,28,7.590911
1.0,34,7.596154
1.0,33,7.601315
1.0,32,7.606321
0.0,19,7.609372
1.0,37,7.615074
1.0,30,7.619774
1.0,32,7.624774
0.0,24,7.62855
1.0,41,7.63492
1.0,38,7.64084
1.0,34,7.646134
1.0,30,7.65083
1.0,37,7.656603
1.0,32,7.661609
1.0,36,7.667235
1.0,32,7.672237
1.0,32,7.677241
1.0,32,7.682253
1.0,32,7.687277
1.0,31,7.692158
1.0,31,7.697026
0.0,29,7.701509
0.0,10,7.70311
1.0,32,7.708091
1.0,37,7.713864
1.0,35,7.719335
1.0,30,7.724023
1.0,29,7.728572
1.0,31,7.733484
1.0,34,7.739722
1.0,34,7.745646
0.0,7,7.746853
1.0,33,7.752201
1.0,29,7.756986
1.0,35,7.762742
1.0,32,7.767928
0.0,19,7.771069
0.0,9,7.772496
1.0,36,7.778483
1.0,32,7.783653
1.0,30,7.78852
1.0,31,7.793635
0.0,9,7.795107
1.0,36,7.800847
1.0,30,7.805612
0.0,11,7.807364
1.0,31,7.81229
1.0,31,7.817144
1.0,31,7.821998
0.0,22,7.825456
0.0,7,7.826602
1.0,31,7.831448
1.0,31,7.836382
1.0,25,7.840255
1.0,30,7.844942
1.0,32,7.849949
1.0,37,7.855681
1.0,31,7.860529
1.0,33,7.865669
1.0,33,7.870804
0.0,19,7.873779
1.0,31,7.878624
1.0,33,7.883779
0.0,28,7.888168
1.0,32,7.893184
1.0,29,7.897724
1.0,31,7.902588
1.0,31,7.907483
1.0,34,7.912805
1.0,31,7.917594
1.0,39,7.923651
1.0,39,7.92957
1.0,35,7.935018
0.0,4,7.935684
1.0,35,7.94108
0.0,8,7.942366
1.0,31,7.947202
1.0,32,7.952177
1.0,33,7.957328
1.0,34,7.962628
1.0,30,7.967329
1.0,30,7.971973
0.0,18,7.974783
1.0,35,7.980408
1.0,34,7.985749
1.0,31,7.990686
0.0,9,7.992145
1.0,37,7.997903
1.0,31,8.002733
0.0,16,8.005242
0.0,28,8.00963
0.0,9,8.011094
1.0,34,8.016271
0.0,17,8.01897
1.0,30,8.023657
1.0,33,8.028845
1.0,33,8.033915
0.0,6,8.034887
1.0,31,8.039638
1.0,36,8.045193
1.0,34,8.050434
1.0,31,8.055262
1.0,33,8.060381
1.0,33,8.065463
1.0,31,8.07023
1.0,31,8.07508
0.0,25,8.079031
0.0,20,8.082213
1.0,42,8.088687
1.0,29,8.093243
0.0,23,8.096863
1.0,29,8.101413
1.0,32,8.106408
0.0,4,8.107091
0.0,21,8.110399
1.0,33,8.115566
1.0,33,8.120711
1.0,31,8.125554
1.0,31,8.130343
0.0,19,8.133325
1.0,30,8.137992
0.0,2,8.138337
1.0,29,8.14289
0.0,18,8.145707
1.0,36,8.151323
1.0,34,8.156605
1.0,29,8.161164
1.0,35,8.166662
1.0,33,8.171784
0.0,11,8.173575
1.0,29,8.178213
1.0,35,8.183939
1.0,31,8.18888
1.0,32,8.193949
1.0,36,8.19949
1.0,35,8.204946
1.0,31,8.209775
0.0,9,8.211229
1.0,30,8.215942
1.0,33,8.221113
1.0,38,8.227061
1.0,30,8.231742
1.0,32,8.236748
1.0,32,8.241684
0.0,19,8.244712
1.0,33,8.249868
1.0,34,8.255131
1.0,34,8.260436
1.0,36,8.266007
1.0,36,8.271631
1.0,34,8.276908
1.0,31,8.28361
1.0,34,8.288949
1.0,32,8.293948
0.0,22,8.297452
1.0,32,8.30246
1.0,33,8.307637
0.0,12,8.309586
0.0,4,8.310251
0.0,12,8.312179
0.0,17,8.314846
1.0,31,8.319711
1.0,36,8.325364
1.0,37,8.331141
1.0,33,8.336317
0.0,6,8.337278
1.0,31,8.342047
1.0,29,8.346587
0.0,19,8.349498
1.0,33,8.354654
1.0,29,8.359225
1.0,31,8.364057
1.0,32,8.369044
1.0,35,8.374436
1.0,29,8.378975
1.0,30,8.38365
1.0,33,8.388959
1.0,32,8.393999
1.0,33,8.399149
0.0,18,8.401968
1.0,34,8.407299
1.0,31,8.41215
0.0,16,8.414604
0.0,2,8.414951
1.0,33,8.420096
1.0,33,8.425275
1.0,29,8.429812
1.0,37,8.435568
1.0,31,8.440412
0.0,4,8.441083
0.0,25,8.445011
1.0,38,8.45089
1.0,30,8.455572
1.0,39,8.461569
1.0,33,8.46665
1.0,33,8.471724
1.0,35,8.477103
0.0,27,8.48133
1.0,29,8.485875
0.0,14,8.488025
1.0,32,8.493006
1.0,31,8.497859
1.0,31,8.50268
0.0,2,8.503024
1.0,31,8.507887
0.0,5,8.508693
0.0,19,8.511669
1.0,32,8.516649
1.0,35,8.522084
1.0,30,8.526765
0.0,7,8.527923
1.0,31,8.532773
1.0,37,8.53874
1.0,31,8.543578
0.0,14,8.545817
1.0,33,8.550956
1.0,30,8.555636
1.0,32,8.56064
0.0,17,8.563322
1.0,38,8.569194
0.0,7,8.570338
0.0,6,8.57132
0.0,11,8.573045
1.0,34,8.578341
1.0,33,8.583491
1.0,32,8.588485
0.0,15,8.590998
0.0,27,8.595211
1.0,32,8.600162
1.0,29,8.604725
1.0,38,8.610643
1.0,32,8.615649
0.0,6,8.616618
1.0,33,8.621822
1.0,33,8.626997
0.0,9,8.628456
1.0,34,8.633739
1.0,37,8.639488
0.0,11,8.641253
1.0,32,8.646261
0.0,16,8.64881
1.0,34,8.654132
1.0,32,8.659122
1.0,35,8.664595
1.0,42,8.671007
1.0,33,8.676165
1.0,30,8.680867
1.0,35,8.686348
0.0,5,8.687147
0.0,30,8.691843
1.0,33,8.696982
0.0,27,8.701226
1.0,36,8.706852
1.0,32,8.711867
1.0,23,8.715428
0.0,34,8.720731
0.0,12,8.722658
0.0,14,8.7249
1.0,32,8.729873
1.0,29,8.734437
1.0,31,8.7393
0.0,4,8.739955
1.0,32,8.744934
1.0,35,8.750293
1.0,35,8.755682
1.0,29,8.760242
1.0,32,8.765285
1.0,34,8.770575
1.0,31,8.775427
1.0,31,8.78032
1.0,29,8.784884
1.0,34,8.790123
1.0,31,8.79517
0.0,19,8.798142
1.0,31,8.803022
0.0,4,8.803686
0.0,30,8.808287
1.0,34,8.813581
1.0,29,8.818177
1.0,29,8.822739
0.0,24,8.826555
1.0,35,8.832001
1.0,35,8.837437
1.0,33,8.842619
1.0,30,8.84731
1.0,31,8.852167
0.0,4,8.852846
1.0,32,8.857858
1.0,31,8.862749
1.0,31,8.867611
1.0,36,8.873245
1.0,34,8.878568
0.0,4,8.879219
1.0,29,8.883727
1.0,30,8.888432
1.0,30,8.893065
1.0,30,8.897792
0.0,11,8.89949
1.0,31,8.904287
1.0,31,8.909154
1.0,34,8.914477
1.0,30,8.919245
1.0,29,8.92378
1.0,35,8.929278
1.0,31,8.934141
1.0,33,8.939184
1.0,32,8.944223
0.0,8,8.945505
0.0,17,8.948151
1.0,33,8.953317
0.0,2,8.953663
1.0,32,8.958664
1.0,38,8.964429
1.0,30,8.969106
1.0,32,8.974046
1.0,31,8.978836
1.0,33,8.983897
1.0,30,8.988483
1.0,32,8.993428
0.0,28,8.997922
1.0,30,9.002608
0.0,2,9.002931
1.0,32,9.007871
0.0,23,9.011426
1.0,34,9.016659
0.0,4,9.017307
1.0,29,9.021762
0.0,8,9.023027
1.0,32,9.027875
1.0,37,9.033544
1.0,31,9.038216
1.0,34,9.043433
0.0,19,9.046439
1.0,37,9.052115
1.0,38,9.057903
0.0,25,9.061774
1.0,32,9.066642
1.0,38,9.07247
1.0,30,9.077147
0.0,9,9.078589
1.0,34,9.083745
1.0,31,9.088522
1.0,34,9.093765
1.0,33,9.098848
0.0,27,9.103072
0.0,4,9.103742
0.0,23,9.107386
0.0,25,9.111284
0.0,9,9.11269
1.0,32,9.117663
1.0,35,9.123031
1.0,34,9.128247
1.0,29,9.132707
1.0,34,9.137972
1.0,29,9.142458
0.0,15,9.144763
1.0,33,9.149841
1.0,30,9.154477
0.0,7,9.155602
0.0,17,9.158159
1.0,34,9.163384
0.0,2,9.163708
0.0,31,9.16844
1.0,30,9.17311
1.0,37,9.178845
1.0,31,9.183659
1.0,29,9.188198
1.0,33,9.19334
0.0,4,9.19399
1.0,31,9.198832
0.0,26,9.203048
1.0,29,9.207605
1.0,32,9.212461
1.0,34,9.217786
1.0,30,9.222487
1.0,30,9.227169
0.0,17,9.229897
0.0,17,9.232575
1.0,32,9.237599
1.0,31,9.242424
1.0,31,9.247304
1.0,30,9.251975
1.0,30,9.256672
1.0,33,9.26185
1.0,29,9.266389
1.0,34,9.271613
1.0,34,9.276938
1.0,30,9.281538
1.0,29,9.2861
0.0,6,9.287082
1.0,36,9.292645
1.0,31,9.297509
1.0,31,9.302368
1.0,30,9.307039
1.0,31,9.311885
1.0,29,9.31643
1.0,29,9.320963
1.0,32,9.325966
0.0,19,9.328917
1.0,31,9.333782
1.0,33,9.33898
1.0,33,9.344086
0.0,20,9.347259
1.0,30,9.351928
1.0,33,9.356994
0.0,7,9.358127
0.0,34,9.363401
1.0,34,9.36862
0.0,4,9.369286
1.0,32,9.374282
1.0,33,9.379463
1.0,37,9.38518
1.0,29,9.389732
1.0,33,9.394911
1.0,30,9.399734
1.0,38,9.405699
1.0,29,9.410333
1.0,34,9.415613
1.0,31,9.420455
1.0,30,9.425175
0.0,7,9.426326
0.0,13,9.428333
0.0,13,9.430372
1.0,35,9.435791
1.0,31,9.440619
1.0,31,9.445442
1.0,36,9.451012
0.0,7,9.452166
1.0,32,9.457136
1.0,33,9.462276
1.0,32,9.46716
1.0,30,9.471819
1.0,23,9.475395
1.0,37,9.481102
1.0,36,9.486654
1.0,32,9.491598
1.0,31,9.496409
1.0,32,9.501366
1.0,35,9.506701
1.0,32,9.511623
1.0,33,9.516619
1.0,32,9.521567
1.0,36,9.527079
0.0,9,9.528456
1.0,33,9.533558
1.0,31,9.538434
1.0,38,9.544262
1.0,29,9.548786
1.0,30,9.553487
1.0,36,9.559054
1.0,34,9.564422
1.0,32,9.569405
1.0,29,9.573955
1.0,31,9.578829
1.0,44,9.585517
1.0,33,9.590661
1.0,34,9.595917
1.0,30,9.600537
1.0,30,9.605244
1.0,31,9.610219
1.0,35,9.615546
1.0,33,9.620675
0.0,20,9.623764
1.0,30,9.628475
1.0,31,9.633291
1.0,32,9.638299
0.0,30,9.642989
1.0,31,9.647836
1.0,33,9.653003
0.0,17,9.655694
1.0,31,9.660539
1.0,39,9.666599
1.0,31,9.671459
1.0,33,9.676596
1.0,31,9.681459
1.0,36,9.687015
1.0,31,9.691877
1.0,32,9.696798
1.0,30,9.701489
1.0,31,9.70634
1.0,33,9.711461
1.0,34,9.716887
1.0,31,9.721673
1.0,33,9.726809
1.0,32,9.731788
1.0,31,9.736594
0.0,5,9.737426
0.0,29,9.741926
1.0,23,9.745537
1.0,30,9.750319
0.0,8,9.751606
0.0,23,9.755243
0.0,25,9.759239
1.0,32,9.764218
0.0,17,9.766922
1.0,36,9.772478
1.0,42,9.778945
1.0,33,9.784116
1.0,31,9.788989
0.0,25,9.792933
0.0,23,9.796547
1.0,29,9.801095
1.0,30,9.805796
1.0,29,9.810305
1.0,30,9.815187
1.0,33,9.820267
1.0,33,9.825442
1.0,29,9.83001
1.0,29,9.834556
1.0,32,9.839471
1.0,39,9.845519
1.0,35,9.851014
1.0,33,9.85614
0.0,13,9.858194
1.0,31,9.863071
1.0,33,9.868275
0.0,15,9.870646
1.0,34,9.876001
1.0,32,9.88108
0.0,6,9.882072
1.0,34,9.88741
0.0,6,9.888389
1.0,31,9.893334
0.0,20,9.896473
0.0,8,9.897762
1.0,34,9.903101
1.0,35,9.908651
1.0,36,9.914315
0.0,16,9.916866
0.0,28,9.921308
1.0,30,9.926036
0.0,36,9.931679
1.0,29,9.936237
1.0,30,9.940956
1.0,25,9.944847
1.0,32,9.949867
1.0,32,9.95488
1.0,41,9.961193
0.0,8,9.962499
1.0,31,9.96736
1.0,32,9.972408
0.0,25,9.976363
0.0,11,9.978127
0.0,8,9.979421
1.0,33,9.984553
1.0,33,9.989701
1.0,32,9.994763
1.0,36,10.000425
0.0,16,10.003006
0.0,24,10.006829
1.0,32,10.011775
1.0,32,10.016816
1.0,34,10.022292
1.0,32,10.027223
1.0,30,10.03184
0.0,23,10.035469
1.0,35,10.040963
0.0,4,10.041629
0.0,33,10.046768
0.0,4,10.047418
1.0,36,10.052979
1.0,32,10.057955
1.0,29,10.062367
1.0,31,10.067224
1.0,31,10.072013
1.0,30,10.076693
0.0,15,10.079044
0.0,13,10.081079
1.0,32,10.086026
1.0,34,10.091326
1.0,34,10.09666
1.0,31,10.101545
1.0,32,10.10646
1.0,30,10.111107
0.0,6,10.112055
1.0,31,10.116856
1.0,31,10.121664
1.0,31,10.126468
1.0,32,10.131428
1.0,32,10.13637
1.0,31,10.141193
0.0,7,10.142324
1.0,40,10.148421
0.0,6,10.149417
1.0,30,10.154087
1.0,33,10.159091
1.0,36,10.164626
1.0,31,10.169389
0.0,7,10.170552
1.0,36,10.17596
0.0,4,10.176614
1.0,37,10.182368
1.0,31,10.187176
1.0,32,10.192071
0.0,9,10.193516
1.0,34,10.198718
0.0,8,10.199987
1.0,29,10.204466
1.0,33,10.209584
1.0,32,10.214475
0.0,2,10.214815
1.0,34,10.220038
1.0,36,10.225745
1.0,35,10.231201
1.0,29,10.23574
1.0,29,10.240278
1.0,29,10.244833
0.0,2,10.245171
1.0,30,10.249845
1.0,33,10.25504
0.0,10,10.256643
0.0,2,10.256985
0.0,21,10.26031
1.0,30,10.265025
1.0,31,10.269872
1.0,29,10.274485
1.0,29,10.279038
1.0,32,10.284069
0.0,10,10.285697
1.0,33,10.290805
0.0,4,10.291471
1.0,34,10.296768
1.0,31,10.301648
1.0,31,10.30653
1.0,29,10.311088
0.0,19,10.314057
1.0,31,10.318914
0.0,19,10.321962
1.0,38,10.32799
1.0,37,10.333934
0.0,24,10.33768
1.0,30,10.34243
1.0,33,10.347538
0.0,30,10.352234
0.0,30,10.357022
1.0,33,10.362137
1.0,34,10.367388
1.0,29,10.37194
1.0,29,10.376513
1.0,30,10.381238
0.0,7,10.382376
1.0,29,10.38697
1.0,32,10.391917
0.0,6,10.392915
0.0,9,10.394401
0.0,14,10.396617
1.0,36,10.402315
1.0,31,10.40713
1.0,34,10.412366
1.0,34,10.417756
1.0,32,10.42282
1.0,31,10.427801
1.0,34,10.433135
1.0,34,10.438328
1.0,36,10.443962
1.0,37,10.449748
0.0,32,10.454692
1.0,34,10.459953
0.0,15,10.462324
1.0,32,10.4673
1.0,32,10.472278
1.0,32,10.477278
0.0,2,10.477628
1.0,31,10.482613
1.0,35,10.487952
1.0,26,10.491906
1.0,30,10.496624
0.0,21,10.499993
1.0,36,10.505682
1.0,31,10.510503
1.0,32,10.515502
0.0,17,10.518246
0.0,11,10.519978
1.0,31,10.524785
1.0,35,10.53026
1.0,33,10.535436
1.0,36,10.541005
1.0,30,10.545675
1.0,33,10.55079
1.0,39,10.556815
1.0,70,10.567749
1.0,35,10.573232
1.0,34,10.578517
1.0,30,10.583253
0.0,15,10.58563
1.0,36,10.591193
1.0,31,10.596004
0.0,11,10.597764
1.0,30,10.602427
1.0,30,10.607115
1.0,32,10.612048
1.0,40,10.618214
1.0,34,10.62341
0.0,6,10.624359
1.0,31,10.629231
1.0,31,10.634149
1.0,35,10.639571
1.0,34,10.644821
1.0,34,10.650047
0.0,27,10.654244
0.0,19,10.657238
1.0,36,10.66284
1.0,30,10.667436
1.0,30,10.672123
0.0,25,10.675982
0.0,6,10.676971
1.0,33,10.682035
1.0,34,10.687306
0.0,20,10.690442
1.0,35,10.695873
0.0,9,10.697323
1.0,35,10.702797
0.0,16,10.705328
1.0,31,10.710243
0.0,2,10.710584
1.0,29,10.715091
0.0,4,10.715729
1.0,30,10.720311
1.0,31,10.725117
1.0,32,10.730037
0.0,11,10.731762
1.0,31,10.736558
1.0,35,10.74197
1.0,29,10.746443
0.0,4,10.747119
1.0,36,10.752679
1.0,30,10.757407
0.0,2,10.757754
1.0,37,10.763449
1.0,31,10.768326
1.0,35,10.773743
0.0,26,10.77777
1.0,33,10.782873
1.0,29,10.787372
1.0,34,10.792714
1.0,34,10.798074
1.0,34,10.803343
1.0,29,10.807937
1.0,34,10.813192
1.0,31,10.818033
1.0,29,10.822591
1.0,35,10.828043
1.0,33,10.833248
1.0,30,10.838117
1.0,33,10.843274
0.0,15,10.845639
0.0,4,10.846291
1.0,30,10.850997
0.0,7,10.852102
1.0,34,10.857431
1.0,34,10.862803
1.0,32,10.867836
0.0,14,10.870074
1.0,32,10.875094
1.0,31,10.879947
1.0,33,10.885058
1.0,29,10.889638
1.0,29,10.894161
1.0,30,10.898899
1.0,31,10.903745
0.0,11,10.90546
1.0,29,10.909945
1.0,31,10.914777
1.0,34,10.920071
1.0,32,10.925073
1.0,32,10.930065
1.0,29,10.934602
1.0,31,10.939424
1.0,30,10.944077
1.0,29,10.948606
0.0,6,10.949581
1.0,33,10.954704
0.0,19,10.95766
0.0,17,10.960367
1.0,35,10.965808
1.0,29,10.970373
1.0,32,10.97536
1.0,31,10.980206
1.0,35,10.985754
1.0,29,10.990354
0.0,27,10.994648
1.0,35,11.000146
1.0,33,11.005239
1.0,32,11.010317
1.0,34,11.015721
1.0,33,11.020903
1.0,39,11.02698
1.0,29,11.031609
1.0,33,11.036708
1.0,35,11.042316
1.0,36,11.047911
1.0,32,11.052955
1.0,30,11.057629
1.0,34,11.062941
1.0,35,11.06832
1.0,35,11.073712
0.0,26,11.077803
0.0,6,11.078754
1.0,31,11.083537
1.0,33,11.088685
1.0,35,11.094029
1.0,31,11.098806
1.0,31,11.103592
1.0,33,11.108688
1.0,29,11.11323
1.0,33,11.118351
0.0,6,11.119316
1.0,34,11.124469
0.0,6,11.125471
1.0,30,11.130149
1.0,33,11.135227
1.0,33,11.140242
0.0,14,11.142504
1.0,29,11.146973
0.0,2,11.14731
1.0,34,11.152462
0.0,2,11.152806
1.0,34,11.158031
1.0,33,11.163039
1.0,30,11.167741
1.0,34,11.172946
0.0,8,11.174239
0.0,8,11.175492
1.0,33,11.180549
1.0,31,11.185349
0.0,15,11.187687
1.0,29,11.192176
1.0,37,11.197854
1.0,31,11.202623
1.0,36,11.208152
0.0,6,11.20914
1.0,31,11.213946
0.0,7,11.215052
0.0,26,11.219077
1.0,30,11.223667
0.0,6,11.224616
1.0,32,11.229541
0.0,18,11.232196
1.0,31,11.236985
1.0,37,11.242773
1.0,32,11.247666
1.0,34,11.252903
1.0,31,11.257663
1.0,36,11.263149
1.0,30,11.267806
0.0,28,11.27218
1.0,30,11.276819
1.0,34,11.282136
1.0,30,11.286811
1.0,34,11.292116
1.0,30,11.29679
1.0,35,11.30221
1.0,37,11.307914
1.0,32,11.312765
1.0,40,11.318963
1.0,32,11.323943
0.0,30,11.328614
1.0,35,11.334012
0.0,2,11.334362
1.0,30,11.339063
1.0,36,11.344653
0.0,24,11.348445
1.0,32,11.353446
0.0,12,11.355384
1.0,33,11.360535
1.0,29,11.365168
1.0,31,11.37003
0.0,9,11.371462
1.0,34,11.376684
0.0,4,11.377343
1.0,34,11.382471
0.0,4,11.38312
0.0,9,11.384578
0.0,12,11.386538
1.0,32,11.391542
1.0,32,11.396518
1.0,29,11.40105
1.0,35,11.406483
0.0,18,11.409351
1.0,30,11.414105
1.0,35,11.419538
0.0,11,11.421311
1.0,34,11.42662
1.0,33,11.431716
0.0,19,11.434709
0.0,9,11.436144
0.0,4,11.436802
0.0,19,11.439773
0.0,27,11.444109
1.0,34,11.449644
0.0,9,11.451104
0.0,4,11.45175
1.0,30,11.456453
1.0,33,11.461519
1.0,32,11.466514
1.0,39,11.472547
0.0,29,11.477107
1.0,39,11.483087
1.0,33,11.488091
1.0,38,11.494001
1.0,37,11.499748
1.0,37,11.505523
0.0,11,11.50722
0.0,6,11.508212
1.0,33,11.513409
0.0,24,11.517169
0.0,25,11.521181
1.0,29,11.525786
1.0,29,11.530372
0.0,25,11.534322
0.0,7,11.535481
0.0,17,11.538156
1.0,31,11.542993
1.0,33,11.548142
1.0,35,11.553688
1.0,31,11.558524
1.0,31,11.563443
1.0,30,11.568043
1.0,30,11.572779
0.0,17,11.575454
1.0,31,11.580665
0.0,15,11.583037
1.0,31,11.587806
1.0,29,11.592292
1.0,34,11.597497
0.0,9,11.598964
1.0,31,11.603791
1.0,33,11.60889
0.0,9,11.610348
0.0,9,11.611751
1.0,34,11.617007
1.0,31,11.62177
1.0,32,11.626734
1.0,33,11.631819
1.0,35,11.637139
1.0,33,11.642159
1.0,31,11.647002
0.0,17,11.649779
1.0,29,11.654264
1.0,31,11.659048
1.0,31,11.66383
1.0,36,11.669326
1.0,29,11.673881
1.0,36,11.679333
1.0,33,11.684469
1.0,31,11.68931
1.0,33,11.694341
1.0,33,11.69943
1.0,29,11.703911
1.0,33,11.70907
1.0,33,11.714056
1.0,30,11.718595
0.0,7,11.719707
1.0,31,11.724423
0.0,29,11.728895
0.0,23,11.732407
1.0,35,11.737673
1.0,32,11.742669
1.0,35,11.747952
0.0,29,11.752366
0.0,7,11.753484
1.0,34,11.758699
1.0,36,11.764275
1.0,37,11.770034
1.0,37,11.775756
1.0,33,11.780861
1.0,33,11.785932
0.0,28,11.790288
0.0,12,11.792169
1.0,32,11.797102
0.0,6,11.798092
0.0,17,11.800687
1.0,32,11.805682
1.0,33,11.810761
1.0,32,11.815775
1.0,30,11.820402
1.0,29,11.824912
1.0,35,11.830148
1.0,36,11.835769
1.0,30,11.840394
1.0,37,11.846128
1.0,33,11.851275
1.0,33,11.856628
0.0,25,11.860543
0.0,7,11.861698
1.0,37,11.867433
0.0,2,11.867765
1.0,32,11.872835
1.0,37,11.878589
0.0,6,11.879561
1.0,32,11.884547
0.0,6,11.88554
1.0,32,11.890508
1.0,33,11.895658
0.0,8,11.896977
1.0,34,11.902298
1.0,36,11.907925
0.0,21,11.911237
0.0,16,11.913782
1.0,38,11.919665
1.0,39,11.925685
1.0,34,11.930927
1.0,29,11.935426
1.0,32,11.940412
1.0,33,11.945564
0.0,4,11.946251
0.0,10,11.947845
1.0,29,11.952359
1.0,30,11.957012
1.0,42,11.963524
1.0,32,11.96847
1.0,31,11.973321
1.0,31,11.978204
1.0,32,11.983108
1.0,31,11.98799
1.0,31,11.992869
1.0,37,11.998574
1.0,36,12.004073
1.0,37,12.009767
1.0,41,12.016135
1.0,29,12.02066
1.0,29,12.025214
1.0,38,12.031058
1.0,33,12.036188
1.0,34,12.041422
1.0,29,12.045946
1.0,31,12.050776
1.0,29,12.055316
1.0,39,12.061402
1.0,31,12.066193
1.0,35,12.071598
0.0,4,12.072245
1.0,31,12.077095
0.0,18,12.079928
0.0,4,12.080581
1.0,34,12.085853
1.0,35,12.091332
0.0,29,12.095891
1.0,33,12.100955
1.0,31,12.105772
1.0,34,12.111022
1.0,32,12.115886
1.0,32,12.120864
1.0,29,12.12529
1.0,33,12.130325
1.0,31,12.135098
0.0,15,12.137439
0.0,24,12.141092
0.0,22,12.144521
0.0,23,12.148095
1.0,31,12.152874
1.0,33,12.157945
1.0,35,12.163205
1.0,35,12.168644
0.0,19,12.171607
0.0,27,12.175795
1.0,29,12.180275
1.0,35,12.185704
1.0,35,12.191154
1.0,31,12.195858
0.0,16,12.198341
1.0,32,12.203268
1.0,31,12.207986
0.0,29,12.212477
0.0,8,12.213736
1.0,34,12.218955
1.0,31,12.223723
1.0,36,12.229316
1.0,29,12.233794
1.0,30,12.238351
1.0,35,12.243763
1.0,33,12.248857
0.0,10,12.250441
0.0,2,12.250801
0.0,16,12.253365
1.0,36,12.258925
0.0,18,12.261939
1.0,44,12.268586
0.0,7,12.269743
1.0,36,12.275299
1.0,32,12.280231
1.0,33,12.285368
1.0,35,12.290722
1.0,32,12.295653
1.0,34,12.300909
1.0,36,12.306638
1.0,34,12.311941
1.0,32,12.316948
1.0,32,12.321864
1.0,34,12.327173
0.0,16,12.329706
1.0,31,12.334512
1.0,29,12.339066
1.0,31,12.343919
1.0,29,12.348463
1.0,30,12.353151
0.0,2,12.353497
1.0,34,12.358791
1.0,29,12.363292
1.0,30,12.36803
1.0,37,12.373756
1.0,33,12.378916
1.0,30,12.383641
1.0,34,12.388958
1.0,32,12.393979
1.0,33,12.399108
1.0,31,12.403974
1.0,33,12.40915
1.0,39,12.41519
1.0,30,12.419939
1.0,31,12.424788
1.0,31,12.429596
1.0,32,12.434573
0.0,29,12.439145
1.0,36,12.444777
1.0,33,12.449884
1.0,36,12.455515
1.0,33,12.460716
1.0,33,12.466033
1.0,35,12.471433
1.0,34,12.476757
1.0,36,12.482362
1.0,32,12.487353
1.0,39,12.493371
1.0,32,12.498363
1.0,37,12.504094
1.0,34,12.509413
1.0,38,12.515392
1.0,34,12.520705
0.0,21,12.524035
1.0,39,12.530034
0.0,17,12.532626
1.0,33,12.537747
1.0,35,12.54313
1.0,35,12.548408
0.0,2,12.548758
1.0,36,12.554338
1.0,32,12.559335
0.0,19,12.562354
1.0,31,12.567208
0.0,10,12.568807
0.0,6,12.569779
1.0,32,12.574781
1.0,36,12.580368
1.0,32,12.585364
1.0,34,12.590664
0.0,22,12.594134
1.0,40,12.600292
1.0,33,12.605442
1.0,35,12.610904
0.0,21,12.614234
0.0,27,12.618476
0.0,23,12.62214
0.0,9,12.623609
1.0,33,12.628773
0.0,29,12.633319
0.0,19,12.6363
1.0,32,12.641295
0.0,6,12.642264
1.0,32,12.647264
1.0,33,12.652367
1.0,39,12.658422
1.0,31,12.663262
1.0,35,12.668716
1.0,30,12.673572
0.0,9,12.67503
1.0,33,12.680155
1.0,34,12.687402
1.0,33,12.692572
1.0,31,12.697442
0.0,15,12.699809
0.0,16,12.702383
0.0,14,12.704557
1.0,33,12.709703
1.0,38,12.715551
1.0,31,12.720409
1.0,32,12.725411
1.0,35,12.730868
0.0,2,12.731216
1.0,32,12.736204
1.0,34,12.74152
0.0,21,12.74483
1.0,35,12.750299
1.0,32,12.755279
1.0,30,12.759969
1.0,32,12.764978
1.0,39,12.771055
0.0,25,12.774975
0.0,19,12.777866
0.0,2,12.778214
1.0,31,12.783048
1.0,36,12.788644
0.0,15,12.791029
1.0,32,12.796049
1.0,32,12.801064
1.0,36,12.806665
1.0,34,12.811931
0.0,14,12.814175
1.0,31,12.819
1.0,30,12.823688
1.0,36,12.829309
1.0,32,12.83432
1.0,32,12.839316
1.0,34,12.844613
1.0,36,12.850216
1.0,35,12.856022
1.0,32,12.861823
1.0,32,12.867408
0.0,7,12.868595
1.0,34,12.874243
0.0,12,12.876139
1.0,35,12.881914
0.0,18,12.884797
1.0,33,12.890291
1.0,32,12.895458
1.0,34,12.900981
1.0,38,12.907191
1.0,31,12.912223
1.0,33,12.917674
1.0,32,12.922895
1.0,31,12.927911
1.0,32,12.933138
0.0,14,12.935507
0.0,8,12.936837
1.0,31,12.941955
1.0,32,12.947115
0.0,6,12.948099
1.0,32,12.953224
1.0,31,12.958126
1.0,34,12.963439
0.0,11,12.965163
1.0,31,12.970023
1.0,33,12.975171
1.0,31,12.980025
1.0,32,12.98502
1.0,35,12.990405
0.0,2,12.990752
1.0,31,12.995564
0.0,24,12.99932
1.0,33,13.004425
1.0,31,13.009272
1.0,36,13.014795
1.0,29,13.019332
1.0,35,13.024712
1.0,33,13.029876
1.0,29,13.034435
0.0,4,13.035101
0.0,15,13.037471
1.0,33,13.042638
1.0,32,13.047637
1.0,33,13.052784
1.0,31,13.057625
1.0,36,13.063254
1.0,31,13.068051
0.0,10,13.069643
1.0,30,13.074352
0.0,19,13.077437
1.0,29,13.082069
1.0,37,13.087826
1.0,32,13.092841
1.0,31,13.097693
1.0,31,13.102449
1.0,35,13.107826
0.0,27,13.112071
0.0,4,13.112728
0.0,9,13.114182
1.0,35,13.119531
1.0,40,13.125766
1.0,34,13.131094
1.0,37,13.136816
0.0,6,13.137803
1.0,34,13.143068
0.0,19,13.146106
1.0,37,13.151864
1.0,34,13.157167
1.0,34,13.162445
1.0,33,13.16751
0.0,16,13.170079
1.0,35,13.17555
1.0,32,13.180554
1.0,37,13.186328
1.0,30,13.191034
1.0,34,13.196355
0.0,33,13.201536
0.0,6,13.202528
1.0,30,13.207198
1.0,34,13.212447
1.0,30,13.217133
1.0,32,13.222125
0.0,12,13.224067
1.0,36,13.229702
1.0,31,13.234534
0.0,6,13.235501
0.0,16,13.237998
1.0,29,13.242545
1.0,30,13.247231
1.0,29,13.251795
0.0,4,13.25246
0.0,6,13.253441
1.0,34,13.258762
0.0,14,13.260943
0.0,17,13.263651
1.0,35,13.269114
0.0,34,13.27445
1.0,32,13.279526
0.0,14,13.281899
1.0,33,13.287097
1.0,33,13.292186
0.0,8,13.293489
1.0,33,13.298646
1.0,33,13.303771
1.0,36,13.309399
1.0,34,13.314721
1.0,29,13.319254
0.0,18,13.322097
1.0,31,13.326942
1.0,32,13.331936
0.0,9,13.333401
0.0,17,13.336112
0.0,2,13.336458
1.0,32,13.34147
1.0,32,13.346481
1.0,36,13.35209
1.0,42,13.358603
1.0,32,13.363586
1.0,43,13.37024
1.0,36,13.375744
1.0,30,13.380446
0.0,28,13.384847
1.0,36,13.390442
1.0,32,13.395457
1.0,34,13.40077
1.0,31,13.405563
0.0,17,13.408206
1.0,38,13.414137
0.0,17,13.416803
1.0,38,13.422718
1.0,33,13.427814
1.0,34,13.433108
1.0,36,13.438721
1.0,32,13.443749
1.0,35,13.449229
1.0,30,13.453932
1.0,30,13.458616
1.0,33,13.463725
1.0,33,13.46888
1.0,25,13.472754
1.0,34,13.478069
1.0,30,13.482764
0.0,8,13.484033
1.0,35,13.489661
0.0,18,13.492492
1.0,33,13.49766
1.0,31,13.5025
1.0,39,13.508569
0.0,6,13.509588
1.0,32,13.514599
0.0,28,13.518997
1.0,30,13.523708
1.0,34,13.529146
1.0,32,13.534147
0.0,28,13.538567
0.0,10,13.540147
0.0,14,13.542392
1.0,29,13.546938
0.0,6,13.547925
1.0,32,13.552887
1.0,34,13.558176
0.0,15,13.560524
1.0,31,13.565351
1.0,37,13.571106
1.0,29,13.575637
0.0,19,13.57864
0.0,20,13.581818
1.0,30,13.586509
1.0,37,13.592187
0.0,29,13.596586
0.0,26,13.600674
1.0,31,13.605511
1.0,33,13.610681
1.0,41,13.617001
1.0,32,13.622005
1.0,31,13.626847
1.0,31,13.631692
1.0,30,13.636391
1.0,31,13.641252
1.0,37,13.6469
0.0,11,13.648627
0.0,8,13.64991
1.0,29,13.654428
1.0,34,13.659719
1.0,32,13.664694
1.0,30,13.669384
0.0,15,13.671736
1.0,38,13.677577
1.0,29,13.682129
1.0,32,13.687124
1.0,31,13.692149
1.0,34,13.697456
0.0,9,13.698883
1.0,35,13.704319
1.0,33,13.709465
1.0,33,13.714593
0.0,16,13.717139
0.0,25,13.721056
1.0,33,13.726181
1.0,33,13.73131
0.0,2,13.731658
0.0,18,13.734517
1.0,35,13.739976
1.0,34,13.745284
0.0,7,13.746419
1.0,32,13.751427
1.0,33,13.756557
1.0,33,13.761719
1.0,44,13.768399
0.0,32,13.77343
0.0,22,13.776903
0.0,6,13.777885
1.0,35,13.783339
1.0,31,13.788183
1.0,29,13.792732
1.0,29,13.797263
1.0,34,13.802555
0.0,2,13.802899
1.0,34,13.808172
0.0,23,13.811774
0.0,28,13.816126
0.0,8,13.817414
1.0,29,13.821942
1.0,34,13.82719
1.0,31,13.831986
1.0,31,13.836812
1.0,33,13.841971
1.0,29,13.846499
1.0,31,13.851348
0.0,7,13.852477
1.0,31,13.857342
1.0,31,13.86213
1.0,31,13.866953
1.0,33,13.8721
0.0,17,13.874623
1.0,38,13.880469
1.0,35,13.885798
0.0,6,13.886778
1.0,33,13.89187
1.0,31,13.896875
0.0,19,13.899842
1.0,32,13.904849
0.0,25,13.908776
1.0,35,13.914225
0.0,21,13.917511
1.0,35,13.922837
0.0,11,13.924562
1.0,32,13.929556
0.0,16,13.932032
1.0,30,13.93672
1.0,29,13.941273
1.0,33,13.946364
1.0,36,13.951979
1.0,38,13.957893
1.0,40,13.964036
1.0,31,13.968879
1.0,40,13.97495
0.0,16,13.977457
1.0,31,13.982229
1.0,43,13.988876
1.0,31,13.993721
1.0,31,13.998566
1.0,34,14.003829
1.0,32,14.008831
1.0,35,14.014237
0.0,23,14.017841
1.0,33,14.022996
1.0,31,14.027826
1.0,31,14.032673
1.0,31,14.037518
1.0,30,14.042197
1.0,33,14.047325
1.0,29,14.05185
0.0,11,14.053585
1.0,36,14.059111
0.0,15,14.061451
1.0,31,14.066305
1.0,36,14.071857
0.0,15,14.074195
1.0,32,14.079169
1.0,31,14.084181
1.0,34,14.0895
1.0,36,14.095097
1.0,29,14.09981
1.0,35,14.105279
0.0,7,14.106416
1.0,31,14.111234
1.0,31,14.116089
0.0,17,14.118774
1.0,29,14.12331
1.0,37,14.129095
1.0,31,14.133917
0.0,14,14.136089
1.0,31,14.140946
0.0,17,14.143626
1.0,31,14.148477
1.0,34,14.153759
1.0,32,14.158744
1.0,32,14.163751
1.0,29,14.168296
1.0,35,14.173766
1.0,31,14.178557
1.0,36,14.18414
1.0,33,14.189281
1.0,31,14.194131
0.0,4,14.194795
1.0,30,14.199472
1.0,34,14.204785
1.0,29,14.209336
1.0,29,14.213857
1.0,32,14.2188
0.0,15,14.221167
0.0,6,14.222153
0.0,16,14.224718
0.0,11,14.226435
1.0,30,14.231118
0.0,4,14.23177
1.0,32,14.236704
1.0,32,14.241681
1.0,33,14.24683
1.0,30,14.251559
1.0,40,14.257767
1.0,29,14.26228
1.0,35,14.267752
0.0,30,14.272471
1.0,32,14.277462
1.0,33,14.282578
1.0,31,14.287412
1.0,38,14.293322
1.0,39,14.299355
1.0,34,14.304837
1.0,35,14.310281
1.0,31,14.315126
1.0,35,14.320557
0.0,8,14.321838
0.0,18,14.32468
1.0,30,14.329376
0.0,30,14.334074
1.0,30,14.338764
1.0,32,14.34376
0.0,19,14.346759
0.0,30,14.351484
1.0,31,14.35634
0.0,26,14.360429
1.0,31,14.365301
1.0,36,14.370814
1.0,29,14.375334
1.0,39,14.381372
0.0,5,14.382171
1.0,38,14.388009
0.0,27,14.392245
1.0,34,14.397542
0.0,21,14.400839
0.0,9,14.402282
0.0,21,14.405611
1.0,29,14.41014
1.0,30,14.414825
1.0,35,14.420302
1.0,29,14.424858
1.0,31,14.429644
1.0,36,14.435256
1.0,33,14.440306
1.0,34,14.445607
0.0,2,14.445953
1.0,38,14.451851
0.0,2,14.452195
1.0,34,14.457427
1.0,34,14.462711
1.0,35,14.468166
1.0,35,14.473647
1.0,30,14.478336
1.0,39,14.4844
1.0,32,14.489398
1.0,29,14.493922
1.0,31,14.498782
1.0,37,14.504461
1.0,34,14.509856
0.0,18,14.512657
1.0,39,14.51868
1.0,29,14.523235
1.0,35,14.528689
0.0,17,14.531343
1.0,35,14.536782
1.0,30,14.541463
1.0,32,14.546441
0.0,15,14.548811
1.0,35,14.554261
0.0,11,14.555986
1.0,35,14.561428
0.0,2,14.561769
1.0,32,14.566756
1.0,31,14.571579
1.0,32,14.57659
0.0,8,14.577878
1.0,33,14.582968
1.0,34,14.588279
1.0,32,14.593315
1.0,34,14.598617
1.0,33,14.603767
0.0,29,14.608313
1.0,35,14.613751
0.0,18,14.616624
1.0,34,14.621914
1.0,33,14.627059
1.0,33,14.632205
1.0,37,14.637887
1.0,34,14.643191
0.0,10,14.644798
0.0,2,14.645141
1.0,38,14.651046
1.0,30,14.655757
1.0,34,14.661027
0.0,4,14.661689
1.0,35,14.667108
1.0,35,14.672499
0.0,27,14.676749
0.0,6,14.677732
0.0,14,14.679975
1.0,33,14.68513
0.0,9,14.68656
1.0,37,14.692252
1.0,36,14.697866
1.0,34,14.703145
1.0,34,14.708383
1.0,35,14.713986
1.0,32,14.719
1.0,31,14.723829
0.0,8,14.72513
1.0,34,14.730429
1.0,32,14.735434
1.0,35,14.740907
1.0,34,14.746167
1.0,34,14.751483
0.0,9,14.752911
1.0,32,14.757894
0.0,10,14.759484
0.0,23,14.763116
1.0,32,14.768126
1.0,30,14.772829
1.0,32,14.777833
0.0,32,14.782855
0.0,16,14.785419
1.0,32,14.790437
0.0,31,14.795273
0.0,17,14.798007
1.0,37,14.803756
1.0,30,14.808451
1.0,32,14.813467
1.0,32,14.818432
0.0,17,14.821158
1.0,35,14.826593
1.0,36,14.832182
1.0,35,14.837625
0.0,16,14.840134
1.0,38,14.846055
0.0,10,14.84765
0.0,32,14.852675
1.0,32,14.857672
1.0,31,14.862444
1.0,32,14.867464
1.0,30,14.872157
1.0,35,14.877508
0.0,6,14.878485
0.0,25,14.882405
0.0,35,14.887851
1.0,25,14.891735
1.0,32,14.896686
1.0,31,14.901523
0.0,15,14.903903
0.0,25,14.907835
1.0,29,14.912361
1.0,33,14.917663
1.0,37,14.923384
1.0,38,14.929228
1.0,32,14.934242
0.0,12,14.936114
1.0,29,14.940663
1.0,34,14.945948
1.0,33,14.951084
0.0,18,14.953902
1.0,29,14.958439
1.0,31,14.963264
1.0,32,14.968252
1.0,39,14.974229
1.0,32,14.979241
1.0,35,14.984656
1.0,29,14.9892
1.0,29,14.993748
1.0,37,14.999524
1.0,34,15.004811
1.0,37,15.010586
0.0,31,15.015433
0.0,28,15.019809
1.0,33,15.024937
1.0,30,15.029614
1.0,27,15.033806
1.0,32,15.038775
1.0,32,15.04378
1.0,34,15.049092
1.0,34,15.05436
1.0,33,15.059508
1.0,33,15.064693
1.0,34,15.06987
1.0,36,15.075503
0.0,11,15.077265
1.0,32,15.082248
0.0,19,15.085273
1.0,38,15.091123
0.0,21,15.094555
1.0,33,15.099688
1.0,36,15.105313
1.0,35,15.110755
1.0,32,15.115737
1.0,32,15.120901
1.0,35,15.126349
0.0,25,15.130283
1.0,32,15.135199
0.0,17,15.137926
1.0,32,15.142906
0.0,14,15.145171
0.0,18,15.147915
1.0,30,15.152585
1.0,32,15.157614
1.0,30,15.162293
1.0,34,15.167584
0.0,20,15.170753
1.0,32,15.17575
1.0,32,15.180683
1.0,32,15.18568
1.0,36,15.191267
1.0,33,15.196377
0.0,6,15.197357
1.0,34,15.202669
0.0,18,15.205515
0.0,14,15.207754
0.0,4,15.208417
1.0,36,15.213999
0.0,29,15.218546
1.0,33,15.223687
1.0,36,15.229281
1.0,33,15.234416
0.0,8,15.235697
1.0,34,15.240987
1.0,34,15.2463
1.0,35,15.251759
1.0,33,15.25692
1.0,31,15.261781
0.0,14,15.264013
1.0,32,15.269024
1.0,28,15.273369
0.0,19,15.276399
1.0,30,15.281111
0.0,19,15.284117
1.0,34,15.289424
1.0,38,15.295317
1.0,34,15.300567
1.0,41,15.30693
0.0,6,15.307911
1.0,36,15.31355
0.0,6,15.314522
1.0,33,15.319672
1.0,27,15.324027
0.0,27,15.328252
0.0,14,15.330496
1.0,35,15.335949
0.0,32,15.340974
1.0,34,15.346295
1.0,30,15.350999
1.0,30,15.355692
0.0,14,15.357913
1.0,31,15.362772
1.0,35,15.368178
0.0,8,15.369482
1.0,31,15.374309
1.0,33,15.379462
1.0,27,15.383599
1.0,33,15.388733
1.0,35,15.394194
1.0,32,15.399194
1.0,30,15.403902
1.0,30,15.408599
1.0,30,15.413308
1.0,34,15.418569
1.0,32,15.423551
1.0,35,15.428948
0.0,23,15.43253
0.0,4,15.433203
1.0,35,15.438645
1.0,30,15.443349
1.0,35,15.448789
1.0,29,15.453333
1.0,30,15.458037
1.0,30,15.462622
1.0,32,15.467528
1.0,35,15.472923
1.0,33,15.477935
1.0,31,15.482731
1.0,36,15.488232
1.0,35,15.493663
1.0,30,15.49839
1.0,37,15.504076
1.0,33,15.509236
1.0,34,15.514502
1.0,29,15.519063
0.0,11,15.520829
1.0,36,15.526657
1.0,30,15.531275
1.0,37,15.537014
1.0,31,15.541843
1.0,38,15.547668
1.0,31,15.552448
1.0,30,15.557104
1.0,33,15.562239
1.0,34,15.567504
1.0,36,15.573114
1.0,34,15.578284
0.0,8,15.57958
1.0,32,15.584563
1.0,34,15.589879
1.0,31,15.594743
1.0,35,15.600312
0.0,18,15.60309
1.0,37,15.608744
1.0,29,15.61323
1.0,34,15.618539
1.0,33,15.623662
0.0,23,15.627316
1.0,32,15.632242
1.0,31,15.63711
1.0,36,15.642714
1.0,29,15.647309
