# {"t_start": 1599096650.719951, "env_id": "Half-Cheetah-RM11-v0"} 
r,l,t
-561.695629,1000,7.422191
-567.283174,1000,12.055124
-567.179521,1000,16.641121
-584.528576,1000,21.163156
-566.554304,1000,25.606486
-577.880473,1000,30.323339
-581.771632,1000,34.814534
-589.194707,1000,39.374522
-592.301723,1000,43.819816
-599.487502,1000,48.356413
-597.300552,1000,52.981654
-598.954666,1000,57.451658
-589.913313,1000,61.954561
-597.084004,1000,66.39176
-599.729796,1000,71.05685
-598.66883,1000,75.613893
-599.707288,1000,80.298918
-599.834949,1000,84.759963
-598.742147,1000,89.27294
-599.99837,1000,93.901747
-599.990239,1000,98.662801
-599.76515,1000,103.299257
-599.792836,1000,107.991603
-599.999918,1000,112.734492
-599.904965,1000,117.366675
-599.999932,1000,121.85432
-599.99848,1000,126.41071
-599.998775,1000,130.925616
-599.972433,1000,135.509275
-599.996839,1000,140.330044
-599.991327,1000,145.119068
-599.999992,1000,149.598344
-599.993804,1000,154.158872
-599.90351,1000,158.697742
-599.919284,1000,163.215435
-599.999957,1000,167.666983
-599.996783,1000,172.418985
-599.992757,1000,177.349873
-599.999389,1000,182.120077
-599.936474,1000,186.951737
-599.02385,1000,191.463369
-597.439583,1000,195.991539
-597.313206,1000,200.507369
-595.853448,1000,205.136889
-597.358604,1000,210.079327
-596.249878,1000,214.646576
-599.897753,1000,219.333134
-599.584898,1000,223.776475
-599.641136,1000,228.597027
-599.897019,1000,233.475243
-599.500392,1000,238.139894
-599.949957,1000,242.766948
-598.968178,1000,247.492055
-599.678917,1000,252.185444
-595.020829,1000,256.792794
-597.061093,1000,261.345974
-599.898557,1000,266.049365
-593.586755,1000,270.725794
-599.44666,1000,275.42678
-599.189477,1000,280.113879
-599.921006,1000,284.929904
-597.930194,1000,289.486351
-599.308122,1000,294.260289
-599.050447,1000,298.827158
-598.962697,1000,303.575177
-598.112551,1000,308.112124
-598.681245,1000,312.98192
-599.630373,1000,317.643346
-599.292728,1000,322.439208
-598.920946,1000,327.100826
-598.540218,1000,331.838305
-595.995022,1000,336.390691
-599.457249,1000,341.161309
-598.763842,1000,345.921921
-598.387928,1000,350.637093
-599.467422,1000,355.378507
-598.964203,1000,360.195423
-599.57234,1000,364.745627
-599.546117,1000,369.426181
-597.534632,1000,374.055473
-599.488976,1000,378.784555
-599.227073,1000,383.517816
-599.641352,1000,388.250947
-598.854397,1000,392.957148
-599.089423,1000,397.756933
-598.189591,1000,402.392512
-599.453837,1000,407.218365
-599.458879,1000,412.025252
-597.407338,1000,416.919801
-599.448549,1000,421.593016
-598.710201,1000,426.412485
-598.633639,1000,431.215697
-599.681216,1000,436.282823
-597.195112,1000,440.963085
-598.729353,1000,445.693296
-599.045626,1000,450.194951
-599.660845,1000,455.021638
-599.820222,1000,459.517931
-599.865887,1000,464.336926
-599.193823,1000,468.867081
-597.630689,1000,473.621307
-599.901369,1000,478.246691
-598.903578,1000,483.262407
-599.431358,1000,488.005746
-599.577913,1000,492.881929
-599.055913,1000,497.524271
-599.517023,1000,502.306471
-599.568119,1000,506.846442
-598.975571,1000,511.576919
-598.588195,1000,516.074301
-598.208182,1000,520.985208
-598.623207,1000,525.614237
-599.983262,1000,530.451832
-596.023612,1000,535.116068
-594.41338,1000,539.867408
-594.246438,1000,544.487038
-598.460611,1000,549.305389
-598.739699,1000,554.003301
-596.072773,1000,559.000331
-596.799419,1000,563.568942
-599.139438,1000,568.373483
-595.10443,1000,572.920604
-599.52303,1000,577.906513
-599.99989,1000,582.574212
-597.798778,1000,587.445627
-597.368986,1000,592.034096
-597.392177,1000,596.981572
-597.461304,1000,601.568097
-595.954704,1000,606.4168
-599.838788,1000,611.1822
-597.293832,1000,616.106998
-600.0,1000,620.700835
-600.0,1000,625.592899
-600.0,1000,630.251744
-600.0,1000,635.188018
-600.0,1000,639.939709
-600.0,1000,644.784445
-600.0,1000,649.438685
-600.0,1000,654.456049
-600.0,1000,659.523308
-600.0,1000,664.750574
-600.0,1000,669.694912
-600.0,1000,674.717446
-600.0,1000,679.764114
-600.0,1000,684.675622
-600.0,1000,689.450486
-600.0,1000,694.430579
-600.0,1000,699.26216
-600.0,1000,704.719019
-600.0,1000,709.618582
-600.0,1000,714.815629
-600.0,1000,719.80279
-600.0,1000,724.829526
-600.0,1000,729.803853
-600.0,1000,735.084997
-586.619334,1000,740.105159
-600.0,1000,745.307917
-600.0,1000,750.367131
-599.01603,1000,755.546454
-593.484562,1000,760.144589
-598.738309,1000,765.130638
-599.96522,1000,769.763068
-599.967811,1000,774.95024
-599.68738,1000,779.603697
-600.0,1000,784.600717
-599.87161,1000,789.306651
-599.931677,1000,794.318651
-600.0,1000,799.128371
-598.863326,1000,804.134697
-600.0,1000,808.80873
-600.0,1000,813.7065
-597.197955,1000,818.56062
-600.0,1000,823.787179
-600.0,1000,828.474091
-599.959603,1000,833.59686
-600.0,1000,838.338696
-596.804737,1000,843.568097
-599.999999,1000,848.291773
-600.0,1000,853.35628
-600.0,1000,858.283988
-599.999875,1000,863.390768
-600.0,1000,868.020012
-599.437385,1000,873.142928
-599.996971,1000,878.059625
-600.0,1000,883.392067
-599.151497,1000,888.184662
-599.999948,1000,893.31517
-600.0,1000,897.974634
-600.0,1000,903.308619
-598.429726,1000,907.957238
-599.99921,1000,912.959067
-599.310613,1000,917.749468
-599.96127,1000,922.747602
-600.0,1000,927.393968
-599.998948,1000,932.449313
-592.785274,1000,937.172508
-599.99666,1000,942.360084
-599.986522,1000,947.282187
-591.795544,1000,952.340592
-599.139251,1000,957.074988
-599.131004,1000,962.149379
-599.99561,1000,967.124478
-599.99998,1000,972.446606
-600.0,1000,977.429852
-600.0,1000,982.606859
-599.826973,1000,987.465398
-599.866112,1000,992.789446
-600.0,1000,997.700379
-600.0,1000,1003.061596
-599.680627,1000,1007.883683
-600.0,1000,1013.383299
-598.638607,1000,1018.227739
-599.999921,1000,1023.567983
-600.0,1000,1028.372485
-599.961267,1000,1033.554855
-599.440281,1000,1038.254792
-600.0,1000,1043.402379
-597.67828,1000,1048.402136
-600.0,1000,1053.73118
-599.799105,1000,1058.492279
-599.954533,1000,1063.599075
-600.0,1000,1068.485089
-599.899923,1000,1074.019885
-599.751348,1000,1078.992697
-598.854035,1000,1084.214446
-599.99035,1000,1088.900523
-596.455553,1000,1093.987653
-599.899632,1000,1098.666343
-599.941109,1000,1103.966509
-600.0,1000,1108.658782
-600.0,1000,1113.723327
-597.893135,1000,1118.387795
-599.916673,1000,1123.671527
-600.0,1000,1128.41461
-600.0,1000,1133.508575
-599.96555,1000,1138.193587
-600.0,1000,1143.296897
-600.0,1000,1148.074002
-600.0,1000,1153.311273
-600.0,1000,1158.219126
-600.0,1000,1163.466162
-599.998575,1000,1168.613549
-599.924445,1000,1173.789065
-599.999986,1000,1178.434352
-599.999998,1000,1183.714221
-599.999758,1000,1188.36253
-599.892622,1000,1193.444417
-600.0,1000,1198.539798
-595.166638,1000,1203.664278
-599.999995,1000,1208.510604
-599.993727,1000,1214.001033
-599.529812,1000,1218.886745
-600.0,1000,1224.11032
-599.999437,1000,1228.778984
-600.0,1000,1233.991645
-598.415523,1000,1238.718269
-600.0,1000,1243.949608
-599.546033,1000,1248.544291
-600.0,1000,1253.701149
-599.959234,1000,1258.718108
-599.908189,1000,1264.009617
-600.0,1000,1268.977094
-600.0,1000,1274.379006
-599.999999,1000,1279.133623
-600.0,1000,1284.253762
-600.0,1000,1288.799394
-599.304073,1000,1294.090835
-599.999932,1000,1298.644832
-599.926217,1000,1303.661139
-600.0,1000,1308.283125
-599.998778,1000,1313.518228
-600.0,1000,1318.264289
-597.443597,1000,1323.584551
-599.968665,1000,1328.264602
-596.816296,1000,1333.54992
-600.0,1000,1338.236139
-599.999996,1000,1343.355654
-600.0,1000,1347.897281
-600.0,1000,1353.144307
-599.941053,1000,1358.030031
-599.867455,1000,1363.164008
-600.0,1000,1368.09425
-599.966653,1000,1373.358481
-600.0,1000,1377.998039
-592.341653,1000,1383.064213
-596.28633,1000,1387.665829
-599.705954,1000,1392.884346
-594.744465,1000,1397.407137
-599.966721,1000,1402.527499
-600.0,1000,1407.148908
-600.0,1000,1412.399734
-600.0,1000,1417.004761
-599.819349,1000,1422.395939
-598.364411,1000,1426.95812
-599.998297,1000,1432.088514
-597.746938,1000,1436.677421
-599.841687,1000,1441.978819
-599.725863,1000,1446.558472
-600.0,1000,1451.956155
-600.0,1000,1456.656293
-599.45629,1000,1462.012626
-600.0,1000,1467.107768
-586.458423,1000,1472.320611
-599.775273,1000,1476.935616
-599.470881,1000,1482.087349
-600.0,1000,1486.762476
-593.156749,1000,1492.278089
-600.0,1000,1496.921008
-600.0,1000,1502.083762
-596.274368,1000,1506.733419
-600.0,1000,1512.083853
-591.278304,1000,1516.873965
-600.0,1000,1522.126059
-599.997043,1000,1526.631339
-600.0,1000,1531.893374
-599.795767,1000,1536.452612
-599.908187,1000,1541.686399
-599.814749,1000,1546.35225
-600.0,1000,1551.632467
-600.0,1000,1556.186245
-596.281198,1000,1561.406249
-599.895193,1000,1566.014105
-600.0,1000,1571.241916
-600.0,1000,1575.763467
-599.930988,1000,1581.03108
-600.0,1000,1585.580429
-599.008787,1000,1590.966045
-599.999994,1000,1595.708388
-600.0,1000,1600.93931
-596.966004,1000,1605.452389
-600.0,1000,1610.85341
-599.998963,1000,1615.37298
-600.0,1000,1620.735611
-599.815898,1000,1625.323267
-600.0,1000,1630.769059
-600.0,1000,1635.359115
-599.999984,1000,1640.612875
-599.99982,1000,1645.582458
-599.999945,1000,1651.13732
-599.933282,1000,1655.796197
-599.998619,1000,1661.068717
-599.768874,1000,1665.752527
-600.0,1000,1670.96053
-599.855988,1000,1675.490775
-600.0,1000,1681.105284
-600.0,1000,1685.905809
-599.959533,1000,1691.162945
-599.98122,1000,1695.881329
-599.983219,1000,1701.076229
-599.999999,1000,1705.780827
-599.897922,1000,1711.287289
-598.603184,1000,1715.896176
-600.0,1000,1721.25289
-600.0,1000,1726.236774
-599.999995,1000,1731.508695
-592.121087,1000,1736.128186
-600.0,1000,1741.416022
-600.0,1000,1745.976685
-600.0,1000,1751.292272
-596.688209,1000,1756.136801
-599.999899,1000,1761.533372
-599.988572,1000,1766.307518
-600.0,1000,1771.792372
-600.0,1000,1776.537565
-599.99942,1000,1782.094321
-600.0,1000,1786.630655
-600.0,1000,1792.082663
-600.0,1000,1796.649159
-600.0,1000,1802.053481
-596.74408,1000,1807.084009
-597.329901,1000,1812.630021
-600.0,1000,1817.314813
-589.536954,1000,1822.657888
-599.808384,1000,1827.351645
-599.765677,1000,1832.819688
-599.629687,1000,1837.83755
-599.905356,1000,1843.506438
-600.0,1000,1848.420081
-599.441238,1000,1853.865198
-597.455784,1000,1858.616784
-599.999783,1000,1863.945853
-599.575544,1000,1868.660238
-599.23527,1000,1874.04416
-600.0,1000,1878.780066
-599.981561,1000,1884.379849
-599.999162,1000,1889.209441
-600.0,1000,1894.658424
-600.0,1000,1899.503961
-599.999893,1000,1905.224483
-598.717466,1000,1910.093433
-599.13825,1000,1915.595941
-599.999999,1000,1920.306354
-599.992309,1000,1925.75479
-599.982479,1000,1930.294967
-600.0,1000,1935.922305
-597.819026,1000,1940.780386
-599.99821,1000,1946.392783
-599.999999,1000,1951.410574
-600.0,1000,1957.161494
-600.0,1000,1961.809802
-595.756239,1000,1967.438037
-599.878749,1000,1972.088054
-600.0,1000,1977.48861
-600.0,1000,1982.088399
-599.999947,1000,1987.49187
-600.0,1000,1992.135499
-599.956855,1000,1997.469379
-599.420102,1000,2001.964407
-599.999813,1000,2007.353913
-599.768232,1000,2012.044304
-600.0,1000,2017.765732
-588.192567,1000,2022.433336
-599.977538,1000,2027.794776
-600.0,1000,2032.468807
-600.0,1000,2037.99958
-600.0,1000,2042.788258
-600.0,1000,2048.276385
-594.871319,1000,2052.951871
-599.956329,1000,2058.404443
-600.0,1000,2063.124174
-599.995908,1000,2068.648402
-599.999951,1000,2073.656019
-600.0,1000,2079.192134
-588.671257,1000,2083.854139
-599.999713,1000,2089.713611
-595.355316,1000,2094.331483
-599.999953,1000,2100.33064
-600.0,1000,2105.142579
-600.0,1000,2110.891246
-600.0,1000,2115.897195
-600.0,1000,2121.727129
-599.992358,1000,2126.496927
-599.995971,1000,2132.021413
-600.0,1000,2136.954083
-600.0,1000,2142.719311
-599.998976,1000,2147.562171
-600.0,1000,2153.008628
-599.884142,1000,2157.724012
-599.944829,1000,2163.422401
-598.529117,1000,2168.127025
-600.0,1000,2173.756047
-600.0,1000,2178.477208
-596.545504,1000,2184.018625
-600.0,1000,2188.695915
-595.628827,1000,2194.175441
-600.0,1000,2198.905674
-599.933356,1000,2204.588366
-599.999861,1000,2209.505375
-599.961483,1000,2215.462929
-599.885977,1000,2220.219038
-599.689269,1000,2225.787164
-600.0,1000,2230.514542
-600.0,1000,2236.32543
-600.0,1000,2241.222868
-600.0,1000,2246.894413
-598.381739,1000,2251.578305
-600.0,1000,2257.22597
-599.996888,1000,2262.045023
-599.200258,1000,2267.644988
-597.106538,1000,2272.517123
-599.999995,1000,2278.242803
-600.0,1000,2283.093723
-599.720915,1000,2289.016417
-599.994916,1000,2293.953149
-600.0,1000,2299.783491
-600.0,1000,2304.67996
-598.452084,1000,2310.633349
-598.040937,1000,2315.502177
-600.0,1000,2321.458
-600.0,1000,2326.57165
-600.0,1000,2332.791695
-595.062516,1000,2338.131258
-600.0,1000,2344.623546
-598.587117,1000,2349.718397
-600.0,1000,2356.077796
-600.0,1000,2361.526873
-594.006852,1000,2367.948587
-599.999171,1000,2373.765409
405.236878,1000,2380.143413
-600.0,1000,2385.431256
-599.998372,1000,2392.122858
-599.999991,1000,2397.656657
-599.9027,1000,2404.522082
-600.0,1000,2410.282887
-600.0,1000,2417.488652
-600.0,1000,2423.502879
-600.0,1000,2430.233927
-599.997075,1000,2435.774904
-600.0,1000,2442.784229
-600.0,1000,2448.621723
-600.0,1000,2455.353923
-599.992265,1000,2461.136294
-599.999999,1000,2468.210952
-600.0,1000,2474.242837
-600.0,1000,2481.150591
-600.0,1000,2486.883179
-600.0,1000,2493.730008
-598.247506,1000,2499.578643
-600.0,1000,2506.428074
-600.0,1000,2512.329466
-599.781327,1000,2519.065809
-600.0,1000,2524.828198
-599.920697,1000,2531.581985
-600.0,1000,2537.590779
-599.944951,1000,2544.9087
-599.999983,1000,2550.847208
-586.66054,1000,2557.791131
-599.936274,1000,2563.647445
-599.999976,1000,2570.621998
-598.496402,1000,2576.751
-599.994947,1000,2583.546062
-599.915593,1000,2589.436682
-599.985547,1000,2596.545271
-600.0,1000,2602.314912
-600.0,1000,2609.106895
-599.999988,1000,2614.877556
-600.0,1000,2621.744183
-600.0,1000,2627.534883
-599.991091,1000,2634.519211
-600.0,1000,2640.371758
-600.0,1000,2647.478626
-600.0,1000,2653.353504
-600.0,1000,2660.444767
-599.993513,1000,2666.314857
-599.999999,1000,2673.327673
-575.83467,1000,2679.15576
-599.797317,1000,2686.037157
-599.900614,1000,2692.030154
-600.0,1000,2698.986032
-598.249933,1000,2705.166186
-600.0,1000,2712.070745
-599.999993,1000,2718.174178
-600.0,1000,2725.510119
-600.0,1000,2731.436619
-599.999944,1000,2738.48991
-599.052496,1000,2744.442303
-600.0,1000,2751.505098
-600.0,1000,2757.87508
-599.07735,1000,2764.794578
-599.881851,1000,2770.561104
-599.965645,1000,2777.51964
-596.961131,1000,2783.39056
-599.999999,1000,2790.34005
-600.0,1000,2796.425025
-600.0,1000,2803.467251
-597.928957,1000,2809.361416
-599.997083,1000,2816.274203
-599.994418,1000,2822.14021
-599.999973,1000,2829.247982
-600.0,1000,2835.161616
-589.345299,1000,2842.038288
-599.998417,1000,2847.917361
-598.744477,1000,2855.066695
-600.0,1000,2861.038283
-600.0,1000,2868.030839
-599.964499,1000,2874.154844
-599.917363,1000,2881.125811
-597.297643,1000,2887.058289
-599.998802,1000,2893.951378
-600.0,1000,2899.765895
-600.0,1000,2906.799315
-599.217835,1000,2912.74357
-600.0,1000,2919.893286
-599.999906,1000,2925.822184
-599.632408,1000,2933.099524
-600.0,1000,2939.0441
-599.999998,1000,2945.857819
-600.0,1000,2951.796443
-593.685542,1000,2958.776681
-597.13238,1000,2964.683579
-600.0,1000,2971.753108
-600.0,1000,2977.594674
-599.996236,1000,2984.559332
-599.035075,1000,2990.397341
-600.0,1000,2997.389756
-586.238186,1000,3003.667362
-599.999999,1000,3010.839772
-591.613309,1000,3016.690478
-600.0,1000,3023.93157
-600.0,1000,3029.782381
-600.0,1000,3036.912436
-600.0,1000,3042.837595
-597.651553,1000,3049.785161
-600.0,1000,3055.869032
-600.0,1000,3062.965479
-600.0,1000,3069.242766
-599.624779,1000,3076.470658
-600.0,1000,3082.525201
-600.0,1000,3089.663061
-600.0,1000,3095.636499
-600.0,1000,3102.742935
-600.0,1000,3108.724072
-599.209273,1000,3116.249238
-598.871182,1000,3122.396788
-600.0,1000,3129.86974
-599.689633,1000,3135.935208
-599.293362,1000,3143.295283
-600.0,1000,3149.39848
-598.658955,1000,3156.644865
-596.3951,1000,3162.701616
-599.913274,1000,3169.940797
-599.999999,1000,3176.080753
-600.0,1000,3183.378388
-599.999515,1000,3189.452082
-600.0,1000,3196.793929
-600.0,1000,3202.986437
-599.846473,1000,3210.42129
-599.998558,1000,3216.598803
-599.938162,1000,3223.968595
-600.0,1000,3230.1861
-600.0,1000,3237.677591
-594.922307,1000,3244.34813
-600.0,1000,3251.967529
-600.0,1000,3258.673547
-598.75642,1000,3266.627487
-599.999994,1000,3273.073087
-600.0,1000,3280.624921
-600.0,1000,3287.0964
-600.0,1000,3294.858339
-600.0,1000,3301.448872
-599.996763,1000,3309.614478
-600.0,1000,3316.408263
-599.720384,1000,3324.198471
-600.0,1000,3330.784115
-595.826062,1000,3338.569518
-599.180966,1000,3345.358782
-599.853628,1000,3353.671453
-599.999998,1000,3360.752066
-599.999954,1000,3368.603941
-600.0,1000,3375.44646
-599.995967,1000,3383.297223
-600.0,1000,3389.924576
-600.0,1000,3397.814876
403.502012,1000,3404.538639
-599.955203,1000,3412.716623
-597.759887,1000,3419.61875
-591.155794,1000,3427.654721
-599.729894,1000,3434.256202
-600.0,1000,3442.270098
-600.0,1000,3449.076018
-600.0,1000,3457.320478
-599.791099,1000,3463.952359
-600.0,1000,3471.840035
-594.377779,1000,3478.587727
-598.372287,1000,3486.513236
-600.0,1000,3493.220221
-600.0,1000,3501.266741
-599.89365,1000,3507.971032
-600.0,1000,3515.896569
-597.062522,1000,3522.526855
-599.953702,1000,3530.382477
-600.0,1000,3536.948964
-599.999437,1000,3544.903251
-600.0,1000,3551.77215
-600.0,1000,3559.970321
-599.999995,1000,3566.758981
-599.967971,1000,3574.901412
-600.0,1000,3581.54212
-600.0,1000,3589.541844
-599.974825,1000,3596.308407
-599.999927,1000,3604.270657
-599.88751,1000,3610.861242
-599.996318,1000,3619.021573
-600.0,1000,3626.015866
-599.857879,1000,3633.920123
-599.995466,1000,3640.671878
-600.0,1000,3648.708115
-599.998987,1000,3655.345252
-599.791332,1000,3663.490734
-599.951197,1000,3670.232718
-600.0,1000,3678.349731
-600.0,1000,3685.185286
-599.943269,1000,3693.245501
-599.970363,1000,3700.09677
-600.0,1000,3708.071389
-599.705044,1000,3715.002137
-599.904943,1000,3723.06214
-598.600432,1000,3729.957579
-599.952563,1000,3738.120982
-597.510939,1000,3744.830896
-600.0,1000,3752.879963
-595.920509,1000,3759.486065
-599.999997,1000,3767.813346
-599.99943,1000,3774.422327
-600.0,1000,3782.480361
-600.0,1000,3789.272818
-593.794179,1000,3797.384568
-599.99999,1000,3804.119126
-600.0,1000,3812.33081
-599.999486,1000,3818.966848
-599.982019,1000,3827.012946
-599.968938,1000,3833.693943
-600.0,1000,3841.750478
-599.994748,1000,3848.517227
-600.0,1000,3856.617
-599.999998,1000,3863.312264
-599.710912,1000,3871.266379
-598.588966,1000,3877.874463
-599.999933,1000,3886.118509
-600.0,1000,3892.892554
-599.638393,1000,3901.003008
-600.0,1000,3907.675344
-599.996732,1000,3915.878363
-599.870174,1000,3922.851906
-599.666655,1000,3931.01379
-599.998863,1000,3937.692811
-599.99982,1000,3945.779307
-600.0,1000,3952.439282
-599.241539,1000,3960.570569
-600.0,1000,3967.251213
-600.0,1000,3975.392288
-599.969924,1000,3982.277162
-600.0,1000,3990.6284
-599.640524,1000,3997.246489
-600.0,1000,4005.295336
-600.0,1000,4011.988948
-599.833339,1000,4020.082525
-600.0,1000,4026.630102
-599.720363,1000,4034.731296
-597.524995,1000,4041.354198
-592.575775,1000,4049.467492
-599.991224,1000,4056.084152
-600.0,1000,4064.20132
-600.0,1000,4070.870937
-600.0,1000,4079.155085
-599.556378,1000,4085.908399
-600.0,1000,4094.12786
-600.0,1000,4100.862721
-599.999995,1000,4109.029336
-599.999999,1000,4115.768937
-599.999706,1000,4123.95815
-600.0,1000,4130.643648
-599.900822,1000,4138.845966
-600.0,1000,4145.656297
-600.0,1000,4153.88053
-598.669934,1000,4160.612908
-600.0,1000,4168.844681
-599.999996,1000,4175.999275
-600.0,1000,4184.180583
-599.999928,1000,4190.884267
-600.0,1000,4199.329784
-599.819209,1000,4205.970843
-599.999578,1000,4214.134356
-600.0,1000,4220.829216
-600.0,1000,4228.904733
-600.0,1000,4235.62722
-599.918502,1000,4243.703101
-600.0,1000,4250.451426
-599.739129,1000,4258.68241
-599.983423,1000,4265.456299
-599.999998,1000,4273.715592
-599.999431,1000,4280.439552
-600.0,1000,4288.75893
-599.875365,1000,4295.564002
-600.0,1000,4303.7885
-600.0,1000,4310.476926
-599.993382,1000,4318.573491
-600.0,1000,4325.416011
-600.0,1000,4333.7813
-600.0,1000,4340.816508
-599.999973,1000,4348.897152
-600.0,1000,4355.4938
-599.963807,1000,4363.782559
-600.0,1000,4370.471261
-598.155078,1000,4378.62746
-600.0,1000,4385.337972
-600.0,1000,4393.535546
-599.458053,1000,4400.464185
-600.0,1000,4408.786391
-598.793304,1000,4415.603487
-596.17597,1000,4423.878943
-599.99994,1000,4430.640126
-599.990181,1000,4438.787645
-600.0,1000,4445.416566
-599.829381,1000,4453.676797
-600.0,1000,4460.514714
-600.0,1000,4468.697504
-600.0,1000,4475.376359
-600.0,1000,4483.757212
-600.0,1000,4490.518744
-596.776852,1000,4498.608168
-600.0,1000,4505.255027
-599.867669,1000,4513.623484
-599.553843,1000,4520.333091
-599.70444,1000,4528.557591
-596.288136,1000,4535.442357
-600.0,1000,4543.724015
-593.229079,1000,4550.38688
-600.0,1000,4558.62829
-600.0,1000,4565.556287
-600.0,1000,4573.998421
-600.0,1000,4580.880188
-600.0,1000,4589.07785
-600.0,1000,4595.857146
-600.0,1000,4604.044298
-598.542796,1000,4610.844718
-599.999975,1000,4619.450064
-600.0,1000,4626.555964
-600.0,1000,4634.931628
-598.033166,1000,4641.678568
-599.901574,1000,4650.378262
-599.999931,1000,4657.093593
-600.0,1000,4665.643778
-600.0,1000,4672.491514
-599.999639,1000,4681.007182
-600.0,1000,4687.813324
-600.0,1000,4696.209697
-600.0,1000,4703.05817
-600.0,1000,4711.513608
-600.0,1000,4718.56424
-600.0,1000,4726.921963
-600.0,1000,4733.720609
-599.946197,1000,4742.126047
-591.529395,1000,4748.967687
-600.0,1000,4757.175405
-600.0,1000,4763.828312
-600.0,1000,4772.196845
-600.0,1000,4778.75448
-599.991689,1000,4787.179263
-599.977383,1000,4793.98716
-600.0,1000,4802.497206
-600.0,1000,4809.183778
-599.827733,1000,4817.488605
-600.0,1000,4824.389095
-599.841697,1000,4832.821107
-599.999991,1000,4839.661212
-595.725187,1000,4847.98924
-599.795653,1000,4854.894766
-600.0,1000,4863.200284
-600.0,1000,4869.963334
-600.0,1000,4878.372775
-596.654343,1000,4885.065677
-599.998859,1000,4893.551333
-598.146706,1000,4900.392806
-599.999823,1000,4908.879619
-596.971763,1000,4915.590436
-599.994237,1000,4924.035444
-600.0,1000,4931.219386
-600.0,1000,4939.804071
-600.0,1000,4946.657629
-599.224587,1000,4955.214152
-599.899541,1000,4961.896012
-599.713621,1000,4970.49065
-599.211013,1000,4977.324231
-600.0,1000,4985.732204
-598.724527,1000,4992.42889
-600.0,1000,5000.795358
-599.961829,1000,5007.510301
-599.7937,1000,5015.963848
-599.990519,1000,5022.889017
-600.0,1000,5031.526827
-598.512907,1000,5038.586143
-599.812751,1000,5047.046836
-597.856745,1000,5053.827869
-599.998841,1000,5062.36259
-600.0,1000,5069.307498
-600.0,1000,5077.715607
-599.965259,1000,5084.500459
-598.123696,1000,5092.913067
-600.0,1000,5099.60421
-599.998693,1000,5107.959154
-599.999912,1000,5114.825336
-600.0,1000,5123.384281
-600.0,1000,5130.293998
-600.0,1000,5138.770837
-599.999965,1000,5145.820067
-598.948462,1000,5154.310663
-600.0,1000,5161.071108
-600.0,1000,5169.592578
-599.493867,1000,5176.473391
-600.0,1000,5184.95983
-600.0,1000,5191.72776
-600.0,1000,5200.127464
-600.0,1000,5207.007745
-600.0,1000,5215.457641
-599.999999,1000,5222.284147
-598.502125,1000,5230.7583
-599.997676,1000,5237.698921
-598.754184,1000,5246.356553
-600.0,1000,5253.030004
-599.999998,1000,5261.697325
-599.999798,1000,5268.523001
-599.896102,1000,5277.046242
-600.0,1000,5284.004144
-600.0,1000,5292.782852
-600.0,1000,5299.762029
-600.0,1000,5308.435516
-600.0,1000,5315.36042
-599.633767,1000,5324.018726
-600.0,1000,5331.005801
-599.916113,1000,5339.586492
-600.0,1000,5346.296813
-600.0,1000,5355.056665
-599.10519,1000,5362.257403
-598.95704,1000,5370.919853
-600.0,1000,5377.625245
-600.0,1000,5386.140125
-600.0,1000,5392.913629
-599.99984,1000,5401.417069
-599.982287,1000,5408.183401
-600.0,1000,5416.674451
-600.0,1000,5423.375294
-600.0,1000,5431.799662
-600.0,1000,5438.588165
-600.0,1000,5446.979656
-599.193345,1000,5453.731659
-600.0,1000,5462.232885
-600.0,1000,5469.175173
-600.0,1000,5477.888263
-599.999984,1000,5484.747875
-600.0,1000,5493.268464
-600.0,1000,5500.029868
-600.0,1000,5508.512518
-600.0,1000,5515.536032
-600.0,1000,5524.215495
-597.623282,1000,5530.996744
-599.899455,1000,5539.495772
-599.998642,1000,5546.23975
-600.0,1000,5554.963042
-600.0,1000,5561.816345
-600.0,1000,5570.456062
-598.093823,1000,5577.387041
-600.0,1000,5586.079044
-599.012887,1000,5592.851158
-598.611765,1000,5601.43227
-600.0,1000,5608.197131
-599.976317,1000,5616.673661
-600.0,1000,5623.623697
-599.910486,1000,5632.279276
-599.999946,1000,5639.341882
-599.900298,1000,5648.091264
-600.0,1000,5654.821029
-599.996745,1000,5663.350977
-594.184163,1000,5670.041401
-599.930754,1000,5678.577235
-599.999871,1000,5685.292379
-600.0,1000,5694.08741
-600.0,1000,5701.217837
-599.81545,1000,5709.770716
-600.0,1000,5716.657557
-595.745583,1000,5725.273773
-599.999994,1000,5732.024963
-599.983331,1000,5740.70525
-599.686988,1000,5747.492735
-599.999999,1000,5756.063565
-599.974094,1000,5762.951954
-600.0,1000,5771.480877
-600.0,1000,5778.468982
-600.0,1000,5787.281569
-599.999966,1000,5794.361202
-598.068278,1000,5803.138977
-600.0,1000,5810.222535
-599.930656,1000,5818.986634
-596.028771,1000,5825.948088
-599.89015,1000,5834.714872
-598.933908,1000,5841.611493
-599.890451,1000,5850.272138
-600.0,1000,5857.076137
-599.948036,1000,5865.879769
-600.0,1000,5873.017302
-599.994287,1000,5881.848929
-600.0,1000,5888.923658
-600.0,1000,5897.647838
-599.896373,1000,5904.422637
-599.67631,1000,5913.242062
-596.810101,1000,5920.153903
-599.003287,1000,5929.063539
-600.0,1000,5935.841856
-599.960634,1000,5944.512023
-599.860209,1000,5951.484288
-600.0,1000,5960.485119
-599.713515,1000,5967.318701
-600.0,1000,5976.188437
-599.625134,1000,5983.22159
-599.918958,1000,5991.958936
-599.754526,1000,5998.816664
-599.57517,1000,6007.573486
-599.998312,1000,6014.60279
-600.0,1000,6023.316911
-598.541927,1000,6030.106719
-600.0,1000,6038.844567
-599.1706,1000,6045.679358
-600.0,1000,6054.456258
-600.0,1000,6061.364539
-600.0,1000,6070.022398
-599.999995,1000,6076.871831
-600.0,1000,6085.59311
-598.596887,1000,6092.398802
-600.0,1000,6101.11782
-600.0,1000,6108.015018
-599.53579,1000,6116.693407
-600.0,1000,6123.560678
-599.909034,1000,6132.395391
-599.999991,1000,6139.269814
-600.0,1000,6148.066842
-600.0,1000,6154.816879
-600.0,1000,6163.619803
-599.933777,1000,6170.33251
-600.0,1000,6178.991576
-599.998225,1000,6185.774379
-600.0,1000,6194.564859
-599.69306,1000,6201.474675
-599.109866,1000,6210.596943
-599.945699,1000,6217.646092
-600.0,1000,6226.428937
-600.0,1000,6233.245978
-599.652358,1000,6242.012859
-600.0,1000,6248.885484
-600.0,1000,6257.612659
-600.0,1000,6264.472447
-600.0,1000,6273.379532
-599.999784,1000,6280.239348
-600.0,1000,6289.037293
-600.0,1000,6295.905439
-600.0,1000,6304.640257
-600.0,1000,6311.460366
-600.0,1000,6320.545512
-600.0,1000,6327.567912
-600.0,1000,6336.513824
-597.086993,1000,6343.368774
-599.95097,1000,6352.150324
-600.0,1000,6359.088877
-600.0,1000,6368.099639
-598.756986,1000,6374.944527
-600.0,1000,6383.935382
-599.801025,1000,6390.94798
-599.987726,1000,6399.85426
-599.998753,1000,6406.880579
-600.0,1000,6415.818092
-600.0,1000,6422.653721
-600.0,1000,6431.469835
-599.020197,1000,6438.311732
-599.992552,1000,6447.121958
-596.487614,1000,6453.964659
-600.0,1000,6462.860927
-599.928906,1000,6469.915856
-599.999974,1000,6478.876474
-600.0,1000,6485.8058
-599.999999,1000,6494.649858
-599.680522,1000,6501.480854
-599.986827,1000,6510.348478
-600.0,1000,6517.361012
-599.857844,1000,6526.342621
-599.760586,1000,6533.241055
-599.67283,1000,6542.440454
-600.0,1000,6549.324481
-597.784185,1000,6558.343098
-599.947906,1000,6565.205887
-599.994416,1000,6574.085045
-599.999889,1000,6580.926741
-599.988919,1000,6589.851718
-600.0,1000,6596.70907
-598.867826,1000,6605.682237
-600.0,1000,6612.497485
-598.88096,1000,6621.40009
-599.971261,1000,6628.349122
-600.0,1000,6637.353616
-600.0,1000,6644.113816
-600.0,1000,6653.175987
-600.0,1000,6660.033138
-599.86912,1000,6669.019042
-600.0,1000,6675.808269
-600.0,1000,6685.113285
-600.0,1000,6691.99201
-600.0,1000,6700.846206
-600.0,1000,6707.614478
-599.999988,1000,6716.783237
-600.0,1000,6723.619626
-600.0,1000,6732.657349
-600.0,1000,6739.753417
-596.792555,1000,6748.847265
-595.638564,1000,6756.102539
-599.859143,1000,6765.428899
-600.0,1000,6772.501343
-599.99697,1000,6781.507653
-599.596739,1000,6788.649343
-599.986726,1000,6797.577216
-599.009755,1000,6804.566168
-599.999993,1000,6813.458399
-599.946137,1000,6820.597763
-592.60933,1000,6829.805771
-599.4849,1000,6836.709847
-599.999985,1000,6845.759198
-600.0,1000,6852.725381
-599.999691,1000,6861.895829
-596.241927,1000,6868.777437
-599.321139,1000,6877.92225
-600.0,1000,6884.83482
-600.0,1000,6893.866089
-600.0,1000,6900.706518
-600.0,1000,6909.904477
-599.77206,1000,6916.729604
-598.98754,1000,6925.759878
-600.0,1000,6932.576512
-595.951739,1000,6941.663436
-600.0,1000,6948.601824
-598.940346,1000,6957.697135
-600.0,1000,6964.674093
-600.0,1000,6973.761049
-599.905245,1000,6980.624119
-600.0,1000,6989.732253
-599.830755,1000,6996.707596
-600.0,1000,7005.656888
-599.182116,1000,7012.495323
-599.824362,1000,7021.432729
-599.959116,1000,7028.390814
-598.350666,1000,7037.533211
-599.981244,1000,7044.449421
-599.898438,1000,7053.662136
-600.0,1000,7060.691136
-599.999978,1000,7069.833111
-599.944037,1000,7076.716695
-600.0,1000,7085.832221
-600.0,1000,7092.658135
-597.64548,1000,7101.658166
-593.79978,1000,7108.694451
-600.0,1000,7117.874523
-599.980845,1000,7124.903907
-599.897688,1000,7134.339805
-599.999982,1000,7141.550211
-599.10235,1000,7150.586808
-599.958499,1000,7157.564749
-600.0,1000,7166.717581
-599.924475,1000,7173.480974
-600.0,1000,7182.519882
-600.0,1000,7189.50075
-600.0,1000,7198.659916
-598.896385,1000,7205.690453
-600.0,1000,7214.841302
-600.0,1000,7221.792255
-597.939695,1000,7230.92648
-600.0,1000,7237.973273
-600.0,1000,7247.064019
-599.851462,1000,7253.853799
-599.96207,1000,7263.015508
-599.823439,1000,7269.987995
-600.0,1000,7279.221078
-599.999998,1000,7286.117456
-600.0,1000,7295.247015
-600.0,1000,7302.359184
-600.0,1000,7311.363178
-600.0,1000,7318.205707
-600.0,1000,7327.308753
-599.999955,1000,7334.254192
-600.0,1000,7343.288289
-598.060947,1000,7350.167768
-600.0,1000,7359.670587
-599.381663,1000,7366.774476
-600.0,1000,7375.85309
-584.773983,1000,7382.770433
-600.0,1000,7391.91785
-599.998101,1000,7399.194262
-600.0,1000,7408.659086
-600.0,1000,7415.429749
-600.0,1000,7424.63292
-595.176699,1000,7431.891878
-600.0,1000,7441.278397
-600.0,1000,7448.353011
-599.99981,1000,7457.559722
-599.752688,1000,7464.698396
-599.999967,1000,7474.080552
-600.0,1000,7481.320818
-600.0,1000,7490.684059
-600.0,1000,7497.829073
-599.906415,1000,7507.302685
-600.0,1000,7514.335622
-600.0,1000,7523.851478
-599.955291,1000,7530.913519
-597.512541,1000,7540.287108
-600.0,1000,7547.229172
-599.983999,1000,7556.40183
-599.744624,1000,7563.286114
-599.986147,1000,7572.501996
-600.0,1000,7579.578803
-600.0,1000,7589.205194
-599.987428,1000,7596.328706
-599.993859,1000,7605.688511
-600.0,1000,7612.798387
-600.0,1000,7622.040742
-600.0,1000,7629.086146
-599.999137,1000,7638.246702
-600.0,1000,7645.08268
-599.763466,1000,7654.376427
-600.0,1000,7661.285612
-600.0,1000,7670.514004
-598.406577,1000,7677.341147
-599.999969,1000,7686.616847
-599.978226,1000,7693.628857
-599.999993,1000,7702.854154
-600.0,1000,7710.015211
-599.586696,1000,7719.356253
-599.999978,1000,7726.450132
-600.0,1000,7735.66809
-599.997488,1000,7743.010275
-599.374763,1000,7752.229801
-599.989834,1000,7759.243217
-599.788689,1000,7768.467484
-599.792291,1000,7775.423844
-599.994899,1000,7784.698684
-599.886627,1000,7791.674727
-599.999975,1000,7801.256174
-600.0,1000,7808.11437
-600.0,1000,7817.611306
-596.514723,1000,7824.562571
-599.996315,1000,7833.758378
-600.0,1000,7840.700685
-600.0,1000,7850.013175
-594.573018,1000,7856.965056
-597.805918,1000,7866.458779
-600.0,1000,7873.606325
-599.993999,1000,7883.215274
-600.0,1000,7890.446578
-597.997685,1000,7899.738261
-599.984846,1000,7906.871829
-599.663342,1000,7916.228667
-600.0,1000,7923.398717
-599.999985,1000,7932.658951
-599.453604,1000,7939.607136
-599.265009,1000,7949.197264
-600.0,1000,7956.176663
-600.0,1000,7965.456935
-600.0,1000,7972.244659
-600.0,1000,7981.711434
-599.998439,1000,7988.770667
-600.0,1000,7998.186275
-598.534107,1000,8005.250031
-600.0,1000,8014.659346
-599.999997,1000,8021.574998
-599.965063,1000,8030.849214
-600.0,1000,8037.821069
-599.998744,1000,8047.383551
-595.336587,1000,8054.440114
-598.768354,1000,8063.677236
-599.99804,1000,8070.663433
-592.656532,1000,8079.949486
-599.700895,1000,8087.027527
-600.0,1000,8096.488027
-600.0,1000,8103.439254
-600.0,1000,8112.910656
-599.999995,1000,8119.884615
-599.148193,1000,8129.217141
-600.0,1000,8136.100088
-599.82126,1000,8145.438061
-598.621653,1000,8152.406273
-597.100115,1000,8161.690702
-599.999912,1000,8168.541577
-596.134073,1000,8177.918829
-599.987579,1000,8185.103051
-593.035155,1000,8194.691483
-600.0,1000,8201.717016
-600.0,1000,8211.14235
-599.83624,1000,8218.159053
-599.999992,1000,8227.570285
-600.0,1000,8234.496444
-599.9958,1000,8244.042602
-599.301504,1000,8251.076139
-600.0,1000,8260.548959
-594.28434,1000,8267.517321
-599.99947,1000,8277.013878
-600.0,1000,8284.015136
-600.0,1000,8293.404237
-599.977434,1000,8300.44623
-600.0,1000,8310.197149
-599.896568,1000,8317.230244
-600.0,1000,8326.717885
-595.825121,1000,8333.550419
-593.211088,1000,8343.031766
-597.097225,1000,8349.9033
-598.749829,1000,8359.368933
-600.0,1000,8366.254782
-599.966153,1000,8375.680233
-599.990558,1000,8382.494535
-600.0,1000,8392.004032
-599.414315,1000,8398.915337
-600.0,1000,8408.21092
-600.0,1000,8415.100891
-598.949746,1000,8424.787446
-596.344721,1000,8431.740529
-598.905504,1000,8441.082385
-599.999439,1000,8448.040774
-597.957396,1000,8457.471065
-600.0,1000,8464.570812
-599.70252,1000,8474.210294
-600.0,1000,8481.072076
-599.99888,1000,8490.420955
-599.980561,1000,8497.393405
-599.122541,1000,8506.870758
-599.931749,1000,8513.834872
-600.0,1000,8523.228931
-599.803654,1000,8530.140211
-600.0,1000,8539.820823
-600.0,1000,8546.667526
-599.99998,1000,8556.008807
-599.544052,1000,8563.025963
-600.0,1000,8572.389558
-599.258097,1000,8579.392404
-600.0,1000,8589.287694
-600.0,1000,8596.282749
-595.046353,1000,8605.877693
-599.795264,1000,8612.828458
-599.898958,1000,8622.303056
-599.999931,1000,8629.376466
-586.538352,1000,8639.101911
-599.778594,1000,8646.113896
-600.0,1000,8655.607775
-600.0,1000,8662.631772
-592.145798,1000,8672.091752
-600.0,1000,8679.153503
-599.768719,1000,8688.769674
-600.0,1000,8695.81186
-600.0,1000,8705.321409
-600.0,1000,8712.211439
-599.998843,1000,8721.719654
-600.0,1000,8728.882456
-600.0,1000,8738.524576
-599.999278,1000,8745.921905
-600.0,1000,8755.522299
-599.754033,1000,8762.603209
-599.999995,1000,8772.112579
-593.586436,1000,8779.236443
-599.472185,1000,8788.83935
-594.56835,1000,8795.718202
-600.0,1000,8805.253371
-598.647584,1000,8812.314571
-600.0,1000,8821.93561
-600.0,1000,8829.088424
-599.992673,1000,8838.812265
-600.0,1000,8845.739998
-600.0,1000,8855.176767
-599.999744,1000,8862.416323
-600.0,1000,8872.041547
-599.999973,1000,8879.087648
-598.852734,1000,8888.64679
-599.999901,1000,8895.57402
-600.0,1000,8905.236527
-600.0,1000,8912.559902
-599.999998,1000,8922.244286
-599.999916,1000,8929.345822
-595.479927,1000,8938.785976
-598.871838,1000,8945.845628
-600.0,1000,8955.819604
-600.0,1000,8963.062366
-599.105112,1000,8972.577983
-600.0,1000,8979.763906
-597.9917,1000,8989.522193
-599.993976,1000,8996.534084
-600.0,1000,9006.301435
-600.0,1000,9013.310694
-599.999496,1000,9022.999104
-600.0,1000,9029.988325
-600.0,1000,9039.59576
-593.809244,1000,9046.579885
-599.951718,1000,9056.360758
-600.0,1000,9063.813863
-599.999538,1000,9073.615514
-599.980251,1000,9080.625584
-599.995582,1000,9090.122511
-599.556417,1000,9097.201567
-599.999984,1000,9107.125346
-600.0,1000,9114.017222
-599.91934,1000,9123.687381
-600.0,1000,9130.693946
-599.946572,1000,9140.191838
-600.0,1000,9147.148037
-600.0,1000,9156.880636
-590.565299,1000,9163.778373
-599.998737,1000,9173.457843
-600.0,1000,9180.349403
-600.0,1000,9190.139392
-600.0,1000,9196.972526
-600.0,1000,9206.674988
-599.936055,1000,9213.583799
-600.0,1000,9223.162867
-600.0,1000,9230.06641
-599.999577,1000,9239.671804
-599.931581,1000,9246.649586
-599.982947,1000,9256.344102
-600.0,1000,9263.16839
-600.0,1000,9272.789046
-599.999646,1000,9279.78267
-599.809658,1000,9289.355985
-600.0,1000,9296.232111
-598.118588,1000,9305.890775
-600.0,1000,9312.81256
-587.799797,1000,9322.428779
-600.0,1000,9329.302133
-597.984003,1000,9338.928497
-600.0,1000,9346.155316
-600.0,1000,9355.770172
-600.0,1000,9362.72639
-597.638256,1000,9372.553742
-599.145421,1000,9379.440185
-600.0,1000,9389.226628
-600.0,1000,9396.177109
-598.286465,1000,9405.942323
-599.979193,1000,9412.801038
-600.0,1000,9422.379766
-599.999998,1000,9429.394155
-599.841864,1000,9439.150761
-599.999995,1000,9446.026132
-599.999996,1000,9455.607438
-600.0,1000,9462.496733
-600.0,1000,9472.163874
-600.0,1000,9479.064439
-599.903625,1000,9488.766602
-599.975775,1000,9495.59819
-600.0,1000,9505.207312
-594.080479,1000,9512.154522
-597.018892,1000,9521.919659
-600.0,1000,9528.857413
-596.901767,1000,9538.575091
-600.0,1000,9545.509609
-600.0,1000,9555.42047
-596.268375,1000,9562.328609
-600.0,1000,9572.139882
-600.0,1000,9579.409659
-599.199221,1000,9589.029815
-600.0,1000,9596.184481
-600.0,1000,9605.938568
-600.0,1000,9613.075801
-593.264466,1000,9622.958029
-600.0,1000,9630.000672
-600.0,1000,9639.669965
-599.902146,1000,9646.555378
-599.999995,1000,9656.24709
-600.0,1000,9663.208113
-599.933602,1000,9672.811479
-599.997866,1000,9679.827289
-599.999909,1000,9689.652713
-598.968252,1000,9696.687204
-599.971193,1000,9706.50355
-600.0,1000,9713.408845
-599.912642,1000,9723.156024
-599.831914,1000,9730.319993
-600.0,1000,9740.190285
-600.0,1000,9747.213402
-600.0,1000,9756.975354
-600.0,1000,9764.032879
-600.0,1000,9773.771135
-599.999987,1000,9780.996382
-600.0,1000,9790.803678
-600.0,1000,9797.837399
-600.0,1000,9807.535516
-599.527424,1000,9814.537609
-599.952454,1000,9824.424919
-600.0,1000,9831.330776
-600.0,1000,9841.220564
-600.0,1000,9848.288683
-600.0,1000,9857.857002
-599.994041,1000,9864.74401
-600.0,1000,9874.40695
-599.464065,1000,9881.345665
-598.964501,1000,9891.371804
-599.999818,1000,9898.30377
-598.453884,1000,9908.126297
-599.996744,1000,9915.258713
-600.0,1000,9925.066044
-599.962113,1000,9931.943877
-593.956043,1000,9941.668221
-600.0,1000,9948.548732
-599.175205,1000,9958.347616
-599.982861,1000,9965.363654
-599.724577,1000,9975.013376
-599.876616,1000,9981.868446
-599.863872,1000,9991.578052
-600.0,1000,9998.748524
-597.741063,1000,10008.584266
-599.997388,1000,10015.435166
-597.664316,1000,10025.256046
-600.0,1000,10032.095708
-597.772554,1000,10041.823627
-600.0,1000,10048.775552
-600.0,1000,10058.535251
-599.999837,1000,10065.516528
-600.0,1000,10075.357329
-600.0,1000,10082.306874
-599.999902,1000,10092.019722
-599.958564,1000,10098.964656
-599.76724,1000,10109.16185
-599.975321,1000,10116.208299
-599.477284,1000,10125.958179
-599.986921,1000,10133.012126
-599.866713,1000,10142.971462
-600.0,1000,10149.870497
-598.979729,1000,10159.699948
-599.93399,1000,10166.978786
-600.0,1000,10176.870509
-599.975694,1000,10183.901047
-599.999985,1000,10193.880293
-600.0,1000,10200.835225
-596.089547,1000,10210.826441
-599.999867,1000,10218.12119
-594.807794,1000,10228.047563
-600.0,1000,10235.296006
-600.0,1000,10245.209122
-599.995908,1000,10252.145619
-599.497338,1000,10262.014735
-599.994237,1000,10268.937801
-597.521124,1000,10278.972059
-599.912112,1000,10286.146928
-599.999984,1000,10296.019282
-600.0,1000,10302.900779
-599.870395,1000,10312.640757
-595.822152,1000,10319.737731
-600.0,1000,10329.675453
-599.89185,1000,10336.780871
-600.0,1000,10346.611741
-600.0,1000,10353.57145
-600.0,1000,10363.37224
-586.343695,1000,10370.330966
-599.937062,1000,10380.367971
-600.0,1000,10387.436213
-600.0,1000,10397.347399
-600.0,1000,10404.305971
-600.0,1000,10414.321851
-600.0,1000,10421.221236
-600.0,1000,10431.141997
-599.506425,1000,10438.339122
-600.0,1000,10448.295775
-599.994301,1000,10455.41751
-600.0,1000,10465.647415
-600.0,1000,10472.739186
-600.0,1000,10482.667647
-599.972185,1000,10489.724964
-599.913585,1000,10499.940303
-598.825518,1000,10506.856864
-600.0,1000,10517.040697
-595.855398,1000,10524.129783
-599.795983,1000,10534.11583
-600.0,1000,10541.273484
-599.738938,1000,10551.260547
-600.0,1000,10558.164154
-599.989087,1000,10568.239715
-600.0,1000,10575.220201
-599.999999,1000,10585.182087
-600.0,1000,10592.131589
-599.97843,1000,10602.204366
-599.139911,1000,10609.279609
-600.0,1000,10619.29823
-600.0,1000,10626.244167
-599.999961,1000,10636.185244
-599.901001,1000,10643.182753
-599.360459,1000,10653.33417
-599.955836,1000,10660.427538
-600.0,1000,10670.60256
-595.813587,1000,10677.955871
-600.0,1000,10688.093339
-598.963408,1000,10695.378168
-585.453909,1000,10705.592542
-598.478051,1000,10712.554837
-598.632652,1000,10722.47037
-600.0,1000,10729.495442
-599.999765,1000,10739.473362
-600.0,1000,10746.543478
-600.0,1000,10756.71769
-600.0,1000,10763.873936
-599.978262,1000,10773.869766
-600.0,1000,10780.923598
-600.0,1000,10790.849888
-594.858914,1000,10797.972263
-600.0,1000,10808.245611
-600.0,1000,10815.311332
-600.0,1000,10825.468904
-600.0,1000,10832.557616
-600.0,1000,10842.715208
-596.884392,1000,10849.807173
-599.899477,1000,10859.928688
-600.0,1000,10866.868377
-600.0,1000,10876.934068
-600.0,1000,10883.987751
-600.0,1000,10894.015496
-600.0,1000,10901.02671
-600.0,1000,10911.083682
-599.999129,1000,10918.2562
-600.0,1000,10928.374232
-600.0,1000,10935.519638
-600.0,1000,10945.588238
-600.0,1000,10952.625991
-600.0,1000,10962.8583
-600.0,1000,10970.166788
-600.0,1000,10980.312393
-598.459396,1000,10987.181838
-599.997598,1000,10997.239494
-595.21864,1000,11004.251457
-600.0,1000,11014.454605
-599.846179,1000,11021.363015
-600.0,1000,11031.734991
-600.0,1000,11038.928839
-600.0,1000,11049.028486
-599.998344,1000,11056.031357
-600.0,1000,11066.422215
-600.0,1000,11073.360395
-600.0,1000,11083.672887
-599.999852,1000,11090.590438
-600.0,1000,11100.656332
-600.0,1000,11107.637563
-600.0,1000,11117.954761
-600.0,1000,11124.997382
-599.980541,1000,11135.148733
-600.0,1000,11142.334059
-600.0,1000,11152.412097
-599.698026,1000,11159.4512
-600.0,1000,11169.717215
-599.982153,1000,11176.785974
-599.999841,1000,11186.910403
-598.698655,1000,11193.866263
-600.0,1000,11204.010683
-600.0,1000,11211.004251
-600.0,1000,11221.490844
-600.0,1000,11228.793066
-600.0,1000,11239.017737
-599.885588,1000,11245.90799
-597.857133,1000,11256.250368
-599.878541,1000,11263.297822
-600.0,1000,11273.573967
-598.77231,1000,11280.617632
-600.0,1000,11290.912623
-600.0,1000,11297.901429
-591.183686,1000,11308.167227
-599.99125,1000,11315.222695
-600.0,1000,11325.573717
-600.0,1000,11332.651117
-599.730253,1000,11342.930615
-599.897544,1000,11349.977566
-599.976222,1000,11360.216853
-600.0,1000,11367.381822
-599.952021,1000,11377.606004
-599.370227,1000,11384.76191
-597.672515,1000,11395.068493
-598.88694,1000,11402.114428
-598.428305,1000,11412.384046
-600.0,1000,11419.393366
-599.950313,1000,11429.739823
-599.741613,1000,11436.772437
-600.0,1000,11447.24606
-599.929842,1000,11454.418041
-599.998847,1000,11464.618924
-600.0,1000,11471.712299
-599.970586,1000,11482.065943
-599.999992,1000,11489.282429
-599.999999,1000,11499.498828
-600.0,1000,11506.506041
-599.999416,1000,11516.726946
-599.177774,1000,11523.752869
-600.0,1000,11534.144733
-599.441568,1000,11541.231102
-599.999933,1000,11551.537241
-599.999998,1000,11558.550439
-599.951754,1000,11568.737266
-599.996686,1000,11575.822064
-599.998188,1000,11586.07162
-597.303854,1000,11593.221078
-597.658315,1000,11603.629825
-599.433348,1000,11610.91559
-599.951476,1000,11621.070418
-599.88838,1000,11628.183184
-600.0,1000,11638.429875
-600.0,1000,11645.546415
-600.0,1000,11655.677658
-599.996673,1000,11662.640231
-600.0,1000,11673.020729
-599.879452,1000,11680.124652
-599.072265,1000,11690.427492
-599.999957,1000,11697.506314
-600.0,1000,11707.702833
-600.0,1000,11714.768536
-600.0,1000,11724.994457
-600.0,1000,11732.202637
-597.372074,1000,11742.560011
-599.999844,1000,11749.832954
-600.0,1000,11760.144475
-599.999936,1000,11767.399378
-600.0,1000,11777.692729
-600.0,1000,11784.895444
-599.309647,1000,11795.321709
-599.277219,1000,11802.546468
-599.959332,1000,11812.876399
-600.0,1000,11819.846007
-600.0,1000,11830.505749
-599.55383,1000,11837.511266
-600.0,1000,11847.947409
-599.934752,1000,11854.892671
-598.820437,1000,11865.269751
-599.999961,1000,11872.428715
-599.961655,1000,11883.011708
-597.024705,1000,11890.032314
-598.175096,1000,11900.504482
-599.989377,1000,11907.647663
-600.0,1000,11918.267666
-599.991642,1000,11925.319651
-599.370605,1000,11935.710872
-599.92213,1000,11942.806958
-599.999148,1000,11953.328967
-600.0,1000,11960.60315
-599.999964,1000,11970.925472
-599.999997,1000,11977.924133
-600.0,1000,11988.163348
-599.729575,1000,11995.17928
-599.475406,1000,12005.785714
-593.506071,1000,12012.770803
-599.97656,1000,12023.121093
-600.0,1000,12030.054275
-599.999097,1000,12040.542638
-600.0,1000,12047.63736
-599.954739,1000,12058.274701
-597.320442,1000,12065.376841
-599.978293,1000,12075.947135
-599.906145,1000,12082.965966
-600.0,1000,12093.414195
-599.453854,1000,12100.388495
-599.981964,1000,12110.775817
-599.992748,1000,12117.787477
-600.0,1000,12128.623641
-600.0,1000,12136.043204
-600.0,1000,12146.396228
-600.0,1000,12153.697954
-599.217154,1000,12164.10895
-600.0,1000,12171.44302
-600.0,1000,12181.940277
-599.999469,1000,12188.99929
-600.0,1000,12199.442647
-599.999939,1000,12206.622221
-599.998773,1000,12217.197604
-600.0,1000,12224.330764
-600.0,1000,12234.843321
-599.034981,1000,12241.918226
-599.92946,1000,12252.263668
-600.0,1000,12259.767072
-599.804102,1000,12270.327252
-600.0,1000,12277.529852
-600.0,1000,12288.425662
-600.0,1000,12295.79814
-593.360418,1000,12306.254733
-598.051428,1000,12313.487775
-596.191556,1000,12324.039272
-599.013948,1000,12331.069207
-597.044799,1000,12341.746004
-598.512294,1000,12348.774686
-600.0,1000,12359.509759
-600.0,1000,12366.576954
-600.0,1000,12377.003541
-599.927197,1000,12384.12148
-600.0,1000,12394.75131
-600.0,1000,12401.833007
-600.0,1000,12412.352835
-596.353835,1000,12419.483097
-599.928051,1000,12429.874289
-600.0,1000,12437.142695
-600.0,1000,12447.593122
-599.999512,1000,12454.790298
-599.904767,1000,12465.503554
-598.050748,1000,12472.616334
-599.991936,1000,12483.06194
-600.0,1000,12490.110401
-600.0,1000,12500.641316
-599.505871,1000,12507.820164
-600.0,1000,12518.720635
-600.0,1000,12525.827512
-599.098698,1000,12536.170343
-600.0,1000,12543.393969
-600.0,1000,12554.163594
-600.0,1000,12561.257086
-598.333747,1000,12571.974169
-600.0,1000,12579.193184
-599.999921,1000,12589.722499
-598.597372,1000,12596.932948
-600.0,1000,12607.498986
-597.647973,1000,12614.530234
-598.161724,1000,12625.299581
-599.94539,1000,12632.423686
-598.793356,1000,12642.968558
-599.770659,1000,12650.232459
-593.329879,1000,12660.844661
-599.99409,1000,12667.942802
-599.949021,1000,12678.669256
-600.0,1000,12685.787474
-600.0,1000,12696.345259
-599.89059,1000,12703.77825
-599.999997,1000,12714.369711
-600.0,1000,12721.481493
-600.0,1000,12732.176353
-600.0,1000,12739.3027
-599.43034,1000,12749.766394
-592.896139,1000,12756.949187
-599.8017,1000,12767.573724
-600.0,1000,12774.99879
-600.0,1000,12785.832146
-600.0,1000,12792.930541
-600.0,1000,12803.388589
-600.0,1000,12810.672661
-600.0,1000,12821.309311
-599.996079,1000,12828.485636
-599.99025,1000,12839.207702
-599.916833,1000,12846.316475
-599.999906,1000,12856.897608
-594.507367,1000,12863.957327
-593.598451,1000,12874.366923
-599.737521,1000,12881.425207
-600.0,1000,12892.130155
-599.992977,1000,12899.186993
-599.502079,1000,12909.897975
-600.0,1000,12917.160069
-594.666147,1000,12928.143744
-600.0,1000,12935.64449
-600.0,1000,12946.440714
-595.854725,1000,12953.516257
-600.0,1000,12963.991379
-599.89365,1000,12971.151007
-599.999699,1000,12981.821185
-600.0,1000,12988.928503
-599.899599,1000,12999.589621
-599.999596,1000,13006.640659
-598.916502,1000,13017.213072
-600.0,1000,13024.517079
-599.41745,1000,13035.228277
-599.894062,1000,13042.284623
-599.900059,1000,13052.848212
-600.0,1000,13060.002788
-599.996922,1000,13070.67154
-600.0,1000,13077.815924
-599.999586,1000,13088.426729
-599.787394,1000,13095.737894
-599.642596,1000,13106.519941
-596.238439,1000,13113.528439
-598.63971,1000,13124.260062
-600.0,1000,13131.303503
-600.0,1000,13141.856983
-600.0,1000,13149.119622
-600.0,1000,13159.914317
-598.718465,1000,13167.243205
-598.991883,1000,13178.0975
-594.271301,1000,13185.163686
-595.388868,1000,13195.907163
-600.0,1000,13203.056394
-600.0,1000,13213.885174
-600.0,1000,13221.252442
-600.0,1000,13232.065159
-599.972441,1000,13239.204569
-600.0,1000,13249.855878
-599.940597,1000,13257.005717
-600.0,1000,13267.841458
-599.819245,1000,13275.003962
-599.992824,1000,13285.750185
-600.0,1000,13292.919164
-599.999995,1000,13303.538507
-600.0,1000,13310.618494
-596.102697,1000,13321.295524
-599.496243,1000,13328.796668
-598.378925,1000,13339.71236
-600.0,1000,13346.885278
-595.220087,1000,13357.589617
-600.0,1000,13364.677787
-599.999046,1000,13375.622727
-600.0,1000,13382.881761
-600.0,1000,13393.737908
-600.0,1000,13400.992581
-600.0,1000,13411.829321
-600.0,1000,13419.194069
-599.992095,1000,13430.07886
-599.999999,1000,13437.171906
-599.999999,1000,13448.22239
-595.176722,1000,13455.378832
-600.0,1000,13466.202119
-599.970201,1000,13473.345921
-599.916879,1000,13484.101216
-599.999999,1000,13491.208215
-600.0,1000,13502.044848
-600.0,1000,13509.536632
-599.789019,1000,13520.307322
-599.92634,1000,13527.609722
-600.0,1000,13538.428333
-600.0,1000,13545.56983
-596.552512,1000,13556.335659
-600.0,1000,13563.609
-600.0,1000,13574.355383
-599.938528,1000,13581.5532
-599.577019,1000,13592.338646
-599.900338,1000,13599.736404
-599.334354,1000,13610.569079
-599.845151,1000,13617.757797
-598.781389,1000,13628.565885
-600.0,1000,13635.64926
-599.994877,1000,13646.489877
-600.0,1000,13653.734004
-599.997874,1000,13664.523945
-600.0,1000,13671.660188
-599.807844,1000,13682.516868
-599.999999,1000,13689.628999
-600.0,1000,13700.417193
-600.0,1000,13707.504178
-600.0,1000,13718.606806
-600.0,1000,13725.784886
-600.0,1000,13736.600739
-600.0,1000,13743.670296
-600.0,1000,13754.524897
-599.895525,1000,13761.673054
-598.584658,1000,13772.773889
-598.954512,1000,13779.799233
-599.999998,1000,13790.736025
-598.912605,1000,13798.053576
-600.0,1000,13808.964728
-600.0,1000,13816.371394
-600.0,1000,13827.357265
-599.999938,1000,13834.754613
-597.073957,1000,13845.961643
-600.0,1000,13853.252162
-600.0,1000,13864.385299
-600.0,1000,13871.536741
-600.0,1000,13882.612533
-599.999996,1000,13890.14062
-598.65671,1000,13900.976875
-600.0,1000,13908.079997
-600.0,1000,13918.939833
-596.857463,1000,13926.090007
-600.0,1000,13937.030915
-600.0,1000,13944.265239
-599.999955,1000,13955.51291
-600.0,1000,13962.796747
-600.0,1000,13973.746063
-600.0,1000,13980.839919
-600.0,1000,13991.689874
-594.167754,1000,13998.949671
-598.965686,1000,14009.821551
-599.553169,1000,14016.861632
-600.0,1000,14027.719907
-599.951445,1000,14034.847161
-599.272737,1000,14045.787356
-597.739122,1000,14053.176842
-600.0,1000,14064.087708
-599.999933,1000,14071.215989
-599.999999,1000,14082.213845
-600.0,1000,14089.342042
-599.929462,1000,14100.20908
-600.0,1000,14107.381108
-600.0,1000,14118.294755
-598.851359,1000,14125.550041
-591.320871,1000,14136.496744
-599.999755,1000,14143.567324
-600.0,1000,14154.502833
-599.955873,1000,14161.617062
-600.0,1000,14172.608566
-600.0,1000,14179.708365
-600.0,1000,14190.683624
-600.0,1000,14197.956197
-600.0,1000,14208.900129
-599.810648,1000,14216.065992
-600.0,1000,14227.096218
-599.28567,1000,14234.2752
-600.0,1000,14245.322339
-599.164299,1000,14252.67561
-586.071023,1000,14263.566286
-600.0,1000,14270.703715
-600.0,1000,14281.675543
-599.89448,1000,14289.153167
-600.0,1000,14300.06394
-599.931551,1000,14307.242168
-600.0,1000,14318.252102
-600.0,1000,14325.494468
-599.999999,1000,14336.635262
-599.9997,1000,14343.973317
-600.0,1000,14354.896368
-600.0,1000,14362.093356
-600.0,1000,14373.123286
-600.0,1000,14380.448645
-600.0,1000,14391.607857
-599.997327,1000,14398.878621
-600.0,1000,14409.883421
-600.0,1000,14417.134579
-599.999999,1000,14428.236086
-599.999999,1000,14435.457018
-599.999906,1000,14446.387612
-599.999957,1000,14453.661825
-599.932968,1000,14464.657753
-600.0,1000,14471.851248
-599.93159,1000,14483.016867
-600.0,1000,14490.328447
-599.504603,1000,14501.371202
-599.782681,1000,14508.751786
-599.999999,1000,14520.089904
-600.0,1000,14527.348349
-599.919648,1000,14538.489096
-599.99444,1000,14545.784222
-600.0,1000,14557.09288
-598.538719,1000,14564.586051
-599.552675,1000,14575.580561
-600.0,1000,14582.687872
-600.0,1000,14594.014157
-599.974701,1000,14601.286031
-600.0,1000,14612.443034
-599.88053,1000,14619.612199
-599.985776,1000,14630.645035
-596.866803,1000,14637.786706
-597.920279,1000,14648.937784
-600.0,1000,14656.445479
-594.133836,1000,14667.912252
-592.305673,1000,14675.10704
-599.023733,1000,14686.111891
-600.0,1000,14693.419094
-600.0,1000,14704.730198
-599.998859,1000,14712.335248
-599.98168,1000,14723.503531
-599.994399,1000,14730.668569
-600.0,1000,14741.892666
-597.016279,1000,14749.061885
-599.49618,1000,14760.220222
-600.0,1000,14767.484405
-599.944225,1000,14778.851961
-599.954673,1000,14786.201929
-600.0,1000,14797.662582
-599.993792,1000,14804.912263
-591.033566,1000,14816.065921
-599.902695,1000,14823.337424
-600.0,1000,14834.600929
-599.999998,1000,14841.891792
-600.0,1000,14852.935373
-600.0,1000,14860.129005
-599.999754,1000,14871.309477
-600.0,1000,14878.555191
-600.0,1000,14889.686403
-599.93794,1000,14896.899475
-600.0,1000,14908.189348
-599.896331,1000,14915.502334
-599.989547,1000,14926.598791
-600.0,1000,14933.672004
-600.0,1000,14944.974609
-600.0,1000,14952.46199
-598.504332,1000,14963.780212
-600.0,1000,14971.011034
-599.999688,1000,14982.415521
-597.645001,1000,14989.77842
-599.969748,1000,15001.058965
-599.999999,1000,15008.431262
-600.0,1000,15019.749142
-598.870814,1000,15027.021223
-600.0,1000,15038.267222
-600.0,1000,15045.688127
-600.0,1000,15056.95703
-600.0,1000,15064.158083
-599.184819,1000,15075.354583
-600.0,1000,15082.53738
-599.440872,1000,15093.811315
-599.999746,1000,15101.024393
-599.999914,1000,15112.226243
-596.481757,1000,15119.40624
-600.0,1000,15130.56914
-599.963803,1000,15137.780462
-600.0,1000,15149.105714
-597.508707,1000,15156.404969
-595.568743,1000,15167.571106
-594.174473,1000,15174.74334
-600.0,1000,15185.848743
-600.0,1000,15193.019136
-600.0,1000,15204.243399
-600.0,1000,15211.455613
-599.95144,1000,15222.73211
-600.0,1000,15230.129757
-599.756859,1000,15241.704452
-599.962267,1000,15248.87684
-600.0,1000,15260.226443
-600.0,1000,15267.494395
-595.00705,1000,15278.77295
-599.60868,1000,15286.043451
-596.93448,1000,15297.142375
-598.635971,1000,15304.511993
-599.316802,1000,15315.897796
-600.0,1000,15323.173685
-600.0,1000,15334.455597
-600.0,1000,15341.811968
-600.0,1000,15353.109066
-600.0,1000,15360.535046
-599.896427,1000,15371.902489
-600.0,1000,15379.404653
-600.0,1000,15390.772295
-599.976063,1000,15398.002336
-600.0,1000,15409.245605
-600.0,1000,15416.541345
-600.0,1000,15428.006
-599.433836,1000,15435.269711
-600.0,1000,15446.583094
-597.163347,1000,15453.910788
-600.0,1000,15465.167075
-600.0,1000,15472.300727
-599.994373,1000,15483.739105
-600.0,1000,15490.937815
-600.0,1000,15502.125383
-599.999977,1000,15509.401361
-599.110404,1000,15520.616013
-598.532356,1000,15527.783313
-599.999892,1000,15539.034846
-599.999993,1000,15546.777419
-600.0,1000,15558.040685
-600.0,1000,15565.531021
-598.419164,1000,15576.834298
-600.0,1000,15584.162679
-600.0,1000,15595.511087
-596.306703,1000,15602.810478
-600.0,1000,15614.04044
-599.948607,1000,15621.467732
-600.0,1000,15632.80813
-599.999999,1000,15640.188056
-599.619294,1000,15651.671119
-599.897447,1000,15659.032003
-600.0,1000,15670.498488
-598.486148,1000,15677.93538
-599.917295,1000,15689.38014
-599.733894,1000,15696.581699
-598.181925,1000,15707.845003
-600.0,1000,15715.18937
-600.0,1000,15726.596875
-599.893024,1000,15733.917872
-593.311861,1000,15745.402839
-599.999787,1000,15752.638192
-600.0,1000,15763.862412
-599.999991,1000,15771.099323
-600.0,1000,15782.571691
-599.997053,1000,15789.95956
-600.0,1000,15801.843946
-599.999981,1000,15809.378873
-595.648924,1000,15820.863383
-599.993472,1000,15828.254276
-600.0,1000,15839.716982
-600.0,1000,15847.124189
-599.926823,1000,15858.500479
-599.874479,1000,15865.953901
-600.0,1000,15877.520365
-600.0,1000,15885.00066
-600.0,1000,15896.542253
-598.05361,1000,15903.902742
-599.904884,1000,15915.460369
-600.0,1000,15922.840513
-599.776646,1000,15934.588566
-599.996073,1000,15942.30791
-599.719658,1000,15954.036309
-600.0,1000,15961.408152
-599.910924,1000,15972.893029
-600.0,1000,15980.295207
-599.889006,1000,15991.986907
-599.996362,1000,15999.30181
-600.0,1000,16010.644502
-599.93682,1000,16017.967592
-598.484473,1000,16029.542379
-599.99976,1000,16036.877065
-599.999893,1000,16048.396238
-600.0,1000,16055.630166
-600.0,1000,16067.17132
-600.0,1000,16074.41259
-599.999999,1000,16085.996353
-591.257698,1000,16093.551045
-600.0,1000,16105.021555
-600.0,1000,16112.418044
-600.0,1000,16124.074449
-600.0,1000,16131.555104
-596.100837,1000,16143.09123
-599.996047,1000,16150.315753
-599.912283,1000,16161.893836
-590.265139,1000,16169.232314
-599.999922,1000,16180.826987
-600.0,1000,16188.323622
-599.913341,1000,16199.752305
-600.0,1000,16206.93247
-600.0,1000,16218.480573
-600.0,1000,16225.800359
-600.0,1000,16237.436389
-600.0,1000,16244.63483
-599.990057,1000,16256.182518
-599.99973,1000,16263.607591
-599.464859,1000,16275.161723
-600.0,1000,16282.434153
-600.0,1000,16293.961015
-599.971242,1000,16301.326549
-593.635952,1000,16312.992652
-600.0,1000,16320.201798
-599.999753,1000,16331.8329
-599.958132,1000,16339.084488
-600.0,1000,16350.494581
-599.989343,1000,16357.725867
-599.991375,1000,16369.215426
-599.822536,1000,16376.45535
-599.174818,1000,16388.084752
-599.895543,1000,16395.399249
-599.99973,1000,16407.069783
-599.998889,1000,16414.422247
-599.147785,1000,16426.126028
-599.821243,1000,16433.466084
-600.0,1000,16445.068805
-600.0,1000,16452.609317
-600.0,1000,16464.173605
-600.0,1000,16471.789877
-600.0,1000,16483.382823
-600.0,1000,16490.580881
-600.0,1000,16502.330109
-600.0,1000,16509.602582
-599.762901,1000,16521.214612
-599.875211,1000,16528.701668
-599.978979,1000,16540.290987
-600.0,1000,16547.51483
-600.0,1000,16559.170171
-599.857357,1000,16566.398166
-599.968286,1000,16578.008208
-599.947618,1000,16585.481961
-599.911328,1000,16597.095207
-600.0,1000,16604.409802
-599.961379,1000,16615.986025
-600.0,1000,16623.323262
-599.999818,1000,16634.891545
-600.0,1000,16642.082325
-599.931533,1000,16653.705172
-600.0,1000,16661.084668
-600.0,1000,16672.639724
-600.0,1000,16679.834288
-599.99463,1000,16691.365665
-600.0,1000,16698.668536
-599.926129,1000,16710.497164
-599.99956,1000,16717.717818
-600.0,1000,16729.243392
-599.591971,1000,16736.407522
-599.901129,1000,16748.040359
-600.0,1000,16755.695237
-600.0,1000,16767.343574
-599.998962,1000,16774.855765
-599.998641,1000,16786.38764
-600.0,1000,16793.56024
-599.59583,1000,16805.323472
-600.0,1000,16812.603455
-600.0,1000,16824.152215
-600.0,1000,16831.345147
-600.0,1000,16843.048589
-600.0,1000,16850.380676
-599.538138,1000,16861.875304
-600.0,1000,16869.417983
-600.0,1000,16881.099916
-599.999651,1000,16888.349461
-600.0,1000,16900.008818
-597.525884,1000,16907.350357
-600.0,1000,16919.154441
-599.946091,1000,16926.332035
-599.999424,1000,16938.064801
-600.0,1000,16945.385056
-599.996045,1000,16956.861111
-599.999998,1000,16964.26832
-598.949054,1000,16975.813268
-599.866478,1000,16983.042845
-599.457811,1000,16994.683854
-600.0,1000,17001.930506
-599.989525,1000,17013.544591
-599.843747,1000,17020.794087
-600.0,1000,17032.371161
-600.0,1000,17039.774632
-599.999918,1000,17051.425424
-600.0,1000,17058.806943
-599.914862,1000,17070.516649
-600.0,1000,17077.758246
-599.982838,1000,17089.427831
-600.0,1000,17096.70356
-599.900081,1000,17108.587825
-599.921924,1000,17115.862568
-599.990363,1000,17127.674705
-598.547742,1000,17135.110137
-599.992923,1000,17146.715243
-599.409876,1000,17153.945897
-599.986945,1000,17165.623372
-599.683992,1000,17172.87698
-598.527016,1000,17184.562537
-600.0,1000,17191.906724
-599.98917,1000,17203.552346
-600.0,1000,17211.014131
-600.0,1000,17223.030153
-600.0,1000,17230.301958
-591.788669,1000,17241.884512
-599.523261,1000,17249.076392
-599.864568,1000,17260.778328
-599.757276,1000,17268.369632
-600.0,1000,17280.104346
-600.0,1000,17287.46035
-600.0,1000,17299.276344
-600.0,1000,17306.528105
-599.062723,1000,17318.313191
-599.999942,1000,17325.525976
-599.883927,1000,17337.166259
-600.0,1000,17344.528672
-600.0,1000,17356.372048
-600.0,1000,17363.755558
-600.0,1000,17375.397146
-600.0,1000,17382.657387
-600.0,1000,17394.428217
-599.999716,1000,17401.76638
-599.877185,1000,17413.819201
-600.0,1000,17421.13459
-600.0,1000,17433.138279
-599.956563,1000,17440.65061
-600.0,1000,17452.554941
-599.792715,1000,17459.967583
-599.909174,1000,17471.696815
-600.0,1000,17478.904756
-597.617019,1000,17490.565478
-599.999726,1000,17498.128862
-597.523228,1000,17510.05808
-600.0,1000,17517.375547
-600.0,1000,17529.067313
-600.0,1000,17536.359846
-598.051423,1000,17547.992818
-599.89099,1000,17555.441171
-600.0,1000,17567.479223
-600.0,1000,17574.6789
-600.0,1000,17586.325312
-600.0,1000,17593.619665
-599.98192,1000,17605.548417
-599.871359,1000,17612.775769
-600.0,1000,17624.617358
-599.982084,1000,17631.892205
-600.0,1000,17643.609454
-599.995499,1000,17651.027932
-600.0,1000,17662.913837
-600.0,1000,17670.163513
-592.935556,1000,17681.976962
-596.17774,1000,17689.207776
-598.978672,1000,17701.062176
-595.083106,1000,17708.29554
-600.0,1000,17720.430252
-598.15645,1000,17727.557892
-599.99998,1000,17739.138997
-599.999874,1000,17746.337751
-600.0,1000,17758.270849
-600.0,1000,17765.621578
-600.0,1000,17777.493219
-591.499172,1000,17784.91156
-600.0,1000,17796.767973
-600.0,1000,17803.959509
-600.0,1000,17815.795442
-599.853186,1000,17823.100532
-600.0,1000,17834.781841
-599.997112,1000,17841.968909
-599.906217,1000,17853.776995
-599.997093,1000,17861.01655
-599.670932,1000,17872.893246
-600.0,1000,17880.039366
-600.0,1000,17891.8023
-593.557722,1000,17899.176093
-599.989525,1000,17911.183784
-599.908061,1000,17918.551085
-600.0,1000,17930.315286
-600.0,1000,17937.618399
-599.942436,1000,17949.509281
-599.999987,1000,17956.739435
-599.999998,1000,17968.680635
-600.0,1000,17976.131205
-600.0,1000,17987.976324
-594.514853,1000,17995.428268
-600.0,1000,18007.336848
-599.989046,1000,18014.524991
-599.913985,1000,18026.365337
-600.0,1000,18033.66118
-598.324484,1000,18045.502881
-599.982369,1000,18052.729632
-599.588061,1000,18064.515566
-597.455767,1000,18071.799667
-599.979653,1000,18083.463082
-600.0,1000,18090.711569
-600.0,1000,18102.597737
-599.918403,1000,18109.856982
-600.0,1000,18121.702581
-599.99789,1000,18129.114501
-600.0,1000,18140.979132
-600.0,1000,18148.110115
-600.0,1000,18159.860776
-599.905164,1000,18167.148997
-600.0,1000,18178.876819
-599.25677,1000,18186.163066
-599.891076,1000,18197.977075
-600.0,1000,18205.213968
-600.0,1000,18217.163094
-599.758882,1000,18224.428916
-599.999999,1000,18236.378109
-600.0,1000,18243.582216
-599.999801,1000,18255.574368
-599.571499,1000,18262.950895
-594.147654,1000,18274.763411
-599.93758,1000,18282.10002
-599.846596,1000,18294.06308
-597.160359,1000,18301.339526
-599.947238,1000,18313.46242
-599.340361,1000,18320.797082
-599.266793,1000,18332.68637
-599.995976,1000,18340.051242
-600.0,1000,18351.958176
-600.0,1000,18359.454759
-599.61756,1000,18371.338853
-600.0,1000,18378.652903
-600.0,1000,18390.756797
-600.0,1000,18397.975326
-600.0,1000,18409.911056
-599.99684,1000,18417.287697
-599.756037,1000,18429.387491
-599.814327,1000,18436.653177
-600.0,1000,18448.680495
-599.98134,1000,18456.012223
-599.979529,1000,18468.068261
-600.0,1000,18475.571065
-596.699379,1000,18487.691382
-600.0,1000,18494.989469
-599.952181,1000,18507.108228
-600.0,1000,18514.504737
-597.993855,1000,18526.75839
-600.0,1000,18534.115334
-599.99808,1000,18546.208947
-599.900873,1000,18553.557268
-600.0,1000,18565.527548
-599.92911,1000,18572.725908
-599.969008,1000,18585.181044
-595.080091,1000,18592.393137
-600.0,1000,18604.403661
-600.0,1000,18611.739135
-600.0,1000,18623.673472
-600.0,1000,18631.107348
-599.99998,1000,18643.254776
-599.999255,1000,18650.513388
-599.955833,1000,18662.596201
-599.910527,1000,18670.01924
-600.0,1000,18682.262579
-600.0,1000,18689.632212
-599.89905,1000,18701.661762
-599.988558,1000,18708.891196
-593.084236,1000,18721.183972
-600.0,1000,18728.483875
-600.0,1000,18740.590298
-599.999518,1000,18748.017187
-599.995263,1000,18760.168423
-589.451673,1000,18767.36465
-590.253773,1000,18779.498695
-600.0,1000,18786.979656
-600.0,1000,18798.988005
-600.0,1000,18806.730698
-600.0,1000,18819.021999
-599.933729,1000,18826.252522
-599.977903,1000,18838.105176
-600.0,1000,18845.253982
-599.627112,1000,18857.233069
-599.884261,1000,18864.455206
-600.0,1000,18876.508385
-600.0,1000,18883.854815
-599.999886,1000,18895.898883
-600.0,1000,18903.06531
-600.0,1000,18915.1447
-600.0,1000,18922.500579
-599.359013,1000,18934.379257
-599.999947,1000,18941.637774
-600.0,1000,18953.783199
-599.410059,1000,18961.246198
-600.0,1000,18973.152975
-600.0,1000,18980.417206
-597.923199,1000,18992.676149
-598.97828,1000,19000.063316
-600.0,1000,19012.34406
-600.0,1000,19019.723219
-600.0,1000,19031.79653
-599.616275,1000,19039.188303
-599.118143,1000,19051.408079
-600.0,1000,19058.704699
-600.0,1000,19070.727176
-593.493433,1000,19077.929864
-599.999985,1000,19090.07039
-599.294566,1000,19097.426944
-599.550361,1000,19109.688798
-599.972727,1000,19117.041911
-600.0,1000,19129.334507
-596.633061,1000,19136.719197
-599.956342,1000,19148.834559
-599.297937,1000,19156.189235
-597.213465,1000,19168.246384
-600.0,1000,19175.46933
-599.999323,1000,19187.578494
-599.995864,1000,19194.998667
-599.999999,1000,19207.185765
-600.0,1000,19214.763525
-600.0,1000,19226.722872
-593.618712,1000,19233.902679
-599.999965,1000,19246.10307
-596.130139,1000,19253.43094
-599.987338,1000,19265.594364
-600.0,1000,19272.929682
-599.511323,1000,19285.121908
-599.864639,1000,19292.383149
-599.898091,1000,19304.669221
-595.381005,1000,19312.152188
-599.349586,1000,19324.326041
-600.0,1000,19331.656847
-599.998504,1000,19343.990324
-599.916839,1000,19351.309532
-600.0,1000,19363.836961
-599.989669,1000,19371.333824
-597.605005,1000,19383.709486
-599.602193,1000,19391.116157
-599.998355,1000,19403.527787
-599.970134,1000,19410.924856
-600.0,1000,19422.982033
-600.0,1000,19430.230465
-599.911671,1000,19442.461362
-600.0,1000,19449.881961
-599.912057,1000,19462.093497
-600.0,1000,19469.420962
-599.96176,1000,19481.645853
-599.807522,1000,19488.909617
-600.0,1000,19500.884398
-600.0,1000,19508.265718
-599.999697,1000,19520.394781
-600.0,1000,19527.708466
-600.0,1000,19539.919827
-600.0,1000,19547.177985
-600.0,1000,19559.281508
-600.0,1000,19566.483861
-600.0,1000,19578.69458
-599.999991,1000,19586.015296
-599.975777,1000,19598.315122
-599.166317,1000,19605.792376
-599.992869,1000,19618.125759
-599.175239,1000,19625.477948
-600.0,1000,19637.715843
-597.944375,1000,19645.106655
-599.972548,1000,19657.238092
-595.877663,1000,19664.542629
-599.960331,1000,19676.873751
-596.365682,1000,19684.296689
-600.0,1000,19696.648658
-599.602055,1000,19704.036705
-600.0,1000,19716.151434
-599.999992,1000,19723.825116
-599.911882,1000,19736.406651
-600.0,1000,19743.697987
-598.351831,1000,19756.039172
-600.0,1000,19763.317697
-598.133884,1000,19775.565239
-600.0,1000,19782.845728
-600.0,1000,19795.032743
-600.0,1000,19802.418941
-600.0,1000,19814.853663
-600.0,1000,19822.258944
-600.0,1000,19834.561755
-600.0,1000,19842.002385
-599.392579,1000,19854.251508
-599.915555,1000,19861.784235
-599.999182,1000,19874.112374
-600.0,1000,19881.411264
-599.999058,1000,19893.814143
-600.0,1000,19901.257084
-600.0,1000,19913.512348
-599.973189,1000,19921.083366
-600.0,1000,19933.324833
-599.962955,1000,19940.496962
-600.0,1000,19952.750051
-600.0,1000,19960.091304
-600.0,1000,19972.401673
-600.0,1000,19979.887063
-600.0,1000,19992.087775
-597.425495,1000,19999.482789
-599.952323,1000,20012.257092
-599.999753,1000,20019.707866
-599.902558,1000,20032.059727
-600.0,1000,20039.524601
-599.98462,1000,20051.892427
-600.0,1000,20059.164021
-599.645106,1000,20071.765645
-599.1817,1000,20079.292868
-600.0,1000,20091.798513
-599.985352,1000,20099.17006
-591.262401,1000,20111.615661
-600.0,1000,20119.297815
-599.719354,1000,20131.604738
-600.0,1000,20138.945595
-599.892411,1000,20151.401699
-600.0,1000,20159.000875
-600.0,1000,20171.389721
-597.112994,1000,20178.699647
-600.0,1000,20191.116256
-600.0,1000,20198.630621
-600.0,1000,20211.161966
-599.999996,1000,20218.478901
-599.990481,1000,20230.736929
-600.0,1000,20238.067819
-599.966493,1000,20250.434974
-599.397063,1000,20258.047378
-599.542134,1000,20270.426241
-599.666983,1000,20277.716124
-600.0,1000,20290.076375
-598.711743,1000,20297.478559
-600.0,1000,20310.198999
-599.999998,1000,20317.605646
-599.897465,1000,20330.037543
-599.996872,1000,20337.431073
-600.0,1000,20349.729343
-600.0,1000,20357.083668
-599.973461,1000,20369.75778
-599.591772,1000,20377.121585
-600.0,1000,20389.742504
-596.212227,1000,20397.131317
-600.0,1000,20409.585377
-598.008391,1000,20416.863282
-598.284816,1000,20429.301904
-599.994771,1000,20436.579733
-600.0,1000,20448.873535
-600.0,1000,20456.480765
-599.953428,1000,20468.762778
-599.99997,1000,20476.057605
-599.68571,1000,20488.465666
-599.977896,1000,20495.776163
-600.0,1000,20508.376028
-594.740432,1000,20515.870212
-600.0,1000,20528.548516
-600.0,1000,20535.812953
-591.441529,1000,20548.117647
-600.0,1000,20555.454822
-600.0,1000,20567.978429
-599.989383,1000,20575.274255
-599.999354,1000,20587.704411
-600.0,1000,20595.035701
-600.0,1000,20607.430059
-599.23717,1000,20614.977108
-591.733524,1000,20627.625168
-600.0,1000,20634.822674
-599.766436,1000,20647.336717
-599.999634,1000,20654.677321
-600.0,1000,20667.144539
-599.797215,1000,20674.486844
-600.0,1000,20686.808929
-599.999979,1000,20694.205423
-599.893817,1000,20706.534125
-600.0,1000,20713.96867
-599.839248,1000,20726.428188
-600.0,1000,20733.70595
-599.999185,1000,20746.226381
-598.561733,1000,20753.856123
-600.0,1000,20766.424798
-600.0,1000,20773.858904
-598.43498,1000,20786.432508
-600.0,1000,20793.737163
-599.398643,1000,20806.106721
-599.999998,1000,20813.660369
-600.0,1000,20826.107149
-600.0,1000,20833.386324
-599.477949,1000,20846.026003
-600.0,1000,20853.272417
-600.0,1000,20865.788607
-600.0,1000,20873.233912
-599.999488,1000,20885.523334
-598.776106,1000,20892.938751
-600.0,1000,20905.443992
-599.985543,1000,20912.76591
-600.0,1000,20925.380767
-600.0,1000,20932.9296
-599.999164,1000,20945.449551
-600.0,1000,20952.822871
-596.132358,1000,20965.370201
-600.0,1000,20972.799323
-599.856542,1000,20985.584074
-596.840626,1000,20992.875355
-600.0,1000,21005.3063
-599.997001,1000,21012.651756
-600.0,1000,21025.195152
-600.0,1000,21032.554172
-599.943765,1000,21045.010562
-599.963209,1000,21052.295525
-598.01855,1000,21065.039418
-599.953008,1000,21072.39385
-600.0,1000,21085.032001
-599.986964,1000,21092.334802
-599.400438,1000,21104.841508
-600.0,1000,21112.138317
-599.353187,1000,21124.679589
-592.84309,1000,21132.149342
-600.0,1000,21144.619654
-600.0,1000,21152.048097
-600.0,1000,21164.711461
-600.0,1000,21172.176478
-599.900113,1000,21185.03272
-599.958316,1000,21192.395283
-599.406649,1000,21204.947156
-587.725238,1000,21212.295644
-600.0,1000,21225.016824
-600.0,1000,21232.362898
-599.978875,1000,21244.821312
-599.768757,1000,21252.213533
-599.824977,1000,21264.814687
-600.0,1000,21272.17574
-600.0,1000,21284.721279
-599.971871,1000,21291.991706
-599.620358,1000,21304.543227
-600.0,1000,21311.782927
-599.989684,1000,21324.31841
-600.0,1000,21331.732924
-599.461137,1000,21344.410416
-598.334819,1000,21351.786803
-599.810772,1000,21364.695081
-599.99986,1000,21372.107436
-600.0,1000,21384.812191
-595.570712,1000,21392.336055
-598.2687,1000,21405.107855
-599.945965,1000,21412.435586
-600.0,1000,21425.083269
-599.944242,1000,21432.461216
-600.0,1000,21445.189108
-594.451116,1000,21452.512363
-588.377543,1000,21465.076463
-600.0,1000,21472.38078
-600.0,1000,21484.929928
-600.0,1000,21492.253521
-598.724213,1000,21504.77052
-599.962298,1000,21512.069943
-594.267977,1000,21524.620127
-594.452007,1000,21531.903432
-599.999999,1000,21544.502601
-600.0,1000,21551.952771
-600.0,1000,21564.715175
-597.110778,1000,21571.993402
-600.0,1000,21584.546037
-600.0,1000,21591.843243
-600.0,1000,21604.469321
-599.008185,1000,21612.12638
-599.852349,1000,21624.775358
-595.661424,1000,21632.056434
-600.0,1000,21644.71369
-599.999982,1000,21652.027436
-596.115642,1000,21665.049848
-600.0,1000,21672.544602
-599.845197,1000,21685.089174
-600.0,1000,21692.441763
-599.988043,1000,21705.352175
-599.988756,1000,21712.666061
-599.995454,1000,21725.219096
-600.0,1000,21732.631903
-599.646949,1000,21745.203795
-600.0,1000,21752.616221
-600.0,1000,21765.329905
-600.0,1000,21772.808632
-600.0,1000,21785.667415
-597.509339,1000,21793.177234
-600.0,1000,21806.072782
-600.0,1000,21813.415561
-600.0,1000,21826.246657
-599.965845,1000,21833.769753
-600.0,1000,21846.372856
-600.0,1000,21853.816167
-599.968729,1000,21866.654895
-599.999812,1000,21873.998621
-599.999985,1000,21886.909131
-599.988689,1000,21894.407328
-598.72877,1000,21907.113176
-600.0,1000,21914.479692
-599.999933,1000,21927.375996
-599.503294,1000,21934.801311
-600.0,1000,21947.916582
-600.0,1000,21955.258451
-594.027459,1000,21968.028634
-599.985555,1000,21975.466258
-599.932957,1000,21988.183066
-599.980129,1000,21995.542957
-599.838301,1000,22008.375934
-600.0,1000,22015.662607
-599.999969,1000,22028.423311
-599.985401,1000,22035.836188
-598.532072,1000,22048.722719
-599.395785,1000,22055.98692
-599.999966,1000,22068.778105
-599.986922,1000,22076.159885
-599.330222,1000,22089.008163
-595.126334,1000,22096.473909
-598.723668,1000,22109.123804
-599.999998,1000,22116.395589
-599.00887,1000,22129.319407
-599.957173,1000,22136.70611
-599.855213,1000,22149.376587
-600.0,1000,22156.926913
-599.997817,1000,22169.730478
-599.959512,1000,22177.192683
-599.753828,1000,22189.869421
-600.0,1000,22197.162955
-600.0,1000,22209.969261
-598.618775,1000,22217.472127
-599.987728,1000,22230.335112
-598.915738,1000,22237.581215
-600.0,1000,22250.506057
-600.0,1000,22258.013777
-599.714873,1000,22270.731368
-599.958971,1000,22278.013823
-599.999981,1000,22290.804594
-599.99999,1000,22298.161321
-599.998827,1000,22311.217676
-600.0,1000,22318.917167
-600.0,1000,22331.504827
-600.0,1000,22338.740252
-599.998919,1000,22351.606563
-599.714914,1000,22359.015153
-599.999891,1000,22372.133766
-599.999999,1000,22379.618658
-600.0,1000,22392.558108
-600.0,1000,22399.873451
-599.389352,1000,22413.12316
-599.18508,1000,22420.518725
-588.007048,1000,22433.238449
-595.70692,1000,22440.762731
-599.945286,1000,22453.667165
-599.995743,1000,22460.916604
-600.0,1000,22473.70724
-600.0,1000,22481.035219
-599.941898,1000,22493.858301
-599.99454,1000,22501.224341
-599.661072,1000,22514.021544
-599.999981,1000,22521.265941
-599.675618,1000,22534.131036
-600.0,1000,22541.62718
-599.999581,1000,22554.418243
-599.917576,1000,22561.839563
-599.980068,1000,22574.704166
-600.0,1000,22582.037812
-599.996969,1000,22594.974187
-599.796698,1000,22602.412857
-600.0,1000,22615.143344
-599.999999,1000,22622.593239
-588.086931,1000,22635.425674
-600.0,1000,22642.688078
-600.0,1000,22655.40333
-600.0,1000,22662.703275
-600.0,1000,22675.749994
-600.0,1000,22683.111695
-600.0,1000,22696.055427
-599.999756,1000,22703.264507
-600.0,1000,22716.043752
-599.683838,1000,22723.39183
-600.0,1000,22736.401365
-600.0,1000,22743.674097
-600.0,1000,22756.498933
-599.998376,1000,22764.179373
-600.0,1000,22777.343019
-599.870946,1000,22784.736324
-600.0,1000,22797.564729
-599.37118,1000,22804.921283
-600.0,1000,22817.695538
-599.950365,1000,22825.195995
-600.0,1000,22838.294079
-600.0,1000,22845.72669
-599.954133,1000,22858.646916
-597.89007,1000,22866.126155
-600.0,1000,22879.106853
-599.999966,1000,22886.39052
-600.0,1000,22899.520339
-600.0,1000,22906.925106
-599.986639,1000,22919.769804
-598.76325,1000,22927.134857
-589.523005,1000,22940.26236
-599.901207,1000,22947.596797
-600.0,1000,22960.460713
-596.894754,1000,22967.822127
-596.529857,1000,22980.906408
-599.99974,1000,22988.224458
-600.0,1000,23001.355514
-589.143337,1000,23009.106873
-600.0,1000,23022.241661
-599.997994,1000,23029.790455
-599.791521,1000,23042.803984
-594.118609,1000,23050.128449
-599.807219,1000,23062.9884
-599.979588,1000,23070.278373
-600.0,1000,23083.186733
-599.657281,1000,23090.627762
-600.0,1000,23103.516717
-600.0,1000,23110.782757
-600.0,1000,23123.796745
-599.929105,1000,23131.131754
-599.999063,1000,23144.531179
-599.999995,1000,23151.969648
-600.0,1000,23164.866333
-600.0,1000,23172.194304
-600.0,1000,23185.432353
-600.0,1000,23193.205208
-600.0,1000,23206.161313
-599.910445,1000,23213.586962
-599.996904,1000,23226.507
-598.475352,1000,23233.865224
-600.0,1000,23246.83569
-599.995857,1000,23254.15343
-599.999999,1000,23267.088145
-595.34975,1000,23274.400011
-593.538467,1000,23287.364048
-599.999997,1000,23294.899831
-597.40478,1000,23307.820979
-595.718176,1000,23315.134497
-600.0,1000,23328.073457
-600.0,1000,23335.582465
-600.0,1000,23348.615857
-593.191915,1000,23356.221452
-600.0,1000,23369.397339
-599.779124,1000,23376.76778
-600.0,1000,23390.017199
-600.0,1000,23397.96801
-600.0,1000,23411.002466
-600.0,1000,23418.302788
-599.138161,1000,23431.31518
-600.0,1000,23438.811626
-600.0,1000,23451.781516
-600.0,1000,23459.269266
-599.564921,1000,23472.360629
-599.908181,1000,23479.957041
-598.124175,1000,23493.099215
-599.325823,1000,23500.487926
-600.0,1000,23513.540084
-599.460373,1000,23521.00018
-599.999771,1000,23534.236817
-600.0,1000,23541.719858
-599.46659,1000,23554.975565
-600.0,1000,23562.517883
-599.999948,1000,23575.591614
-599.794507,1000,23583.292998
-599.94132,1000,23596.628707
-600.0,1000,23604.116594
-600.0,1000,23617.072469
-600.0,1000,23624.47389
-600.0,1000,23637.695939
-600.0,1000,23645.036335
-595.880069,1000,23658.031047
-599.987065,1000,23665.631781
-600.0,1000,23678.65843
-599.634314,1000,23686.030146
-600.0,1000,23699.077705
-600.0,1000,23706.464452
-599.97802,1000,23719.577383
-599.999995,1000,23726.915089
-600.0,1000,23740.337526
-599.947633,1000,23747.672281
-600.0,1000,23760.864738
-599.571979,1000,23768.249085
-600.0,1000,23781.694301
-598.074396,1000,23789.212845
-599.999963,1000,23802.313809
-600.0,1000,23809.733666
-600.0,1000,23823.012256
-600.0,1000,23830.476049
-600.0,1000,23843.602178
-600.0,1000,23851.001376
-599.998788,1000,23864.061895
-600.0,1000,23871.556839
-600.0,1000,23884.911078
-597.182017,1000,23892.285006
-600.0,1000,23905.544242
-599.791015,1000,23912.927513
-600.0,1000,23926.101506
-600.0,1000,23933.497559
-599.858966,1000,23946.515157
-599.890252,1000,23954.051061
-599.999988,1000,23967.575084
-599.971668,1000,23975.194637
-600.0,1000,23988.369677
-600.0,1000,23995.640259
-591.853427,1000,24008.729991
-599.999998,1000,24016.324128
-600.0,1000,24029.932379
-600.0,1000,24037.244025
-600.0,1000,24050.36393
-599.990486,1000,24057.866661
-600.0,1000,24070.95932
-596.123892,1000,24078.308746
-600.0,1000,24091.62721
-600.0,1000,24099.177866
-600.0,1000,24112.306337
-600.0,1000,24119.594544
-599.944668,1000,24133.127863
-599.95251,1000,24140.577744
-599.94829,1000,24153.846101
-599.996004,1000,24161.432997
-596.193372,1000,24174.683319
-598.992591,1000,24182.006072
-600.0,1000,24195.393739
-600.0,1000,24202.73887
-600.0,1000,24215.912764
-599.995147,1000,24223.235261
-598.443039,1000,24236.677335
-599.669678,1000,24244.08475
-600.0,1000,24257.261344
-600.0,1000,24264.738733
-599.999976,1000,24278.065687
-595.263863,1000,24285.547307
-599.999994,1000,24298.731601
-595.954483,1000,24306.193027
-599.890075,1000,24319.549461
-592.480249,1000,24326.883379
-599.816978,1000,24339.991929
-600.0,1000,24347.375165
-600.0,1000,24360.651055
-600.0,1000,24368.102489
-599.999985,1000,24381.623879
-599.515166,1000,24389.337427
-597.77212,1000,24402.850416
-600.0,1000,24410.47186
-599.971243,1000,24423.964342
-599.567191,1000,24431.512662
-600.0,1000,24444.703174
-600.0,1000,24452.042259
-599.212915,1000,24465.245653
-600.0,1000,24472.70254
-600.0,1000,24485.861396
-599.999978,1000,24493.217042
-600.0,1000,24506.445809
-599.75246,1000,24514.049543
