# {"t_start": 1599140571.3947062, "env_id": "Half-Cheetah-RM11-v0"} 
r,l,t
438.027044,1000,11.183885
423.652955,1000,16.052503
-582.291534,1000,20.938054
-587.190485,1000,25.919143
-598.294476,1000,30.868502
-599.435123,1000,35.85019
-599.596501,1000,40.8547
-599.837827,1000,45.839452
-599.913294,1000,50.833777
-599.672287,1000,55.827221
-599.809802,1000,60.824722
-599.795655,1000,65.827223
-599.365796,1000,70.849425
-599.858837,1000,75.881235
-599.632377,1000,80.968147
-599.767368,1000,86.081097
-599.960207,1000,91.205229
-599.568937,1000,96.364347
-599.842082,1000,101.547468
-599.361852,1000,106.719952
-599.463675,1000,111.933664
-599.871048,1000,117.151901
-599.698211,1000,122.346561
-599.942837,1000,127.559664
-599.515465,1000,132.778709
-599.581319,1000,138.02266
-599.770668,1000,143.269921
-599.096796,1000,148.490642
-599.721038,1000,153.737906
-599.747594,1000,158.996576
-599.70199,1000,164.241148
-599.450784,1000,169.512298
-599.34166,1000,174.763194
-599.74159,1000,180.061103
-598.971183,1000,185.344352
-599.616293,1000,190.634752
-599.979803,1000,195.968663
-599.787905,1000,201.291563
-599.769606,1000,206.630539
-599.889186,1000,211.996108
-599.950899,1000,217.334239
-598.586771,1000,222.697053
-599.716552,1000,228.088161
-599.790741,1000,233.467358
-599.767563,1000,238.862114
-599.82795,1000,244.234105
-599.587842,1000,249.64135
-599.776733,1000,255.037997
-599.950702,1000,260.423407
-599.043996,1000,265.847835
-599.115073,1000,271.264842
-599.284519,1000,276.696184
-599.883088,1000,282.124828
-599.683546,1000,287.568058
-599.277457,1000,293.031096
-599.218551,1000,298.516254
-599.931872,1000,303.972977
-599.912662,1000,309.456862
-599.684908,1000,314.924234
-599.731052,1000,320.428504
-599.971955,1000,325.896839
-599.651867,1000,331.368079
-599.491368,1000,336.844646
-599.669826,1000,342.329932
-599.805037,1000,347.803301
-599.324765,1000,353.297187
-599.537732,1000,358.768889
-599.76654,1000,364.29001
-599.661219,1000,369.781341
-599.726505,1000,375.275198
-599.864358,1000,380.773177
-599.799268,1000,386.274747
-599.342681,1000,391.790454
-599.8526,1000,397.316544
-599.755745,1000,402.799118
-599.498147,1000,408.295364
-599.497867,1000,413.813536
-599.568073,1000,419.322731
-599.601203,1000,424.846571
-599.802245,1000,430.362848
-598.822582,1000,435.876704
-599.621387,1000,441.367281
-599.711199,1000,446.84231
-599.353972,1000,452.337852
-599.915062,1000,457.828142
-599.917721,1000,463.345716
-599.875655,1000,468.860955
-599.822419,1000,474.346964
-599.715363,1000,479.865027
-599.786033,1000,485.381164
-599.89212,1000,490.862876
-599.680727,1000,496.380977
-599.352232,1000,501.88945
-599.6583,1000,507.383141
-599.456787,1000,512.897011
-599.677451,1000,518.373883
-599.825604,1000,523.885069
-599.790761,1000,529.381783
-599.389282,1000,534.886819
-599.574785,1000,540.395874
-599.100302,1000,545.956076
-599.808231,1000,551.455184
-599.639552,1000,556.950364
-599.613667,1000,562.428905
-599.721141,1000,567.938802
-599.445119,1000,573.434435
-599.690026,1000,578.964333
-598.702732,1000,584.457024
-599.321704,1000,589.969191
-599.677603,1000,595.474053
-599.831435,1000,600.975912
-599.876946,1000,606.463916
-599.616418,1000,611.966109
-599.596949,1000,617.468125
-599.814653,1000,623.00486
-599.885584,1000,628.525304
-599.479069,1000,634.001554
-599.605325,1000,639.529376
-599.629075,1000,645.007232
-599.445632,1000,650.527179
-599.109051,1000,656.030836
-599.19446,1000,661.521
-599.700952,1000,667.027257
-599.855742,1000,672.533624
-599.752704,1000,678.022316
-599.947213,1000,683.540457
-599.819546,1000,689.028038
-599.49517,1000,694.543226
-598.822557,1000,700.067716
-599.497151,1000,705.564855
-599.429602,1000,711.092122
-599.752173,1000,716.60097
-599.959129,1000,722.129541
-599.96052,1000,727.665717
-598.75946,1000,733.202107
-599.357805,1000,738.756566
-599.559672,1000,744.317927
-599.19904,1000,749.858814
-599.388897,1000,755.44348
-599.973625,1000,761.002387
-599.50858,1000,766.602769
-599.955413,1000,772.212115
-599.742856,1000,777.802721
-599.673884,1000,783.41093
-599.560352,1000,789.005303
-599.558361,1000,794.628322
-599.69341,1000,800.257927
-599.890937,1000,805.87871
-599.833767,1000,811.508596
-592.529875,1000,817.118823
-599.875142,1000,822.763488
-597.772061,1000,828.408348
-599.648946,1000,834.024018
-599.917465,1000,839.683011
-598.895241,1000,845.346275
-599.821776,1000,851.010645
-599.801314,1000,856.710419
-599.193733,1000,862.387971
-599.715785,1000,868.129068
-599.387397,1000,873.858222
-599.894367,1000,879.609572
-599.745843,1000,885.423
-599.623625,1000,891.196756
-599.792135,1000,897.009402
-599.809253,1000,902.838877
-599.79686,1000,908.659471
-599.397537,1000,914.487706
-599.543689,1000,920.299677
-598.955468,1000,926.12186
-599.823124,1000,931.973799
-598.519533,1000,937.815276
-599.851394,1000,943.681118
-599.950355,1000,949.514416
-599.919021,1000,955.357753
-599.907684,1000,961.208058
-599.330838,1000,967.040215
-599.692807,1000,972.873019
-599.342214,1000,978.704776
-599.662097,1000,984.576305
-599.920112,1000,990.444398
-599.520052,1000,996.281016
-599.746387,1000,1002.158562
-599.82756,1000,1008.02898
-599.678667,1000,1013.921164
-599.827377,1000,1019.803848
-599.846109,1000,1025.674826
-599.580466,1000,1031.629806
-599.38943,1000,1037.688379
-599.547179,1000,1043.58924
-599.796739,1000,1049.483494
-599.7587,1000,1055.37089
-599.947702,1000,1061.275784
-599.632766,1000,1067.152603
-599.549082,1000,1073.063252
-599.46054,1000,1078.997696
-599.796711,1000,1084.90119
-599.690606,1000,1090.840876
-599.758988,1000,1096.748961
-599.755451,1000,1102.687686
-599.961063,1000,1108.637285
-599.133547,1000,1114.558046
-599.34092,1000,1120.511923
-599.648496,1000,1126.441864
-599.898501,1000,1132.393973
-599.452966,1000,1138.357296
-599.556656,1000,1144.293339
-599.908295,1000,1150.228417
-599.97445,1000,1156.168401
-599.465185,1000,1162.151454
-599.562974,1000,1168.118359
-599.567319,1000,1174.076446
-599.482827,1000,1180.035467
-599.560593,1000,1185.964079
-599.538641,1000,1191.926252
-599.028328,1000,1197.877964
-599.775296,1000,1203.821062
-599.942175,1000,1209.79023
-599.742945,1000,1215.740809
-599.87235,1000,1221.724154
-599.549597,1000,1227.710076
-599.766803,1000,1233.690483
-599.798495,1000,1239.677424
-599.556949,1000,1245.648546
-599.933938,1000,1251.635748
-599.698915,1000,1257.58961
-599.943099,1000,1263.563565
-597.462493,1000,1269.514676
-599.756567,1000,1275.450945
-599.70541,1000,1281.427065
-599.816719,1000,1287.385572
-599.58822,1000,1293.363414
-599.824429,1000,1299.345393
-599.335689,1000,1305.29914
-599.187036,1000,1311.288605
-598.984585,1000,1317.237938
-599.838455,1000,1323.212616
-599.772167,1000,1329.207989
-599.91243,1000,1335.181037
-599.844635,1000,1341.212958
-599.633008,1000,1347.216692
-599.921782,1000,1353.250286
-599.784523,1000,1359.265239
-598.953609,1000,1365.288517
-599.788071,1000,1371.311715
-599.50497,1000,1377.342566
-599.771456,1000,1383.382798
-599.876958,1000,1389.410149
-599.816272,1000,1395.478629
-598.767032,1000,1401.547979
-599.632417,1000,1407.59144
-599.362147,1000,1413.62169
-599.662067,1000,1419.617695
-599.932753,1000,1425.618138
-599.371203,1000,1431.638862
-599.59105,1000,1437.659955
-599.420718,1000,1443.725893
-599.563577,1000,1449.738343
-599.828771,1000,1455.754209
-599.418155,1000,1461.800102
-599.864037,1000,1467.803725
-599.823393,1000,1473.803341
-599.894939,1000,1479.803195
-599.028617,1000,1485.806647
-599.403176,1000,1491.801863
-599.37919,1000,1497.797939
-599.300417,1000,1503.80701
-599.91558,1000,1509.826798
-599.786176,1000,1515.868314
-599.829988,1000,1521.871226
-599.477495,1000,1527.877222
-599.850717,1000,1533.890929
-599.804007,1000,1539.87436
-599.608206,1000,1545.923114
-599.426141,1000,1551.969651
-599.180689,1000,1558.008579
-599.756272,1000,1564.061049
-599.717993,1000,1570.097727
-599.489436,1000,1576.152096
-599.848147,1000,1582.191745
-599.964654,1000,1588.264577
-599.886872,1000,1594.373959
-599.559453,1000,1600.406914
-599.981105,1000,1606.462263
-599.618607,1000,1612.498792
-599.827108,1000,1618.566504
-599.574732,1000,1624.621071
-599.770756,1000,1630.664542
-599.971215,1000,1636.698492
-599.338355,1000,1642.720066
-599.623905,1000,1648.739384
-599.18149,1000,1654.768273
-599.340674,1000,1660.781778
-599.937315,1000,1666.83398
-599.910284,1000,1672.844959
-599.658359,1000,1678.900319
-599.873414,1000,1684.933313
-599.57896,1000,1690.928875
-599.904046,1000,1696.938111
-599.756383,1000,1702.96799
-599.693298,1000,1708.984611
-598.91986,1000,1715.029506
-599.225401,1000,1721.041086
-599.658331,1000,1727.066315
-599.751153,1000,1733.075149
-599.749435,1000,1739.11052
-599.724944,1000,1745.131184
-599.831881,1000,1751.127182
-599.435652,1000,1757.145996
-599.477049,1000,1763.155476
-599.792783,1000,1769.196837
-599.663371,1000,1775.216421
-599.29867,1000,1781.299989
-599.669027,1000,1787.319938
-599.689759,1000,1793.324797
-599.904468,1000,1799.367942
-599.723247,1000,1805.37253
-599.62694,1000,1811.399329
-598.881132,1000,1817.418866
-599.703422,1000,1823.41478
-599.647597,1000,1829.459316
-599.128854,1000,1835.451505
-599.405936,1000,1841.47325
-599.048392,1000,1847.487102
-599.439785,1000,1853.507332
-599.68877,1000,1859.560119
-599.340205,1000,1865.626981
-599.433045,1000,1871.691991
-599.501244,1000,1877.732259
-598.939652,1000,1883.752455
-599.169011,1000,1889.765232
-599.352337,1000,1895.767244
-599.923847,1000,1901.827777
-598.30197,1000,1907.875531
-599.630341,1000,1913.919869
-599.833494,1000,1919.965635
-599.528901,1000,1925.951068
-599.983598,1000,1931.938048
-599.217758,1000,1937.922642
-599.73535,1000,1943.913597
-599.724433,1000,1949.918973
-599.485368,1000,1955.917264
-599.194471,1000,1961.931759
-599.765757,1000,1967.957596
-599.946103,1000,1973.991567
-599.718295,1000,1980.027014
-599.878299,1000,1986.029264
-599.073603,1000,1992.019843
-599.654833,1000,1998.027532
-599.729181,1000,2004.039759
-599.873383,1000,2010.11523
-599.842208,1000,2016.126506
-599.379847,1000,2022.161646
-599.667331,1000,2028.218305
-599.81715,1000,2034.232053
-599.850806,1000,2040.304088
-599.634694,1000,2046.358776
-599.266083,1000,2052.397817
-599.842934,1000,2058.434805
-599.750732,1000,2064.458226
-599.984414,1000,2070.479113
-599.655396,1000,2076.478606
-599.756891,1000,2082.49062
-599.123189,1000,2088.468564
-599.698744,1000,2094.445813
-599.38647,1000,2100.427724
-599.199384,1000,2106.364602
-599.663652,1000,2112.365572
-599.493895,1000,2118.341351
-599.517786,1000,2124.334643
-599.784494,1000,2130.321229
-599.538729,1000,2136.303671
-599.816886,1000,2142.275625
-599.646691,1000,2148.246348
-598.939088,1000,2154.235299
-599.834394,1000,2160.237155
-599.589759,1000,2166.248008
-599.582431,1000,2172.272808
-599.397221,1000,2178.267898
-599.793449,1000,2184.270721
-599.763253,1000,2190.289547
-599.605385,1000,2196.290349
-599.178886,1000,2202.311567
-599.424004,1000,2208.317707
-599.151499,1000,2214.310003
-599.849298,1000,2220.340094
-599.736387,1000,2226.370124
-599.911875,1000,2232.392218
-599.798945,1000,2238.393758
-598.702387,1000,2244.417213
-599.621894,1000,2250.46515
-599.781377,1000,2256.47598
-598.907926,1000,2262.525161
-599.765154,1000,2268.562523
-599.893402,1000,2274.581143
-599.848291,1000,2280.609453
-599.532284,1000,2286.630898
-599.065486,1000,2292.702426
-599.071951,1000,2298.75277
-599.764718,1000,2304.811845
-598.914207,1000,2310.857018
-599.861551,1000,2316.888901
-599.766788,1000,2322.921082
-599.634115,1000,2328.934622
-599.559569,1000,2334.922958
-599.660893,1000,2340.939926
-599.460944,1000,2346.932017
-599.882008,1000,2352.940681
-599.635852,1000,2358.961151
-599.443568,1000,2364.972967
-599.806671,1000,2370.999847
-599.576323,1000,2376.996009
-599.915994,1000,2383.005784
-599.807649,1000,2389.009154
-599.748235,1000,2394.987212
-599.313857,1000,2401.006084
-599.799242,1000,2406.98983
-599.869925,1000,2413.006537
-599.694234,1000,2419.024168
-599.406223,1000,2425.007208
-599.237373,1000,2431.00328
-599.538693,1000,2436.97171
-599.850504,1000,2442.996837
-599.657744,1000,2449.011874
-599.885197,1000,2455.018786
-596.355923,1000,2461.050284
-599.639714,1000,2467.028502
-599.496275,1000,2473.045658
-599.711221,1000,2479.060171
-599.257097,1000,2485.070342
-599.642905,1000,2491.081265
-599.389641,1000,2497.116751
-599.715455,1000,2503.168023
-599.115591,1000,2509.211463
-599.601722,1000,2515.231736
-599.576365,1000,2521.265668
-599.912323,1000,2527.320205
-599.0243,1000,2533.365594
-599.407797,1000,2539.400546
-599.545638,1000,2545.41379
-597.784838,1000,2551.444399
-599.814078,1000,2557.447827
-599.747811,1000,2563.480684
-599.650573,1000,2569.507424
-599.586693,1000,2575.504503
-599.708177,1000,2581.566645
-599.688672,1000,2587.588949
-599.961715,1000,2593.650244
-599.441984,1000,2599.744955
-599.296473,1000,2605.790818
-599.052959,1000,2611.836435
-599.723821,1000,2617.872843
-599.805938,1000,2623.921587
-599.255989,1000,2629.97206
-599.828832,1000,2635.997013
-599.726738,1000,2642.033759
-599.935708,1000,2648.042838
-599.45696,1000,2654.066373
-599.768994,1000,2660.129046
-599.75269,1000,2666.145484
-599.839585,1000,2672.167588
-599.780071,1000,2678.163767
-599.704477,1000,2684.15271
-599.335861,1000,2690.161276
-599.877139,1000,2696.152884
-598.113216,1000,2702.175677
-599.888561,1000,2708.199222
-599.51262,1000,2714.202358
-599.525402,1000,2720.214611
-599.423088,1000,2726.191843
-599.320288,1000,2732.214201
-599.792152,1000,2738.248251
-598.763403,1000,2744.307856
-599.959044,1000,2750.357574
-599.927335,1000,2756.361745
-599.269275,1000,2762.370678
-599.411476,1000,2768.367893
-599.680542,1000,2774.328407
-599.858624,1000,2780.321039
-599.889952,1000,2786.300337
-598.188309,1000,2792.296509
-599.734262,1000,2798.308094
-599.59539,1000,2804.323036
-599.652249,1000,2810.342235
-599.764849,1000,2816.376245
-599.734852,1000,2822.37498
-599.962739,1000,2828.389019
-599.369238,1000,2834.380343
-599.706727,1000,2840.449067
-599.527894,1000,2846.466734
-599.737305,1000,2852.475398
-599.541407,1000,2858.499301
-599.512239,1000,2864.519742
-599.831479,1000,2870.624487
-599.580191,1000,2876.67036
-599.829104,1000,2882.681629
-599.397733,1000,2888.722797
-599.912797,1000,2894.752935
-599.802302,1000,2900.832294
-599.626388,1000,2906.903235
-599.823014,1000,2912.941257
-599.284496,1000,2918.981735
-599.526348,1000,2925.027065
-599.515618,1000,2931.052645
-599.79865,1000,2937.068446
-599.955216,1000,2943.071375
-599.609096,1000,2949.103924
-599.840852,1000,2955.113652
-599.68332,1000,2961.149512
-599.476906,1000,2967.182647
-599.660662,1000,2973.169188
-599.589962,1000,2979.166128
-599.164585,1000,2985.160949
-599.369829,1000,2991.166204
-597.643381,1000,2997.254336
-599.417806,1000,3003.354793
-599.822323,1000,3009.416669
-599.590508,1000,3015.477612
-599.977463,1000,3021.483779
-599.582825,1000,3027.504787
-599.89415,1000,3033.510774
-599.763693,1000,3039.541887
-599.08914,1000,3045.591526
-599.790907,1000,3051.675703
-599.679844,1000,3057.774205
-599.248666,1000,3063.791102
-599.780873,1000,3069.804494
-599.744158,1000,3075.865044
-599.785653,1000,3081.883448
-599.682998,1000,3087.951215
-598.848341,1000,3094.109114
-599.727902,1000,3100.211822
-599.672396,1000,3106.264921
-599.813378,1000,3112.327616
-599.563131,1000,3118.368904
-599.826242,1000,3124.432925
-599.738061,1000,3130.527648
-599.76731,1000,3136.566926
-599.251774,1000,3142.576904
-599.745431,1000,3148.647062
-599.888924,1000,3154.704655
-599.847391,1000,3160.724574
-599.572,1000,3166.843776
-599.805649,1000,3172.946784
-599.522937,1000,3178.986834
-599.277096,1000,3185.039743
-599.812235,1000,3191.075212
-599.633818,1000,3197.097924
-599.275944,1000,3203.117154
-599.581697,1000,3209.153942
-599.246617,1000,3215.308439
-599.183102,1000,3221.353425
-599.920954,1000,3227.388782
-598.4959,1000,3233.429071
-599.896918,1000,3239.484874
-599.712463,1000,3245.574637
-599.508187,1000,3251.597036
-599.856213,1000,3257.602101
-597.479567,1000,3263.640867
-599.89521,1000,3269.635447
-599.460012,1000,3275.661869
-599.531208,1000,3281.73009
-598.718812,1000,3287.785662
-599.660668,1000,3293.914751
-599.61291,1000,3300.008322
-599.860214,1000,3306.069816
-599.69457,1000,3312.153805
-599.713988,1000,3318.165759
-599.059679,1000,3324.21711
-599.447869,1000,3330.277623
-599.552964,1000,3336.340821
-599.573577,1000,3342.507636
-599.610211,1000,3348.573485
-599.421724,1000,3354.717019
-599.435919,1000,3360.807626
-599.975542,1000,3366.866974
-599.656034,1000,3372.979172
-599.804233,1000,3379.078624
-599.203342,1000,3385.221049
-599.374748,1000,3391.482013
-599.616335,1000,3397.626381
-599.735901,1000,3403.676428
-599.856258,1000,3409.758149
-599.497878,1000,3415.822885
-599.821948,1000,3421.895993
-599.78717,1000,3427.946656
-599.735055,1000,3434.061715
-599.52047,1000,3440.154674
-599.567755,1000,3446.209182
-599.898347,1000,3452.303262
-599.668361,1000,3458.41748
-599.842592,1000,3464.455732
-599.787119,1000,3470.504259
-599.622184,1000,3476.507017
-599.349737,1000,3482.555553
-599.464959,1000,3488.605149
-599.828961,1000,3494.631327
-599.7809,1000,3500.707631
-599.620055,1000,3506.783318
-598.691595,1000,3512.826622
-598.869477,1000,3518.896843
-599.812732,1000,3525.000021
-599.711415,1000,3531.139722
-599.865098,1000,3537.237516
-599.846694,1000,3543.312929
-598.618172,1000,3549.334744
-599.289393,1000,3555.455098
-599.536,1000,3561.534423
-598.297518,1000,3567.631416
-599.757979,1000,3573.977767
-599.811357,1000,3580.096932
-599.618528,1000,3586.172585
-599.35383,1000,3592.174312
-599.370633,1000,3598.191938
-599.918133,1000,3604.231874
-599.653789,1000,3610.230093
-599.801399,1000,3616.299956
-599.602484,1000,3622.319182
-599.844665,1000,3628.403283
-599.842861,1000,3634.52684
-599.686244,1000,3640.559555
-599.653549,1000,3646.640924
-599.865685,1000,3652.685961
-599.675054,1000,3658.738103
-598.381018,1000,3664.737908
-599.564529,1000,3670.777082
-599.780513,1000,3676.824811
-599.393425,1000,3682.834341
-599.592404,1000,3688.864256
-599.95253,1000,3694.873018
-598.522873,1000,3700.955375
-599.39539,1000,3706.964801
-598.03613,1000,3712.986601
-599.945852,1000,3719.110895
-599.7815,1000,3725.174921
-599.634138,1000,3731.25156
-599.726818,1000,3737.264252
-599.743741,1000,3743.343059
-599.539866,1000,3749.440624
-599.860553,1000,3755.549277
-599.864932,1000,3761.634234
-599.951883,1000,3767.75555
-599.276146,1000,3773.876445
-599.795656,1000,3779.983275
-599.686152,1000,3786.058988
-599.807885,1000,3792.125775
-599.683587,1000,3798.250227
-599.554384,1000,3804.273494
-599.694494,1000,3810.316355
-599.968442,1000,3816.352677
-599.725435,1000,3822.40215
-599.36012,1000,3828.449417
-599.351239,1000,3834.465245
-599.716667,1000,3840.602915
-599.826378,1000,3846.695465
-599.674759,1000,3852.84068
-599.875882,1000,3858.973118
-599.404026,1000,3865.105469
-599.37711,1000,3871.2113
-599.331968,1000,3877.396629
-597.265006,1000,3883.620894
-599.689812,1000,3889.763112
-599.494,1000,3895.87152
-599.857699,1000,3901.966889
-599.870488,1000,3908.042037
-599.91316,1000,3914.173532
-599.278327,1000,3920.262456
-599.858595,1000,3926.341431
-599.916932,1000,3932.411965
-599.666411,1000,3938.690116
-599.803484,1000,3944.794849
-599.367146,1000,3950.965091
-598.383159,1000,3957.050533
-599.555402,1000,3963.119754
-599.958943,1000,3969.261797
-598.732197,1000,3975.372037
-599.865753,1000,3981.471448
-599.70349,1000,3987.461943
-599.777373,1000,3993.518605
-599.786986,1000,3999.653105
-599.07365,1000,4005.693952
-599.78773,1000,4011.728535
-599.851735,1000,4017.723588
-599.795812,1000,4023.787764
-599.372244,1000,4029.806343
-599.692778,1000,4035.889386
-599.796844,1000,4042.129058
-599.575056,1000,4048.248062
-598.460083,1000,4054.378505
-599.704989,1000,4060.413442
-599.675984,1000,4066.449597
-599.778544,1000,4072.516684
-599.564574,1000,4078.626512
-599.425316,1000,4084.77969
-599.805833,1000,4090.834954
-599.808429,1000,4096.885349
-599.678862,1000,4102.898004
-599.721797,1000,4109.039785
-599.777491,1000,4115.18415
-599.726704,1000,4121.294419
-599.707693,1000,4127.416696
-599.743526,1000,4133.516889
-599.748513,1000,4139.676558
-599.566137,1000,4145.799145
-598.942667,1000,4151.938344
-599.486437,1000,4158.201266
-599.762151,1000,4164.344334
-599.837728,1000,4170.437854
-599.75273,1000,4176.579699
-599.81836,1000,4182.76248
-598.97501,1000,4188.907712
-599.74698,1000,4195.079366
-599.808405,1000,4201.245112
-599.906849,1000,4207.415967
-599.620535,1000,4213.512888
-599.836555,1000,4219.6151
-599.564032,1000,4225.785328
-599.487923,1000,4231.885522
-599.855514,1000,4238.040229
-599.751383,1000,4244.152158
-599.769031,1000,4250.316682
-599.848262,1000,4256.484792
-599.60622,1000,4262.659713
-599.560105,1000,4268.800383
-599.544285,1000,4274.934749
-599.744216,1000,4281.216019
-599.951449,1000,4287.5936
-599.398332,1000,4293.836161
-599.885419,1000,4300.028227
-599.196492,1000,4306.196642
-599.757033,1000,4312.335002
-599.662143,1000,4318.625683
-599.884198,1000,4324.796717
-599.480504,1000,4331.040461
-598.975346,1000,4337.492838
-599.038949,1000,4343.81215
-599.5428,1000,4350.205603
-599.288506,1000,4356.564721
-599.921438,1000,4362.973943
-599.772083,1000,4369.18984
-599.880735,1000,4375.362709
-599.8329,1000,4381.522154
-599.553209,1000,4387.706553
-599.767179,1000,4393.958576
-599.459087,1000,4399.997748
-599.830316,1000,4406.046584
-599.685455,1000,4412.121541
-599.443487,1000,4418.340241
-599.701879,1000,4424.653309
-599.490383,1000,4430.749193
-599.514355,1000,4436.862555
-599.510328,1000,4442.96881
-596.844023,1000,4449.123671
-599.434445,1000,4455.208011
-599.52142,1000,4461.321508
-599.770172,1000,4467.401449
-599.442383,1000,4473.433119
-599.862683,1000,4479.563526
-599.648332,1000,4485.884052
-598.87554,1000,4492.010387
-599.782055,1000,4498.182174
-599.917192,1000,4504.296806
-599.772543,1000,4510.44287
-599.941481,1000,4516.706688
-599.309877,1000,4523.003916
-599.688201,1000,4529.251784
-599.483714,1000,4535.444945
-594.75003,1000,4541.766656
-599.373614,1000,4548.010292
-599.69368,1000,4554.328292
-599.779824,1000,4560.554241
-599.270714,1000,4566.733312
-599.219511,1000,4573.011244
-599.407275,1000,4579.334185
-599.799069,1000,4585.519961
-599.139355,1000,4591.692254
-599.887385,1000,4597.956279
-599.692181,1000,4604.141522
-599.057934,1000,4610.372261
-599.752138,1000,4616.743139
-599.973291,1000,4623.03232
-599.431449,1000,4629.173547
-599.865306,1000,4635.570569
-599.741727,1000,4642.00356
-599.875743,1000,4648.385448
-599.427023,1000,4654.991387
-599.958232,1000,4661.598305
-599.740742,1000,4667.915206
-599.930122,1000,4674.257087
-599.711346,1000,4680.871853
-599.845588,1000,4687.531306
-599.656194,1000,4694.323498
-599.801617,1000,4700.90098
-599.70683,1000,4707.406229
-599.578166,1000,4714.16383
-599.708625,1000,4720.656111
-599.546061,1000,4727.128065
-599.923682,1000,4733.978967
-599.528161,1000,4740.644717
-598.918815,1000,4747.031568
-599.792219,1000,4753.866508
-599.931905,1000,4760.582873
-599.795045,1000,4767.037102
-599.657132,1000,4773.604697
-599.801707,1000,4780.594379
-599.681234,1000,4787.354029
-599.386995,1000,4794.037068
-599.916266,1000,4800.795167
-599.864,1000,4807.524976
-599.38408,1000,4814.429086
-599.961183,1000,4821.162262
-599.835693,1000,4827.872266
-599.128256,1000,4834.761192
-599.487365,1000,4841.395767
-599.627478,1000,4848.201216
-599.854797,1000,4854.980307
-599.652409,1000,4861.674138
-599.531436,1000,4868.297363
-599.794808,1000,4875.013055
-599.846089,1000,4881.794693
-599.586332,1000,4888.913469
-598.149816,1000,4895.74823
-599.800459,1000,4902.318898
-599.939228,1000,4908.765805
-599.813571,1000,4915.341305
-599.827944,1000,4922.401484
-599.952494,1000,4929.420053
-599.3675,1000,4936.147397
-599.877655,1000,4942.846472
-599.909033,1000,4949.730179
-599.843263,1000,4956.838192
-599.721565,1000,4963.491123
-599.538605,1000,4970.07249
-598.145349,1000,4976.672366
-599.794103,1000,4983.515806
-599.73527,1000,4990.59296
-599.905754,1000,4997.396762
-599.907608,1000,5004.29392
-599.452197,1000,5011.139365
-599.458452,1000,5017.685856
-599.770791,1000,5024.330448
-599.563249,1000,5030.778052
-599.895897,1000,5037.09604
-599.890871,1000,5043.614562
-599.739884,1000,5050.039784
-599.31631,1000,5056.162523
-599.566133,1000,5062.26002
-599.430021,1000,5068.39419
-599.793901,1000,5074.552027
-599.935365,1000,5080.729643
-599.506213,1000,5086.979167
-599.794104,1000,5093.164312
-598.095436,1000,5099.359522
-599.535705,1000,5105.668148
-599.770034,1000,5111.976381
-599.650073,1000,5118.35298
-599.511622,1000,5124.562372
-599.870908,1000,5130.834753
-599.351139,1000,5137.20664
-599.788248,1000,5143.485761
-599.856783,1000,5149.771013
-598.803091,1000,5155.895051
-599.77163,1000,5162.112696
-598.905861,1000,5168.367666
-599.967144,1000,5174.657428
-599.660821,1000,5180.918561
-599.945752,1000,5187.257749
-599.04861,1000,5193.706983
-599.632459,1000,5200.144875
-599.776634,1000,5206.602224
-599.6295,1000,5212.974416
-599.623932,1000,5219.284404
-599.666804,1000,5225.529419
-599.347219,1000,5231.707335
-599.699863,1000,5237.90568
-599.572283,1000,5243.973519
-599.950824,1000,5250.089578
-599.939775,1000,5256.269703
-599.925988,1000,5262.410201
-599.741237,1000,5268.608444
-599.785692,1000,5274.709261
-599.640133,1000,5280.814814
-599.468159,1000,5286.951118
-599.714817,1000,5293.030372
-599.824649,1000,5299.214666
-599.91299,1000,5305.408319
-599.366696,1000,5311.543268
-599.738385,1000,5317.67037
-599.694614,1000,5323.897462
-599.88428,1000,5330.084712
-599.679015,1000,5336.165293
-599.784929,1000,5342.292788
-599.899849,1000,5348.432434
-599.430802,1000,5354.672732
-599.872893,1000,5360.841713
-598.89429,1000,5367.056703
-599.891875,1000,5373.250688
-598.878718,1000,5379.564229
-599.589174,1000,5386.08523
-599.860435,1000,5392.636886
-599.884401,1000,5399.207811
-599.681603,1000,5405.753541
-599.792489,1000,5412.179194
-599.88169,1000,5418.437951
-599.534273,1000,5424.799846
-599.458838,1000,5431.570958
-599.334203,1000,5438.325944
-599.866255,1000,5445.164117
-599.908096,1000,5451.978363
-599.746917,1000,5458.423341
-599.577975,1000,5464.977452
-599.90774,1000,5471.58136
-599.51768,1000,5478.559438
-599.637469,1000,5485.273703
-599.683015,1000,5492.143333
-599.657748,1000,5498.93848
-599.516087,1000,5505.81992
-599.629931,1000,5512.655808
-599.836817,1000,5519.465008
-599.489773,1000,5526.53722
-599.840562,1000,5533.309018
-599.236972,1000,5540.123495
-599.925427,1000,5546.848206
-599.399484,1000,5553.442306
-599.878006,1000,5560.149034
-598.471149,1000,5567.02473
-599.414649,1000,5574.095909
-599.857465,1000,5580.871118
-598.678699,1000,5587.805095
-599.685367,1000,5594.478946
-599.654566,1000,5601.601834
-599.326474,1000,5608.498336
-599.963307,1000,5615.296888
-599.456696,1000,5622.141332
-599.783557,1000,5628.869964
-599.27064,1000,5635.849898
-599.945435,1000,5642.675386
-599.74055,1000,5649.599614
-599.658201,1000,5656.630998
-599.85853,1000,5663.695848
-599.831539,1000,5670.700228
-599.322033,1000,5677.727052
-599.376835,1000,5684.592429
-599.930568,1000,5691.555421
-599.923679,1000,5698.617787
-598.715836,1000,5705.437818
-599.053015,1000,5712.483313
-599.249147,1000,5719.478342
-598.657836,1000,5726.499884
-599.775038,1000,5733.424843
-599.768965,1000,5740.501341
-599.789941,1000,5747.464672
-599.844716,1000,5754.203081
-599.289275,1000,5760.995387
-599.922624,1000,5767.700016
-599.655954,1000,5774.541512
-599.320892,1000,5781.41217
-599.880212,1000,5788.384875
-599.827689,1000,5795.462925
-598.422589,1000,5802.49721
-599.709656,1000,5809.528502
-599.491727,1000,5816.558043
-599.839365,1000,5823.386961
-599.80084,1000,5829.895075
-598.934431,1000,5836.99365
-599.73377,1000,5844.013235
-599.945063,1000,5851.054942
-599.81084,1000,5857.938633
-599.805683,1000,5864.674062
-599.571653,1000,5871.765223
-598.083035,1000,5878.728261
-599.409023,1000,5885.755722
-599.856969,1000,5892.791317
-599.683201,1000,5899.689123
-599.976749,1000,5906.67107
-599.792282,1000,5913.722764
-599.641888,1000,5920.760615
-599.368485,1000,5927.548193
-599.305461,1000,5934.474689
-599.579676,1000,5941.509574
-599.751505,1000,5948.542294
-599.76126,1000,5955.577582
-599.847704,1000,5962.589215
-599.308702,1000,5969.379035
-599.878446,1000,5976.581028
-599.68558,1000,5983.635805
-599.454361,1000,5990.61638
-599.819735,1000,5997.497761
-599.662356,1000,6004.610696
-599.563425,1000,6011.745113
-599.771057,1000,6018.784966
-599.653512,1000,6025.813128
-599.87124,1000,6032.670912
-598.492013,1000,6039.612669
-599.622525,1000,6046.699185
-599.88548,1000,6053.508679
-599.960704,1000,6060.090312
-599.879323,1000,6066.647999
-599.814634,1000,6073.468074
-599.827623,1000,6080.541507
-599.807077,1000,6087.410964
-599.230658,1000,6094.057092
-599.742249,1000,6100.827742
-599.952082,1000,6107.944982
-599.556842,1000,6114.928392
-599.800203,1000,6121.613769
-598.871249,1000,6128.706723
-599.702428,1000,6135.755202
-599.373456,1000,6142.762401
-599.802548,1000,6149.810732
-599.470794,1000,6156.822235
-599.509107,1000,6163.889863
-599.498825,1000,6170.910573
-599.879314,1000,6177.971078
-599.834541,1000,6184.979156
-598.220445,1000,6192.013779
-599.909119,1000,6199.017866
-599.75487,1000,6206.062981
-599.381332,1000,6213.084007
-599.839679,1000,6220.131314
-599.818407,1000,6227.157423
-599.854947,1000,6234.189207
-599.636577,1000,6241.243938
-599.289657,1000,6248.260696
-599.573188,1000,6255.318696
-599.451454,1000,6262.337918
-599.822372,1000,6269.383399
-599.413712,1000,6276.411469
-599.729708,1000,6283.465451
-599.766232,1000,6290.483403
-599.539023,1000,6297.554642
-599.950861,1000,6304.57251
-599.757587,1000,6311.624877
-599.805518,1000,6318.661392
-599.838576,1000,6325.68589
-599.859911,1000,6332.763584
-599.813584,1000,6339.78909
-599.683146,1000,6346.83523
-599.803294,1000,6353.845014
-599.463017,1000,6360.891643
-599.5764,1000,6367.936162
-599.750146,1000,6375.014648
-599.949928,1000,6382.051306
-599.553294,1000,6389.124544
-599.861775,1000,6396.181188
-599.53411,1000,6403.248902
-599.496901,1000,6410.310884
-599.730524,1000,6417.364668
-599.95811,1000,6424.439962
-599.142436,1000,6431.498301
-599.747476,1000,6438.598446
-599.560866,1000,6445.646557
-599.692377,1000,6452.733145
-599.483694,1000,6459.770869
-599.797341,1000,6466.86883
-599.876835,1000,6473.935724
-599.713261,1000,6481.030134
-599.439121,1000,6488.125232
-599.825552,1000,6495.19091
-599.35993,1000,6502.289387
-599.703976,1000,6509.363026
-599.867943,1000,6516.500082
-598.261241,1000,6523.578848
-599.876385,1000,6530.712789
-599.58006,1000,6537.792333
-599.650183,1000,6544.914816
-599.526104,1000,6552.025934
-599.717054,1000,6559.122607
-599.671446,1000,6566.238394
-599.701253,1000,6573.354473
-599.734934,1000,6580.565615
-599.71378,1000,6587.677185
-599.806128,1000,6594.828569
-599.329867,1000,6601.955961
-599.301393,1000,6609.108231
-599.757982,1000,6616.247972
-599.638265,1000,6623.411049
-599.765261,1000,6630.538339
-599.921847,1000,6637.691745
-599.579093,1000,6644.847746
-599.262144,1000,6651.9853
-599.704826,1000,6659.148423
-599.628821,1000,6666.286626
-597.553422,1000,6673.463153
-599.825585,1000,6680.607531
-599.791122,1000,6687.797613
-599.811546,1000,6694.937412
-598.546026,1000,6702.120975
-599.886832,1000,6709.282579
-599.751365,1000,6716.4605
-599.425256,1000,6723.645232
-599.839982,1000,6730.825543
-599.800972,1000,6738.032564
-598.888494,1000,6745.199391
-599.79514,1000,6752.392236
-599.932217,1000,6759.549015
-599.639759,1000,6766.755965
-598.192613,1000,6773.929819
-599.627104,1000,6781.14755
-599.756604,1000,6788.341558
-599.952819,1000,6795.582193
-599.43462,1000,6802.799217
-599.920309,1000,6810.032843
-599.817823,1000,6817.248479
-599.646102,1000,6824.478979
-599.856649,1000,6831.715555
-599.725323,1000,6838.964993
-599.46514,1000,6846.242379
-599.910887,1000,6853.501163
-599.856299,1000,6860.783802
-599.402133,1000,6868.041744
-599.943872,1000,6875.329427
-599.453691,1000,6882.595731
-599.867549,1000,6889.889634
-599.758204,1000,6897.16791
-599.599484,1000,6904.485628
-599.667056,1000,6911.78759
-599.688622,1000,6919.127595
-599.704544,1000,6926.430902
-599.935331,1000,6933.782005
-599.820292,1000,6941.123568
-599.866843,1000,6948.470991
-599.678216,1000,6955.833518
-599.706534,1000,6963.202801
-599.674261,1000,6970.64174
-599.711796,1000,6978.192715
-599.92086,1000,6985.74374
-599.14378,1000,6993.192
-599.131594,1000,7000.70123
-598.820415,1000,7008.218813
-599.78701,1000,7015.794295
-599.761481,1000,7023.282859
-599.669828,1000,7030.899067
-599.415763,1000,7038.41966
-599.765465,1000,7045.922862
-599.631909,1000,7053.461985
-599.398794,1000,7061.016753
-599.925933,1000,7068.518662
-599.843856,1000,7076.042859
-599.728419,1000,7083.550559
-599.859617,1000,7091.049167
-599.195087,1000,7098.595448
-599.566881,1000,7106.093741
-599.555833,1000,7113.645838
-599.661143,1000,7121.164673
-599.901405,1000,7128.711245
-599.648388,1000,7136.256363
-599.266083,1000,7143.815726
-599.401446,1000,7151.34636
-599.401597,1000,7158.932985
-599.781853,1000,7166.460821
-599.923859,1000,7174.034043
-598.963314,1000,7181.590007
-599.54215,1000,7189.183125
-599.4365,1000,7196.753063
-599.923141,1000,7204.365665
-599.597444,1000,7211.959613
-599.260377,1000,7219.604963
-599.866231,1000,7227.196275
-599.928235,1000,7234.84486
-599.752952,1000,7242.512055
-599.585505,1000,7250.208514
-599.772517,1000,7257.903113
-599.305114,1000,7265.706572
-599.265286,1000,7273.441031
-598.684787,1000,7281.284633
-599.582161,1000,7289.049142
-599.967074,1000,7296.802885
-599.796987,1000,7304.502856
-599.777642,1000,7312.218542
-599.7664,1000,7319.930159
-599.698621,1000,7327.640673
-599.415316,1000,7335.365917
-599.57448,1000,7343.072278
-599.896661,1000,7350.806535
-599.808501,1000,7358.509598
-599.094121,1000,7366.246369
-599.623919,1000,7373.943405
-599.742592,1000,7381.689468
-599.776723,1000,7389.408052
-598.725982,1000,7397.12611
-599.536053,1000,7404.816331
-599.868492,1000,7412.55557
-599.7263,1000,7420.257588
-599.516919,1000,7428.002471
-599.593023,1000,7435.694625
-599.588026,1000,7443.443054
-599.535878,1000,7451.145869
-599.287948,1000,7458.878592
-599.883362,1000,7466.593504
-599.880988,1000,7474.33831
-599.506895,1000,7482.050855
-599.033832,1000,7489.786182
-599.58352,1000,7497.490698
-599.89213,1000,7505.238158
-599.486737,1000,7512.958865
-599.653155,1000,7520.701418
-599.56329,1000,7528.422191
-599.901753,1000,7536.146933
-598.536293,1000,7543.872216
-599.705407,1000,7551.572019
-599.888378,1000,7559.308742
-599.631746,1000,7567.011164
-599.665548,1000,7574.75349
-598.632557,1000,7582.466341
-599.812449,1000,7590.203161
-599.303378,1000,7597.918015
-599.621732,1000,7605.645828
-599.642344,1000,7613.342386
-598.595449,1000,7621.073728
-599.870739,1000,7628.799397
-599.691466,1000,7636.550304
-599.788402,1000,7644.260568
-599.510835,1000,7652.012261
-599.856128,1000,7659.725595
-599.750635,1000,7667.4957
-599.917329,1000,7675.21354
-599.867427,1000,7682.951201
-599.474755,1000,7690.64464
-599.800791,1000,7698.408572
-599.980371,1000,7706.128178
-599.770264,1000,7713.86516
-599.612432,1000,7721.553277
-599.411854,1000,7729.283188
-599.402044,1000,7736.978433
-599.969321,1000,7744.729409
-599.68598,1000,7752.437052
-599.48236,1000,7760.189892
-599.647451,1000,7767.910513
-599.570936,1000,7775.681149
-599.971711,1000,7783.383232
-599.745952,1000,7791.138639
-599.852096,1000,7798.849972
-599.256838,1000,7806.575203
-599.896935,1000,7814.291512
-599.670838,1000,7822.048367
-599.796804,1000,7829.74924
-598.523783,1000,7837.499828
-599.946174,1000,7845.220411
-599.58265,1000,7852.950521
-599.422426,1000,7860.698465
-599.836994,1000,7868.446568
-598.999903,1000,7876.174837
-599.871524,1000,7883.913279
-599.908165,1000,7891.672278
-599.804632,1000,7899.3838
-599.590271,1000,7907.12645
-599.68171,1000,7914.824735
-599.837494,1000,7922.574156
-599.770588,1000,7930.287336
-599.934157,1000,7938.03594
-599.822404,1000,7945.746991
-598.528753,1000,7953.494077
-599.747827,1000,7961.210617
-599.452016,1000,7968.9525
-599.540438,1000,7976.652337
-599.744361,1000,7984.401166
-599.854032,1000,7992.124174
-599.675925,1000,7999.883821
-599.450863,1000,8007.596338
-599.787056,1000,8015.364988
-599.512099,1000,8023.109415
-599.388731,1000,8030.893556
-599.36366,1000,8038.616486
-599.74308,1000,8046.377955
-599.921535,1000,8054.106325
-599.759334,1000,8061.872879
-599.485219,1000,8069.579451
-599.611464,1000,8077.33385
-599.811734,1000,8085.046607
-599.916287,1000,8092.806767
-599.863049,1000,8100.526772
-599.614993,1000,8108.289469
-599.450944,1000,8115.999392
-599.839494,1000,8123.751958
-599.547087,1000,8131.466849
-599.905495,1000,8139.221601
-598.328244,1000,8146.942253
-599.538528,1000,8154.713979
-599.73192,1000,8162.426964
-599.664679,1000,8170.187091
-599.748754,1000,8177.935829
-599.319376,1000,8185.676717
-599.555144,1000,8193.434475
-599.753083,1000,8201.171876
-599.795989,1000,8208.940497
-599.445961,1000,8216.667508
-599.805998,1000,8224.423245
-599.934475,1000,8232.262826
-599.731696,1000,8240.098304
-599.682701,1000,8247.822786
-599.872516,1000,8255.579251
-599.668895,1000,8263.311256
-599.181325,1000,8271.061953
-599.887408,1000,8278.787553
-599.48651,1000,8286.545504
-599.784286,1000,8294.272152
-599.771018,1000,8302.036481
-599.625438,1000,8309.753183
-599.960852,1000,8317.50674
-599.831483,1000,8325.232888
-599.378594,1000,8333.008454
-599.869575,1000,8340.72544
-598.151086,1000,8348.491231
-599.760887,1000,8356.218696
-599.243476,1000,8363.97499
-599.670903,1000,8371.722912
-597.23173,1000,8379.470435
-599.215495,1000,8387.206699
-599.668309,1000,8394.932723
-599.513441,1000,8402.684551
-599.810887,1000,8410.410522
-599.760941,1000,8418.193507
-599.590859,1000,8425.90809
-599.991468,1000,8433.675031
-599.755561,1000,8441.403877
-598.637744,1000,8449.185989
-599.919447,1000,8456.910103
-599.896181,1000,8464.689029
-599.867078,1000,8472.400271
-599.466284,1000,8480.151868
-599.8388,1000,8487.875896
-599.250044,1000,8495.644676
-599.975584,1000,8503.374006
-599.483865,1000,8511.134896
-599.608525,1000,8518.833416
-599.312096,1000,8526.601821
-599.457793,1000,8534.330857
-599.684147,1000,8542.077114
-599.560429,1000,8549.814066
-599.784922,1000,8557.565922
-599.558634,1000,8565.31315
-599.941002,1000,8573.048983
-599.717208,1000,8580.818457
-599.04702,1000,8588.555176
-599.700893,1000,8596.325982
-599.948344,1000,8604.050736
-599.756888,1000,8611.805904
-599.683169,1000,8619.515559
-599.583694,1000,8627.293828
-599.668305,1000,8635.006686
-599.818965,1000,8642.789013
-599.24729,1000,8650.511146
-599.439943,1000,8658.269076
-599.789647,1000,8666.011892
-599.430854,1000,8673.783068
-599.562926,1000,8681.493391
-599.79468,1000,8689.24438
-599.90495,1000,8696.972423
-599.695409,1000,8704.713741
-599.767075,1000,8712.475475
-599.599095,1000,8720.236645
-599.770607,1000,8727.992828
-599.712977,1000,8735.731642
-599.585211,1000,8743.497926
-599.303234,1000,8751.240784
-599.588197,1000,8759.030874
-599.773829,1000,8766.758714
-599.768354,1000,8774.529606
-599.138494,1000,8782.245107
-599.695272,1000,8790.007294
-599.784108,1000,8797.725758
-599.489086,1000,8805.491029
-599.464126,1000,8813.209128
-598.746706,1000,8820.96879
-599.951959,1000,8828.685814
-599.780259,1000,8836.441763
-599.959883,1000,8844.16605
-598.620901,1000,8851.904672
-599.742218,1000,8859.640585
-599.888699,1000,8867.407511
-599.48858,1000,8875.17005
-599.851134,1000,8882.921165
-599.810961,1000,8890.681116
-599.019328,1000,8898.402429
-599.78988,1000,8906.164639
-599.784072,1000,8913.867965
-599.698789,1000,8921.619903
-599.150566,1000,8929.329336
-599.553324,1000,8937.081463
-599.624615,1000,8944.810577
-599.154389,1000,8952.590878
-598.558958,1000,8960.323792
-598.523399,1000,8968.101076
-599.745962,1000,8975.845908
-599.960837,1000,8983.590334
-599.946058,1000,8991.335191
-599.768828,1000,8999.087744
-598.870642,1000,9006.84079
-599.775803,1000,9014.582544
-599.450501,1000,9022.343835
-599.765332,1000,9030.049319
-599.561407,1000,9037.831146
-599.823983,1000,9045.562951
-599.880528,1000,9053.343965
-599.897982,1000,9061.072062
-599.229161,1000,9068.848564
-599.606964,1000,9076.578174
-598.912426,1000,9084.339152
-599.474997,1000,9092.054631
-599.628739,1000,9099.832914
-599.970645,1000,9107.547929
-599.361844,1000,9115.303578
-599.876477,1000,9123.025228
-599.960039,1000,9130.809919
-598.468474,1000,9138.538255
-599.774228,1000,9146.309447
-599.401814,1000,9154.054301
-598.894547,1000,9161.805709
-599.800788,1000,9169.552646
-599.519339,1000,9177.294697
-599.904928,1000,9185.050132
-599.607487,1000,9192.773
-599.929994,1000,9200.536151
-599.814728,1000,9208.257333
-599.808013,1000,9216.042611
-599.946133,1000,9223.771845
-598.302937,1000,9231.538322
-599.850936,1000,9239.27063
-599.671104,1000,9247.056682
-599.61227,1000,9254.801142
-599.794419,1000,9262.589557
-599.773676,1000,9270.31813
-598.521939,1000,9278.088772
-599.597042,1000,9285.846004
-599.837628,1000,9293.584581
-599.547533,1000,9301.353183
-599.245767,1000,9309.080623
-599.382691,1000,9316.836844
-599.462558,1000,9324.552045
-599.712579,1000,9332.326198
-597.91554,1000,9340.044902
-599.737551,1000,9347.810529
-599.786733,1000,9355.518502
-599.405342,1000,9363.277996
-599.927032,1000,9371.002546
-599.63395,1000,9378.787666
-599.399789,1000,9386.520993
-599.047782,1000,9394.266675
-599.065982,1000,9402.024025
-599.035276,1000,9409.738054
-599.428528,1000,9417.515251
-599.499973,1000,9425.24131
-599.531819,1000,9433.015227
-599.542142,1000,9440.743701
-599.794325,1000,9448.510636
-599.853624,1000,9456.236117
-599.927035,1000,9464.016981
-599.760338,1000,9471.74615
-599.792867,1000,9479.505648
-598.646854,1000,9487.245775
-599.715927,1000,9494.979251
-599.785353,1000,9502.738211
-599.941707,1000,9510.454975
-599.622808,1000,9518.205355
-599.703078,1000,9525.921669
-599.774615,1000,9533.685465
-599.959033,1000,9541.415303
-599.730907,1000,9549.191166
-598.9712,1000,9556.909639
-599.564556,1000,9564.685026
-599.86226,1000,9572.408475
-599.692338,1000,9580.191276
-599.972714,1000,9587.917241
-599.594037,1000,9595.74806
-599.921905,1000,9603.473952
-599.87193,1000,9611.226512
-599.780343,1000,9618.967152
-599.858827,1000,9626.723259
-599.793076,1000,9634.482035
-599.851332,1000,9642.191372
-599.551547,1000,9649.96701
-599.638966,1000,9657.692564
-598.91384,1000,9665.456951
-599.803342,1000,9673.166491
-598.960713,1000,9680.916525
-599.245374,1000,9688.630278
-599.691721,1000,9696.396246
-598.926523,1000,9704.099718
-599.952096,1000,9711.865466
-599.244466,1000,9719.578079
-599.340199,1000,9727.333998
-599.812921,1000,9735.061406
-599.649157,1000,9742.827208
-599.959293,1000,9750.535816
-599.594818,1000,9758.264576
-599.964919,1000,9766.017253
-599.608309,1000,9773.751248
-599.758598,1000,9781.517466
-599.792864,1000,9789.239825
-599.909701,1000,9797.02936
-599.936684,1000,9804.747589
-599.324989,1000,9812.509364
-599.805277,1000,9820.21602
-599.765047,1000,9827.978677
-599.725194,1000,9835.719416
-599.744894,1000,9843.499764
-599.52105,1000,9851.268426
-599.525393,1000,9859.013816
-599.782103,1000,9866.758873
-599.792531,1000,9874.47842
-599.582574,1000,9882.243507
-599.682184,1000,9889.957526
-599.371082,1000,9897.7112
-599.390082,1000,9905.434099
-599.519458,1000,9913.182922
-599.570462,1000,9920.902076
-599.450531,1000,9928.673244
-599.790902,1000,9936.390971
-599.070721,1000,9944.162018
-599.777695,1000,9951.898247
-599.728542,1000,9959.65666
-599.246979,1000,9967.396963
-599.479998,1000,9975.134367
-599.539469,1000,9982.868355
-599.719038,1000,9990.588668
-599.917268,1000,9998.359545
-599.819498,1000,10006.066785
-599.530936,1000,10013.816986
-599.527947,1000,10021.531842
-599.460374,1000,10029.298492
-599.480435,1000,10036.994375
-599.741819,1000,10044.761465
-599.351208,1000,10052.478369
-599.983673,1000,10060.235532
-599.076224,1000,10067.954605
-599.793869,1000,10075.723734
-599.687389,1000,10083.427553
-599.747368,1000,10091.177154
-599.729822,1000,10098.90451
-599.816868,1000,10106.641417
-599.588449,1000,10114.404278
-599.909399,1000,10122.128396
-599.662378,1000,10129.893496
-599.442879,1000,10137.599227
-599.621228,1000,10145.347293
-599.862157,1000,10153.072109
-599.467739,1000,10160.838514
-599.807095,1000,10168.546826
-599.900322,1000,10176.291306
-599.839164,1000,10184.041109
-598.868648,1000,10191.767483
-599.637416,1000,10199.508961
-599.678552,1000,10207.210675
-598.506469,1000,10214.982095
-599.333013,1000,10222.690536
-599.894826,1000,10230.456919
-599.655295,1000,10238.167925
-599.949764,1000,10245.92757
-599.529405,1000,10253.656244
-599.527708,1000,10261.390771
-599.638563,1000,10269.133755
-599.471199,1000,10276.859109
-599.489298,1000,10284.61137
-599.909321,1000,10292.332645
-599.771167,1000,10300.106248
-598.401896,1000,10307.832376
-599.899031,1000,10315.603528
-599.868963,1000,10323.3363
-599.191061,1000,10331.089946
-599.940797,1000,10338.838827
-599.961452,1000,10346.579108
-599.931383,1000,10354.350731
-599.900449,1000,10362.063337
-599.600749,1000,10369.8756
-599.846184,1000,10377.590316
-599.932996,1000,10385.367193
-599.672337,1000,10393.093517
-598.45632,1000,10400.858421
-599.19505,1000,10408.569181
-599.77632,1000,10416.347958
-599.964753,1000,10424.049303
-599.980872,1000,10431.799158
-598.35771,1000,10439.520084
-599.750182,1000,10447.277663
-598.494136,1000,10455.01153
-599.799081,1000,10462.755983
-599.740893,1000,10470.490583
-599.820273,1000,10478.217567
-599.695095,1000,10485.968969
-599.846852,1000,10493.67356
-599.843372,1000,10501.432868
-599.900005,1000,10509.1474
-599.624329,1000,10516.908421
-599.886576,1000,10524.625203
-598.278492,1000,10532.390754
-599.61813,1000,10540.123305
-599.918701,1000,10547.867879
-599.702817,1000,10555.607574
-599.328603,1000,10563.336197
-599.745561,1000,10571.09646
-599.553783,1000,10578.819947
-599.854699,1000,10586.573367
-599.385279,1000,10594.28883
-599.395347,1000,10602.061153
-599.878085,1000,10609.763232
-599.743586,1000,10617.530631
-599.784449,1000,10625.253185
-599.626483,1000,10632.985644
-599.737525,1000,10640.736089
-599.743205,1000,10648.460155
-599.698587,1000,10656.215832
-599.734833,1000,10663.930277
-599.68196,1000,10671.70027
-599.443356,1000,10679.425869
-599.677812,1000,10687.2019
-599.835272,1000,10694.91256
-599.81873,1000,10702.69072
-599.834411,1000,10710.396633
-599.877002,1000,10718.168897
-599.876368,1000,10725.88768
-599.375953,1000,10733.655466
-599.741927,1000,10741.362053
-599.621699,1000,10749.112027
-599.697968,1000,10756.852169
-599.709209,1000,10764.583932
-599.65877,1000,10772.35016
-599.891226,1000,10780.065124
-599.581911,1000,10787.825649
-599.899402,1000,10795.527894
-599.752943,1000,10803.300156
-599.838302,1000,10811.016616
-599.636058,1000,10818.788017
-599.865488,1000,10826.523267
-599.582855,1000,10834.268162
-599.962673,1000,10842.042291
-599.743584,1000,10849.753961
-599.879138,1000,10857.510414
-598.976369,1000,10865.218469
-599.909866,1000,10872.999209
-599.658418,1000,10880.711725
-599.817399,1000,10888.496057
-599.820777,1000,10896.215605
-599.628315,1000,10903.973614
-599.689961,1000,10911.679878
-599.608864,1000,10919.455987
-599.792054,1000,10927.174942
-599.788762,1000,10934.928951
-599.730803,1000,10942.681012
-599.554852,1000,10950.40524
-599.656195,1000,10958.175086
-598.932656,1000,10965.884479
-599.721673,1000,10973.652751
-599.484781,1000,10981.380045
-599.531711,1000,10989.161398
-599.820144,1000,10996.871836
-599.872023,1000,11004.636647
-599.471899,1000,11012.336257
-599.507364,1000,11020.099313
-599.550823,1000,11027.811755
-599.781079,1000,11035.592758
-599.866962,1000,11043.291062
-599.615723,1000,11051.051224
-599.762771,1000,11058.767087
-599.947129,1000,11066.539881
-599.348913,1000,11074.293371
-599.691952,1000,11082.041517
-599.854925,1000,11089.78943
-599.226649,1000,11097.519051
-599.589919,1000,11105.299789
-599.541319,1000,11113.010417
-599.285974,1000,11120.776284
-599.119647,1000,11128.483367
-599.255579,1000,11136.224617
-599.621715,1000,11143.945252
-599.925429,1000,11151.690437
-599.859858,1000,11159.440552
-598.901725,1000,11167.179855
-599.755626,1000,11174.932308
-599.718859,1000,11182.645988
-599.731922,1000,11190.410304
-599.44049,1000,11198.104194
-599.693274,1000,11205.863386
-599.817444,1000,11213.603838
-599.34987,1000,11221.381927
-599.56914,1000,11229.12947
-599.833407,1000,11236.861234
-598.51258,1000,11244.626599
-599.930605,1000,11252.351699
-599.670929,1000,11260.11097
-599.71669,1000,11267.810109
-599.700235,1000,11275.570464
-599.552292,1000,11283.287317
-599.861263,1000,11291.077327
-599.304058,1000,11298.812703
-599.746186,1000,11306.554941
-599.218335,1000,11314.291233
-599.825619,1000,11322.01544
-599.543205,1000,11329.769448
-599.766848,1000,11337.476533
-599.823833,1000,11345.269351
-599.093785,1000,11352.962997
-599.355322,1000,11360.724246
-599.090214,1000,11368.484077
-599.730033,1000,11376.246782
-599.753063,1000,11384.008761
-599.937085,1000,11391.756256
-599.704426,1000,11399.530806
-599.745895,1000,11407.241182
-598.993503,1000,11415.024406
-599.292351,1000,11422.73658
-599.785458,1000,11430.497381
-599.484644,1000,11438.227809
-599.557708,1000,11446.011805
-599.834332,1000,11453.722167
-599.567674,1000,11461.477954
-598.321081,1000,11469.203428
-599.919444,1000,11476.952155
-599.830307,1000,11484.700718
-599.683166,1000,11492.450858
-599.007486,1000,11500.196721
-599.822965,1000,11507.922594
-599.825834,1000,11515.694008
-599.858416,1000,11523.403533
-599.881721,1000,11531.171703
-599.711334,1000,11538.891447
-599.427783,1000,11546.656078
-599.366735,1000,11554.362962
-599.434439,1000,11562.135453
-599.404382,1000,11569.893826
-599.749151,1000,11577.614733
-599.535307,1000,11585.385456
-599.306312,1000,11593.092585
-599.760652,1000,11600.863276
-599.464508,1000,11608.566416
-599.767701,1000,11616.309877
-599.923359,1000,11624.052892
-599.562753,1000,11631.784869
-599.929621,1000,11639.541877
-599.803546,1000,11647.244798
-599.830492,1000,11655.003928
-599.734906,1000,11662.704529
-599.671006,1000,11670.466603
-598.1874,1000,11678.18604
-599.804192,1000,11685.954996
-599.703405,1000,11693.675893
-599.631483,1000,11701.404644
-599.852404,1000,11709.155939
-599.849949,1000,11716.892121
-599.417008,1000,11724.661874
-599.740477,1000,11732.382556
-599.558223,1000,11740.235652
-599.327036,1000,11747.949059
-599.560224,1000,11755.714914
-599.655819,1000,11763.451088
-599.314665,1000,11771.203123
-599.777374,1000,11778.963009
-599.398238,1000,11786.682281
-599.63143,1000,11794.446306
-599.666074,1000,11802.170062
-599.799526,1000,11809.930532
-599.867813,1000,11817.644471
-599.157842,1000,11825.411149
-598.727127,1000,11833.309715
-599.929574,1000,11841.045308
-599.739255,1000,11848.805484
-599.914438,1000,11856.514587
-599.87615,1000,11864.266366
-599.035318,1000,11871.976233
-599.813408,1000,11879.747563
-599.792885,1000,11887.449962
-599.742519,1000,11895.209796
-599.757992,1000,11902.944046
-599.730723,1000,11910.689684
-599.848663,1000,11918.440497
-599.23804,1000,11926.152578
-599.339545,1000,11933.921823
-599.676725,1000,11941.633273
-598.272688,1000,11949.415138
-599.76918,1000,11957.124429
-599.712743,1000,11964.888274
-599.831507,1000,11972.627487
-597.26602,1000,11980.343205
-599.013058,1000,11988.091986
-599.72193,1000,11995.801868
-599.927027,1000,12003.577242
-599.547502,1000,12011.28746
-599.728181,1000,12019.047611
-598.365232,1000,12026.752974
-599.875836,1000,12034.495787
-599.191971,1000,12042.215649
-599.73459,1000,12049.922748
-599.592879,1000,12057.670367
-599.680075,1000,12065.384289
-599.635665,1000,12073.144145
-599.676756,1000,12080.846617
-599.697503,1000,12088.588363
-599.60205,1000,12096.321372
-599.546683,1000,12104.058704
-599.593442,1000,12111.829521
-599.579731,1000,12119.54526
-599.575074,1000,12127.296882
-599.693924,1000,12135.001524
-599.532527,1000,12142.769693
-599.740261,1000,12150.485636
-598.803792,1000,12158.250463
-599.783395,1000,12166.001547
-599.829246,1000,12173.711901
-599.363633,1000,12181.472056
-599.883618,1000,12189.181522
-599.951139,1000,12196.932475
-599.757734,1000,12204.643884
-599.618852,1000,12212.418317
-599.934867,1000,12220.164555
-599.493277,1000,12227.899937
-599.121194,1000,12235.660775
-599.75903,1000,12243.367023
-599.644894,1000,12251.140023
-599.96068,1000,12258.829726
-599.668418,1000,12266.596459
-599.450844,1000,12274.305565
-599.874766,1000,12282.061236
-599.545556,1000,12289.816379
-599.7818,1000,12297.516492
-599.340538,1000,12305.281361
-599.605106,1000,12312.983042
-599.891614,1000,12320.738234
-599.55654,1000,12328.445279
-599.709328,1000,12336.209442
-598.735053,1000,12343.948467
-599.870044,1000,12351.687668
-599.873263,1000,12359.461033
-599.099724,1000,12367.18869
-599.60477,1000,12374.970375
-599.900502,1000,12382.683399
-598.744223,1000,12390.43977
-599.421387,1000,12398.158223
-599.760968,1000,12405.900285
-599.061476,1000,12413.658249
-599.846594,1000,12421.365638
-599.419187,1000,12429.132601
-599.639048,1000,12436.836478
-599.726058,1000,12444.59184
-599.556582,1000,12452.316978
-598.886989,1000,12460.061012
-599.441425,1000,12467.800206
-599.653717,1000,12475.530865
-599.691943,1000,12483.301186
-599.863881,1000,12491.008435
-599.824418,1000,12498.789634
-599.893325,1000,12506.501624
-599.932099,1000,12514.254706
-599.731658,1000,12521.950364
-599.876471,1000,12529.733348
-599.806109,1000,12537.491486
-599.8251,1000,12545.224977
-598.154723,1000,12553.002367
-599.643514,1000,12560.710176
-593.385361,1000,12568.477485
-599.551096,1000,12576.213046
-599.83768,1000,12583.956942
-599.745686,1000,12591.726823
-599.835823,1000,12599.441446
-599.709354,1000,12607.200629
-599.741687,1000,12614.904051
-599.843284,1000,12622.701192
-599.523093,1000,12630.41929
-599.717571,1000,12638.181326
-599.552267,1000,12645.92042
-599.83613,1000,12653.674734
-599.877053,1000,12661.449556
-599.772478,1000,12669.18245
-599.59881,1000,12676.950691
-599.809886,1000,12684.686293
-599.423812,1000,12692.461109
-599.92562,1000,12700.186402
-599.847339,1000,12707.928963
-599.847162,1000,12715.703031
-596.975631,1000,12723.470975
-599.128719,1000,12731.247408
-599.744067,1000,12738.955976
-599.958944,1000,12746.728653
-599.633735,1000,12754.453024
-599.726023,1000,12762.197527
-599.880705,1000,12769.962159
-599.415207,1000,12777.682284
-598.645036,1000,12785.45183
-599.8701,1000,12793.159095
-599.356752,1000,12800.924397
-599.753043,1000,12808.626999
-599.228474,1000,12816.382174
-599.837133,1000,12824.115276
-599.479923,1000,12831.845242
-599.36884,1000,12839.595407
-599.225087,1000,12847.298911
-599.816981,1000,12855.057586
-599.814237,1000,12862.766818
-599.426481,1000,12870.53321
-599.952645,1000,12878.265116
-599.816418,1000,12886.039721
-599.410769,1000,12893.787433
-599.484804,1000,12901.524204
-599.870291,1000,12909.307165
-599.841775,1000,12917.015949
-599.79476,1000,12924.782082
-599.541301,1000,12932.489373
-599.639404,1000,12940.265397
-599.880135,1000,12948.018863
-599.83891,1000,12955.782128
-599.824586,1000,12963.533128
-599.598133,1000,12971.268969
-599.720026,1000,12979.039753
-599.925161,1000,12986.752154
-599.785524,1000,12994.511048
-599.697739,1000,13002.229252
-599.814617,1000,13010.004507
-599.61357,1000,13017.767577
-599.511017,1000,13025.514303
-599.274893,1000,13033.29261
-599.60597,1000,13041.01026
-599.490542,1000,13048.788117
-599.761493,1000,13056.48504
-598.034889,1000,13064.261163
-599.721592,1000,13071.977302
-598.985757,1000,13079.744067
-599.545177,1000,13087.485362
-599.647794,1000,13095.226756
-599.614725,1000,13103.00499
-599.353081,1000,13110.729524
-599.709063,1000,13118.494145
-599.292698,1000,13126.196419
-599.762047,1000,13133.958243
-599.550347,1000,13141.704715
-599.673335,1000,13149.463212
-599.832662,1000,13157.228592
-599.794311,1000,13164.927108
-599.75744,1000,13172.689835
-599.390034,1000,13180.412708
-599.877883,1000,13188.192869
-599.714608,1000,13195.945597
-599.944885,1000,13203.696549
-599.735387,1000,13211.475221
-599.967625,1000,13219.18032
-599.75365,1000,13226.947845
-599.718672,1000,13234.647475
-599.541938,1000,13242.429188
-599.733926,1000,13250.133943
-599.768678,1000,13257.8936
-599.118368,1000,13265.654579
-599.812182,1000,13273.395155
-599.193192,1000,13281.147589
-599.779098,1000,13288.852152
-599.575722,1000,13296.618449
-599.514402,1000,13304.348064
-599.569163,1000,13312.123152
-599.725124,1000,13319.893602
-599.784003,1000,13327.624911
-599.642495,1000,13335.411608
-599.793125,1000,13343.142169
-599.620647,1000,13350.924575
-599.30716,1000,13358.646506
-599.882363,1000,13366.423975
-597.040035,1000,13374.137538
-599.335668,1000,13381.901936
-599.895188,1000,13389.655722
-599.629729,1000,13397.3937
-599.447906,1000,13405.144103
-599.637811,1000,13412.85111
-599.548369,1000,13420.622813
-599.969573,1000,13428.341104
-599.009683,1000,13436.115826
-599.602145,1000,13443.850297
-599.659639,1000,13451.622515
-599.76631,1000,13459.380313
-599.892313,1000,13467.100008
-599.962515,1000,13474.874868
-599.826927,1000,13482.59831
-599.861109,1000,13490.370039
-599.933356,1000,13498.096723
-599.761515,1000,13505.858344
-599.823137,1000,13513.593029
-599.547778,1000,13521.323261
-599.093181,1000,13529.107146
-599.875555,1000,13536.808561
-599.519609,1000,13544.609496
-599.815918,1000,13552.3362
-598.957405,1000,13560.137223
-598.783559,1000,13567.871935
-599.857283,1000,13575.626441
-599.70915,1000,13583.400314
-599.736782,1000,13591.126281
-599.575937,1000,13598.907531
-599.537047,1000,13606.614327
-599.290396,1000,13614.398149
-599.501488,1000,13622.155644
-598.915749,1000,13629.912879
-599.833586,1000,13637.66215
-599.523724,1000,13645.402226
-598.897777,1000,13653.172642
-599.658802,1000,13660.890172
-599.614733,1000,13668.680365
-599.266577,1000,13676.405103
-599.673438,1000,13684.193451
-599.855422,1000,13691.946543
-598.906733,1000,13699.688684
-599.590065,1000,13707.485815
-599.274235,1000,13715.224413
-599.821223,1000,13723.009853
-599.857862,1000,13730.72381
-599.253529,1000,13738.506068
-599.953441,1000,13746.255302
-599.894696,1000,13754.015719
-599.885704,1000,13761.790021
-599.030806,1000,13769.501082
-599.640055,1000,13777.285992
-599.888934,1000,13784.982671
-599.751181,1000,13792.774077
-599.824447,1000,13800.501796
-599.631358,1000,13808.283043
-599.972943,1000,13816.067424
-599.470003,1000,13823.771257
-599.794765,1000,13831.536972
-599.330975,1000,13839.243726
-599.779369,1000,13847.014681
-599.686276,1000,13854.771381
-599.648036,1000,13862.529148
-599.540671,1000,13870.299534
-599.953794,1000,13878.021651
-599.566224,1000,13885.817991
-599.372618,1000,13893.538602
-599.868642,1000,13901.332736
-599.765065,1000,13909.069802
-598.801969,1000,13916.815755
-599.758397,1000,13924.606943
-599.731386,1000,13932.323548
-599.93795,1000,13940.091335
-599.617348,1000,13947.795408
-599.695748,1000,13955.556088
-599.486707,1000,13963.280273
-597.392173,1000,13971.052071
-599.542925,1000,13978.807416
-598.978787,1000,13986.553003
-599.583822,1000,13994.343993
-599.711986,1000,14002.068026
-599.553185,1000,14009.855822
-599.748606,1000,14017.572897
-599.126876,1000,14025.359289
-599.875484,1000,14033.087853
-598.730885,1000,14040.831997
-599.724293,1000,14048.616195
-599.446565,1000,14056.327861
-599.627232,1000,14064.10671
-599.669036,1000,14071.811762
-598.958722,1000,14079.595165
-599.850704,1000,14087.320928
-599.773058,1000,14095.109214
-599.818673,1000,14102.853315
-599.772391,1000,14110.61204
-599.49008,1000,14118.388697
-598.903343,1000,14126.090692
-599.080599,1000,14133.880513
-599.139367,1000,14141.592131
-599.904537,1000,14149.357255
-599.764066,1000,14157.082605
-599.114718,1000,14164.84928
-599.379366,1000,14172.624251
-599.643521,1000,14180.340891
-599.740262,1000,14188.093872
-599.776568,1000,14195.800332
-599.577637,1000,14203.576787
-599.957529,1000,14211.301241
-599.160835,1000,14219.057838
-599.763365,1000,14226.837199
-599.745112,1000,14234.554299
-599.882158,1000,14242.329081
-598.419716,1000,14250.04689
-599.827216,1000,14257.814017
-599.056863,1000,14265.57975
-599.398153,1000,14273.312286
-599.621409,1000,14281.087633
-599.566136,1000,14288.80122
-599.690766,1000,14296.587005
-599.89528,1000,14304.320966
-599.933807,1000,14312.074939
-599.615436,1000,14319.85273
-599.377663,1000,14327.577409
-599.461867,1000,14335.349037
-599.72521,1000,14343.058138
-599.814691,1000,14350.831575
-599.617326,1000,14358.551339
-599.274672,1000,14366.302957
-599.785137,1000,14374.042921
-599.579424,1000,14381.769897
-599.777085,1000,14389.545883
-599.4924,1000,14397.246346
-599.967964,1000,14405.03391
-599.558196,1000,14412.769508
-599.702748,1000,14420.525039
-599.271652,1000,14428.279718
-599.832146,1000,14436.014497
-599.628575,1000,14443.792441
-599.4618,1000,14451.506001
-599.472447,1000,14459.295121
-599.77022,1000,14467.006629
-599.932998,1000,14474.789191
-599.746565,1000,14482.49862
-599.611838,1000,14490.228046
-599.822081,1000,14497.99131
-599.568555,1000,14505.707078
-599.696355,1000,14513.476446
-599.654946,1000,14521.19157
-599.867682,1000,14528.965189
-598.393659,1000,14536.696583
-599.460741,1000,14544.460327
-599.466274,1000,14552.200635
-599.123216,1000,14559.964566
-599.623285,1000,14567.730082
-599.666677,1000,14575.462011
-599.676084,1000,14583.227824
-599.827437,1000,14590.921976
-599.855523,1000,14598.692629
-599.655683,1000,14606.410141
-599.667036,1000,14614.18662
-599.570632,1000,14621.912223
-599.890931,1000,14629.66089
-599.662316,1000,14637.437972
-599.083042,1000,14645.142204
-599.780101,1000,14652.921205
-599.296729,1000,14660.632658
-599.654742,1000,14668.39395
-599.509789,1000,14676.109435
-599.31196,1000,14683.872801
-598.990431,1000,14691.628289
-599.827946,1000,14699.363642
-599.7466,1000,14707.138909
-599.753035,1000,14714.838867
-599.801131,1000,14722.620625
-599.887917,1000,14730.32324
-599.809063,1000,14738.097224
-599.325711,1000,14745.814681
-599.891149,1000,14753.575415
-599.270616,1000,14761.32416
-599.829329,1000,14769.05421
-599.474469,1000,14776.821661
-599.569749,1000,14784.528784
-599.754711,1000,14792.280728
-599.745752,1000,14799.984834
-599.846802,1000,14807.775842
-599.902199,1000,14815.490833
-599.522538,1000,14823.247293
-599.734756,1000,14831.004216
-599.779368,1000,14838.733774
-599.620397,1000,14846.488891
-599.967891,1000,14854.200271
-599.704775,1000,14861.982512
-599.8097,1000,14869.680039
-599.940198,1000,14877.434458
-599.772509,1000,14885.138996
-599.961025,1000,14892.92993
-599.523352,1000,14900.655525
-599.891753,1000,14908.416746
-599.643554,1000,14916.1556
-599.917354,1000,14923.897388
-599.736274,1000,14931.65729
-599.866677,1000,14939.384865
-599.792591,1000,14947.17029
-599.755433,1000,14954.895451
-599.292032,1000,14962.663616
-599.33068,1000,14970.373546
-599.846105,1000,14978.137226
-599.875635,1000,14985.875259
-599.43974,1000,14993.625374
-599.936629,1000,15001.357063
-599.6629,1000,15009.083406
-599.372044,1000,15016.853961
-599.959365,1000,15024.578447
-599.705134,1000,15032.358981
-599.528089,1000,15040.07615
-598.923192,1000,15047.86181
-599.768997,1000,15055.558313
-599.219019,1000,15063.345762
-599.752623,1000,15071.052978
-598.725283,1000,15078.808848
-598.806738,1000,15086.572981
-599.484724,1000,15094.28777
-599.838191,1000,15102.059533
-599.512842,1000,15109.778476
-599.395952,1000,15117.56601
-599.571649,1000,15125.270408
-599.719029,1000,15133.069299
-599.890298,1000,15140.791597
-599.588828,1000,15148.555415
-599.254513,1000,15156.310965
-599.43965,1000,15164.041023
-599.7412,1000,15171.818526
-599.460027,1000,15179.524813
-599.753016,1000,15187.327964
-599.757769,1000,15195.029191
-599.595249,1000,15202.811002
-599.510763,1000,15210.528162
-599.446558,1000,15218.292855
-599.341951,1000,15226.058025
-599.563714,1000,15233.784589
-599.412316,1000,15241.553497
-599.870152,1000,15249.260329
-599.172756,1000,15257.042469
-599.590587,1000,15264.771231
-599.814807,1000,15272.536658
-599.845439,1000,15280.245139
-599.489267,1000,15288.038789
-599.694868,1000,15295.758989
-599.315618,1000,15303.535481
-599.770967,1000,15311.228671
-599.386885,1000,15318.999011
-599.878393,1000,15326.720676
-599.734563,1000,15334.486708
-599.569438,1000,15342.245433
-599.522129,1000,15349.997232
-599.178749,1000,15357.750352
-599.76751,1000,15365.477003
-599.705978,1000,15373.237998
-599.91099,1000,15380.962194
-599.75951,1000,15388.750559
-599.703347,1000,15396.450307
-599.696987,1000,15404.257999
-599.836713,1000,15411.952821
-599.877369,1000,15419.720331
-599.294558,1000,15427.431067
-599.261065,1000,15435.390129
-599.622311,1000,15443.101571
-598.704132,1000,15450.880922
-599.498274,1000,15458.617803
-599.737217,1000,15466.373778
-599.110941,1000,15474.127276
-599.601299,1000,15481.867313
-599.350761,1000,15489.638692
-599.418681,1000,15497.353526
-599.30716,1000,15505.14243
-599.384115,1000,15512.837655
-599.830317,1000,15520.608972
-599.802236,1000,15528.325052
-599.686819,1000,15536.093008
-599.525779,1000,15543.823533
-599.21733,1000,15551.601364
-599.568959,1000,15559.344127
-599.733339,1000,15567.087885
-599.746383,1000,15574.873702
-599.75528,1000,15582.581449
-599.923907,1000,15590.359397
-599.937425,1000,15598.075359
-599.965824,1000,15605.848038
-599.568313,1000,15613.560171
-599.289765,1000,15621.354146
-599.106835,1000,15629.06681
-599.565791,1000,15636.860008
-599.181657,1000,15644.585451
-599.315579,1000,15652.352161
-599.754674,1000,15660.086276
-599.756216,1000,15667.849721
-599.289365,1000,15675.607136
-599.441464,1000,15683.345343
-599.925716,1000,15691.112933
-599.821373,1000,15698.839428
-599.081699,1000,15706.628766
-599.23437,1000,15714.323503
-599.949786,1000,15722.111904
-598.676194,1000,15729.802185
-599.766292,1000,15737.575351
-599.66076,1000,15745.286336
-598.278522,1000,15753.031577
-599.297167,1000,15760.800627
-599.755829,1000,15768.5257
-599.6594,1000,15776.295529
-599.885032,1000,15784.004805
-599.653814,1000,15791.801643
-599.568861,1000,15799.515317
-599.683319,1000,15807.324644
-599.853202,1000,15815.028622
-599.638487,1000,15822.81263
-599.278708,1000,15830.522638
-599.779726,1000,15838.283167
-599.78644,1000,15846.033632
-599.581988,1000,15853.780293
-599.912807,1000,15861.542706
-599.501039,1000,15869.248848
-599.003628,1000,15877.040914
-599.783625,1000,15884.759781
-599.266607,1000,15892.556518
-599.444511,1000,15900.270534
-599.571376,1000,15908.050701
-599.620187,1000,15915.759422
-599.874829,1000,15923.545065
-599.803581,1000,15931.258624
-599.469467,1000,15939.034559
-599.492892,1000,15946.746129
-599.750072,1000,15954.480345
-599.480479,1000,15962.224753
-599.765268,1000,15969.956546
-599.782844,1000,15977.754129
-599.410527,1000,15985.471025
-599.64677,1000,15993.262051
-598.984744,1000,16000.955958
-599.803758,1000,16008.733752
-599.492534,1000,16016.437637
-599.818498,1000,16024.223237
-599.490743,1000,16031.952461
-599.733912,1000,16039.707141
-599.324161,1000,16047.445234
-599.739757,1000,16055.181448
-599.627701,1000,16062.963135
-599.658236,1000,16070.684103
-599.86754,1000,16078.492179
-599.512066,1000,16086.202458
-599.889352,1000,16093.979523
-599.744425,1000,16101.681074
-599.458056,1000,16109.455816
-599.840236,1000,16117.15999
-599.742116,1000,16124.917579
-599.321075,1000,16132.680881
-599.560631,1000,16140.416795
-599.42939,1000,16148.185362
-599.767441,1000,16155.900576
-599.939928,1000,16163.667609
-599.279687,1000,16171.362956
-599.802683,1000,16179.166127
-599.696424,1000,16186.855535
-599.34484,1000,16194.621053
-599.358305,1000,16202.310484
-599.6325,1000,16210.08956
-599.876207,1000,16217.805711
-598.969549,1000,16225.565169
-599.299018,1000,16233.294704
-599.680842,1000,16241.051449
-599.359898,1000,16248.831887
-599.655635,1000,16256.56203
-599.752448,1000,16264.356205
-599.521485,1000,16272.066144
-599.172561,1000,16279.845021
-599.354034,1000,16287.550339
-599.744459,1000,16295.32467
-599.9358,1000,16303.030613
-599.961421,1000,16310.815001
-599.832515,1000,16318.550983
-599.584211,1000,16326.295753
-599.757861,1000,16334.019464
-599.494494,1000,16341.76288
-599.644561,1000,16349.515912
-599.695598,1000,16357.234122
-599.457714,1000,16364.997906
-599.742916,1000,16372.691552
-599.728024,1000,16380.479212
-599.680473,1000,16388.183739
-599.859589,1000,16395.96259
-599.667361,1000,16403.668583
-599.556933,1000,16411.448337
-599.831261,1000,16419.161252
-599.877359,1000,16426.911795
-599.355596,1000,16434.653828
-599.458438,1000,16442.394748
-599.66327,1000,16450.15492
-599.664184,1000,16457.892629
-599.514448,1000,16465.664166
-599.914776,1000,16473.364077
-599.832375,1000,16481.144967
-599.803875,1000,16488.848465
-597.490187,1000,16496.610329
-599.804987,1000,16504.344952
-599.813067,1000,16512.077857
-599.830721,1000,16519.867455
-599.611464,1000,16527.568857
-599.559515,1000,16535.346017
-599.627372,1000,16543.045694
-599.555855,1000,16550.816171
-599.869237,1000,16558.510345
-599.362279,1000,16566.308722
-599.645384,1000,16574.03411
-599.552576,1000,16581.779268
-599.861238,1000,16589.538447
-599.724266,1000,16597.246937
-599.648736,1000,16605.024983
-599.325989,1000,16612.696492
-599.588054,1000,16620.484402
-599.480961,1000,16628.179735
-599.591857,1000,16635.966078
-599.90101,1000,16643.67949
-599.557018,1000,16651.420115
-599.344498,1000,16659.179055
-599.426295,1000,16666.902731
-599.941798,1000,16674.694517
-599.779683,1000,16682.406851
-599.542579,1000,16690.191205
-599.817945,1000,16697.897616
-599.842509,1000,16705.671869
-599.744704,1000,16713.390314
-599.809512,1000,16721.161341
-599.742237,1000,16728.893664
-598.526973,1000,16736.654048
-599.775353,1000,16744.417459
-599.36624,1000,16752.139122
-599.697428,1000,16759.930257
-599.571295,1000,16767.60968
-599.673746,1000,16775.397084
-599.939916,1000,16783.10259
-599.634545,1000,16790.897385
-599.571975,1000,16798.598728
-599.770554,1000,16806.375702
-599.911362,1000,16814.106056
-599.653849,1000,16821.860395
-599.493124,1000,16829.604288
-599.615036,1000,16837.322031
-599.534013,1000,16845.111075
-599.874205,1000,16852.802574
-599.545942,1000,16860.586304
-599.072055,1000,16868.280848
-599.89532,1000,16876.059738
-599.458597,1000,16883.768117
-598.91858,1000,16891.550065
-598.461462,1000,16899.291219
-599.676215,1000,16907.04388
-599.198033,1000,16914.798752
-599.645371,1000,16922.538145
-599.378986,1000,16930.308573
-599.923228,1000,16938.008223
-599.680753,1000,16945.797443
-599.804389,1000,16953.509407
-599.343546,1000,16961.281859
-599.843697,1000,16968.990973
-599.625087,1000,16976.74977
-599.672124,1000,16984.500843
-599.802971,1000,16992.241552
-599.882612,1000,16999.999707
-599.754066,1000,17007.679166
-599.449275,1000,17015.462624
-599.802414,1000,17023.17894
-599.780196,1000,17030.966756
-599.601251,1000,17038.688543
-599.845081,1000,17046.491114
-599.216429,1000,17054.239448
-599.761592,1000,17061.985164
-599.698798,1000,17069.755918
-599.959022,1000,17077.470901
-599.500694,1000,17085.2414
-599.547663,1000,17092.948957
-599.81475,1000,17100.731347
-599.848994,1000,17108.441074
-599.642454,1000,17116.230393
-599.81294,1000,17123.971987
-599.67804,1000,17131.721123
-599.909212,1000,17139.513086
-599.630628,1000,17147.241958
-598.172338,1000,17155.031619
-599.443058,1000,17162.742995
-599.732466,1000,17170.529334
-599.787614,1000,17178.236321
-599.813884,1000,17186.015268
-599.846895,1000,17193.754906
-599.704502,1000,17201.489089
-599.188309,1000,17209.241755
-599.037653,1000,17216.947492
-599.203681,1000,17224.722039
-599.796066,1000,17232.406792
-599.802444,1000,17240.188357
-599.83044,1000,17247.899778
-598.891949,1000,17255.68311
-599.861625,1000,17263.411299
-599.859979,1000,17271.176005
-599.712156,1000,17278.916953
-599.489261,1000,17286.665624
-599.23483,1000,17294.425255
-599.725143,1000,17302.129529
-598.996754,1000,17309.913656
-599.771727,1000,17317.620399
-599.506806,1000,17325.40696
-599.373892,1000,17333.092685
-599.789476,1000,17340.86514
-599.800976,1000,17348.584351
-599.383435,1000,17356.346016
-599.731491,1000,17364.090024
-599.706558,1000,17371.816158
-599.827842,1000,17379.584358
-599.820538,1000,17387.283809
-599.75883,1000,17395.05139
-599.410914,1000,17402.754488
-599.662032,1000,17410.530228
-599.53834,1000,17418.251251
-599.671341,1000,17426.024016
-599.886876,1000,17433.747896
-599.704608,1000,17441.550387
-599.523763,1000,17449.293127
-599.193307,1000,17457.01373
-599.532892,1000,17464.789629
-599.716122,1000,17472.488873
-599.843314,1000,17480.266792
-599.784782,1000,17487.957639
-599.852959,1000,17495.726969
-599.959101,1000,17503.42804
-599.698158,1000,17511.18671
-598.868236,1000,17518.903708
-599.622546,1000,17526.657919
-599.921762,1000,17534.425155
-599.650722,1000,17542.15069
-599.75635,1000,17549.948347
-598.612923,1000,17557.65392
-599.637583,1000,17565.46467
-599.494928,1000,17573.162747
-599.331986,1000,17580.96419
-599.556686,1000,17588.662946
-599.898479,1000,17596.44089
-599.086566,1000,17604.194497
-599.803473,1000,17611.940439
-599.580156,1000,17619.703605
-599.8962,1000,17627.416793
-599.702019,1000,17635.168707
-599.566212,1000,17642.866599
-599.449254,1000,17650.660674
-599.445653,1000,17658.35702
-599.693451,1000,17666.115808
-599.852369,1000,17673.815908
-599.591787,1000,17681.559244
-599.820319,1000,17689.328041
-599.760125,1000,17697.053212
-599.935057,1000,17704.830023
-599.955247,1000,17712.523898
-599.527295,1000,17720.299447
-599.656237,1000,17728.013911
-596.689274,1000,17735.80566
-599.648989,1000,17743.513849
-599.471258,1000,17751.268553
-598.118456,1000,17759.008641
-599.75992,1000,17766.726161
-599.867651,1000,17774.5172
-599.762919,1000,17782.214794
-599.826709,1000,17789.976975
-599.681694,1000,17797.682646
-599.128187,1000,17805.46293
-599.082489,1000,17813.17664
-599.141628,1000,17820.924127
-599.986827,1000,17828.688187
-599.821682,1000,17836.421135
-599.170237,1000,17844.209459
-598.663481,1000,17851.90367
-599.772354,1000,17859.689363
-599.38448,1000,17867.41718
-599.802267,1000,17875.167622
-599.816016,1000,17882.921559
-599.047187,1000,17890.648286
-599.671693,1000,17898.428231
-599.769436,1000,17906.133568
-599.599911,1000,17913.904923
-599.812652,1000,17921.603743
-599.895652,1000,17929.381234
-599.573603,1000,17937.107256
-599.412812,1000,17944.845024
-599.155103,1000,17952.624142
-599.95088,1000,17960.340813
-599.894642,1000,17968.120359
-599.702923,1000,17975.80465
-599.737499,1000,17983.581949
-599.265038,1000,17991.274121
-599.823939,1000,17999.054955
-599.873138,1000,18006.753411
-599.928616,1000,18014.517796
-599.531647,1000,18022.247435
-599.806936,1000,18029.978539
-599.598434,1000,18037.763432
-599.837668,1000,18045.465363
-599.736946,1000,18053.241657
-599.636285,1000,18060.940652
-599.266262,1000,18068.704304
-599.821132,1000,18076.400316
-599.896441,1000,18084.192318
-599.03957,1000,18091.926795
-599.637965,1000,18099.681298
-599.117673,1000,18107.438677
-599.562814,1000,18115.151845
-599.496251,1000,18122.93388
-599.747928,1000,18130.615447
-599.75333,1000,18138.392516
-599.774539,1000,18146.082335
-599.72366,1000,18153.863244
-598.759302,1000,18161.613604
-599.615818,1000,18169.361366
-599.52183,1000,18177.149009
-599.772912,1000,18184.825987
-599.89999,1000,18192.633895
-599.845786,1000,18200.353568
-599.750892,1000,18208.148983
-599.825403,1000,18215.888796
-599.887075,1000,18223.627172
-599.841797,1000,18231.39526
-599.512289,1000,18239.076126
-599.570154,1000,18246.855874
-599.073471,1000,18254.55459
-599.376277,1000,18262.331214
-599.616771,1000,18270.086278
-597.780229,1000,18277.808702
-599.426511,1000,18285.588691
-599.837027,1000,18293.298232
-599.587706,1000,18301.085296
-599.939608,1000,18308.794502
-599.943388,1000,18316.567331
-599.584156,1000,18324.278291
-599.627946,1000,18332.032358
-599.96898,1000,18339.782395
-599.780379,1000,18347.513462
-599.811965,1000,18355.288019
-599.219022,1000,18362.991812
-599.709308,1000,18370.77425
-599.838335,1000,18378.450136
-599.729075,1000,18386.225659
-598.775611,1000,18393.929136
-599.688463,1000,18401.713533
-599.890365,1000,18409.447315
-599.600572,1000,18417.202816
-599.745499,1000,18424.981165
-598.942372,1000,18432.686881
-598.91911,1000,18440.457012
-599.585819,1000,18448.159961
-599.278183,1000,18455.943418
-599.461605,1000,18463.642729
-599.544804,1000,18471.420753
-599.681884,1000,18479.176563
-599.520586,1000,18486.901668
-599.28131,1000,18494.664738
-599.580797,1000,18502.365673
-599.843732,1000,18510.143874
-599.900615,1000,18517.828125
-599.504168,1000,18525.593728
-599.697558,1000,18533.314575
-599.565906,1000,18541.076707
-599.115527,1000,18548.7968
-599.822266,1000,18556.517039
-599.798864,1000,18564.261398
-599.557829,1000,18571.975902
-599.931595,1000,18579.741064
-599.963155,1000,18587.428756
-599.74606,1000,18595.204582
-599.643893,1000,18602.893574
-599.83525,1000,18610.687077
-599.545154,1000,18618.413218
-599.75437,1000,18626.145725
-599.84464,1000,18633.904786
-599.461504,1000,18641.594435
-599.564138,1000,18649.369925
-599.494569,1000,18657.145785
-599.80504,1000,18664.910836
-599.299324,1000,18672.649824
-599.500799,1000,18680.377605
-599.555071,1000,18688.163138
-599.330804,1000,18695.843243
-599.506472,1000,18703.633929
-599.717834,1000,18711.332315
-599.744604,1000,18719.097036
-599.555302,1000,18726.815836
-599.568377,1000,18734.572004
-599.817935,1000,18742.340308
-599.617915,1000,18750.033502
-599.684549,1000,18757.786664
-599.441658,1000,18765.467153
-598.925137,1000,18773.244144
-599.906554,1000,18780.93882
-599.565151,1000,18788.706428
-599.823788,1000,18796.467937
-599.94672,1000,18804.213829
-599.815088,1000,18811.995138
-599.851983,1000,18819.680728
-599.735838,1000,18827.462929
-599.438682,1000,18835.145153
-599.583589,1000,18842.903327
-599.900655,1000,18850.643231
-599.576479,1000,18858.377097
-599.952185,1000,18866.15512
-599.510224,1000,18873.852058
-599.280345,1000,18881.63021
-599.766097,1000,18889.319942
-599.699107,1000,18897.113252
-599.849808,1000,18904.863156
-599.95925,1000,18912.594551
-599.774435,1000,18920.37878
-594.196509,1000,18928.065778
-599.449039,1000,18935.840829
-599.524115,1000,18943.544552
-599.846665,1000,18951.318844
-599.312287,1000,18959.030408
-599.807851,1000,18966.796768
-599.40548,1000,18974.540988
-599.808438,1000,18982.266392
-599.844842,1000,18990.027972
-599.874415,1000,18997.735399
-599.84801,1000,19005.520263
-599.238902,1000,19013.212997
-599.702891,1000,19020.983007
-599.857675,1000,19028.703417
-599.86222,1000,19036.604302
-599.101727,1000,19044.347761
-599.172488,1000,19052.055518
-599.738066,1000,19059.840199
-599.88375,1000,19067.528522
-599.427307,1000,19075.303836
-599.639841,1000,19083.018367
-599.675072,1000,19090.771871
-598.607995,1000,19098.503888
-599.239197,1000,19106.242123
-599.171519,1000,19114.009535
-599.669711,1000,19121.705867
-599.440969,1000,19129.490362
-599.935158,1000,19137.189673
-599.745406,1000,19144.970182
-599.709059,1000,19152.690433
-599.713311,1000,19160.476981
-599.852597,1000,19168.212885
-597.954347,1000,19175.956111
-599.642092,1000,19183.724372
-599.496752,1000,19191.424904
-599.168937,1000,19199.209546
-599.854252,1000,19206.897994
-599.66861,1000,19214.662759
-599.577272,1000,19222.386458
-599.958959,1000,19230.148526
-599.916557,1000,19237.879407
-599.466034,1000,19245.591365
-599.635046,1000,19253.363409
-599.208226,1000,19261.051906
-599.762661,1000,19268.812239
-599.454776,1000,19276.511345
-599.964017,1000,19284.283911
-599.720124,1000,19292.003471
-599.729261,1000,19299.742614
-599.670072,1000,19307.493592
-599.772862,1000,19315.191589
-599.756029,1000,19322.959512
-599.074518,1000,19330.635554
-599.541311,1000,19338.415521
-599.336206,1000,19346.104941
-599.736354,1000,19353.82876
-599.892305,1000,19361.592999
-599.636088,1000,19369.300271
-599.713402,1000,19377.076735
-599.838496,1000,19384.760953
-599.50464,1000,19392.541572
-599.836731,1000,19400.242291
-599.796437,1000,19407.996856
-599.886405,1000,19415.739504
-599.789981,1000,19423.469928
-599.273284,1000,19431.238586
-599.800715,1000,19438.933818
-599.606305,1000,19446.71677
-599.358094,1000,19454.397871
-599.737188,1000,19462.168904
-599.635157,1000,19469.887804
-599.774852,1000,19477.65044
-599.774017,1000,19485.397903
-599.833612,1000,19493.139313
-599.943345,1000,19500.920681
-599.716571,1000,19508.613576
-599.853346,1000,19516.401815
-599.72118,1000,19524.119333
-599.67973,1000,19531.87652
-599.764802,1000,19539.607234
-599.641594,1000,19547.324589
-598.711136,1000,19555.082927
-599.867343,1000,19562.75287
-599.039389,1000,19570.530353
-599.518755,1000,19578.213285
-599.582139,1000,19585.970318
-599.921049,1000,19593.710403
-599.805976,1000,19601.432335
-599.698303,1000,19609.201172
-599.879433,1000,19616.879159
-599.202289,1000,19624.648732
-599.881499,1000,19632.34727
-599.571451,1000,19640.089601
-599.437887,1000,19647.824784
-599.913975,1000,19655.52902
-599.752636,1000,19663.302345
-599.834625,1000,19670.991632
-599.469214,1000,19678.769464
-599.510652,1000,19686.477829
-599.840241,1000,19694.225633
-599.77883,1000,19701.982398
-599.647016,1000,19709.696573
-599.6213,1000,19717.474989
-599.761618,1000,19725.163009
-599.579262,1000,19732.918512
-599.148277,1000,19740.626332
-599.165654,1000,19748.399578
-599.49947,1000,19756.128932
-599.649962,1000,19763.878042
-599.47804,1000,19771.654824
-599.789464,1000,19779.359803
-599.806103,1000,19787.132092
-599.513,1000,19794.819212
-598.804325,1000,19802.57417
-599.898828,1000,19810.277767
-599.738537,1000,19818.034758
-599.824118,1000,19825.784789
-599.733611,1000,19833.514159
-599.363861,1000,19841.285856
-599.349864,1000,19848.980998
-599.940316,1000,19856.768098
-599.779685,1000,19864.470755
-598.845167,1000,19872.23981
-599.726228,1000,19879.983467
-599.720585,1000,19887.709252
-599.809406,1000,19895.485814
-599.463671,1000,19903.159705
-599.749907,1000,19910.932131
-599.797449,1000,19918.628257
-599.658042,1000,19926.409746
-599.858134,1000,19934.124927
-599.738835,1000,19941.893949
-599.50978,1000,19949.656155
-598.959573,1000,19957.356262
-599.725095,1000,19965.125933
-599.426309,1000,19972.809998
-599.840499,1000,19980.569309
-599.692514,1000,19988.296995
-599.614851,1000,19996.031287
-599.634411,1000,20003.796574
-599.887161,1000,20011.488626
-598.839465,1000,20019.268505
-599.818648,1000,20026.95214
-599.806162,1000,20034.74339
-599.68632,1000,20042.466352
-599.51892,1000,20050.217311
-598.645164,1000,20057.977748
-599.901234,1000,20065.669463
-599.582685,1000,20073.465378
-599.710413,1000,20081.149656
-599.684226,1000,20088.938957
-599.715252,1000,20096.626437
-599.845006,1000,20104.384336
-599.828132,1000,20112.125849
-599.715066,1000,20119.835144
-599.513206,1000,20127.597286
-599.78205,1000,20135.287568
-599.77961,1000,20143.071665
-599.719755,1000,20150.784738
-599.735657,1000,20158.533065
-599.371867,1000,20166.289611
-599.665382,1000,20174.013791
-599.92679,1000,20181.800273
-599.918072,1000,20189.490869
-599.851114,1000,20197.266495
-599.660632,1000,20204.974517
-599.751141,1000,20212.746725
-599.744608,1000,20220.475892
-599.970596,1000,20228.18979
-599.492936,1000,20235.945597
-599.790524,1000,20243.637585
-599.644863,1000,20251.404066
-599.781542,1000,20259.083969
-599.759735,1000,20266.868719
-599.798753,1000,20274.586246
-599.736177,1000,20282.327688
-599.654857,1000,20290.085569
-599.897729,1000,20297.79514
-599.832294,1000,20305.560557
-599.929157,1000,20313.246028
-599.363544,1000,20321.018571
-598.679636,1000,20328.733712
-599.324146,1000,20336.490584
-599.348582,1000,20344.252963
-599.689611,1000,20351.937316
-599.877633,1000,20359.722615
-599.67797,1000,20367.408051
-599.744326,1000,20375.19728
-599.603504,1000,20382.915849
-599.818724,1000,20390.652901
-599.907408,1000,20398.428442
-599.789995,1000,20406.095614
-599.95549,1000,20413.879241
-599.614874,1000,20421.590995
-599.625169,1000,20429.351038
-599.817022,1000,20437.113754
-598.958965,1000,20444.81582
-599.53089,1000,20452.592015
-599.420876,1000,20460.273732
-599.448754,1000,20468.047646
-599.894433,1000,20475.75418
-599.180733,1000,20483.492582
-598.732014,1000,20491.231837
-599.958348,1000,20498.93992
-599.110195,1000,20506.719173
-599.768177,1000,20514.398587
-599.403787,1000,20522.181624
-597.856021,1000,20529.903037
-599.550579,1000,20537.664484
-599.682303,1000,20545.406439
-598.187457,1000,20553.125196
-599.760007,1000,20560.903885
-599.658385,1000,20568.583289
-599.501926,1000,20576.357341
-599.860038,1000,20584.030236
-599.932155,1000,20591.689866
-599.660326,1000,20599.262769
-599.578733,1000,20606.831009
-599.960954,1000,20614.373602
-599.477701,1000,20621.920858
-599.336428,1000,20629.473732
-599.716822,1000,20637.050232
-599.661927,1000,20644.603046
-599.859401,1000,20652.168247
-599.507136,1000,20659.726995
-599.83685,1000,20667.289912
-599.719454,1000,20674.843449
-599.838095,1000,20682.393789
-599.563791,1000,20689.947011
-599.762563,1000,20697.503801
-599.522845,1000,20705.043678
-599.54261,1000,20712.605838
-599.626799,1000,20720.169585
-599.164647,1000,20727.729774
-599.880545,1000,20735.301884
-599.811082,1000,20742.867031
-599.684399,1000,20750.426304
-599.860522,1000,20757.993629
-599.933195,1000,20765.564666
-598.424219,1000,20773.131247
-599.764139,1000,20780.686589
-599.927789,1000,20788.253288
-599.905013,1000,20795.812788
-599.947551,1000,20803.380167
-599.802425,1000,20810.927012
-599.041307,1000,20818.497865
-599.821898,1000,20826.071505
-599.840375,1000,20833.642671
-599.750542,1000,20841.216002
-598.966317,1000,20848.771423
-599.810746,1000,20856.313807
-599.609985,1000,20863.88282
-599.547821,1000,20871.447223
-599.739638,1000,20879.012767
-599.887302,1000,20886.590382
-599.700262,1000,20894.152886
-599.718437,1000,20901.721759
-599.451696,1000,20909.286888
-599.857536,1000,20916.840404
-599.78032,1000,20924.405197
-598.516803,1000,20931.973901
-599.969122,1000,20939.533378
-599.866201,1000,20947.106017
-599.669589,1000,20954.677933
-599.893516,1000,20962.238342
-599.725753,1000,20969.792059
-599.966027,1000,20977.348082
-599.791188,1000,20984.880305
-599.585416,1000,20992.455164
-599.951321,1000,21000.033265
-599.267289,1000,21007.587438
-599.393808,1000,21015.143408
-599.536971,1000,21022.707643
-599.818271,1000,21030.278687
-599.506776,1000,21037.848287
-599.710014,1000,21045.419273
-599.802678,1000,21053.002753
-599.924725,1000,21060.563573
-599.78381,1000,21068.112969
-599.745925,1000,21075.660193
-599.711623,1000,21083.220826
-599.930737,1000,21090.789276
-599.633692,1000,21098.343174
-599.972048,1000,21105.915991
-599.610651,1000,21113.482036
-599.69541,1000,21121.048012
-599.812971,1000,21128.601546
-599.820705,1000,21136.154607
-599.751552,1000,21143.725653
-599.835418,1000,21151.299898
-599.667751,1000,21158.87376
-599.400521,1000,21166.438297
-599.838095,1000,21174.004895
-599.618053,1000,21181.584245
-599.732927,1000,21189.166403
-599.726345,1000,21196.731213
-599.328494,1000,21204.297144
-599.464281,1000,21211.855672
-598.929871,1000,21219.419919
-599.353336,1000,21226.986247
-599.793239,1000,21234.55464
-598.792361,1000,21242.113211
-599.701107,1000,21249.680999
-599.484017,1000,21257.252921
-599.946543,1000,21264.83139
-599.880791,1000,21272.3841
-599.752261,1000,21279.969744
-599.527031,1000,21287.536686
-599.664607,1000,21295.147905
-599.851709,1000,21302.725015
-599.833316,1000,21310.289657
-599.068632,1000,21317.856029
-599.681666,1000,21325.43558
-599.652428,1000,21333.002583
-599.577754,1000,21340.582202
-599.6971,1000,21348.145673
-599.251806,1000,21355.70165
-599.790889,1000,21363.247416
-599.885924,1000,21370.793329
-599.442017,1000,21378.35397
-599.906942,1000,21385.915973
-599.789911,1000,21393.453663
-599.970331,1000,21401.000752
-599.776661,1000,21408.557842
-599.78734,1000,21416.117129
-599.516921,1000,21423.67831
-599.793653,1000,21431.253475
-599.842962,1000,21438.794303
-599.982012,1000,21446.350598
-599.219656,1000,21453.910079
-599.533299,1000,21461.465355
-599.561183,1000,21469.027617
