# {"t_start": 1614150114.2201297, "env_id": "Half-Cheetah-RM1-v0"} 
r,l,t
-553.567995,1000,7.551329
-598.979224,1000,12.160118
-565.050649,1000,16.716372
-581.934623,1000,21.222147
-553.672671,1000,25.763786
-575.819888,1000,30.257394
-599.601215,1000,34.775675
-597.5665,1000,39.322428
-599.996194,1000,43.875797
-572.903687,1000,48.373444
-554.942539,1000,52.854186
-599.999591,1000,57.330473
-599.28997,1000,61.838911
-584.442462,1000,66.317558
-596.100213,1000,70.793885
-574.406551,1000,75.287903
-572.707115,1000,79.757313
-598.780346,1000,84.245323
-599.999992,1000,88.779088
-599.48519,1000,93.259192
-587.633227,1000,97.836275
-599.929192,1000,102.377377
-599.126464,1000,107.018033
-599.999898,1000,111.624954
-596.370823,1000,116.299699
-599.397927,1000,120.956719
-596.08546,1000,125.546512
-558.227584,1000,130.051334
-576.051195,1000,134.613939
-600.0,1000,139.192809
-599.999999,1000,143.890769
-600.0,1000,148.516209
-599.999618,1000,153.363093
-595.005349,1000,158.090725
-575.52175,1000,162.723123
-599.974358,1000,167.277069
-598.72151,1000,171.934694
-599.546069,1000,176.479164
-599.398606,1000,181.068366
-599.999925,1000,185.551371
-599.999376,1000,190.221741
-599.999997,1000,194.84666
-600.0,1000,199.409055
-597.398241,1000,203.951089
-599.999515,1000,208.668174
-599.999997,1000,213.270189
-600.0,1000,217.882691
-591.432387,1000,222.574552
-600.0,1000,227.326157
-598.125724,1000,231.908363
-600.0,1000,236.625457
-599.999974,1000,241.217012
-594.660019,1000,246.10199
-599.921632,1000,250.653395
-599.966103,1000,255.277342
-599.989206,1000,259.801603
-592.315448,1000,264.449717
-600.0,1000,268.987512
-599.999999,1000,273.619526
-572.856712,1000,278.161426
-597.197086,1000,282.990404
-594.005835,1000,287.708383
-599.614659,1000,292.589385
-599.557066,1000,297.155456
-596.313847,1000,301.860677
-599.792377,1000,306.548953
-588.260882,1000,311.240345
-599.999853,1000,316.069278
-586.980487,1000,321.94886
-600.0,1000,327.493002
-597.032959,1000,332.569918
-599.88172,1000,337.237605
-599.585435,1000,342.489912
-597.176621,1000,347.259596
-599.78217,1000,353.204459
-599.999913,1000,358.298111
-599.326088,1000,364.155914
-599.940895,1000,369.720492
-586.367329,1000,374.618393
-599.999994,1000,379.543483
-600.0,1000,385.443615
-580.73369,1000,391.140184
-599.999999,1000,397.061097
-599.985155,1000,402.354506
-599.395551,1000,407.776477
-599.683561,1000,412.718762
-564.139517,1000,418.476855
-591.321233,1000,423.850819
-599.911136,1000,428.833882
-599.999996,1000,433.422069
-599.956766,1000,438.384163
-600.0,1000,443.552618
-597.429931,1000,449.139947
-598.924068,1000,454.547913
-586.525792,1000,460.119863
-577.001434,1000,465.492527
-599.998745,1000,471.089665
-580.102928,1000,476.198745
-600.0,1000,481.309525
-593.139885,1000,486.589091
-599.999815,1000,492.092959
-599.976189,1000,497.424377
-599.859517,1000,502.972066
-598.100637,1000,507.613251
-599.8016,1000,513.331205
-597.450107,1000,518.238487
-599.999994,1000,522.977776
-599.893228,1000,528.295828
-599.999993,1000,534.231909
-599.998785,1000,539.781719
-591.166995,1000,545.460174
-599.685626,1000,550.841753
-569.340841,1000,555.877305
-599.445412,1000,561.189166
-599.857476,1000,566.812802
-599.998725,1000,572.207891
-599.956679,1000,577.867667
-599.99983,1000,583.300576
-599.955445,1000,588.986579
-592.870777,1000,594.163113
-599.899547,1000,599.453369
-596.835106,1000,604.965603
-598.639649,1000,610.716937
-599.992602,1000,616.275388
-579.984163,1000,621.480368
-584.528834,1000,626.803318
-599.999993,1000,631.696842
-598.574442,1000,636.438112
-575.569185,1000,642.158538
-599.042792,1000,647.561062
-597.69987,1000,653.248876
-575.988911,1000,658.704842
-599.998744,1000,663.770336
-599.999888,1000,669.249171
-600.0,1000,675.016219
-581.572131,1000,679.767707
-600.0,1000,685.789145
-599.951573,1000,691.259559
-588.220421,1000,697.130318
-599.999943,1000,702.696067
-599.032837,1000,708.39229
-599.999985,1000,713.80262
-600.0,1000,719.530714
-599.909982,1000,725.066185
-599.97259,1000,730.925823
-600.0,1000,736.501699
-599.849547,1000,742.449071
-598.625431,1000,748.065547
-599.999951,1000,753.301829
-599.903163,1000,758.724042
-599.997875,1000,764.236396
-595.982228,1000,769.886809
-599.99963,1000,775.887206
-599.606968,1000,781.598809
-599.989801,1000,787.553603
-599.999684,1000,793.570531
-575.354877,1000,799.317325
-599.923756,1000,804.130706
-573.037847,1000,809.277707
-598.292574,1000,815.012594
-599.955039,1000,821.68721
-599.458578,1000,827.380435
-599.993805,1000,832.65421
-589.101794,1000,838.390152
-599.921932,1000,844.426721
-598.244119,1000,850.033869
-599.738525,1000,855.974139
-597.047008,1000,861.696403
-599.284554,1000,867.702622
-570.141771,1000,873.455285
-599.901408,1000,879.086621
-600.0,1000,884.424005
-600.0,1000,890.572691
-581.604262,1000,896.352495
-599.96206,1000,902.035436
-599.965862,1000,907.537225
-599.996274,1000,912.86955
-600.0,1000,918.532686
-582.470548,1000,924.150857
-600.0,1000,929.440895
-596.010055,1000,935.245148
-595.96262,1000,940.973594
-599.993884,1000,947.009486
-598.458576,1000,952.003202
-599.999999,1000,957.948269
-599.962161,1000,962.876911
-600.0,1000,969.069584
-588.561466,1000,973.911491
-599.999396,1000,979.368796
-599.972652,1000,985.199531
-599.999958,1000,991.235641
-599.534828,1000,996.333645
-600.0,1000,1002.55152
-597.404622,1000,1007.515295
-599.999991,1000,1013.675179
-599.67984,1000,1019.137551
-599.899797,1000,1024.469355
-599.79747,1000,1029.815403
-599.978602,1000,1035.78959
-600.0,1000,1041.018118
-595.971645,1000,1046.505788
-548.060753,1000,1051.8796
-578.780987,1000,1057.72046
-599.999997,1000,1062.843697
-599.848838,1000,1068.564773
-599.99976,1000,1073.287094
-598.502606,1000,1078.355927
-600.0,1000,1083.045796
-600.0,1000,1088.250698
-593.672744,1000,1093.017179
-599.337744,1000,1098.595104
-595.662486,1000,1103.228668
-594.671965,1000,1108.265343
-600.0,1000,1112.838929
-599.602267,1000,1117.802074
-585.614812,1000,1122.268064
-599.827144,1000,1127.209174
-599.842605,1000,1131.714434
-598.907523,1000,1136.613125
-600.0,1000,1141.087629
-599.925228,1000,1145.99124
-598.764013,1000,1150.440216
-597.521831,1000,1155.329332
-595.264955,1000,1159.779816
-599.937338,1000,1164.707791
-600.0,1000,1169.242513
-600.0,1000,1174.183302
-599.397484,1000,1178.711842
-599.993665,1000,1183.586143
-600.0,1000,1187.976669
-596.757227,1000,1192.942852
-599.777227,1000,1197.371473
-580.0077,1000,1202.227018
-581.277773,1000,1206.754622
-587.210739,1000,1211.715036
-599.907335,1000,1216.249775
-584.03269,1000,1221.460073
-599.87375,1000,1225.981174
-582.419541,1000,1230.950595
-599.872285,1000,1235.468073
-599.859379,1000,1240.502898
-599.603459,1000,1244.975626
-599.998619,1000,1249.941149
-594.675726,1000,1254.398515
-599.999734,1000,1259.373763
-600.0,1000,1263.868729
-597.865444,1000,1268.761225
-598.269848,1000,1273.22668
-599.999997,1000,1278.174124
-600.0,1000,1282.649394
-599.858174,1000,1287.636275
-599.821904,1000,1292.17445
-600.0,1000,1297.273776
-599.999926,1000,1301.787008
-599.067367,1000,1306.933266
-599.999559,1000,1311.497659
-600.0,1000,1316.554133
-599.978385,1000,1321.141814
-599.986536,1000,1326.159296
-599.96837,1000,1330.628909
-599.099512,1000,1335.721703
-599.98987,1000,1340.291915
-598.193909,1000,1345.300965
-599.955416,1000,1349.721334
-599.585218,1000,1354.751993
-600.0,1000,1359.295222
-600.0,1000,1364.461683
-597.499493,1000,1369.122772
-593.380774,1000,1374.335483
-600.0,1000,1378.97998
-600.0,1000,1384.182124
-599.99989,1000,1388.778647
-599.987044,1000,1393.89248
-599.837443,1000,1398.486425
-599.998302,1000,1403.614195
-598.441514,1000,1408.202114
-599.999799,1000,1413.403306
-599.549831,1000,1418.058102
-599.331435,1000,1423.248502
-599.999998,1000,1427.863479
-599.403968,1000,1433.118834
-599.900314,1000,1437.790003
-599.999979,1000,1443.130778
-592.858026,1000,1447.840197
-599.943076,1000,1453.126581
-600.0,1000,1457.855991
-599.999908,1000,1463.143505
-598.974146,1000,1467.831811
-599.603833,1000,1473.097169
-584.33427,1000,1478.286886
-599.999999,1000,1484.349684
-595.192725,1000,1489.367781
-600.0,1000,1494.627524
-596.017793,1000,1499.668742
-599.940657,1000,1505.077868
-600.0,1000,1509.84236
-599.832205,1000,1515.395195
-600.0,1000,1520.478407
-600.0,1000,1525.941914
-599.999997,1000,1530.845863
-597.263056,1000,1536.85191
-599.999981,1000,1541.736042
-594.790287,1000,1547.323896
-599.83382,1000,1552.321051
-600.0,1000,1558.640592
-600.0,1000,1564.223203
-599.133611,1000,1569.945371
-599.978422,1000,1575.168917
-599.082155,1000,1580.635413
-599.694095,1000,1585.431911
-599.939416,1000,1591.849547
-599.999987,1000,1597.307668
-599.956591,1000,1603.385512
-598.477522,1000,1608.888294
-586.099849,1000,1614.408552
-596.911495,1000,1619.295949
-599.999247,1000,1624.835093
-599.811366,1000,1630.6047
-599.999999,1000,1636.677368
-599.43869,1000,1641.742042
-592.688685,1000,1648.091093
-599.997815,1000,1653.019094
-599.993069,1000,1659.044273
-594.96556,1000,1664.491367
-599.999987,1000,1670.055038
-600.0,1000,1675.828456
-599.998774,1000,1681.596901
-599.943943,1000,1687.124176
-600.0,1000,1692.941049
-599.999996,1000,1698.564094
-598.257708,1000,1704.866948
-598.324013,1000,1710.553914
-600.0,1000,1716.605201
-600.0,1000,1721.49792
-599.999988,1000,1727.207006
-599.917209,1000,1732.394164
-587.211378,1000,1738.687002
-599.960924,1000,1743.769828
-599.868936,1000,1750.188088
-596.713768,1000,1755.653673
-600.0,1000,1761.881675
-600.0,1000,1767.557763
-600.0,1000,1773.931728
-599.999048,1000,1779.59823
-599.906492,1000,1785.937368
-599.685544,1000,1791.555886
-600.0,1000,1797.808621
-596.206009,1000,1803.308199
-600.0,1000,1809.463196
-599.816194,1000,1814.417332
-599.59426,1000,1820.065176
-600.0,1000,1825.890851
-599.898857,1000,1831.764724
-599.747251,1000,1837.091483
-598.898581,1000,1843.329443
-598.21471,1000,1848.962785
-599.92748,1000,1854.674991
-600.0,1000,1860.048411
-599.998986,1000,1865.578975
-600.0,1000,1871.270313
-600.0,1000,1877.570472
-599.928997,1000,1883.219452
-599.052863,1000,1889.585376
-599.999926,1000,1895.274375
-599.996448,1000,1901.359098
-599.983201,1000,1907.244504
-599.999999,1000,1913.783013
-599.833004,1000,1919.570717
-600.0,1000,1925.877347
-599.999964,1000,1930.987595
-600.0,1000,1937.234153
-590.297895,1000,1942.944323
-589.64335,1000,1949.461635
-596.864178,1000,1954.8516
-599.999925,1000,1961.068391
-599.997454,1000,1966.029488
-593.546328,1000,1972.697709
-600.0,1000,1978.223535
-599.999997,1000,1984.490411
-600.0,1000,1990.209996
-599.948672,1000,1996.688034
-600.0,1000,2002.473703
-599.946471,1000,2008.898672
-600.0,1000,2014.658558
-600.0,1000,2021.196129
-599.56138,1000,2027.085628
-597.356739,1000,2033.687831
-599.999925,1000,2039.481961
-599.999113,1000,2046.058911
-598.97529,1000,2051.846235
-600.0,1000,2058.377883
-599.730963,1000,2063.697526
-599.825583,1000,2070.344299
-600.0,1000,2076.091041
-599.999999,1000,2082.608546
-573.704962,1000,2088.465195
-600.0,1000,2095.211245
-599.999996,1000,2101.428138
-600.0,1000,2107.675684
-600.0,1000,2113.387649
-600.0,1000,2120.077353
-600.0,1000,2125.828736
-599.941919,1000,2131.792386
-600.0,1000,2137.446188
-599.89643,1000,2143.934002
-599.815808,1000,2149.605871
-577.608669,1000,2156.042457
-600.0,1000,2161.499408
-597.240134,1000,2167.787551
-599.999995,1000,2173.492596
-599.999988,1000,2179.938416
-600.0,1000,2185.624675
-599.927678,1000,2192.320398
-600.0,1000,2197.28315
-599.998305,1000,2203.955504
-599.468272,1000,2209.682432
-600.0,1000,2216.274652
-599.906296,1000,2222.176055
-599.65746,1000,2228.901499
-599.988896,1000,2234.801178
-599.999536,1000,2241.39398
-599.996897,1000,2247.082724
-600.0,1000,2253.634977
-594.113048,1000,2258.877237
-599.880757,1000,2265.545516
-597.813459,1000,2271.288824
-599.998539,1000,2277.885929
-600.0,1000,2283.569985
-599.999999,1000,2289.896273
-588.965479,1000,2295.980248
-599.916897,1000,2302.57921
-599.633747,1000,2308.413394
-599.999999,1000,2315.128482
-600.0,1000,2320.915367
-598.964798,1000,2327.554346
-595.342984,1000,2332.71847
-600.0,1000,2339.457748
-599.99858,1000,2345.21577
-599.920437,1000,2351.859868
-598.283676,1000,2357.726576
-600.0,1000,2364.361367
-599.951049,1000,2370.061117
-599.785299,1000,2376.804191
-600.0,1000,2382.704535
-599.860311,1000,2388.658463
-599.865807,1000,2394.605555
-599.998583,1000,2401.193842
-599.973058,1000,2406.857923
-599.960245,1000,2412.868119
-599.708678,1000,2418.375012
-598.088714,1000,2425.117931
-599.999703,1000,2430.925552
-593.563999,1000,2437.677121
-597.188739,1000,2443.201913
-597.423648,1000,2449.067607
-599.816086,1000,2454.114248
-599.826067,1000,2460.822585
-599.999984,1000,2466.376626
-599.897192,1000,2473.086062
-590.194546,1000,2478.887551
-599.900007,1000,2485.625317
-597.735886,1000,2491.323331
-599.918715,1000,2497.901804
-600.0,1000,2503.640546
-599.999983,1000,2510.307919
-599.997294,1000,2515.599954
-599.999504,1000,2521.975262
-586.299356,1000,2527.39221
-599.930013,1000,2534.111824
-588.865128,1000,2539.863723
-600.0,1000,2546.580967
-599.998277,1000,2551.834167
-599.978754,1000,2558.373067
-599.999999,1000,2564.065594
-598.543898,1000,2570.79417
-584.656054,1000,2576.580475
-600.0,1000,2583.748763
-599.999961,1000,2589.560821
-591.645221,1000,2596.311453
-599.873755,1000,2602.158837
-599.999791,1000,2608.839887
-600.0,1000,2614.623646
-590.76529,1000,2621.38567
-599.735472,1000,2627.405367
-588.877634,1000,2634.284148
-600.0,1000,2640.126054
-599.999269,1000,2646.889605
-599.996631,1000,2652.65797
-599.476226,1000,2659.452
-599.985123,1000,2665.371487
-599.387144,1000,2672.118704
-595.587577,1000,2677.873419
-599.773736,1000,2684.476736
-599.804269,1000,2690.191408
-599.99157,1000,2696.996796
-600.0,1000,2702.813385
-599.782264,1000,2709.662375
-599.999643,1000,2715.048135
-599.999927,1000,2722.046405
-596.087428,1000,2727.859344
-600.0,1000,2734.634306
-599.81047,1000,2740.508841
-599.989423,1000,2747.350169
-599.999992,1000,2753.178081
-600.0,1000,2760.079343
-600.0,1000,2765.957826
-599.567231,1000,2772.812443
-599.990566,1000,2778.621545
-599.999034,1000,2785.456443
-599.996841,1000,2791.313289
-576.674878,1000,2798.21436
-590.886916,1000,2803.951151
-599.991426,1000,2810.869239
-589.469132,1000,2816.71836
-599.999985,1000,2823.484932
-593.395437,1000,2829.370457
-599.997348,1000,2836.441403
-599.681638,1000,2842.405255
-598.636042,1000,2849.407268
-599.941736,1000,2855.364934
-599.998525,1000,2862.413076
-583.215839,1000,2868.353567
-599.421652,1000,2875.311064
-588.934604,1000,2881.136254
-587.136655,1000,2888.177314
-600.0,1000,2894.213981
-599.999988,1000,2901.265541
-599.394881,1000,2907.25597
-599.99924,1000,2914.307201
-600.0,1000,2920.257191
-595.401499,1000,2927.284467
-600.0,1000,2933.355662
-598.007178,1000,2940.075315
-599.997124,1000,2945.151712
-599.958407,1000,2952.084671
-595.966477,1000,2957.861124
-599.841683,1000,2964.491218
-599.894103,1000,2970.054359
-599.999817,1000,2976.225586
-599.995572,1000,2981.907921
-600.0,1000,2988.888122
-599.89165,1000,2994.586444
-599.458609,1000,3001.555438
-599.758948,1000,3007.344165
-600.0,1000,3013.846912
-599.999651,1000,3019.737362
-599.961857,1000,3026.315016
-599.018972,1000,3031.860113
-589.194222,1000,3038.779091
-597.39872,1000,3044.607551
-597.205492,1000,3051.557776
-599.999538,1000,3057.293547
-598.132138,1000,3063.791868
-599.999579,1000,3069.746137
-597.843211,1000,3076.697196
-599.997295,1000,3082.513375
-599.912895,1000,3089.447282
-599.721115,1000,3095.243793
-599.79883,1000,3102.178706
-599.912274,1000,3107.963867
-595.696277,1000,3114.828979
-599.808828,1000,3120.562454
-599.980143,1000,3127.515251
-594.691196,1000,3133.304376
-599.762559,1000,3140.266356
-599.97759,1000,3146.059489
-596.997439,1000,3152.670263
-599.850741,1000,3158.571163
-599.971793,1000,3165.571636
-598.078103,1000,3171.389731
-600.0,1000,3178.427575
-600.0,1000,3184.315041
-600.0,1000,3191.31613
-599.880165,1000,3197.190131
-599.999621,1000,3204.181017
-599.688124,1000,3209.962272
-599.999811,1000,3216.878967
-599.547036,1000,3222.691487
-599.997725,1000,3229.034257
-599.48965,1000,3235.017307
-598.359858,1000,3241.904633
-600.0,1000,3247.219344
-600.0,1000,3254.393215
-599.999973,1000,3260.283208
-599.995888,1000,3267.35891
-600.0,1000,3273.242544
-598.225547,1000,3280.316091
-599.344289,1000,3286.19885
-596.452695,1000,3293.322766
-598.78629,1000,3299.280589
-599.984535,1000,3306.463791
-599.96652,1000,3312.397917
-598.046668,1000,3319.415509
-599.993828,1000,3325.301941
-599.99997,1000,3331.866825
-599.997035,1000,3337.738532
-578.464184,1000,3344.750741
-599.922051,1000,3350.702895
-599.999997,1000,3357.891376
-599.999899,1000,3363.908344
-589.84048,1000,3370.602169
-599.899654,1000,3375.879697
-573.024497,1000,3383.11693
-599.999103,1000,3389.283119
-599.933452,1000,3396.514771
-599.977941,1000,3402.122997
-600.0,1000,3408.506529
-599.98721,1000,3414.479576
-599.90879,1000,3421.633187
-596.521892,1000,3427.011757
-599.991746,1000,3434.342411
-599.910593,1000,3439.5268
-599.476374,1000,3446.697822
-599.999938,1000,3452.546009
-599.98131,1000,3459.709184
-599.314573,1000,3464.925066
-599.996838,1000,3472.098335
-599.901027,1000,3478.044103
-599.999561,1000,3485.120519
-600.0,1000,3491.331667
-599.933109,1000,3498.509219
-600.0,1000,3504.083321
-599.997028,1000,3511.109614
-599.999245,1000,3516.96643
-599.999925,1000,3524.117383
-592.200431,1000,3530.011675
-600.0,1000,3537.120018
-599.999584,1000,3542.988618
-599.970586,1000,3550.169953
-599.890936,1000,3556.088531
-599.998003,1000,3563.257241
-600.0,1000,3569.148186
-599.999974,1000,3576.305347
-600.0,1000,3582.167073
-599.932119,1000,3589.292405
-599.842375,1000,3595.225783
-599.999997,1000,3602.118816
-599.999885,1000,3607.982089
-599.866639,1000,3615.124755
-598.842429,1000,3621.061122
-599.360522,1000,3628.116091
-593.157573,1000,3633.940813
-599.998761,1000,3640.982273
-596.925014,1000,3646.823519
-599.999606,1000,3653.353851
-600.0,1000,3659.34411
-590.061368,1000,3666.503035
-600.0,1000,3672.429414
-599.990937,1000,3679.642618
-599.886166,1000,3684.917193
-598.524587,1000,3692.263098
-599.999809,1000,3698.177966
-599.999994,1000,3705.408401
-598.025925,1000,3710.944214
-600.0,1000,3717.851043
-599.829849,1000,3723.529107
-600.0,1000,3730.829257
-586.766098,1000,3736.67521
-598.938745,1000,3743.826402
-592.05901,1000,3749.823827
-599.982813,1000,3757.116978
-599.999988,1000,3763.051337
-599.193648,1000,3769.848061
-599.659442,1000,3775.415449
-599.589264,1000,3782.585245
-596.216525,1000,3788.536642
-600.0,1000,3795.779531
-588.867459,1000,3801.749127
-599.941216,1000,3809.028582
-599.999954,1000,3814.919485
-592.981102,1000,3822.148503
-599.898582,1000,3827.983599
-600.0,1000,3835.460573
-599.680233,1000,3840.984638
-599.928682,1000,3848.400046
-596.071496,1000,3854.262374
-596.305443,1000,3861.456538
-599.898712,1000,3867.385857
-599.999921,1000,3874.567911
-599.99968,1000,3880.264552
-597.361574,1000,3887.477256
-597.214322,1000,3893.444842
-599.46061,1000,3900.726684
-591.551413,1000,3906.540542
-595.49733,1000,3913.359387
-600.0,1000,3918.685872
-595.669966,1000,3926.487902
-599.9736,1000,3932.630167
-600.0,1000,3939.858811
-599.502307,1000,3945.705261
-599.977615,1000,3952.944137
-599.999993,1000,3958.83354
-600.0,1000,3966.12041
-599.87105,1000,3971.990486
-599.900218,1000,3979.325697
-598.629839,1000,3985.126773
-597.544758,1000,3992.430039
-599.663436,1000,3998.480242
-598.99549,1000,4005.681269
-599.999839,1000,4012.050318
-599.973501,1000,4019.372353
-599.65122,1000,4025.286509
-599.354842,1000,4032.617463
-599.456935,1000,4038.37015
-599.924141,1000,4045.403239
-590.861958,1000,4051.440091
-599.943423,1000,4059.355529
-599.910583,1000,4065.158058
-587.886963,1000,4072.388552
-599.205581,1000,4078.204251
-600.0,1000,4085.882276
-599.999961,1000,4091.921223
-584.501712,1000,4099.186497
-599.90554,1000,4105.165472
-599.999992,1000,4112.598318
-599.977895,1000,4118.140712
-599.998307,1000,4125.518815
-599.857435,1000,4131.553833
-599.99443,1000,4138.808698
-600.0,1000,4144.379222
-598.03137,1000,4151.823765
-595.973175,1000,4157.772614
-599.978473,1000,4165.122289
-599.916941,1000,4171.088675
-599.463411,1000,4178.422658
-599.999583,1000,4184.375244
-597.130452,1000,4191.799685
-599.626892,1000,4197.941479
-599.929279,1000,4205.71279
-599.970129,1000,4211.410991
-599.102189,1000,4218.664015
-586.100409,1000,4224.529602
-598.980855,1000,4231.970393
-600.0,1000,4237.997339
-600.0,1000,4244.916337
-600.0,1000,4250.933489
-589.15796,1000,4258.247853
-599.999947,1000,4264.071892
-599.329868,1000,4271.472144
-599.983559,1000,4277.350593
-599.997854,1000,4284.73771
-599.99981,1000,4290.762249
-599.247189,1000,4298.18103
-599.766066,1000,4304.169887
-600.0,1000,4311.591523
-599.908635,1000,4317.478985
-600.0,1000,4324.793486
-599.056691,1000,4330.733657
-599.99999,1000,4338.061373
-599.714971,1000,4344.18831
-599.999772,1000,4351.626363
-598.585108,1000,4357.633415
-599.964923,1000,4365.195081
-594.961766,1000,4371.200441
-599.970283,1000,4378.644993
-597.859166,1000,4384.487219
-599.990776,1000,4391.924714
-597.436738,1000,4397.89195
-598.230698,1000,4405.342962
-600.0,1000,4410.970851
-599.994154,1000,4418.58094
-598.904291,1000,4424.554228
-600.0,1000,4432.206506
-599.909125,1000,4438.303626
-600.0,1000,4445.83665
-599.99998,1000,4451.936628
-599.722108,1000,4459.521971
-600.0,1000,4465.676054
-600.0,1000,4473.100268
-600.0,1000,4479.266681
-599.955227,1000,4486.302291
-599.993481,1000,4492.253216
-599.999999,1000,4499.090397
-599.605425,1000,4505.18603
-596.301834,1000,4512.723695
-599.987207,1000,4518.506264
-581.236798,1000,4525.680478
-600.0,1000,4531.741104
-599.99944,1000,4539.425848
-600.0,1000,4545.379006
-600.0,1000,4552.545365
-599.652361,1000,4558.222419
-599.991706,1000,4565.656251
-599.687622,1000,4570.848425
-599.974613,1000,4578.446623
-600.0,1000,4584.290702
-599.635373,1000,4591.698608
-599.99891,1000,4597.687537
-599.969541,1000,4605.118651
-599.995601,1000,4611.041155
-600.0,1000,4618.490212
-599.9999,1000,4624.428053
-599.999334,1000,4631.866838
-600.0,1000,4637.743335
-599.706388,1000,4645.167455
-599.886776,1000,4651.053167
-599.900117,1000,4658.50205
-600.0,1000,4664.43193
-598.826959,1000,4672.00678
-600.0,1000,4677.938224
-599.980707,1000,4684.940969
-598.777961,1000,4690.77177
-600.0,1000,4698.434614
-599.918876,1000,4704.432557
-599.999476,1000,4712.007853
-598.145831,1000,4718.038923
-594.353042,1000,4725.633614
-600.0,1000,4731.487978
-599.146354,1000,4738.987638
-587.760415,1000,4744.537773
-600.0,1000,4751.933114
-600.0,1000,4757.880999
-599.984034,1000,4765.464559
-599.987039,1000,4771.473953
-599.972143,1000,4778.99531
-600.0,1000,4784.97914
-599.583084,1000,4792.564131
-599.942701,1000,4798.632297
-599.999969,1000,4806.275121
-599.999159,1000,4812.286725
-600.0,1000,4819.889964
-586.640045,1000,4825.91779
-599.994831,1000,4833.693011
-600.0,1000,4839.730879
-598.666895,1000,4847.44375
-599.988026,1000,4853.506429
-599.999998,1000,4861.128933
-600.0,1000,4867.110224
-599.850566,1000,4875.40936
-599.999552,1000,4881.745587
-599.999963,1000,4889.423767
-599.642071,1000,4895.513951
-599.989131,1000,4903.057035
-590.456555,1000,4909.132077
-599.898071,1000,4916.759382
-591.927323,1000,4922.695685
-600.0,1000,4930.594808
-599.304296,1000,4936.67248
-578.103698,1000,4944.381984
-600.0,1000,4950.436898
-600.0,1000,4958.170764
-599.999947,1000,4964.276434
-600.0,1000,4971.938822
-592.83397,1000,4978.252995
-600.0,1000,4986.232973
-599.851415,1000,4991.799132
-599.996064,1000,4999.638391
-600.0,1000,5005.632733
-600.0,1000,5013.370366
-599.711887,1000,5018.944635
-600.0,1000,5026.359653
-599.154894,1000,5032.344062
-600.0,1000,5040.006567
-599.714757,1000,5045.733949
-587.29144,1000,5053.021348
-596.873904,1000,5059.127359
-599.985934,1000,5066.734003
-591.690043,1000,5072.765394
-599.776323,1000,5079.729755
-599.999997,1000,5086.312852
-596.168862,1000,5094.060357
-599.906432,1000,5100.17654
-599.999781,1000,5108.041752
-591.520118,1000,5114.171901
-600.0,1000,5121.85205
-599.694688,1000,5127.830613
-599.90331,1000,5135.504745
-599.89563,1000,5141.528924
-599.999996,1000,5149.323329
-599.99941,1000,5155.369391
-599.889685,1000,5163.215269
-600.0,1000,5169.296183
-599.999404,1000,5176.937923
-599.999933,1000,5182.397678
-599.893798,1000,5189.500587
-599.90347,1000,5195.626942
-598.637811,1000,5203.346603
-600.0,1000,5209.298634
-593.070151,1000,5216.895668
-599.953462,1000,5222.848684
-599.599143,1000,5230.534344
-600.0,1000,5236.616812
-600.0,1000,5244.303121
-599.933463,1000,5250.453258
-599.281081,1000,5258.206277
-597.54938,1000,5264.312562
-599.777626,1000,5272.090896
-599.999806,1000,5278.512655
-586.196434,1000,5286.325468
-600.0,1000,5292.363643
-599.997976,1000,5300.076878
-599.919532,1000,5306.058668
-599.996606,1000,5313.904534
-599.206256,1000,5319.96741
-599.999898,1000,5327.761503
-600.0,1000,5333.757896
-599.900472,1000,5341.282419
-599.896107,1000,5347.078007
-599.910737,1000,5354.8368
-599.999953,1000,5360.839705
-599.901091,1000,5368.22847
-600.0,1000,5374.351234
-598.677172,1000,5382.547789
-586.319791,1000,5388.64405
-600.0,1000,5396.580409
-599.999997,1000,5402.768429
-599.936277,1000,5410.596396
-580.552051,1000,5416.680161
-599.999549,1000,5424.123201
-594.655672,1000,5430.101797
-599.852381,1000,5437.955804
-599.992875,1000,5444.053972
-591.351782,1000,5451.993754
-599.984553,1000,5458.096715
-600.0,1000,5465.993803
-599.999949,1000,5472.054674
-600.0,1000,5479.985322
-599.946174,1000,5485.490908
-599.99999,1000,5493.469984
-600.0,1000,5498.936771
-591.279292,1000,5506.963551
-599.999854,1000,5512.991183
-599.886472,1000,5520.901158
-599.999999,1000,5526.910923
-600.0,1000,5534.801519
-599.899975,1000,5540.864411
-599.685496,1000,5548.723383
-599.999103,1000,5554.873525
-599.854061,1000,5562.824606
-599.951534,1000,5568.847232
-591.285787,1000,5576.853252
-599.999096,1000,5582.901527
-598.105946,1000,5590.782435
-599.858381,1000,5596.865956
-600.0,1000,5604.807263
-600.0,1000,5610.953282
-600.0,1000,5618.91169
-600.0,1000,5624.98587
-599.999893,1000,5632.914005
-579.918316,1000,5639.000454
-600.0,1000,5647.01599
-599.999056,1000,5652.994876
-598.502914,1000,5660.768583
-599.949056,1000,5666.322947
-599.932321,1000,5675.070244
-596.840321,1000,5681.717442
-600.0,1000,5689.109173
-599.906567,1000,5695.325957
-597.394885,1000,5703.317961
-599.896659,1000,5709.453327
-590.131264,1000,5717.323825
-599.986681,1000,5723.101034
-599.997371,1000,5730.953907
-599.862407,1000,5737.124602
-599.943751,1000,5745.072181
-600.0,1000,5751.211526
-600.0,1000,5759.164772
-600.0,1000,5765.14861
-599.44957,1000,5773.045978
-599.910485,1000,5779.145331
-599.999997,1000,5787.211865
-600.0,1000,5793.21468
-599.929209,1000,5801.312407
-589.706018,1000,5807.389735
-600.0,1000,5815.316231
-599.999087,1000,5821.295583
-599.999999,1000,5829.351083
-576.612645,1000,5835.385429
-589.898525,1000,5843.318856
-600.0,1000,5849.271595
-599.984339,1000,5857.188886
-597.895249,1000,5863.240236
-600.0,1000,5871.19839
-600.0,1000,5877.171258
-599.998136,1000,5885.180545
-599.934853,1000,5891.337698
-599.903615,1000,5899.399021
-599.951443,1000,5905.607076
-599.988171,1000,5913.783679
-599.262267,1000,5919.979387
-599.980498,1000,5927.474358
-599.651314,1000,5932.810389
-599.447884,1000,5940.949739
-598.504919,1000,5946.978245
-591.739981,1000,5955.000489
-599.590651,1000,5960.59961
-600.0,1000,5968.808252
-599.837049,1000,5974.90531
-599.879143,1000,5982.994909
-594.533005,1000,5988.970299
-600.0,1000,5997.074435
-594.780935,1000,6003.150663
-599.960325,1000,6011.297169
-597.309814,1000,6017.375578
-593.634047,1000,6025.50404
-599.997869,1000,6030.985467
-599.805609,1000,6038.841458
-599.999998,1000,6045.005594
-600.0,1000,6053.194051
-591.851083,1000,6059.345486
-595.468218,1000,6067.400631
-600.0,1000,6073.473483
-591.225535,1000,6081.626408
-600.0,1000,6087.826923
-599.999999,1000,6095.9775
-599.800178,1000,6102.031806
-600.0,1000,6110.077515
-600.0,1000,6115.826601
-600.0,1000,6123.266202
-596.426494,1000,6129.385599
-599.986741,1000,6137.528117
-594.970695,1000,6143.2042
-599.578781,1000,6151.513209
-599.960651,1000,6157.578464
-600.0,1000,6165.735802
-599.996208,1000,6171.740707
-599.999894,1000,6179.825666
-599.999999,1000,6185.86045
-587.470441,1000,6194.105758
-600.0,1000,6200.277416
-595.065125,1000,6208.551823
-599.962789,1000,6214.689204
-600.0,1000,6222.834146
-600.0,1000,6228.877409
-599.968348,1000,6236.962316
-598.049439,1000,6243.021058
-599.999968,1000,6250.780831
-599.999014,1000,6256.261827
-599.922082,1000,6264.547029
-598.673284,1000,6270.63286
-599.999972,1000,6278.879289
-600.0,1000,6285.064061
-599.947258,1000,6293.272573
-599.905039,1000,6299.505853
-599.472231,1000,6307.489041
-599.98606,1000,6313.405105
-599.999991,1000,6321.610233
-599.944989,1000,6327.768525
-599.470755,1000,6335.939759
-599.903322,1000,6341.528117
-599.99846,1000,6349.145099
-599.90118,1000,6355.656458
-600.0,1000,6363.845925
-599.999382,1000,6369.979032
-598.961604,1000,6377.411111
-600.0,1000,6383.545982
-589.688212,1000,6391.730917
-599.845082,1000,6397.903544
-599.887324,1000,6406.025321
-599.999797,1000,6411.588678
-599.308977,1000,6419.744764
-600.0,1000,6425.722858
-597.831455,1000,6433.886094
-599.853293,1000,6439.926342
-599.80178,1000,6448.192413
-599.954247,1000,6454.250315
-599.244944,1000,6462.977823
-599.999996,1000,6469.452857
-599.942988,1000,6477.73265
-599.789934,1000,6484.02211
-599.938643,1000,6492.753276
-600.0,1000,6499.022396
-589.921919,1000,6507.389519
-599.98788,1000,6513.604113
-599.963727,1000,6521.790931
-597.869556,1000,6527.906758
-600.0,1000,6536.147729
-597.780585,1000,6542.246363
-600.0,1000,6550.108052
-599.909146,1000,6556.292844
-599.907959,1000,6564.524925
-580.122911,1000,6570.549685
-598.858341,1000,6578.293345
-599.406217,1000,6584.205201
-600.0,1000,6592.57763
-599.99955,1000,6598.726735
-599.468928,1000,6607.098658
-599.980222,1000,6613.265633
-599.999868,1000,6621.660967
-600.0,1000,6627.875971
-600.0,1000,6636.342858
-599.865362,1000,6642.599405
-598.970682,1000,6650.963829
-599.995965,1000,6657.185738
-599.931433,1000,6665.550981
-599.744959,1000,6671.808505
-599.999918,1000,6680.245908
-594.239883,1000,6686.535112
-599.775006,1000,6694.981533
-591.836588,1000,6701.310348
-599.78124,1000,6709.748858
-599.999981,1000,6716.146829
-599.99538,1000,6724.658316
-600.0,1000,6730.970642
-599.999999,1000,6739.517531
-587.929777,1000,6745.805283
-599.996999,1000,6754.207054
-599.97689,1000,6760.507415
-587.470849,1000,6769.020858
-599.993895,1000,6775.337759
-599.997564,1000,6783.951093
-600.0,1000,6790.232767
-599.829426,1000,6798.720721
-599.998166,1000,6805.038499
-599.911871,1000,6813.6
-592.460052,1000,6819.999029
-599.947153,1000,6828.477971
-598.735416,1000,6835.313829
-599.117056,1000,6843.811761
-598.504745,1000,6850.160329
-599.996648,1000,6858.592434
-599.919347,1000,6864.358143
-599.999826,1000,6872.097269
-600.0,1000,6878.472681
-599.997614,1000,6886.896069
-599.894117,1000,6893.088512
-597.580506,1000,6901.595076
-599.999902,1000,6907.749321
-599.999947,1000,6915.703351
-599.378679,1000,6921.990175
-599.976152,1000,6930.374965
-599.817813,1000,6936.550346
-598.395112,1000,6944.996726
-599.552975,1000,6951.198444
-598.357144,1000,6959.670633
-581.295743,1000,6965.966136
-599.917456,1000,6974.355603
-600.0,1000,6980.028224
-599.999999,1000,6988.523505
402.331399,1000,6994.756868
-599.946528,1000,7003.298439
-586.415547,1000,7009.43491
-599.85771,1000,7017.972694
-599.895691,1000,7024.112166
-599.689316,1000,7032.086321
-599.999907,1000,7038.277189
-600.0,1000,7046.642385
-599.999996,1000,7052.792814
-599.989386,1000,7061.235792
-599.027693,1000,7067.520651
-599.992817,1000,7075.954256
-599.926847,1000,7082.201993
-599.111933,1000,7090.987936
-599.969061,1000,7097.271757
-599.998948,1000,7105.943292
-596.442031,1000,7112.256618
-600.0,1000,7120.875423
-599.999399,1000,7127.253226
-599.127211,1000,7135.829119
-599.999895,1000,7142.070842
-600.0,1000,7150.558835
-599.998861,1000,7156.782334
-599.695259,1000,7165.246534
-599.996451,1000,7171.566331
-595.076407,1000,7180.146985
-594.325074,1000,7186.379452
-599.911461,1000,7194.8981
-599.953421,1000,7201.264264
-599.992073,1000,7209.887064
-599.899997,1000,7216.28161
-590.563208,1000,7224.875161
-599.998321,1000,7231.071837
-599.970984,1000,7239.60955
-600.0,1000,7245.880143
-599.707455,1000,7254.519119
-599.999886,1000,7260.816526
-588.810118,1000,7269.511014
-599.999645,1000,7275.74324
-599.999714,1000,7284.470896
-599.896927,1000,7290.875807
-599.261401,1000,7299.746645
-599.977607,1000,7306.295954
-599.999936,1000,7314.860034
-599.999998,1000,7321.194306
-600.0,1000,7330.372086
-599.999491,1000,7336.746054
-599.684524,1000,7345.237688
-599.735813,1000,7351.600749
-599.154644,1000,7360.365974
-592.166116,1000,7366.849256
-600.0,1000,7375.721752
-599.997903,1000,7382.112839
-599.899798,1000,7390.948071
-598.230298,1000,7397.352303
-597.770347,1000,7406.185757
-595.856728,1000,7412.601985
-599.999994,1000,7421.630416
-599.774852,1000,7428.091678
-598.690624,1000,7436.913277
-599.999892,1000,7443.344981
-599.998726,1000,7452.027038
-599.960293,1000,7458.390378
-597.550852,1000,7466.462839
-600.0,1000,7472.439808
-600.0,1000,7480.855732
-599.999966,1000,7487.147259
-599.91656,1000,7495.875157
-599.999665,1000,7502.823909
-600.0,1000,7511.430742
-598.219942,1000,7517.778116
-599.999991,1000,7526.525836
-599.999767,1000,7532.880055
-599.841848,1000,7541.06949
-600.0,1000,7546.999055
-600.0,1000,7555.777568
-598.737764,1000,7562.114064
-599.999557,1000,7570.844538
-599.982934,1000,7576.400121
-599.99974,1000,7585.637586
-596.793856,1000,7591.987
-582.699946,1000,7600.639304
-599.568425,1000,7606.795497
-598.934421,1000,7615.461285
-599.664984,1000,7621.603961
-600.0,1000,7630.260175
-600.0,1000,7635.904998
-600.0,1000,7644.684144
-591.581496,1000,7650.474744
-594.300716,1000,7659.326227
-599.996349,1000,7665.769553
-599.941133,1000,7674.370336
-589.520514,1000,7681.252849
-599.880519,1000,7690.462298
-598.700034,1000,7696.486178
-584.316101,1000,7704.5086
-599.843099,1000,7710.970617
-599.999969,1000,7718.996858
-599.943302,1000,7725.443392
-599.997861,1000,7734.134385
-599.924166,1000,7740.372527
-599.927551,1000,7748.968484
-599.998017,1000,7755.272435
-599.439817,1000,7763.994066
-600.0,1000,7770.358592
-599.999957,1000,7779.153936
-595.860857,1000,7785.64198
-598.998911,1000,7794.723654
-600.0,1000,7801.016408
-599.900742,1000,7809.8375
-600.0,1000,7816.15679
-600.0,1000,7824.99723
-600.0,1000,7831.284398
-600.0,1000,7840.184553
-599.94976,1000,7846.533201
-599.999822,1000,7855.317035
-588.774234,1000,7861.114585
-599.948599,1000,7869.731837
-582.744524,1000,7876.088001
-600.0,1000,7884.846758
-600.0,1000,7891.194433
-599.870503,1000,7900.04046
-599.9991,1000,7906.38429
-599.231722,1000,7915.000219
-600.0,1000,7921.221133
-600.0,1000,7929.984456
-585.710814,1000,7936.449869
-600.0,1000,7945.273748
-599.901372,1000,7951.561737
-596.306647,1000,7959.787653
-599.999771,1000,7965.990337
-599.999995,1000,7975.355833
-600.0,1000,7982.238562
-599.878525,1000,7991.01221
-600.0,1000,7997.10548
-599.842306,1000,8005.984
-599.912525,1000,8012.314112
-599.964972,1000,8021.211644
-598.246321,1000,8027.551913
-599.999781,1000,8036.307541
-599.663537,1000,8042.520024
-599.999849,1000,8051.293075
-599.99897,1000,8057.647786
-599.999997,1000,8066.458792
-599.999991,1000,8072.877102
-599.934535,1000,8081.288157
-599.725781,1000,8087.73488
-598.358702,1000,8096.507373
-600.0,1000,8102.794431
-599.74832,1000,8111.798588
-599.999998,1000,8118.726611
-598.625518,1000,8128.200956
-594.429042,1000,8134.923775
-599.999946,1000,8143.971586
-599.775411,1000,8150.213872
-599.999397,1000,8159.330798
-599.885921,1000,8165.767317
-599.994497,1000,8174.739816
-599.854993,1000,8181.015216
-599.999985,1000,8190.03867
-599.962259,1000,8196.420647
-599.951225,1000,8205.458095
-599.967132,1000,8211.033247
-585.721258,1000,8220.140043
-599.20297,1000,8226.419646
-595.560451,1000,8234.662878
-599.902913,1000,8241.021734
-600.0,1000,8249.910425
-599.458732,1000,8255.953823
-600.0,1000,8264.391205
-599.999888,1000,8270.786599
-599.999961,1000,8279.494071
-597.18916,1000,8285.095423
-599.999993,1000,8293.329141
-599.999999,1000,8299.367848
-582.066398,1000,8307.678995
-590.60048,1000,8314.023588
-600.0,1000,8322.905226
-589.338242,1000,8329.169961
-599.999961,1000,8337.91551
-599.949708,1000,8344.250696
-599.376428,1000,8353.211424
-592.970266,1000,8359.540573
-599.664578,1000,8368.558182
-599.82912,1000,8374.559376
-599.309878,1000,8383.541199
-593.583683,1000,8389.782235
-598.832705,1000,8398.628223
-599.745028,1000,8405.000919
-600.0,1000,8414.204049
-599.981045,1000,8420.574454
-599.999992,1000,8429.696844
-600.0,1000,8435.900537
-599.80392,1000,8444.947812
-599.980355,1000,8450.607214
-599.99998,1000,8459.635703
-599.999997,1000,8465.966176
-599.913281,1000,8475.119348
-599.999032,1000,8481.415113
-600.0,1000,8490.312269
-599.895664,1000,8496.641009
-600.0,1000,8505.666616
-593.205637,1000,8512.082273
-599.992949,1000,8521.137834
-596.218119,1000,8527.60272
-599.999387,1000,8537.095505
-599.999291,1000,8543.476127
-599.995142,1000,8552.45355
-597.86565,1000,8558.787871
-599.999998,1000,8567.54941
-600.0,1000,8574.155227
-599.99408,1000,8583.132909
-599.113806,1000,8589.476503
-600.0,1000,8598.029748
-600.0,1000,8603.60131
-599.767946,1000,8612.602422
-599.987927,1000,8618.993709
-599.999989,1000,8628.357289
-599.988611,1000,8634.797166
-595.2755,1000,8643.244488
-599.994946,1000,8649.421745
-599.994373,1000,8658.430799
-599.933278,1000,8664.752782
-597.829134,1000,8674.203778
-600.0,1000,8680.649443
-599.934148,1000,8689.56118
-600.0,1000,8695.694257
-599.023509,1000,8704.520665
-599.929734,1000,8710.648341
-599.892164,1000,8719.722162
-591.384988,1000,8726.05243
-599.711046,1000,8735.153118
-600.0,1000,8741.608827
-599.993751,1000,8750.693487
-599.997212,1000,8757.226545
-599.898207,1000,8766.350965
-593.574656,1000,8772.831221
-600.0,1000,8782.019983
-599.969358,1000,8788.503329
-599.880701,1000,8797.243607
-599.869864,1000,8803.54735
-600.0,1000,8812.551574
-599.901887,1000,8818.964649
-599.90518,1000,8828.114391
-599.992412,1000,8834.416994
-592.091144,1000,8843.562557
-599.998365,1000,8849.970374
-599.812935,1000,8858.979526
-585.137105,1000,8865.161759
-596.351719,1000,8874.186916
-600.0,1000,8880.420916
-600.0,1000,8889.622884
-599.924649,1000,8895.999505
-599.709856,1000,8905.187734
-599.999651,1000,8911.139999
-599.9999,1000,8920.31632
-599.992564,1000,8926.578469
-599.999991,1000,8935.337602
-599.954539,1000,8941.866023
-599.99977,1000,8950.506696
-599.895249,1000,8956.727464
-600.0,1000,8965.841561
-599.920668,1000,8972.284459
-600.0,1000,8981.530679
-598.46326,1000,8987.978687
-599.999967,1000,8997.236502
-600.0,1000,9003.734943
-593.087854,1000,9012.934188
-599.999964,1000,9019.418039
-599.999988,1000,9028.525668
-599.989893,1000,9034.975118
-600.0,1000,9044.070202
-599.996581,1000,9050.447319
-600.0,1000,9059.65597
-599.924731,1000,9066.228439
-592.415519,1000,9075.55141
-599.722897,1000,9081.962076
-597.699255,1000,9091.162566
-599.949528,1000,9097.62799
-599.922774,1000,9106.596134
-599.97435,1000,9112.813466
-599.999998,1000,9122.051361
-597.992108,1000,9128.37825
-598.413558,1000,9138.161682
-599.807625,1000,9144.595044
-599.991135,1000,9153.340566
-599.272697,1000,9159.661999
-599.981491,1000,9168.951279
-599.992667,1000,9175.23568
-599.99755,1000,9184.512779
-600.0,1000,9190.890495
-599.978136,1000,9200.142471
-599.993743,1000,9206.544946
-594.346105,1000,9216.111858
-598.900562,1000,9222.988399
-600.0,1000,9232.135879
-599.998451,1000,9238.484404
-588.010864,1000,9247.516489
-596.049088,1000,9253.946295
-599.999997,1000,9263.36869
-599.994497,1000,9269.846757
-598.66663,1000,9279.104602
-599.880426,1000,9285.509083
-599.99954,1000,9294.7563
-599.998288,1000,9301.289888
-599.942683,1000,9310.568722
-590.620353,1000,9316.902384
-599.678853,1000,9326.175379
-599.725881,1000,9332.67117
-599.918459,1000,9341.995312
-599.997214,1000,9348.404666
-596.942172,1000,9357.673691
-599.996972,1000,9364.040654
-599.958754,1000,9373.524724
-600.0,1000,9379.925042
-593.047332,1000,9389.380898
-599.904782,1000,9395.844727
-598.759807,1000,9405.183272
-599.265435,1000,9411.926558
-600.0,1000,9421.39388
-597.711012,1000,9428.147839
-599.164104,1000,9437.47779
-599.999996,1000,9444.060547
-599.933205,1000,9453.445315
-597.332619,1000,9460.051281
-599.998161,1000,9469.437904
-585.423561,1000,9475.966971
-600.0,1000,9485.546567
-600.0,1000,9492.295778
-599.999993,1000,9501.811224
-586.632368,1000,9508.928582
-598.492705,1000,9518.537135
-592.012041,1000,9525.263635
-598.48939,1000,9535.020561
-596.108405,1000,9541.706269
-600.0,1000,9550.634152
-599.735877,1000,9556.800911
-600.0,1000,9566.177171
-599.975416,1000,9572.161569
-599.99999,1000,9581.643147
-599.999991,1000,9588.083659
-598.146592,1000,9597.546336
-600.0,1000,9604.028099
-600.0,1000,9613.358642
-598.361611,1000,9619.739222
-600.0,1000,9629.089414
-599.999991,1000,9635.744628
-599.889947,1000,9645.031449
-599.900564,1000,9651.406983
-599.382624,1000,9660.60793
-600.0,1000,9666.590003
-600.0,1000,9675.912374
-599.999768,1000,9682.453121
-599.626597,1000,9691.803859
-586.47395,1000,9698.328874
-599.988999,1000,9707.760896
-592.106531,1000,9714.172873
-599.691913,1000,9723.474909
-597.435253,1000,9729.84166
-600.0,1000,9739.237994
-599.907701,1000,9745.768647
-600.0,1000,9755.220642
-599.947017,1000,9761.602204
-599.816947,1000,9771.118675
-599.824247,1000,9777.314955
-599.812685,1000,9786.425603
-600.0,1000,9792.655414
-600.0,1000,9802.172992
-599.794915,1000,9808.567733
-588.485318,1000,9818.037786
-596.235068,1000,9824.336124
-599.81329,1000,9833.942821
-600.0,1000,9840.359086
-598.740383,1000,9849.804296
-599.851173,1000,9856.254444
-599.995507,1000,9865.709333
-599.99402,1000,9872.144232
-599.995308,1000,9881.575112
-595.586333,1000,9888.064582
-598.576826,1000,9897.377372
-599.998671,1000,9903.107263
-592.264504,1000,9912.716719
-599.703102,1000,9919.160052
-599.999999,1000,9928.556338
-599.999922,1000,9934.733048
-592.787497,1000,9944.213841
-598.698153,1000,9950.714595
-599.984478,1000,9959.940959
-600.0,1000,9966.334978
-600.0,1000,9975.853382
-600.0,1000,9982.074844
-599.851736,1000,9990.945384
-599.99995,1000,9997.342547
-599.999608,1000,10006.169477
-599.147296,1000,10012.376535
-600.0,1000,10021.941345
-599.886628,1000,10028.451971
-600.0,1000,10037.920097
-599.965321,1000,10044.428771
-595.588555,1000,10053.956901
-599.277444,1000,10060.464313
-599.976327,1000,10070.139623
-599.936979,1000,10076.596151
-599.974472,1000,10086.196488
-590.008395,1000,10092.573235
-600.0,1000,10102.474055
-599.959157,1000,10108.665172
-600.0,1000,10118.422041
-599.661299,1000,10124.897623
-596.527974,1000,10134.580682
-599.999999,1000,10140.672485
-599.994592,1000,10149.578923
-600.0,1000,10156.016727
-599.999953,1000,10165.667061
-599.999203,1000,10172.225143
-599.999978,1000,10181.978619
-592.963655,1000,10188.507001
-599.90501,1000,10198.070166
-599.990077,1000,10204.094085
-599.990549,1000,10213.705041
-599.999987,1000,10220.306854
-599.900232,1000,10229.77163
-598.983823,1000,10236.093946
-599.893896,1000,10245.047237
-586.386841,1000,10251.363967
-599.999974,1000,10260.880094
-599.561712,1000,10267.447911
-600.0,1000,10277.023071
-594.609931,1000,10283.430668
-600.0,1000,10293.0398
-595.568509,1000,10299.516513
-598.901319,1000,10309.112932
-596.801941,1000,10315.640839
-595.316453,1000,10325.153104
-593.348532,1000,10331.625034
-591.521558,1000,10341.308226
-582.442379,1000,10347.213984
-600.0,1000,10356.922323
-599.952727,1000,10363.412107
-599.833039,1000,10372.994
-599.670243,1000,10379.488676
-600.0,1000,10389.078961
-599.979423,1000,10395.442706
-599.856923,1000,10404.748523
-599.230989,1000,10411.299457
-595.740874,1000,10420.944029
-595.851676,1000,10427.381581
-599.424107,1000,10437.045533
-599.356499,1000,10443.457258
-599.799177,1000,10453.159935
-599.997612,1000,10459.669579
-600.0,1000,10469.234334
-599.943655,1000,10475.677698
-597.846057,1000,10485.61847
-599.963187,1000,10492.414074
-599.973548,1000,10502.130043
-599.999999,1000,10508.655442
-599.999993,1000,10518.247838
-599.979655,1000,10524.701858
-599.999771,1000,10534.140181
-599.999924,1000,10540.536204
-599.999337,1000,10550.033061
-599.965256,1000,10556.418545
-599.529976,1000,10566.017704
-600.0,1000,10572.582377
-599.924456,1000,10582.251014
-599.9997,1000,10588.630845
-599.657523,1000,10597.826431
-598.032617,1000,10604.397347
-599.998672,1000,10614.030643
-597.143666,1000,10620.613388
-599.995235,1000,10630.308594
-592.016815,1000,10636.741735
-599.93365,1000,10646.329266
-594.440793,1000,10652.689216
-599.99905,1000,10662.434596
-598.462097,1000,10668.978972
-599.989592,1000,10678.380387
-599.642958,1000,10684.994535
-599.80452,1000,10695.067381
-597.381451,1000,10701.676505
-599.999994,1000,10711.551991
-599.989441,1000,10718.14375
-599.998785,1000,10727.656746
-600.0,1000,10734.252893
-599.999984,1000,10744.1046
-600.0,1000,10750.731833
-599.003278,1000,10760.214353
-600.0,1000,10766.789624
-599.730619,1000,10777.129259
-600.0,1000,10784.225897
-599.812886,1000,10794.099833
-599.907541,1000,10800.922961
-600.0,1000,10810.749561
-591.742444,1000,10817.448066
-599.999996,1000,10827.341194
-594.115971,1000,10834.126965
-600.0,1000,10844.150045
-600.0,1000,10851.088701
-598.973686,1000,10861.090409
-600.0,1000,10867.621799
-600.0,1000,10877.763863
-599.932013,1000,10884.568827
-599.99881,1000,10894.735785
-599.347318,1000,10901.529896
-590.654538,1000,10911.6176
-599.311216,1000,10918.383448
-594.309642,1000,10928.550508
-599.441865,1000,10935.370438
-599.8407,1000,10945.246949
-599.969199,1000,10951.69955
-599.525215,1000,10961.855404
-599.999997,1000,10968.722119
-599.836144,1000,10978.808811
-599.971279,1000,10985.668621
-600.0,1000,10995.65211
-599.998983,1000,11002.51334
-590.976496,1000,11012.494369
-599.793802,1000,11019.358969
-598.799133,1000,11029.445569
-599.652604,1000,11036.275134
-599.766883,1000,11046.40153
-599.928489,1000,11053.133388
-599.923372,1000,11063.107094
-599.999998,1000,11069.715853
-597.774149,1000,11079.710033
-599.989601,1000,11086.447419
-599.995768,1000,11096.522212
-597.379667,1000,11103.203106
-599.959335,1000,11113.297852
-600.0,1000,11120.067607
-594.267329,1000,11130.128988
-586.818002,1000,11136.824549
-599.999994,1000,11146.888315
-599.362192,1000,11153.709419
-598.565872,1000,11163.662043
-599.903178,1000,11170.490076
-599.772986,1000,11180.5669
-585.727594,1000,11187.408339
-599.938374,1000,11197.640423
-599.999991,1000,11204.60628
-600.0,1000,11214.803338
-598.423766,1000,11221.61568
-599.999109,1000,11231.763132
-599.999979,1000,11238.572195
-599.985313,1000,11248.827663
-599.952265,1000,11255.600789
-599.999509,1000,11265.845349
-598.712223,1000,11272.655592
-599.063056,1000,11282.752432
-599.437785,1000,11289.497377
-599.996417,1000,11299.73563
-599.999999,1000,11306.554158
-600.0,1000,11316.653656
-599.893073,1000,11323.270712
-600.0,1000,11333.238936
-599.999996,1000,11340.059415
-599.898728,1000,11350.254822
-599.897651,1000,11357.160262
-595.928109,1000,11367.250552
-599.533331,1000,11374.128417
-599.699358,1000,11384.27471
-595.677585,1000,11390.896454
-599.999998,1000,11401.116642
-599.953497,1000,11408.094728
-599.973297,1000,11418.845487
-592.401359,1000,11425.818395
-599.047307,1000,11435.895776
-599.99995,1000,11442.59885
-592.063634,1000,11452.813697
-600.0,1000,11459.459537
-594.394751,1000,11469.738268
-599.879691,1000,11476.521786
-600.0,1000,11486.812026
-600.0,1000,11493.635604
-600.0,1000,11503.952926
-599.796184,1000,11510.832158
-600.0,1000,11521.158607
-599.964737,1000,11528.025007
-598.844961,1000,11538.119199
-595.103722,1000,11545.013835
-599.907728,1000,11555.604178
-599.969021,1000,11562.478552
-600.0,1000,11572.690159
-599.864836,1000,11579.62049
-599.975578,1000,11589.647923
-592.13065,1000,11596.657923
-600.0,1000,11606.992361
-599.203176,1000,11613.825259
-597.904816,1000,11624.165794
-599.989686,1000,11630.975074
-598.475207,1000,11641.247219
-599.914173,1000,11648.080043
-599.881386,1000,11658.410702
-599.899279,1000,11665.160912
-599.987197,1000,11675.499846
-599.937316,1000,11682.33479
-599.914796,1000,11692.486063
-599.848046,1000,11699.317594
-600.0,1000,11709.961735
-600.0,1000,11716.808636
-592.08377,1000,11727.021807
-599.936475,1000,11733.926157
-597.369476,1000,11744.139168
-599.164324,1000,11751.060383
-599.602555,1000,11761.355157
-599.84168,1000,11768.26043
-599.999771,1000,11778.618068
-599.909342,1000,11785.48264
-599.921121,1000,11795.769011
-580.825557,1000,11802.665214
-599.943601,1000,11813.068129
-596.115937,1000,11819.891212
-596.589262,1000,11830.300256
-599.996749,1000,11837.11104
-599.999714,1000,11847.426952
-600.0,1000,11854.681578
-599.999569,1000,11865.344167
-600.0,1000,11872.300224
-598.566704,1000,11882.761188
-599.812616,1000,11889.707291
-600.0,1000,11900.05037
-593.738335,1000,11907.09049
-599.999324,1000,11917.452951
-599.702108,1000,11924.441723
-600.0,1000,11934.8183
-599.428836,1000,11941.881418
-599.999796,1000,11952.235399
-599.957567,1000,11958.844439
-600.0,1000,11969.10949
-599.792866,1000,11975.984756
-599.9519,1000,11986.340158
-600.0,1000,11993.130438
-598.488997,1000,12003.529188
-599.992093,1000,12010.377186
-599.967996,1000,12021.288395
-599.967806,1000,12028.109465
-596.473794,1000,12038.668145
-599.992887,1000,12045.49852
-600.0,1000,12056.147625
-599.600077,1000,12063.052631
-600.0,1000,12073.445287
-599.991892,1000,12080.374985
-600.0,1000,12090.835151
-600.0,1000,12097.798565
-585.387667,1000,12108.032289
-599.961178,1000,12114.758875
-593.704259,1000,12124.910409
-599.999982,1000,12131.867055
-599.83657,1000,12142.333636
-599.999969,1000,12149.353784
-600.0,1000,12159.809837
-599.999908,1000,12166.626027
-599.383206,1000,12176.613834
-599.731331,1000,12183.541687
-599.950811,1000,12194.249448
-599.967386,1000,12201.136084
-599.820747,1000,12211.603032
-599.99996,1000,12218.380805
-599.999675,1000,12228.875677
-599.997055,1000,12235.650548
-599.417968,1000,12246.00827
-597.916993,1000,12252.525166
-600.0,1000,12263.095644
-600.0,1000,12270.041562
-596.131319,1000,12280.729986
-593.757849,1000,12287.599471
-599.881637,1000,12297.8299
-599.996299,1000,12304.450448
-597.850803,1000,12314.895504
-600.0,1000,12321.880624
-599.787592,1000,12332.57378
-600.0,1000,12340.130656
-591.884247,1000,12350.913456
-599.999999,1000,12357.811487
-599.999957,1000,12368.234949
-599.999897,1000,12374.871135
-599.91722,1000,12385.430144
-599.999999,1000,12392.308283
-598.552528,1000,12402.917685
-599.760688,1000,12409.762665
-599.9979,1000,12420.250118
-599.901655,1000,12427.24325
-599.999995,1000,12437.565943
-599.413568,1000,12444.464712
-599.997438,1000,12455.103204
-600.0,1000,12462.044858
-588.94693,1000,12472.519165
-584.81096,1000,12479.502267
-599.912792,1000,12489.96895
-599.999999,1000,12496.678535
-600.0,1000,12507.302888
-596.83202,1000,12514.17576
-600.0,1000,12524.563264
-599.512834,1000,12531.263526
-599.999729,1000,12541.80257
-592.689935,1000,12548.762125
-587.152702,1000,12559.212303
402.488342,1000,12565.820297
-599.853714,1000,12576.30408
-598.006532,1000,12582.759331
-599.947044,1000,12593.186295
-599.999803,1000,12600.058673
-599.999998,1000,12610.702628
-599.998717,1000,12617.66289
-600.0,1000,12628.274698
-600.0,1000,12635.147784
-599.999731,1000,12645.883186
-596.250383,1000,12652.702451
-599.996433,1000,12663.265687
-599.92023,1000,12669.825557
-599.928746,1000,12680.326961
-599.733212,1000,12687.251636
-599.962529,1000,12697.481948
-598.787025,1000,12704.424993
-600.0,1000,12715.082817
-592.982099,1000,12722.115243
-599.938909,1000,12732.672432
-599.99162,1000,12739.522889
-599.833833,1000,12750.163877
-600.0,1000,12757.141983
-600.0,1000,12767.693593
-599.662067,1000,12774.607141
-599.888712,1000,12785.111214
-600.0,1000,12791.721291
-599.993033,1000,12802.402198
-599.333929,1000,12809.347517
-599.865732,1000,12819.62228
-599.993837,1000,12826.582911
-599.928853,1000,12837.261333
-599.977867,1000,12844.163977
-599.998105,1000,12854.856547
-599.928616,1000,12861.761545
-600.0,1000,12872.43664
-599.905736,1000,12879.290828
-599.975599,1000,12890.107048
-599.995922,1000,12897.013576
-600.0,1000,12907.364803
-599.999655,1000,12914.120065
-595.658698,1000,12924.475734
-599.9768,1000,12931.50771
-600.0,1000,12942.41472
-599.995208,1000,12949.395249
-600.0,1000,12959.947828
-599.994403,1000,12966.922321
-600.0,1000,12977.494496
-600.0,1000,12984.439351
-599.56186,1000,12995.021009
-599.538077,1000,13001.901928
-599.999504,1000,13012.500017
-593.478143,1000,13019.480485
-599.949679,1000,13030.131571
-599.999939,1000,13037.069644
-599.983066,1000,13047.639359
-599.99957,1000,13054.455318
-599.999908,1000,13065.097961
-598.928888,1000,13072.016171
-599.999986,1000,13082.842902
-598.263086,1000,13090.019004
-598.2028,1000,13100.829614
-599.787457,1000,13107.442003
-598.958213,1000,13118.283471
-600.0,1000,13125.111006
-599.999833,1000,13135.775263
-599.990372,1000,13142.804716
-597.856639,1000,13153.394914
-593.017398,1000,13160.325205
-599.997726,1000,13170.817011
-599.69048,1000,13177.681963
-599.956776,1000,13188.302696
-599.87754,1000,13195.254957
-599.691718,1000,13205.739196
-583.849062,1000,13212.559558
-600.0,1000,13222.835529
-599.286473,1000,13229.764353
-587.775325,1000,13240.392574
403.819164,1000,13247.293663
-599.861712,1000,13257.979928
-598.217334,1000,13264.867593
-599.920766,1000,13275.474998
-599.990327,1000,13282.260977
-591.597047,1000,13292.675535
-600.0,1000,13299.344554
-599.901798,1000,13310.037702
-586.850081,1000,13316.780772
-592.92075,1000,13327.126456
-599.603989,1000,13333.929539
-600.0,1000,13344.54966
-599.965853,1000,13351.455009
-600.0,1000,13362.219558
-599.999971,1000,13368.913389
-600.0,1000,13379.657005
-599.999917,1000,13386.589999
-599.990495,1000,13397.314239
-599.848084,1000,13404.192497
-599.999267,1000,13414.973182
-599.907984,1000,13421.888113
-600.0,1000,13432.571604
-600.0,1000,13439.596231
-599.96988,1000,13450.561446
-600.0,1000,13457.604378
-586.240519,1000,13468.349716
-599.999836,1000,13475.316076
-600.0,1000,13485.898358
-600.0,1000,13492.79027
-599.999998,1000,13503.438231
-600.0,1000,13510.370287
-599.994399,1000,13521.011733
-599.999981,1000,13527.817723
-599.995578,1000,13538.361672
-596.858999,1000,13545.16045
-599.999999,1000,13555.783128
-600.0,1000,13562.535649
-599.953675,1000,13573.361987
-598.632292,1000,13580.281517
-599.988207,1000,13590.992759
-599.705308,1000,13598.079682
-599.04674,1000,13608.859795
-594.873161,1000,13615.694209
-597.992773,1000,13626.493877
-599.99997,1000,13633.344573
-599.999987,1000,13644.206623
-599.999983,1000,13651.092982
-599.300775,1000,13661.625381
-597.925839,1000,13668.511733
-599.324709,1000,13679.397523
-588.040013,1000,13686.332326
-599.997345,1000,13696.928035
-600.0,1000,13703.766409
-599.995118,1000,13714.475328
-599.768793,1000,13721.57758
-599.902377,1000,13732.970803
-599.815964,1000,13740.05506
-600.0,1000,13750.89371
-599.962677,1000,13757.925883
-599.95922,1000,13768.692643
-599.997123,1000,13775.677183
-593.20392,1000,13786.472349
-600.0,1000,13793.493288
-599.973658,1000,13804.345309
-597.156707,1000,13811.285684
-600.0,1000,13822.130472
-599.917078,1000,13828.981671
-600.0,1000,13839.772597
-599.821889,1000,13846.726791
-595.636604,1000,13857.714448
-599.990873,1000,13864.655475
-599.977559,1000,13875.417412
-599.789215,1000,13882.180588
-598.907271,1000,13893.066885
-599.960183,1000,13899.83904
-599.938098,1000,13910.65521
-590.158736,1000,13917.560386
-599.955002,1000,13928.461688
-600.0,1000,13935.361921
-597.895873,1000,13946.159641
-599.895099,1000,13953.201058
-599.539662,1000,13964.218538
-599.993703,1000,13971.185037
-599.999783,1000,13981.907307
-600.0,1000,13988.931531
-599.999867,1000,13999.799562
-599.196387,1000,14006.751712
-599.810774,1000,14017.504842
-594.799402,1000,14024.580997
-599.99992,1000,14035.466393
-599.709369,1000,14042.49384
-600.0,1000,14053.538536
-599.856401,1000,14060.46238
-595.803346,1000,14071.395921
-586.683342,1000,14078.373055
-598.638715,1000,14089.06678
-600.0,1000,14096.027945
-600.0,1000,14107.09119
-600.0,1000,14113.908292
-599.903288,1000,14124.998233
-599.26714,1000,14132.331205
-599.999996,1000,14143.423301
-599.900694,1000,14150.478916
-599.295733,1000,14161.541302
-599.999984,1000,14168.543215
-599.999637,1000,14179.622635
-599.999984,1000,14186.607375
-593.802102,1000,14197.682419
-593.156636,1000,14204.706805
-600.0,1000,14215.656124
-599.89158,1000,14222.747614
-599.999874,1000,14233.754498
-599.793512,1000,14240.841681
-599.9966,1000,14251.830304
-599.999967,1000,14258.81709
-599.999924,1000,14269.793088
-600.0,1000,14276.865077
-598.347059,1000,14287.935137
-599.99766,1000,14295.216157
-591.407873,1000,14306.267537
-599.990775,1000,14313.34542
-599.999993,1000,14324.486484
-589.403402,1000,14331.485548
-599.971838,1000,14342.558132
-599.833262,1000,14349.403082
-599.959113,1000,14360.416283
-593.66339,1000,14367.356861
-599.281811,1000,14378.677281
-597.582247,1000,14385.799945
-599.962058,1000,14396.835292
-600.0,1000,14403.782983
-599.999993,1000,14414.83292
-599.999945,1000,14421.826415
-599.994774,1000,14433.01677
-599.941998,1000,14440.076507
-599.18903,1000,14451.149451
-599.924625,1000,14458.190783
-599.918795,1000,14469.173939
-599.858474,1000,14476.231033
-599.649939,1000,14487.415831
-590.567568,1000,14494.486804
-599.989373,1000,14505.602342
-599.067969,1000,14512.630162
-599.888918,1000,14523.602046
-599.916509,1000,14530.665255
-599.2665,1000,14541.741897
-596.85556,1000,14548.784609
-600.0,1000,14559.813269
-592.839363,1000,14566.708135
-599.89915,1000,14577.735556
-600.0,1000,14584.728004
-599.905256,1000,14596.43627
-599.998662,1000,14603.43471
-599.999089,1000,14614.618724
-588.708785,1000,14621.576366
-599.784052,1000,14632.797632
-599.999892,1000,14639.880833
-596.054305,1000,14651.16865
-599.494424,1000,14658.256813
-598.888544,1000,14669.480802
-599.938412,1000,14676.67075
-600.0,1000,14687.820542
-599.932466,1000,14694.940888
-593.30298,1000,14706.23164
-599.999608,1000,14713.509137
-599.93718,1000,14724.752151
-597.637287,1000,14731.93951
-599.701438,1000,14743.232491
-599.650987,1000,14750.404668
-599.995222,1000,14761.749178
-600.0,1000,14768.928388
-599.999587,1000,14780.127773
-599.999415,1000,14787.257403
-599.424244,1000,14798.492942
-599.882763,1000,14805.019592
-599.961259,1000,14816.181286
-599.96823,1000,14823.008197
-599.90082,1000,14834.118918
-599.861797,1000,14841.004984
-592.642297,1000,14852.164541
-599.936739,1000,14859.076958
-599.320018,1000,14870.285054
-599.831754,1000,14877.135453
-599.971938,1000,14888.461531
-599.999915,1000,14895.714414
-597.9641,1000,14906.896228
-599.998334,1000,14913.872149
-599.739035,1000,14925.065783
-600.0,1000,14932.111809
-595.413327,1000,14943.167539
-599.966041,1000,14950.068879
-599.808248,1000,14961.417481
-592.325073,1000,14968.505081
-589.101531,1000,14979.22536
-600.0,1000,14986.112551
-599.87465,1000,14997.105329
-600.0,1000,15004.017076
-593.174919,1000,15015.088285
-596.571502,1000,15021.977323
-586.819845,1000,15032.954107
-599.862532,1000,15039.847017
-600.0,1000,15050.781528
-592.829366,1000,15057.66609
-599.888389,1000,15068.650411
-600.0,1000,15075.447858
-591.463574,1000,15086.850985
-599.561726,1000,15094.140156
-600.0,1000,15105.196015
-599.734112,1000,15112.012377
-600.0,1000,15122.978163
-600.0,1000,15129.899528
-599.999796,1000,15140.961014
-600.0,1000,15147.837178
-600.0,1000,15159.014636
-599.930161,1000,15165.849904
-565.869319,1000,15176.917986
-600.0,1000,15183.847628
-599.904415,1000,15194.965645
-600.0,1000,15201.844508
-599.992758,1000,15213.076889
-600.0,1000,15220.019837
-600.0,1000,15230.993546
-599.994876,1000,15237.950908
-592.374821,1000,15249.14942
-599.999999,1000,15256.291221
-600.0,1000,15268.043549
-588.315585,1000,15275.064957
-600.0,1000,15286.276701
-595.402321,1000,15293.182803
-598.67388,1000,15304.35172
-596.831681,1000,15311.401266
-599.999982,1000,15322.944306
-599.968789,1000,15330.530537
-600.0,1000,15342.438819
-599.997839,1000,15349.436537
-600.0,1000,15360.929608
-599.923092,1000,15368.380053
-599.999998,1000,15380.100214
-599.954026,1000,15387.003155
-593.125912,1000,15398.225384
-600.0,1000,15405.244622
-600.0,1000,15416.352346
-597.641101,1000,15423.157375
-600.0,1000,15434.33868
-595.281152,1000,15441.296423
-599.764497,1000,15452.445736
-599.909738,1000,15459.369429
-599.860992,1000,15470.592117
-600.0,1000,15477.45048
-599.52506,1000,15488.561821
-599.999965,1000,15495.620006
-600.0,1000,15506.92004
-599.994202,1000,15513.870804
-599.997977,1000,15525.005654
-599.999993,1000,15531.997751
-599.999999,1000,15543.183453
-599.870947,1000,15550.15639
-600.0,1000,15561.39729
-599.531518,1000,15568.37799
-599.770591,1000,15579.656525
-599.995453,1000,15586.528872
-597.43442,1000,15597.619501
-599.751915,1000,15604.479585
-585.658294,1000,15615.550824
-599.998561,1000,15622.38493
-599.949101,1000,15633.494885
-599.889196,1000,15640.346802
-600.0,1000,15651.49711
-589.125968,1000,15658.832544
-599.993491,1000,15670.654362
-599.868011,1000,15678.189512
-600.0,1000,15689.864924
-592.892132,1000,15697.199688
-598.977671,1000,15709.03065
-600.0,1000,15716.549113
-599.97088,1000,15728.278869
-588.112142,1000,15735.27129
-599.982391,1000,15746.467339
-599.811336,1000,15753.489927
-599.915686,1000,15764.763705
-599.999983,1000,15771.750728
-597.569908,1000,15783.095444
-599.983593,1000,15790.105608
-600.0,1000,15801.383485
-599.999999,1000,15808.394503
-599.980328,1000,15819.754172
-600.0,1000,15826.740183
-599.999999,1000,15837.986451
-600.0,1000,15844.89685
-592.415705,1000,15855.956803
-599.904585,1000,15862.746217
-600.0,1000,15874.09052
-599.990236,1000,15881.17172
-600.0,1000,15892.571098
-594.373945,1000,15899.639941
-598.640201,1000,15910.955393
-600.0,1000,15917.969322
-599.992263,1000,15929.353634
-599.98349,1000,15936.304391
-600.0,1000,15947.591004
-599.774215,1000,15954.573184
-597.870383,1000,15965.859412
-587.787966,1000,15972.891088
-599.991883,1000,15984.687345
-599.921262,1000,15991.534187
-599.996527,1000,16002.785918
-599.332208,1000,16009.594253
-599.92128,1000,16020.73528
-599.733865,1000,16027.546262
-599.999999,1000,16038.685869
-599.999644,1000,16045.530153
-600.0,1000,16056.771552
-599.506624,1000,16063.794946
-599.885335,1000,16075.244934
-600.0,1000,16082.282509
-599.99993,1000,16093.629174
-599.902857,1000,16100.664507
-599.929605,1000,16112.036042
-600.0,1000,16119.101334
-599.955323,1000,16130.539427
-600.0,1000,16137.502687
-599.999998,1000,16148.760272
-600.0,1000,16155.664313
-585.147156,1000,16166.979515
-600.0,1000,16173.824456
-593.455086,1000,16185.051627
-599.360347,1000,16191.740096
-600.0,1000,16202.82616
-598.842464,1000,16209.791458
-599.999471,1000,16221.20864
-599.994327,1000,16228.216966
-600.0,1000,16239.598493
-599.999751,1000,16246.549551
-599.963338,1000,16257.780906
-598.919976,1000,16264.764185
-591.995219,1000,16276.305053
-582.17584,1000,16283.378762
-600.0,1000,16294.814239
-599.430188,1000,16301.872465
-600.0,1000,16313.395012
-599.949619,1000,16320.408054
-599.996613,1000,16331.491744
-599.999469,1000,16338.327937
-587.554144,1000,16349.649953
-599.94487,1000,16356.677275
-599.99998,1000,16368.473407
-591.144325,1000,16376.014024
-590.664457,1000,16387.478127
-599.999875,1000,16394.385744
-599.992884,1000,16405.792109
-599.999941,1000,16412.797995
-599.999987,1000,16424.236409
-599.142489,1000,16431.202543
-599.113197,1000,16442.579083
-599.973559,1000,16449.485288
-599.999823,1000,16460.946335
-599.999999,1000,16467.933305
-598.72205,1000,16479.323151
-599.972711,1000,16486.0364
-599.964849,1000,16497.529124
-599.90639,1000,16504.527564
-599.903362,1000,16515.91242
-591.972634,1000,16522.893189
-596.851234,1000,16534.123087
-599.911712,1000,16540.76014
-599.860374,1000,16552.357619
-590.371577,1000,16559.406233
-600.0,1000,16570.944138
-599.752508,1000,16577.951522
-599.471991,1000,16589.414486
-599.997171,1000,16596.294615
-599.999976,1000,16607.892257
-599.780949,1000,16614.98576
-587.376731,1000,16626.503659
-588.576366,1000,16633.594481
-599.999999,1000,16645.231358
-599.980478,1000,16652.176328
-599.999492,1000,16663.635942
-599.286006,1000,16670.630467
-599.947864,1000,16682.156408
-599.980289,1000,16689.166621
-593.495464,1000,16700.637281
-600.0,1000,16707.455673
-599.94777,1000,16718.822426
-600.0,1000,16725.770688
-598.67075,1000,16737.35116
-599.85913,1000,16744.397231
-599.998756,1000,16756.075289
-599.059311,1000,16763.134092
-599.864237,1000,16774.691221
-598.524076,1000,16781.457201
-599.8649,1000,16793.183681
-585.41535,1000,16800.518565
-599.885423,1000,16812.218202
-595.327885,1000,16819.067932
-599.962727,1000,16830.469291
-599.999999,1000,16837.476377
-590.663749,1000,16849.114531
-599.797888,1000,16856.197625
-598.369851,1000,16867.714974
-599.999959,1000,16874.717609
-599.581067,1000,16886.724914
-598.466153,1000,16894.269914
-600.0,1000,16906.405008
-600.0,1000,16913.978068
-599.917421,1000,16926.100049
-599.963116,1000,16933.677802
-600.0,1000,16945.717957
-600.0,1000,16952.8248
-600.0,1000,16964.374361
-600.0,1000,16971.363992
-600.0,1000,16982.913092
-588.296226,1000,16989.937909
-599.900065,1000,17001.551561
-599.928147,1000,17008.579687
-599.601738,1000,17020.166104
-599.988046,1000,17027.19629
-600.0,1000,17038.780933
-599.888247,1000,17045.675324
-599.903314,1000,17057.173239
-599.647275,1000,17064.143237
-593.87411,1000,17075.800537
-599.899431,1000,17082.828933
-599.976252,1000,17094.51541
-594.907785,1000,17101.598478
-596.960826,1000,17113.216544
-599.999998,1000,17120.250293
-599.998275,1000,17131.926385
-600.0,1000,17138.982894
-599.523011,1000,17151.112151
404.338733,1000,17158.725921
-596.702789,1000,17170.6404
-599.98199,1000,17177.616341
-583.152011,1000,17189.291763
-599.999132,1000,17196.33558
-588.761507,1000,17207.909958
-594.555367,1000,17214.8391
-600.0,1000,17226.537195
-598.981632,1000,17233.611285
-591.078107,1000,17245.155157
-589.666861,1000,17252.241788
-596.716143,1000,17263.956476
-599.974975,1000,17271.105785
-599.991127,1000,17282.996013
-599.999999,1000,17290.141389
-599.970189,1000,17301.836512
-599.872325,1000,17308.965999
-599.836138,1000,17320.841388
-599.9124,1000,17328.04613
-599.999998,1000,17340.04253
-600.0,1000,17347.244342
-599.879221,1000,17359.173775
-599.914487,1000,17366.47787
-597.219933,1000,17378.530972
-600.0,1000,17385.37765
-599.696256,1000,17396.994918
-592.919773,1000,17404.019837
-592.612686,1000,17415.703493
-600.0,1000,17422.690392
-599.999991,1000,17434.111482
-599.59187,1000,17441.13177
-599.998979,1000,17452.797946
-599.999119,1000,17459.934951
-600.0,1000,17471.805069
-599.895987,1000,17478.706666
-599.999902,1000,17490.376835
-599.99997,1000,17497.377288
-599.586072,1000,17508.997038
-600.0,1000,17515.900739
-599.999988,1000,17527.505347
-599.977263,1000,17534.519459
-599.878928,1000,17546.200608
-600.0,1000,17553.17657
-600.0,1000,17564.914158
-599.885883,1000,17571.902743
-599.387515,1000,17583.618355
-599.453244,1000,17590.76512
-599.844521,1000,17602.685719
-600.0,1000,17609.842076
-600.0,1000,17621.732107
-599.999868,1000,17628.894207
-600.0,1000,17640.718244
-599.932942,1000,17647.800075
-600.0,1000,17659.568514
-600.0,1000,17666.525613
-599.932965,1000,17678.188823
-600.0,1000,17685.333596
-599.147832,1000,17697.243745
-600.0,1000,17704.286103
-593.879773,1000,17716.150376
-599.999716,1000,17723.29318
-599.63443,1000,17735.046631
-596.57018,1000,17742.063499
-600.0,1000,17753.932443
-595.691094,1000,17761.040126
-599.919916,1000,17772.810798
-598.459753,1000,17779.904107
-599.977635,1000,17791.708183
-600.0,1000,17798.737283
-599.922463,1000,17810.620929
-599.987254,1000,17817.804619
-599.782707,1000,17829.685609
-599.974118,1000,17836.648464
-599.999945,1000,17848.404357
-599.692095,1000,17855.365774
-599.998967,1000,17866.947222
-599.988117,1000,17873.619801
-599.902448,1000,17885.532711
-599.999989,1000,17892.995258
-599.020886,1000,17904.829822
-599.754075,1000,17911.947925
-599.909105,1000,17923.69448
-599.702392,1000,17930.865008
-600.0,1000,17943.095217
-599.148088,1000,17950.110657
-600.0,1000,17961.8439
-590.322312,1000,17968.993714
-596.101967,1000,17980.908578
-600.0,1000,17987.982365
-599.999996,1000,17999.82297
-599.923471,1000,18007.134312
-600.0,1000,18018.956563
-585.841713,1000,18026.022973
-599.924003,1000,18037.899747
-587.488187,1000,18045.023268
-599.826377,1000,18056.888504
-599.999559,1000,18064.050219
-599.944939,1000,18075.985715
-599.520832,1000,18083.131891
-599.555215,1000,18095.03232
-599.999959,1000,18102.08656
-600.0,1000,18113.951727
-599.69325,1000,18121.247085
-592.423586,1000,18133.285184
-599.910335,1000,18140.495002
-593.813517,1000,18152.40492
-600.0,1000,18159.647725
-600.0,1000,18172.207787
-600.0,1000,18180.000054
-599.752497,1000,18192.138888
-600.0,1000,18199.103218
-596.491276,1000,18210.895682
-599.473908,1000,18218.017538
-599.999163,1000,18229.944778
-598.08612,1000,18237.638663
-600.0,1000,18250.029617
-599.928993,1000,18257.082999
-600.0,1000,18268.755382
-600.0,1000,18275.895394
-599.647006,1000,18287.835971
-599.999989,1000,18295.597653
-599.907785,1000,18307.924429
-599.763636,1000,18315.045918
-599.993874,1000,18327.125619
-595.303,1000,18334.355043
-599.830171,1000,18346.201794
-599.668635,1000,18353.212339
-599.988451,1000,18365.244301
-599.726497,1000,18372.435807
-595.552221,1000,18384.428175
-599.999991,1000,18391.450647
-599.980664,1000,18403.342991
-599.994585,1000,18410.441858
-599.975149,1000,18422.502607
-600.0,1000,18429.663623
-599.675879,1000,18441.553829
-599.151643,1000,18448.571814
-596.61022,1000,18460.472198
-597.354031,1000,18467.54702
-599.99987,1000,18479.385035
-600.0,1000,18486.469085
-599.998394,1000,18498.311391
-599.999999,1000,18505.323698
-599.872522,1000,18517.303662
-593.226874,1000,18524.112351
-600.0,1000,18535.918171
-599.999996,1000,18543.017352
-600.0,1000,18554.948075
-599.800921,1000,18562.028855
-595.132026,1000,18574.019803
-599.994433,1000,18581.154982
-599.351648,1000,18593.083554
-597.31317,1000,18600.151193
-600.0,1000,18612.346316
-599.977614,1000,18619.570062
-600.0,1000,18631.662726
-600.0,1000,18638.844831
-599.967257,1000,18651.349249
-599.555124,1000,18658.500932
-599.958478,1000,18670.51337
-592.132822,1000,18677.580728
-600.0,1000,18689.443947
-599.996208,1000,18696.439255
-600.0,1000,18708.429273
-599.939306,1000,18715.520656
-599.957843,1000,18727.474151
-600.0,1000,18734.566179
-599.989682,1000,18746.625388
-599.999977,1000,18753.700119
-599.9927,1000,18765.608211
-597.876411,1000,18772.637213
-599.985396,1000,18784.620767
-599.877867,1000,18791.711479
-599.996737,1000,18803.741695
-599.551383,1000,18810.671327
-599.999822,1000,18822.524952
-599.878388,1000,18829.510422
-599.999934,1000,18841.775324
-600.0,1000,18848.986351
-596.818341,1000,18861.054979
-599.656678,1000,18868.201808
-599.960421,1000,18880.360136
-599.999966,1000,18887.432353
-600.0,1000,18899.654227
-599.995784,1000,18906.858328
-599.949551,1000,18918.863781
-580.820723,1000,18926.001323
-599.997641,1000,18938.133124
-599.99281,1000,18945.342608
-600.0,1000,18957.374946
-599.999784,1000,18964.441202
-600.0,1000,18976.508959
-592.84939,1000,18984.158322
-600.0,1000,18996.69987
-598.802632,1000,19003.846133
-599.807173,1000,19015.866902
-599.780986,1000,19022.931157
-599.997366,1000,19035.306159
-599.979182,1000,19042.583994
-593.243962,1000,19054.744304
-599.999586,1000,19062.037585
-599.998786,1000,19074.425624
-599.992621,1000,19081.793571
-599.955726,1000,19094.252639
-599.916727,1000,19101.616774
-599.999954,1000,19113.95777
-590.290942,1000,19121.101968
-599.885555,1000,19133.464514
-600.0,1000,19140.784313
-599.655199,1000,19153.101434
-599.833472,1000,19160.324591
-599.942305,1000,19172.60996
-599.838975,1000,19179.87548
-599.999987,1000,19192.145861
-581.497685,1000,19199.35973
-595.09494,1000,19211.56323
-599.999999,1000,19218.775797
-592.397429,1000,19231.083264
-599.74883,1000,19238.348142
-599.831129,1000,19250.620195
-599.999547,1000,19257.869013
-599.779815,1000,19270.290644
-599.999583,1000,19277.65282
-596.768246,1000,19289.852158
-599.921629,1000,19297.232199
-600.0,1000,19309.748141
-600.0,1000,19317.035835
-597.713545,1000,19329.566073
-599.999972,1000,19337.154382
-599.999807,1000,19349.534284
-599.23308,1000,19356.989774
-599.517572,1000,19369.570031
-600.0,1000,19376.938315
-599.490582,1000,19389.309491
-599.999999,1000,19396.615505
-586.176135,1000,19409.154956
-599.998468,1000,19416.504757
-594.063137,1000,19428.789181
-592.00183,1000,19435.979389
-599.999777,1000,19448.372848
-599.939797,1000,19455.680898
-600.0,1000,19468.100092
-599.896456,1000,19475.431929
-599.999373,1000,19487.748808
-600.0,1000,19495.035163
-600.0,1000,19507.599775
-599.488909,1000,19514.816664
-599.971717,1000,19527.131927
-598.828321,1000,19534.439655
-590.541619,1000,19546.944789
-599.999988,1000,19554.315449
-582.292749,1000,19566.742111
-599.915284,1000,19574.184561
-599.999988,1000,19586.544266
-599.925826,1000,19594.045218
-599.8773,1000,19606.742815
-599.999999,1000,19614.031861
-600.0,1000,19626.311584
-600.0,1000,19633.708337
-600.0,1000,19646.791045
-600.0,1000,19654.303783
-599.999999,1000,19666.796141
-599.911804,1000,19674.170602
-599.996089,1000,19686.662757
-596.404568,1000,19694.076216
-600.0,1000,19706.668905
-600.0,1000,19714.300372
-593.317397,1000,19726.758747
-598.971245,1000,19734.031401
-599.444573,1000,19746.67318
-600.0,1000,19754.045191
-597.970878,1000,19766.492287
-599.449126,1000,19773.932626
-599.977869,1000,19786.432551
-588.676048,1000,19793.813049
-599.914383,1000,19806.158464
-599.901892,1000,19813.438553
-595.324023,1000,19825.939205
-597.542572,1000,19833.943452
-599.202251,1000,19847.189885
-600.0,1000,19854.826503
-599.999927,1000,19867.273216
-593.497996,1000,19874.535645
-599.908651,1000,19887.075589
-599.901659,1000,19894.396294
-598.093264,1000,19906.793975
-599.925287,1000,19914.067795
-597.884489,1000,19926.580498
-599.915413,1000,19933.813092
-599.978419,1000,19946.169704
-592.149346,1000,19953.394759
-598.791377,1000,19965.799997
-599.888226,1000,19973.025245
-600.0,1000,19985.463316
-600.0,1000,19992.774199
-599.66222,1000,20005.266925
-599.984359,1000,20012.603925
-600.0,1000,20025.194139
-597.592708,1000,20032.470141
-600.0,1000,20045.06764
-597.170692,1000,20052.488564
-600.0,1000,20065.035626
-599.854535,1000,20072.348206
-600.0,1000,20084.945191
-599.999987,1000,20092.320899
-600.0,1000,20104.875998
-595.181879,1000,20112.164456
-599.744425,1000,20124.71268
-599.908151,1000,20131.904867
-599.999465,1000,20144.275485
-599.980857,1000,20151.450712
-599.961081,1000,20163.986609
-599.786338,1000,20171.336746
-595.796073,1000,20183.777547
-589.029302,1000,20191.063311
-599.751138,1000,20203.607667
-600.0,1000,20210.931052
-599.952325,1000,20223.443725
-599.849188,1000,20230.736137
-599.996909,1000,20243.309753
-600.0,1000,20250.941005
-597.473423,1000,20263.866901
-599.889578,1000,20271.37832
-599.926544,1000,20283.931324
-599.998718,1000,20291.292149
-599.99987,1000,20303.835153
-599.837265,1000,20311.165758
-600.0,1000,20323.727545
-597.336778,1000,20330.995581
-599.650337,1000,20343.476064
-600.0,1000,20350.80068
-599.958969,1000,20363.451681
-583.569625,1000,20370.868059
-600.0,1000,20383.538389
-599.701311,1000,20390.956974
-592.171177,1000,20403.661773
-599.996164,1000,20411.098475
-599.993855,1000,20423.968197
-599.999936,1000,20431.621154
-600.0,1000,20444.504933
-599.999999,1000,20451.866848
-599.983192,1000,20464.379194
-599.999999,1000,20471.663058
-589.136966,1000,20484.164805
-599.888476,1000,20491.405008
-599.913437,1000,20503.961898
-600.0,1000,20511.21331
-599.930857,1000,20523.687822
409.12989,1000,20530.886976
-598.117873,1000,20543.449702
-599.821404,1000,20550.663201
-599.999729,1000,20563.046287
-599.951201,1000,20570.915695
-599.607743,1000,20583.500492
-599.536239,1000,20590.739972
-599.956869,1000,20603.340761
-599.999785,1000,20610.607345
-600.0,1000,20623.181967
-599.996647,1000,20630.449181
-599.789981,1000,20643.095388
-599.874498,1000,20650.335801
-599.999993,1000,20662.837913
-599.975401,1000,20670.097498
-599.894308,1000,20682.804886
-598.764241,1000,20690.234972
-599.98699,1000,20702.983037
-599.999867,1000,20710.186563
-592.695557,1000,20722.614729
-598.769169,1000,20729.744154
-599.884008,1000,20742.335232
-599.95959,1000,20749.542837
-600.0,1000,20762.084382
-599.874152,1000,20769.386312
-600.0,1000,20782.179734
-583.179965,1000,20789.548277
-600.0,1000,20802.191964
-599.941193,1000,20809.564251
-590.448595,1000,20822.209029
-599.999999,1000,20829.621575
-599.960074,1000,20842.349002
-599.802663,1000,20849.559883
-599.226609,1000,20862.208637
-600.0,1000,20869.462543
-599.899115,1000,20882.047511
-599.121115,1000,20889.403587
-599.490102,1000,20902.092409
-599.904125,1000,20909.504592
-599.827784,1000,20922.159986
-599.971596,1000,20929.58046
-593.388791,1000,20942.393991
-599.999999,1000,20949.906225
-600.0,1000,20963.068552
-599.655198,1000,20970.407161
-599.787659,1000,20983.055408
-599.485828,1000,20990.409902
-599.741058,1000,21003.145988
-583.556281,1000,21010.49423
-599.999993,1000,21023.193828
-598.74633,1000,21030.512857
-599.926532,1000,21043.455544
-599.917908,1000,21050.92326
-599.999904,1000,21063.657491
-600.0,1000,21071.12659
-598.931155,1000,21083.831727
-599.807123,1000,21091.073488
-590.942951,1000,21103.791701
-600.0,1000,21111.174318
-595.718036,1000,21124.008859
-599.997667,1000,21131.354774
-599.995626,1000,21143.978817
-599.916182,1000,21151.40149
-599.99947,1000,21164.093421
-598.011701,1000,21171.246257
-599.999759,1000,21183.905104
-597.493818,1000,21191.189951
-599.999282,1000,21203.949884
-600.0,1000,21211.35215
-593.9704,1000,21224.198345
-592.44425,1000,21231.585299
-599.943507,1000,21244.612469
-595.132959,1000,21252.053043
-599.999641,1000,21264.86096
-599.946093,1000,21272.102865
-599.988124,1000,21284.689584
-599.901479,1000,21292.046084
-600.0,1000,21304.956529
-597.971487,1000,21312.192193
-596.462736,1000,21324.900908
-598.806812,1000,21332.303695
-599.99917,1000,21345.804511
-591.486543,1000,21353.685827
-600.0,1000,21366.558022
-598.829504,1000,21373.822968
-598.386299,1000,21386.455173
-599.999999,1000,21393.703709
-599.999997,1000,21406.595656
-600.0,1000,21413.922484
-599.992364,1000,21426.64407
-600.0,1000,21433.901739
-597.933232,1000,21446.696573
-592.040154,1000,21453.952893
-599.942033,1000,21466.780449
-599.836598,1000,21474.093786
-599.999899,1000,21487.063804
-600.0,1000,21494.876949
-594.389207,1000,21508.516367
-590.790011,1000,21516.598657
-599.999677,1000,21529.604013
-599.103764,1000,21537.117051
-599.9968,1000,21550.047417
-590.797779,1000,21557.394897
-599.972791,1000,21570.207747
-599.998133,1000,21577.480169
-599.99001,1000,21590.292533
-591.435149,1000,21597.577181
-567.886602,1000,21610.22369
-599.999975,1000,21617.434373
-599.999865,1000,21630.209908
-599.905077,1000,21637.419449
-600.0,1000,21650.098597
-599.918435,1000,21657.30591
-599.762209,1000,21670.119045
-599.929519,1000,21677.356302
-597.655411,1000,21690.110652
-599.966952,1000,21697.49332
-599.996238,1000,21710.419526
-596.291217,1000,21717.696928
-599.999999,1000,21730.478102
-599.996458,1000,21737.748173
-600.0,1000,21750.544256
-595.371761,1000,21757.74157
-599.308666,1000,21770.549533
-599.92332,1000,21777.800544
-599.835115,1000,21790.698517
-599.990207,1000,21798.247033
-597.303212,1000,21811.402783
-600.0,1000,21818.93366
-599.744418,1000,21832.025296
-600.0,1000,21839.525598
-590.175387,1000,21852.444679
-599.998818,1000,21859.712627
-599.619491,1000,21872.70007
-599.999598,1000,21880.107983
-599.999988,1000,21893.038184
-599.878343,1000,21900.338134
-590.736592,1000,21913.220611
-599.999996,1000,21920.560198
-600.0,1000,21933.412745
-599.999999,1000,21940.726372
-600.0,1000,21953.694338
-599.999102,1000,21960.991638
-599.998596,1000,21973.869792
-599.999999,1000,21981.183279
-599.900003,1000,21994.163567
-599.940746,1000,22001.572369
-584.977142,1000,22014.563597
-593.519694,1000,22022.00334
-599.999967,1000,22035.085089
-599.868111,1000,22042.553838
-599.990309,1000,22055.54793
-600.0,1000,22062.857962
-593.452981,1000,22075.771852
-591.738615,1000,22083.037945
-599.998819,1000,22095.866008
-599.999976,1000,22103.114128
-598.997506,1000,22116.048884
-599.9333,1000,22123.377519
-598.283514,1000,22136.41433
-597.346166,1000,22143.847024
-599.997653,1000,22156.953659
-600.0,1000,22164.54246
-599.999995,1000,22177.764084
-599.480345,1000,22185.090823
-592.660023,1000,22198.055172
-599.864813,1000,22205.389202
-599.953419,1000,22218.44055
-597.529935,1000,22225.79988
-599.774374,1000,22238.760325
-599.902336,1000,22246.188239
-599.999997,1000,22259.301077
-599.83701,1000,22266.694329
-599.762622,1000,22279.631284
-598.842682,1000,22287.057249
-600.0,1000,22300.196299
-600.0,1000,22307.595521
-593.751304,1000,22320.600824
-599.783041,1000,22327.983578
-599.999997,1000,22341.083451
-599.99323,1000,22348.435283
-594.114141,1000,22361.341699
-599.999475,1000,22368.609418
-599.999571,1000,22381.721939
-599.999998,1000,22389.07291
-599.999626,1000,22402.104591
-599.978826,1000,22409.449138
-600.0,1000,22422.414666
-599.886461,1000,22429.75709
-599.844779,1000,22442.803493
-599.99945,1000,22450.143256
-588.865188,1000,22463.197351
-599.813514,1000,22470.576469
-599.999997,1000,22483.682586
-599.800197,1000,22490.973466
-599.957999,1000,22503.92454
-594.541294,1000,22511.201108
-592.318091,1000,22524.245689
-600.0,1000,22531.574105
-599.504924,1000,22544.532887
-600.0,1000,22551.869634
-599.999682,1000,22564.904598
-599.081249,1000,22572.285092
-598.089567,1000,22585.271154
-599.999999,1000,22592.534676
-599.851464,1000,22605.573612
-599.983131,1000,22612.909513
-599.999994,1000,22625.956293
-599.982745,1000,22633.384934
-599.937175,1000,22646.502676
-599.898704,1000,22653.935851
-599.992578,1000,22667.230484
-599.999999,1000,22674.689872
-599.954598,1000,22687.766665
-600.0,1000,22695.219486
-592.003825,1000,22708.415807
-599.893833,1000,22715.837912
-600.0,1000,22728.895755
-599.852728,1000,22736.418214
-599.791142,1000,22749.703526
-599.683043,1000,22757.18778
-599.999874,1000,22770.439946
-599.839198,1000,22777.879369
-599.859184,1000,22791.201041
-600.0,1000,22798.849359
-599.998615,1000,22812.059482
-599.999999,1000,22819.441781
-599.914608,1000,22832.44873
-599.998335,1000,22839.817206
-599.999999,1000,22852.910578
-599.932965,1000,22860.176225
-599.999673,1000,22873.187235
-599.973986,1000,22880.516841
-600.0,1000,22893.57064
-600.0,1000,22900.831404
-599.998761,1000,22913.755682
-600.0,1000,22920.967018
-599.999151,1000,22933.906273
-599.10616,1000,22941.252702
-599.972393,1000,22954.406446
-599.999506,1000,22961.676042
-599.999998,1000,22974.634062
-599.998442,1000,22981.990869
-600.0,1000,22995.197147
-599.924111,1000,23002.557672
-599.899005,1000,23015.595478
-599.999999,1000,23022.917102
-599.997009,1000,23036.019683
-600.0,1000,23043.34587
-597.293646,1000,23056.354197
-599.999999,1000,23063.593104
-599.762394,1000,23076.737508
-599.999282,1000,23084.07288
-599.988349,1000,23097.184872
-599.999996,1000,23104.481564
-584.168041,1000,23117.476143
-599.932572,1000,23124.872806
-599.950996,1000,23138.116769
-599.979173,1000,23145.538523
-599.9493,1000,23158.633548
-599.09082,1000,23165.92387
-599.999994,1000,23179.076653
-596.599348,1000,23186.421055
-597.333726,1000,23199.672539
-599.776758,1000,23206.894585
-599.870674,1000,23219.900071
-595.181588,1000,23227.105805
-599.999988,1000,23240.228701
-590.903605,1000,23247.428147
-599.893088,1000,23260.322466
-600.0,1000,23267.526533
-599.802172,1000,23280.629669
-599.929714,1000,23287.843893
-584.803668,1000,23300.996267
-578.969116,1000,23308.373738
-599.550194,1000,23321.585193
-599.937248,1000,23329.005128
-599.875599,1000,23342.343119
-599.999968,1000,23349.735098
-599.08399,1000,23362.912664
-599.740319,1000,23370.180546
-599.999373,1000,23383.360295
-599.720663,1000,23390.878996
-598.949086,1000,23404.097745
-599.999908,1000,23411.47396
-600.0,1000,23424.658968
-599.999763,1000,23431.870618
-599.792495,1000,23444.994214
-599.996678,1000,23452.275055
-597.448543,1000,23465.522366
-593.993396,1000,23472.762811
-600.0,1000,23485.927794
-599.999995,1000,23493.247217
-598.718556,1000,23506.343721
-600.0,1000,23513.588574
-600.0,1000,23526.76408
-600.0,1000,23534.061903
-599.960801,1000,23547.158676
-599.984415,1000,23554.362076
-599.999983,1000,23567.638004
-597.784545,1000,23574.943611
-597.116608,1000,23588.132614
-599.974234,1000,23595.436154
-600.0,1000,23608.62545
-600.0,1000,23616.245242
-599.999981,1000,23629.708416
-600.0,1000,23637.093021
-600.0,1000,23650.3877
-599.883987,1000,23657.701335
-600.0,1000,23671.292783
-599.822148,1000,23678.786097
-595.614368,1000,23692.375257
-598.63514,1000,23699.85688
-599.79915,1000,23713.302583
-600.0,1000,23720.749261
-600.0,1000,23734.108903
-593.289644,1000,23741.449841
