# {"t_start": 1599297910.116763, "env_id": "Half-Cheetah-RM12-v0"} 
r,l,t
-560.297768,1000,7.051666
-591.065406,1000,11.684193
-576.585996,1000,16.34711
-578.556798,1000,21.084047
-597.270981,1000,26.137318
-568.464442,1000,31.420368
-584.645845,1000,36.924438
-599.962202,1000,42.179783
-559.611537,1000,47.544212
-576.720417,1000,52.935673
-555.503262,1000,58.537036
-580.553846,1000,64.120457
-532.709645,1000,69.787136
666.066302,565,72.980829
-563.550757,1000,78.415223
-540.745566,1000,83.974427
-516.490411,1000,89.394835
673.768675,545,92.621205
675.477925,542,95.396475
-599.924414,1000,101.148005
676.600112,540,104.054105
669.517885,565,107.461564
-555.720532,1000,113.183289
-557.709534,1000,118.535974
-576.707695,1000,124.051862
-580.64755,1000,129.495576
-587.309967,1000,135.286804
-567.193981,1000,141.106023
-577.1163,1000,146.647026
943.020275,102,147.193962
844.819772,276,148.900099
792.168399,370,151.174297
-596.051155,1000,157.084201
-553.598505,1000,162.686296
886.892067,200,163.843555
-580.034464,1000,169.355656
-583.287266,1000,174.894055
-561.787269,1000,180.301104
-587.363699,1000,185.689931
-567.986218,1000,191.451344
-545.860422,1000,196.926086
-573.589627,1000,202.606694
-578.084826,1000,208.149372
-563.812105,1000,213.775358
-568.858967,1000,219.477008
-595.817904,1000,224.867679
-599.575869,1000,230.446972
-570.535523,1000,236.27886
-597.956831,1000,242.123952
-585.768534,1000,247.89161
-563.331415,1000,253.578597
-586.540009,1000,259.192687
-599.898517,1000,264.658708
-598.7922,1000,270.199453
-599.525408,1000,275.675588
-599.836606,1000,281.428369
-598.765973,1000,287.025684
-598.823896,1000,292.567441
-599.094741,1000,298.219967
-564.700089,1000,304.056641
856.208534,243,305.283039
-598.093066,1000,310.992119
858.669735,241,312.332631
622.15253,648,316.300873
905.163072,164,317.420955
-599.912448,1000,323.376596
-599.638394,1000,328.884852
-599.651502,1000,334.795555
-558.192657,1000,340.603106
-565.824292,1000,346.546595
-587.944067,1000,352.23512
-585.715062,1000,357.771608
-599.956222,1000,363.619723
-594.386607,1000,369.424356
-597.782427,1000,375.222893
-569.863667,1000,381.227655
-596.635002,1000,387.191931
-599.324019,1000,393.094405
-593.542672,1000,398.956396
-592.488142,1000,404.913795
-599.746232,1000,410.485561
-591.852722,1000,415.976434
-596.363359,1000,421.754312
-590.62854,1000,427.393885
-597.659828,1000,433.091541
-599.979474,1000,438.768017
-599.971216,1000,444.51457
-600.0,1000,450.302695
-599.985979,1000,456.034915
-599.999979,1000,461.760053
-599.941549,1000,467.165777
-552.180256,1000,472.987679
-561.562903,1000,478.852015
-576.60926,1000,484.888658
-599.794767,1000,490.78829
-599.978758,1000,496.839765
-589.128185,1000,502.704318
-597.423711,1000,508.685894
-595.386643,1000,514.288202
-599.547969,1000,519.948868
-599.402545,1000,525.813705
-596.137596,1000,531.676735
-599.862293,1000,537.636668
-599.843112,1000,543.650001
-599.908124,1000,549.43432
-599.968177,1000,555.227934
-599.463807,1000,561.053946
-595.588091,1000,566.97063
-597.726192,1000,572.825774
-583.150488,1000,578.597027
-585.103589,1000,584.089123
-586.245636,1000,589.824692
-599.999977,1000,595.56881
-599.994075,1000,601.647488
-599.131219,1000,607.315924
-599.997831,1000,613.30528
-598.049044,1000,619.095135
-599.997259,1000,624.988705
-599.999999,1000,630.398323
-599.651335,1000,636.28881
-599.996031,1000,642.247884
-599.914952,1000,648.061571
-599.999981,1000,653.594451
-588.861849,1000,659.319502
-599.999951,1000,664.997793
-599.999998,1000,671.15705
-599.99983,1000,677.087104
-599.890514,1000,683.070563
-599.885597,1000,688.945395
-599.907571,1000,695.071788
-599.262104,1000,700.906547
-599.9116,1000,706.913448
-598.458392,1000,712.521617
-599.483451,1000,718.312114
-600.0,1000,724.089225
-600.0,1000,730.260067
-600.0,1000,736.200949
-599.999943,1000,742.231064
-599.923563,1000,747.999796
-599.999903,1000,753.851304
-600.0,1000,759.571315
-599.999997,1000,765.574105
-592.902636,1000,771.254412
-600.0,1000,777.19842
-599.998848,1000,783.109572
-599.944263,1000,789.552484
-599.993346,1000,795.584239
-599.894724,1000,802.045621
-599.995397,1000,808.026366
-598.82296,1000,814.446374
-599.999998,1000,820.829628
-599.999997,1000,827.416742
-594.553851,1000,833.432624
-599.999938,1000,840.156192
-599.999998,1000,846.643115
-599.999995,1000,853.423734
-596.686633,1000,859.777592
-599.821234,1000,866.373964
-599.915391,1000,872.610041
-599.999833,1000,879.234997
-600.0,1000,885.532032
-600.0,1000,892.322865
-599.77752,1000,898.686007
-599.811403,1000,905.484801
-599.999593,1000,912.083883
-599.976651,1000,918.880676
-599.923285,1000,925.360238
-598.895968,1000,932.17782
-596.846534,1000,938.577804
-599.914192,1000,945.513257
-585.83934,1000,951.963536
-599.999507,1000,958.935895
-599.999464,1000,965.684506
-599.98871,1000,972.494796
-599.999902,1000,978.76679
-599.983313,1000,985.330768
-596.577202,1000,991.668396
-594.052449,1000,998.498877
-599.978386,1000,1005.089507
-599.999768,1000,1011.94336
-600.0,1000,1018.472809
-600.0,1000,1025.122148
-599.995877,1000,1031.798855
-599.998524,1000,1038.727162
-599.301249,1000,1045.232968
-585.343388,1000,1052.155795
-599.999717,1000,1058.53586
-598.997858,1000,1065.593003
-599.999851,1000,1072.28967
-600.0,1000,1079.315356
-599.998353,1000,1086.145446
-600.0,1000,1093.231728
-569.068972,1000,1100.077764
-600.0,1000,1107.378861
-600.0,1000,1114.201726
-599.999903,1000,1121.720633
-599.972948,1000,1129.006165
-600.0,1000,1136.116977
-600.0,1000,1143.204388
-600.0,1000,1150.616073
-599.970936,1000,1157.774777
-598.028268,1000,1164.751752
-599.976443,1000,1171.237674
-600.0,1000,1178.292675
-599.812729,1000,1184.68715
-597.279511,1000,1191.49194
-599.999748,1000,1198.057872
-600.0,1000,1204.857781
-597.548363,1000,1211.560978
-599.999999,1000,1218.786272
-600.0,1000,1225.215986
-596.802644,1000,1232.130651
-596.946327,1000,1238.539606
-589.032194,1000,1245.541249
-600.0,1000,1252.182706
-599.950399,1000,1259.315278
-599.668414,1000,1265.637087
-598.554988,1000,1272.577512
-599.999182,1000,1279.247706
-600.0,1000,1286.203985
-598.554824,1000,1292.608655
-570.138703,1000,1299.583301
-600.0,1000,1306.401682
-599.998007,1000,1313.549812
-600.0,1000,1320.375004
-594.739699,1000,1327.691021
-599.999901,1000,1334.534829
-599.824295,1000,1341.7788
-598.703527,1000,1348.44805
-599.988225,1000,1355.476889
-600.0,1000,1362.327663
-600.0,1000,1369.588964
-599.753909,1000,1376.33352
-600.0,1000,1383.682146
-600.0,1000,1390.673426
-599.946443,1000,1397.808907
-599.937396,1000,1404.574131
-600.0,1000,1411.835765
-600.0,1000,1418.686754
-600.0,1000,1426.05499
-599.999995,1000,1433.149991
-600.0,1000,1440.499531
-600.0,1000,1447.556582
-600.0,1000,1455.031553
-599.999467,1000,1461.881279
-594.275958,1000,1469.18559
-599.897229,1000,1476.034273
-599.979875,1000,1483.359172
-600.0,1000,1490.167034
-600.0,1000,1497.831591
-584.003512,1000,1504.79573
-600.0,1000,1512.29329
-599.873416,1000,1519.078448
-599.650006,1000,1526.37524
-600.0,1000,1533.507722
-599.771178,1000,1541.041746
-600.0,1000,1548.076099
-599.999424,1000,1555.409931
-580.162525,1000,1562.242702
-599.575476,1000,1569.392315
-600.0,1000,1576.305226
-599.726404,1000,1583.757591
-599.97364,1000,1591.130315
-600.0,1000,1598.516667
-599.671716,1000,1605.464126
-587.295004,1000,1612.916598
-599.920628,1000,1619.871197
-600.0,1000,1627.460861
-600.0,1000,1634.607006
-599.998594,1000,1642.412012
-599.998407,1000,1649.401621
-600.0,1000,1656.775843
-600.0,1000,1663.679193
-599.999194,1000,1671.28862
-600.0,1000,1678.48391
-599.999991,1000,1685.823344
-599.961444,1000,1692.757369
-599.999997,1000,1700.504127
-600.0,1000,1707.447768
-600.0,1000,1715.079829
-600.0,1000,1722.351266
-585.70284,1000,1730.338816
-599.999923,1000,1737.632367
-600.0,1000,1744.870916
-600.0,1000,1751.797643
-599.974672,1000,1759.257414
-599.982659,1000,1766.157379
-590.004077,1000,1773.796932
-599.999711,1000,1780.492731
-600.0,1000,1787.720625
-599.999857,1000,1794.810084
-600.0,1000,1802.664922
-599.879802,1000,1810.106932
-595.375896,1000,1817.661808
-597.254321,1000,1824.693425
-600.0,1000,1832.566315
-600.0,1000,1840.033339
-599.855461,1000,1848.153615
-599.999025,1000,1855.624823
-597.977166,1000,1863.625307
-600.0,1000,1871.119426
-599.999999,1000,1879.160107
-600.0,1000,1886.481411
-600.0,1000,1894.542415
-567.243074,1000,1902.011511
-600.0,1000,1910.077681
-576.2719,1000,1917.360566
-600.0,1000,1925.311463
-599.999992,1000,1932.756978
-600.0,1000,1940.85586
-600.0,1000,1948.37462
-600.0,1000,1956.473719
-599.998335,1000,1963.724665
-559.373215,1000,1971.750157
-598.130556,1000,1978.982971
-599.999999,1000,1986.96873
-600.0,1000,1994.318967
-599.999908,1000,2001.972168
-600.0,1000,2009.236428
-599.987463,1000,2017.030385
-599.885429,1000,2024.067476
-599.704792,1000,2032.053285
-599.998822,1000,2039.074409
-600.0,1000,2046.959381
-600.0,1000,2054.427559
-599.421522,1000,2062.567118
-600.0,1000,2069.851435
-600.0,1000,2077.903242
-599.989005,1000,2085.344761
-594.777019,1000,2093.403648
-600.0,1000,2100.547631
-600.0,1000,2108.608183
-599.999993,1000,2115.818365
-600.0,1000,2123.752335
-599.999999,1000,2130.657688
-600.0,1000,2138.423679
-597.547167,1000,2145.413651
-597.068446,1000,2153.190284
-599.541207,1000,2159.964913
-599.685661,1000,2167.436084
-600.0,1000,2174.487728
-600.0,1000,2182.331653
-599.99694,1000,2189.404073
-593.215302,1000,2197.271509
-595.554413,1000,2204.629757
-600.0,1000,2212.461963
-600.0,1000,2219.881395
-599.736508,1000,2228.055335
-599.97217,1000,2235.136226
-599.854688,1000,2243.168669
-599.985072,1000,2250.615561
-599.946905,1000,2258.69803
-600.0,1000,2266.152211
-600.0,1000,2274.018824
-599.912523,1000,2281.509361
-597.657275,1000,2289.318729
-599.9574,1000,2296.461915
-600.0,1000,2304.513646
-600.0,1000,2312.128593
-599.988233,1000,2320.151433
-599.977222,1000,2327.20046
-600.0,1000,2335.173325
-562.052576,1000,2342.483494
-598.004618,1000,2350.523041
-599.996349,1000,2357.987943
-600.0,1000,2366.215795
-599.999761,1000,2373.727113
-586.77279,1000,2382.121949
-599.796397,1000,2389.683427
-599.999986,1000,2397.916458
-599.976552,1000,2405.267472
-595.730112,1000,2413.671051
-599.922375,1000,2421.298789
-600.0,1000,2429.561897
-600.0,1000,2436.815623
-581.661515,1000,2445.003533
-599.999999,1000,2452.165918
-599.979696,1000,2460.534871
-599.68922,1000,2468.140143
-599.999365,1000,2476.418657
-560.372436,1000,2483.98112
-599.992678,1000,2492.082341
-599.999894,1000,2499.346413
-600.0,1000,2507.382946
-599.867772,1000,2514.475612
-599.937575,1000,2522.394768
-600.0,1000,2529.433718
-599.999229,1000,2537.66893
-600.0,1000,2545.122596
-599.400939,1000,2552.995447
-600.0,1000,2560.167523
-599.971144,1000,2568.326164
-599.999991,1000,2575.663531
-600.0,1000,2583.90409
-598.439171,1000,2591.533907
-600.0,1000,2599.69447
-600.0,1000,2606.970906
-599.802805,1000,2614.887989
-599.999712,1000,2622.481186
-598.382122,1000,2630.884506
-599.924189,1000,2638.194936
-599.999621,1000,2646.13565
-600.0,1000,2653.263551
-599.999403,1000,2661.017967
-599.945911,1000,2668.339841
-599.998279,1000,2676.361126
-600.0,1000,2683.964089
-600.0,1000,2691.962097
-600.0,1000,2699.309061
-600.0,1000,2707.199592
-570.238396,1000,2714.196812
-598.795791,1000,2722.014932
-600.0,1000,2729.083962
-599.407609,1000,2736.946702
-599.963934,1000,2744.044123
-526.960266,1000,2752.154278
-595.079843,1000,2759.699698
-598.593072,1000,2767.717185
-599.581774,1000,2774.909941
-599.23466,1000,2782.921083
-600.0,1000,2790.490651
-599.785048,1000,2798.946235
-543.74244,1000,2806.420179
-600.0,1000,2814.935826
-599.999895,1000,2822.464622
-600.0,1000,2830.602071
-599.815321,1000,2837.865423
-581.381068,1000,2846.137138
-599.710979,1000,2853.354519
-560.954572,1000,2861.817382
-599.999419,1000,2869.077688
-599.999781,1000,2877.136209
-577.582553,1000,2884.366457
-592.48502,1000,2892.867111
-555.096855,1000,2900.842233
-599.998057,1000,2909.671679
-599.464067,1000,2917.480112
-599.966777,1000,2926.000962
-555.042043,1000,2933.99093
-599.483421,1000,2942.901847
-572.180441,1000,2950.910562
-598.778292,1000,2959.82118
-599.865852,1000,2967.535844
-599.644771,1000,2976.037149
-599.140472,1000,2983.178681
-600.0,1000,2991.556706
-600.0,1000,2999.256045
-600.0,1000,3007.854559
-600.0,1000,3015.581532
-600.0,1000,3024.082266
-600.0,1000,3031.510562
-599.931256,1000,3040.271502
-600.0,1000,3047.67066
-600.0,1000,3056.250597
-599.96064,1000,3063.730595
-598.779178,1000,3072.710628
-599.999999,1000,3081.045763
-599.675701,1000,3090.143375
-600.0,1000,3098.172539
-599.999715,1000,3107.106311
-599.937122,1000,3115.134348
-599.907402,1000,3124.159215
-600.0,1000,3132.281213
-599.9973,1000,3141.372861
-599.510686,1000,3149.370082
-593.624465,1000,3158.166997
-600.0,1000,3165.967621
-600.0,1000,3174.880711
-600.0,1000,3182.727145
-600.0,1000,3191.284647
-599.998892,1000,3198.946988
-600.0,1000,3207.849486
-599.029297,1000,3215.488368
-600.0,1000,3224.227424
-600.0,1000,3232.025558
-595.464191,1000,3240.788083
-599.999857,1000,3248.516096
-599.9975,1000,3257.004735
-599.6031,1000,3264.41446
-600.0,1000,3273.114352
-599.999884,1000,3280.973069
-599.606827,1000,3289.778212
-599.831788,1000,3297.708536
-599.749164,1000,3306.629666
-600.0,1000,3314.474025
-599.999774,1000,3323.207068
-600.0,1000,3330.846249
-591.602683,1000,3339.585009
-598.631066,1000,3347.538655
-600.0,1000,3356.214064
-600.0,1000,3363.894205
-587.835275,1000,3372.40142
-591.842313,1000,3380.039341
-599.904473,1000,3388.837146
-599.999999,1000,3396.400621
-600.0,1000,3405.190211
-600.0,1000,3413.033875
-599.999886,1000,3421.798632
-597.196335,1000,3429.292068
-600.0,1000,3437.97882
-599.996816,1000,3445.579979
-600.0,1000,3454.167767
-599.853547,1000,3461.82554
-596.212015,1000,3470.766511
-596.559143,1000,3478.451878
-599.99962,1000,3487.456351
-600.0,1000,3495.361209
-600.0,1000,3504.054069
-586.047102,1000,3511.743565
-592.424878,1000,3520.69401
-588.076947,1000,3528.572878
-594.175322,1000,3537.579678
-599.983767,1000,3545.768533
-587.030325,1000,3555.054413
-599.945876,1000,3563.275053
-599.822721,1000,3572.231903
-600.0,1000,3580.025643
-599.165789,1000,3588.994312
-599.999663,1000,3596.848689
-600.0,1000,3605.666817
-588.22212,1000,3613.405941
-599.980192,1000,3622.109351
-600.0,1000,3629.982063
-600.0,1000,3639.017361
-600.0,1000,3646.877392
-600.0,1000,3655.739269
-600.0,1000,3663.712427
-599.999952,1000,3672.586009
-593.065703,1000,3680.468757
-600.0,1000,3689.44805
-600.0,1000,3697.202381
-568.618629,1000,3706.122163
-600.0,1000,3714.06281
-591.598576,1000,3723.013914
-600.0,1000,3730.710545
-570.650044,1000,3739.543123
-585.543733,1000,3747.386062
-599.073503,1000,3756.369161
-583.927944,1000,3764.505036
-599.999809,1000,3773.480554
-600.0,1000,3781.154316
-600.0,1000,3790.131093
-599.998946,1000,3797.953532
-599.999999,1000,3806.917097
-598.50228,1000,3814.643386
-574.782909,1000,3823.579392
-592.783645,1000,3831.589938
-599.98178,1000,3840.430788
-600.0,1000,3848.325982
-598.679698,1000,3857.385094
-599.571833,1000,3865.189159
-599.993895,1000,3874.21168
-597.901343,1000,3882.190465
-599.967809,1000,3891.275038
-599.926369,1000,3898.914407
-599.999686,1000,3908.13656
-599.141285,1000,3915.966888
-588.062951,1000,3924.87498
-599.999977,1000,3932.860409
-555.458019,1000,3941.953661
-544.685168,1000,3949.789018
-599.506426,1000,3958.970428
-599.997052,1000,3967.139593
-599.962697,1000,3976.40542
-593.804261,1000,3984.252276
-599.99391,1000,3993.329775
-598.571527,1000,4001.371606
-597.2541,1000,4010.775734
-599.99997,1000,4018.636647
-599.99999,1000,4027.573987
-599.949871,1000,4035.227588
-600.0,1000,4044.350526
-600.0,1000,4052.238512
-600.0,1000,4061.350524
-600.0,1000,4069.317711
-600.0,1000,4078.475628
-600.0,1000,4086.433947
-600.0,1000,4095.469338
-571.393531,1000,4103.601278
-600.0,1000,4112.824722
-599.960664,1000,4120.866853
-600.0,1000,4130.025795
-599.885543,1000,4137.857513
-559.627987,1000,4146.931564
-599.998984,1000,4154.820526
-600.0,1000,4163.797755
-599.058891,1000,4171.664051
-561.039817,1000,4180.89608
-550.129878,1000,4188.837918
-560.85206,1000,4198.032638
-600.0,1000,4205.922295
-600.0,1000,4215.188562
-599.985442,1000,4223.448941
-582.64197,1000,4232.842346
-600.0,1000,4241.023938
-596.872984,1000,4250.354555
-599.732578,1000,4258.273922
-599.419585,1000,4267.775225
-599.999997,1000,4276.031006
-599.940212,1000,4285.417816
-599.992344,1000,4293.452068
-597.772636,1000,4302.543307
-564.006864,1000,4310.490553
-532.660513,1000,4319.616847
-599.99883,1000,4327.90896
-599.999356,1000,4337.200882
-589.408805,1000,4345.275902
-580.069582,1000,4354.657036
-559.247012,1000,4362.717607
-592.236121,1000,4371.815346
-599.999786,1000,4379.769623
-599.999944,1000,4389.242006
-599.866629,1000,4397.334388
-599.999871,1000,4406.559146
-599.999801,1000,4414.731441
-592.303813,1000,4424.13266
-598.548617,1000,4432.330929
-599.919062,1000,4441.811937
-599.806861,1000,4449.844779
-600.0,1000,4459.02204
-599.355359,1000,4467.264108
-599.230285,1000,4476.707015
-599.994772,1000,4484.969934
-599.992308,1000,4494.336509
-600.0,1000,4502.441519
-599.999999,1000,4511.923853
-600.0,1000,4520.121059
-600.0,1000,4529.463442
-600.0,1000,4537.493488
-599.833642,1000,4546.753738
-599.999784,1000,4554.692951
-600.0,1000,4564.056717
-595.036302,1000,4571.801621
-600.0,1000,4580.856189
-580.059193,1000,4588.990712
-600.0,1000,4598.546975
-600.0,1000,4606.840001
-599.999924,1000,4616.28583
-588.956786,1000,4624.20492
-599.999999,1000,4633.538217
-589.118002,1000,4641.581057
-599.846,1000,4650.863378
-599.899067,1000,4658.911617
-599.994879,1000,4668.464452
-597.371684,1000,4676.580655
-599.088235,1000,4686.073662
-599.446826,1000,4694.20502
-594.92587,1000,4703.495509
-599.999664,1000,4711.777553
-599.999807,1000,4721.33806
-599.99999,1000,4729.494571
-600.0,1000,4738.829949
-600.0,1000,4746.854254
-600.0,1000,4755.959302
-600.0,1000,4764.055953
-600.0,1000,4773.399279
-600.0,1000,4781.381854
-599.023738,1000,4790.780686
-600.0,1000,4798.986581
-547.558256,1000,4808.326061
-599.999147,1000,4816.561574
-509.335452,1000,4826.107571
-600.0,1000,4834.314919
-579.219988,1000,4843.833017
-600.0,1000,4851.956827
-599.999999,1000,4861.115759
-599.957019,1000,4869.008746
-600.0,1000,4878.257288
-594.326752,1000,4886.313505
-600.0,1000,4895.547146
-600.0,1000,4903.771
-600.0,1000,4913.270884
-600.0,1000,4921.434886
-600.0,1000,4930.994594
-600.0,1000,4938.954228
-600.0,1000,4948.496709
-599.995253,1000,4956.514016
-587.818981,1000,4965.988039
-572.649696,1000,4974.136569
-559.14404,1000,4983.338193
-600.0,1000,4991.416862
-572.87139,1000,5000.863491
-600.0,1000,5008.885081
-550.62152,1000,5018.313469
-600.0,1000,5026.34844
-599.841101,1000,5035.892987
-594.69037,1000,5043.931282
-599.783798,1000,5053.441933
-599.788254,1000,5061.434045
-585.962457,1000,5070.827095
-592.974869,1000,5078.88399
-600.0,1000,5088.235434
-600.0,1000,5096.294461
-600.0,1000,5105.727773
-600.0,1000,5113.877543
-599.999289,1000,5123.382573
-600.0,1000,5131.541834
-600.0,1000,5140.894939
-600.0,1000,5148.897611
-599.999999,1000,5158.329823
-565.659897,1000,5166.182447
-598.6579,1000,5175.586235
-599.998116,1000,5183.423284
-599.998576,1000,5193.028369
-600.0,1000,5201.162962
-599.778826,1000,5210.743499
-599.96912,1000,5218.861062
-599.997607,1000,5228.418542
-599.999999,1000,5236.433656
-600.0,1000,5245.815846
-600.0,1000,5253.93978
-600.0,1000,5263.179613
-600.0,1000,5271.307525
-600.0,1000,5280.89794
-594.311528,1000,5288.983115
-599.465493,1000,5298.456065
-585.360168,1000,5306.607449
-598.454702,1000,5316.365142
-600.0,1000,5324.569954
-593.550796,1000,5334.121239
-600.0,1000,5342.23941
-599.917668,1000,5351.649101
-599.964856,1000,5359.673094
-589.440917,1000,5369.162178
-600.0,1000,5377.312533
-585.796129,1000,5386.80923
-544.145972,1000,5394.94754
-599.999998,1000,5404.483513
-600.0,1000,5412.420493
-600.0,1000,5421.992326
-600.0,1000,5429.968801
-589.924569,1000,5439.619944
-599.867185,1000,5447.635411
-600.0,1000,5456.923739
-600.0,1000,5464.956496
-599.999979,1000,5474.679937
-600.0,1000,5482.916434
-598.211129,1000,5492.691146
-599.842468,1000,5500.843156
-599.873778,1000,5510.385135
-599.489989,1000,5518.593158
-598.139918,1000,5528.138014
-600.0,1000,5536.346476
-599.968719,1000,5545.992676
-600.0,1000,5554.111948
-599.997843,1000,5563.670799
-599.988418,1000,5571.559274
-592.540552,1000,5581.354258
-588.402376,1000,5589.682987
-599.999991,1000,5599.255903
-600.0,1000,5607.302209
-599.999949,1000,5616.974877
-599.999277,1000,5625.112131
-600.0,1000,5634.817633
-600.0,1000,5643.070867
-600.0,1000,5652.745189
-600.0,1000,5660.845243
-600.0,1000,5670.438169
-600.0,1000,5678.413855
-588.947788,1000,5688.263209
-599.912577,1000,5696.513296
-599.999968,1000,5705.980537
-598.118219,1000,5714.098803
-599.997963,1000,5723.496211
-600.0,1000,5731.547872
-600.0,1000,5741.247553
-600.0,1000,5749.426154
-600.0,1000,5758.896674
-600.0,1000,5767.255126
-600.0,1000,5776.769117
-599.999471,1000,5784.60474
-556.728777,1000,5794.447187
-600.0,1000,5802.660092
-599.999997,1000,5812.110093
-599.859867,1000,5820.205001
-599.994568,1000,5829.671738
-599.999735,1000,5837.657853
-600.0,1000,5847.175057
-600.0,1000,5855.329911
-600.0,1000,5865.070578
-600.0,1000,5872.98569
-600.0,1000,5882.430883
-599.438754,1000,5890.697922
-600.0,1000,5900.019293
-600.0,1000,5907.816516
-596.004631,1000,5917.3639
-599.995139,1000,5925.283237
-592.735117,1000,5935.004469
-600.0,1000,5943.048253
-592.173505,1000,5952.668449
-599.827955,1000,5960.942976
-599.997339,1000,5970.82974
-590.504569,1000,5979.152851
-600.0,1000,5988.543363
-600.0,1000,5996.764423
-599.999999,1000,6006.157176
-597.993193,1000,6014.267947
-598.938159,1000,6023.881954
-599.999952,1000,6032.038347
-599.996726,1000,6041.861805
-599.880307,1000,6049.963112
-594.663497,1000,6059.637656
-599.812937,1000,6067.944421
-592.038519,1000,6077.756503
-595.348418,1000,6085.80497
-599.937299,1000,6095.717885
-600.0,1000,6103.573148
-599.991325,1000,6113.29494
-600.0,1000,6121.302137
-599.975049,1000,6131.14206
-589.168956,1000,6139.400803
-599.876666,1000,6149.29034
-598.117536,1000,6157.38009
-600.0,1000,6167.158804
-599.999999,1000,6175.26388
-600.0,1000,6184.978014
-600.0,1000,6193.172533
-600.0,1000,6202.825951
-600.0,1000,6210.734745
-599.999951,1000,6220.300947
-588.09725,1000,6228.397239
-599.998715,1000,6238.191159
-599.999319,1000,6246.244897
-548.926843,1000,6255.698751
-599.782053,1000,6263.591995
-599.988866,1000,6273.317356
-597.384138,1000,6281.279152
-600.0,1000,6291.165657
-600.0,1000,6299.332845
-599.999997,1000,6309.20964
-600.0,1000,6317.324672
-544.201253,1000,6327.163908
-599.974718,1000,6335.555929
-575.228553,1000,6345.244997
-599.999802,1000,6353.491939
-599.999939,1000,6363.367681
-599.999996,1000,6371.607458
-599.555444,1000,6381.440483
-599.744277,1000,6389.402573
-585.220451,1000,6399.230083
-599.646919,1000,6407.535229
-599.651083,1000,6417.492324
-585.849983,1000,6425.783465
-599.999905,1000,6435.569673
-599.007854,1000,6443.906297
-599.999951,1000,6453.615219
-566.029192,1000,6461.759364
-600.0,1000,6471.650957
-600.0,1000,6479.880114
-580.100322,1000,6489.725994
-599.864503,1000,6497.940976
-599.935586,1000,6507.931005
-599.970656,1000,6515.993238
-599.936828,1000,6525.417747
-600.0,1000,6533.27177
-600.0,1000,6542.92332
-599.999044,1000,6550.780136
-592.144953,1000,6560.498652
-574.205178,1000,6568.520463
-599.892998,1000,6578.169481
-599.999305,1000,6586.194052
-600.0,1000,6595.893839
-599.998744,1000,6604.093765
-600.0,1000,6613.966313
-590.333748,1000,6622.303299
-598.934013,1000,6632.031951
-600.0,1000,6640.058196
-599.954599,1000,6649.900473
-599.973905,1000,6658.144877
-599.990401,1000,6668.065282
-599.94154,1000,6676.252303
-599.952366,1000,6686.181188
-599.804659,1000,6694.472848
-552.393438,1000,6704.334321
-599.999459,1000,6712.422788
-578.893425,1000,6722.023986
-599.996381,1000,6730.37396
-599.819535,1000,6740.397734
-599.999717,1000,6748.6876
-598.719447,1000,6758.717705
-599.999963,1000,6766.610298
-599.936076,1000,6776.623471
-599.938294,1000,6784.801581
-599.999997,1000,6794.745683
-593.8467,1000,6802.798318
-599.999926,1000,6812.602258
-599.895669,1000,6820.584323
-599.988667,1000,6830.288127
-598.5235,1000,6838.300848
-599.985552,1000,6848.024965
-596.892974,1000,6855.795789
-582.768503,1000,6865.663524
-600.0,1000,6873.873982
-600.0,1000,6883.829653
-599.999999,1000,6891.875096
-600.0,1000,6901.894169
-600.0,1000,6910.151112
-600.0,1000,6920.184685
-600.0,1000,6928.112366
-599.923388,1000,6937.97535
-599.843536,1000,6946.200767
-600.0,1000,6956.253252
-584.815634,1000,6964.193149
-599.977347,1000,6973.948845
-600.0,1000,6981.966484
-600.0,1000,6991.652071
-599.94363,1000,6999.590152
-599.679239,1000,7009.464858
-599.499857,1000,7017.793735
-599.999999,1000,7027.790389
-599.946397,1000,7035.991143
-600.0,1000,7045.869784
-586.95406,1000,7053.983834
-599.998941,1000,7063.929743
-600.0,1000,7071.941891
-599.99995,1000,7081.646943
-600.0,1000,7089.715533
-599.956887,1000,7099.642072
-598.39583,1000,7107.705225
-600.0,1000,7117.60731
-599.819378,1000,7125.844199
-600.0,1000,7135.729185
-600.0,1000,7143.435452
-599.988394,1000,7153.284056
-600.0,1000,7161.372275
-591.790737,1000,7171.397827
-600.0,1000,7179.565095
-599.999459,1000,7189.542085
-600.0,1000,7197.55793
-600.0,1000,7207.787836
-600.0,1000,7216.143957
-600.0,1000,7226.321265
-600.0,1000,7234.667631
-600.0,1000,7244.791917
-600.0,1000,7253.07611
-567.216991,1000,7263.122478
-600.0,1000,7271.392135
-566.180832,1000,7281.415017
-599.999937,1000,7289.636309
-600.0,1000,7299.788422
-599.999902,1000,7307.711307
-600.0,1000,7317.554817
-579.765468,1000,7325.495808
-600.0,1000,7335.514103
-599.971091,1000,7343.507288
-600.0,1000,7353.472504
-574.159566,1000,7361.73474
-589.647724,1000,7371.85123
-600.0,1000,7380.182974
-600.0,1000,7390.318836
-572.786205,1000,7398.416186
-596.443853,1000,7408.600538
-600.0,1000,7416.923257
-599.999566,1000,7426.935419
-600.0,1000,7435.311974
-599.999894,1000,7445.421332
-583.625953,1000,7453.621621
-589.836209,1000,7463.637746
-599.831455,1000,7471.707483
-600.0,1000,7481.736761
-600.0,1000,7490.116252
-600.0,1000,7500.127748
-599.602104,1000,7508.355783
-600.0,1000,7518.476765
-599.934417,1000,7526.702987
-599.982068,1000,7536.938281
-600.0,1000,7545.263785
-599.17476,1000,7555.411017
-546.753743,1000,7563.60864
-585.841148,1000,7573.872334
-599.947798,1000,7582.129174
-573.324003,1000,7592.219511
-599.999992,1000,7600.178966
-600.0,1000,7610.210847
-600.0,1000,7618.369589
-600.0,1000,7628.413334
-599.999309,1000,7636.540428
-599.999947,1000,7646.391969
-600.0,1000,7654.363726
-600.0,1000,7664.567608
-600.0,1000,7672.615824
-600.0,1000,7682.705228
-600.0,1000,7690.898626
-600.0,1000,7701.110634
-560.156388,1000,7709.204271
-600.0,1000,7719.43759
-594.93233,1000,7727.781915
-599.94223,1000,7737.996426
-551.532777,1000,7746.359908
-596.87297,1000,7756.601351
-600.0,1000,7764.891921
-599.509348,1000,7774.848529
-599.98689,1000,7782.870885
-600.0,1000,7792.898979
-600.0,1000,7800.845143
-587.337353,1000,7810.862398
-599.999282,1000,7818.809574
-599.999017,1000,7828.592027
-546.812498,1000,7836.763172
-595.994554,1000,7846.512568
-599.998829,1000,7854.342882
-598.773039,1000,7864.30438
-599.99992,1000,7872.663552
-599.556583,1000,7882.818381
-598.5958,1000,7891.16695
-599.869297,1000,7901.36292
-584.081975,1000,7909.632489
-599.998518,1000,7919.720397
-600.0,1000,7927.333631
-600.0,1000,7937.517125
-600.0,1000,7945.531834
-600.0,1000,7955.455618
-600.0,1000,7963.383753
-600.0,1000,7973.595145
-582.053589,1000,7981.513191
-600.0,1000,7991.719093
-600.0,1000,7999.904738
-599.999961,1000,8009.909575
-598.065032,1000,8018.198215
-595.119987,1000,8028.41485
-600.0,1000,8036.586925
-600.0,1000,8046.831592
-600.0,1000,8054.807512
-600.0,1000,8065.093024
-600.0,1000,8073.498751
-599.8224,1000,8083.954056
-600.0,1000,8092.419658
-600.0,1000,8102.728832
-600.0,1000,8110.654644
-594.352439,1000,8120.87202
-587.939492,1000,8129.113681
-588.602039,1000,8139.271732
-600.0,1000,8147.481126
-600.0,1000,8157.787245
-600.0,1000,8166.014893
-600.0,1000,8176.39247
-599.879957,1000,8184.640355
-600.0,1000,8194.955528
-599.725434,1000,8203.21254
-599.800557,1000,8213.568501
-600.0,1000,8221.675702
-571.193024,1000,8232.062808
-599.999999,1000,8240.054281
-599.999984,1000,8250.475119
-599.705727,1000,8258.645403
-589.852004,1000,8268.925249
-600.0,1000,8277.228119
-599.997002,1000,8287.559617
-585.687073,1000,8296.129592
-600.0,1000,8306.578864
-585.398459,1000,8314.771299
-599.322405,1000,8325.214711
-600.0,1000,8333.326935
-596.264412,1000,8343.67116
-600.0,1000,8351.711746
-573.55123,1000,8362.069131
-599.999966,1000,8370.54938
-599.644859,1000,8380.911462
-599.664596,1000,8389.294944
-599.841477,1000,8399.766099
-600.0,1000,8408.04267
-570.484441,1000,8418.271938
-598.407769,1000,8426.277236
-600.0,1000,8436.476143
-599.888179,1000,8444.587747
-599.940033,1000,8454.93728
-600.0,1000,8463.362232
-599.950124,1000,8473.775133
-600.0,1000,8481.98336
-599.991953,1000,8492.615571
-599.999524,1000,8501.05932
-600.0,1000,8511.354312
-600.0,1000,8519.706173
-599.902591,1000,8530.236174
-578.782705,1000,8538.401881
-599.999999,1000,8548.835183
-599.90155,1000,8556.983671
-599.987461,1000,8567.438562
-589.098319,1000,8575.666784
-599.999129,1000,8586.203493
-599.905803,1000,8594.601995
-599.999998,1000,8605.043029
-593.290233,1000,8613.404416
-600.0,1000,8624.064822
-600.0,1000,8632.35799
-599.890898,1000,8642.888551
-599.973994,1000,8651.099902
-599.999614,1000,8661.503233
-599.999991,1000,8669.85151
-599.988781,1000,8680.383298
-593.270334,1000,8688.681506
-599.999999,1000,8699.046283
-599.999997,1000,8707.399497
-600.0,1000,8718.116145
-599.986843,1000,8726.740526
-600.0,1000,8737.575399
-600.0,1000,8746.148638
-599.393061,1000,8756.762587
-599.979757,1000,8765.287702
-599.956523,1000,8775.973398
-599.306115,1000,8784.343858
-582.889037,1000,8794.882998
-599.915045,1000,8803.115309
-599.989879,1000,8813.488759
-585.849173,1000,8821.913887
-600.0,1000,8832.436286
-599.851872,1000,8840.711524
-600.0,1000,8851.215264
-584.780698,1000,8859.72171
-598.940506,1000,8870.329505
-591.678326,1000,8878.745018
-600.0,1000,8889.51097
-599.69304,1000,8898.010408
-599.997131,1000,8908.685338
-599.964621,1000,8917.195002
-599.966182,1000,8927.549332
-599.999997,1000,8935.904983
-597.794587,1000,8946.203705
-599.999799,1000,8954.3531
-599.991736,1000,8964.741364
-590.366639,1000,8973.331915
-600.0,1000,8983.722501
-600.0,1000,8992.150067
-600.0,1000,9002.895207
-599.999998,1000,9011.224643
-600.0,1000,9021.886409
-598.133331,1000,9030.448878
-599.999926,1000,9041.242616
-599.920576,1000,9049.508018
-597.360045,1000,9060.036501
-599.99999,1000,9068.497808
-600.0,1000,9079.293551
-576.141938,1000,9087.877974
-600.0,1000,9098.6094
-599.962582,1000,9107.212549
-600.0,1000,9117.836853
-581.877537,1000,9126.230503
-600.0,1000,9137.094606
-599.832014,1000,9145.656959
-600.0,1000,9156.542217
-600.0,1000,9164.915326
-600.0,1000,9175.546402
-599.033275,1000,9184.132507
-600.0,1000,9194.885046
-599.910032,1000,9203.513673
-593.806676,1000,9214.258246
-599.999999,1000,9222.703867
-599.909724,1000,9233.608023
-599.524885,1000,9242.014242
-573.073071,1000,9252.775508
-600.0,1000,9261.365645
-599.995935,1000,9272.258279
-600.0,1000,9280.889804
-599.998927,1000,9291.88177
-600.0,1000,9300.7049
-597.319227,1000,9311.349666
-599.809959,1000,9319.829492
-597.223932,1000,9330.561282
-600.0,1000,9339.205252
-599.240872,1000,9349.884528
-599.718296,1000,9358.3277
-599.999996,1000,9369.275205
-600.0,1000,9377.93079
-577.713686,1000,9388.835853
-599.953235,1000,9397.352238
-599.999999,1000,9408.086574
-599.994958,1000,9416.518634
-599.114043,1000,9427.296652
-600.0,1000,9435.770901
-578.055275,1000,9446.682791
-599.993131,1000,9455.090529
-597.555397,1000,9465.987993
-598.152928,1000,9474.521689
-600.0,1000,9485.44402
-600.0,1000,9493.865385
-600.0,1000,9504.811673
-599.999999,1000,9513.298628
-599.136078,1000,9523.957209
-600.0,1000,9532.437884
-599.924028,1000,9543.286952
-599.999421,1000,9551.650537
-599.180165,1000,9562.564895
-597.941734,1000,9571.283115
-600.0,1000,9582.085534
-599.999939,1000,9590.797465
-600.0,1000,9601.716904
-599.999997,1000,9610.058289
-600.0,1000,9621.01564
-593.615336,1000,9629.712936
-599.99999,1000,9640.683965
-600.0,1000,9649.100837
-600.0,1000,9660.183511
-599.966022,1000,9668.620624
-600.0,1000,9679.714886
-587.589567,1000,9688.200294
-600.0,1000,9699.221471
-584.132769,1000,9707.576248
-599.980796,1000,9718.503332
-587.358051,1000,9727.156879
-600.0,1000,9738.138135
-600.0,1000,9746.559124
-581.107979,1000,9757.373016
-600.0,1000,9765.804289
-596.501901,1000,9776.668694
-600.0,1000,9784.983054
-600.0,1000,9795.663311
-600.0,1000,9804.092911
-599.99976,1000,9814.915913
-573.852465,1000,9823.491188
-600.0,1000,9834.559789
-587.230076,1000,9843.007792
-599.89378,1000,9854.066893
-590.824478,1000,9862.392746
-598.723138,1000,9873.370171
-600.0,1000,9881.912599
-600.0,1000,9893.110903
-586.320637,1000,9901.748559
-599.312546,1000,9912.808186
-600.0,1000,9921.341984
-598.892677,1000,9932.400292
-599.999999,1000,9940.832921
-600.0,1000,9951.752172
-599.8726,1000,9960.240662
-599.401739,1000,9971.189111
-598.686945,1000,9979.710414
-600.0,1000,9990.701808
-600.0,1000,9999.183471
-600.0,1000,10010.263937
-600.0,1000,10018.767308
-599.999998,1000,10029.746377
-599.999911,1000,10038.360466
-599.651037,1000,10049.346108
-599.775708,1000,10057.980826
-597.778679,1000,10069.079274
-599.999189,1000,10077.540643
-599.496429,1000,10088.665442
-599.938421,1000,10097.339326
-600.0,1000,10108.230124
-598.949058,1000,10116.675731
-599.999991,1000,10127.586553
-600.0,1000,10136.179967
-599.999971,1000,10147.017062
-599.954549,1000,10155.411916
-593.520019,1000,10166.419048
-600.0,1000,10175.204888
-600.0,1000,10186.206964
-599.846212,1000,10194.610381
-600.0,1000,10205.69171
-600.0,1000,10214.276078
-599.918548,1000,10225.278522
-599.99979,1000,10233.866396
-600.0,1000,10244.710508
-598.411484,1000,10253.210203
-599.987348,1000,10264.08948
-599.757585,1000,10272.601663
-593.189649,1000,10283.515523
-599.963568,1000,10292.052555
-599.997541,1000,10303.165392
-600.0,1000,10311.729696
-599.947855,1000,10322.586615
-599.694091,1000,10331.266443
-599.549134,1000,10342.268845
-599.792952,1000,10350.954511
-600.0,1000,10362.169969
-599.636528,1000,10370.78828
-600.0,1000,10381.765902
-600.0,1000,10390.398028
-598.51981,1000,10401.500313
-599.30171,1000,10409.956832
-597.899786,1000,10421.02822
-600.0,1000,10429.760783
-600.0,1000,10440.909604
-600.0,1000,10449.62305
-579.145842,1000,10460.687198
-585.813648,1000,10469.302703
-599.999567,1000,10480.273454
-599.999999,1000,10488.870253
-599.999997,1000,10499.901342
-600.0,1000,10508.442107
-599.990017,1000,10519.516684
-600.0,1000,10528.117465
-599.999412,1000,10539.257034
-599.99964,1000,10547.751562
-599.999904,1000,10558.950481
-599.996615,1000,10567.5593
-599.712342,1000,10578.684475
-600.0,1000,10587.240461
-599.967695,1000,10598.383453
-600.0,1000,10606.782992
-600.0,1000,10617.85951
-595.433757,1000,10626.526279
-565.154037,1000,10637.585099
-599.963118,1000,10646.130734
-599.419735,1000,10657.202622
-598.664988,1000,10665.635546
-597.578257,1000,10676.642417
-599.999907,1000,10685.191628
-598.188197,1000,10696.394443
-599.272807,1000,10704.646435
-600.0,1000,10715.703214
-599.931872,1000,10724.220668
-599.99939,1000,10735.410756
-595.662302,1000,10743.96512
-596.062635,1000,10755.276942
-599.982957,1000,10763.828351
-579.299743,1000,10774.672279
-600.0,1000,10783.217811
-600.0,1000,10794.131991
-600.0,1000,10802.666213
-600.0,1000,10813.890067
-596.949275,1000,10822.232155
-600.0,1000,10833.157892
-600.0,1000,10841.5352
-589.768617,1000,10852.766056
-600.0,1000,10861.079255
-599.962661,1000,10872.320109
-599.999864,1000,10881.013933
-600.0,1000,10891.984967
-600.0,1000,10900.355604
-599.527682,1000,10911.545503
-600.0,1000,10920.25112
-599.968413,1000,10931.32372
-599.999978,1000,10939.955595
-599.854208,1000,10951.101986
-600.0,1000,10959.577925
-599.999987,1000,10970.54849
-599.894407,1000,10978.980624
-597.785548,1000,10990.038014
-600.0,1000,10998.372838
-599.998247,1000,11009.565451
-599.999997,1000,11018.239739
-600.0,1000,11029.517127
-586.396419,1000,11037.984849
-600.0,1000,11049.073615
-600.0,1000,11057.776898
-599.888623,1000,11069.127706
-594.387256,1000,11077.597165
-589.255371,1000,11088.504473
-599.944234,1000,11096.859663
-599.811978,1000,11108.146108
-600.0,1000,11116.785081
-599.884108,1000,11127.968827
-598.558831,1000,11136.634077
-588.3893,1000,11147.846761
-590.48089,1000,11156.215518
-599.946177,1000,11167.435089
-600.0,1000,11176.186716
-596.869261,1000,11187.511801
-599.997525,1000,11195.930724
-595.281895,1000,11207.015145
-599.489438,1000,11215.501704
-599.998672,1000,11226.759985
-583.676479,1000,11235.276238
-599.9925,1000,11246.447562
-599.976005,1000,11255.084947
-590.92403,1000,11266.074336
-591.170637,1000,11274.715174
-600.0,1000,11286.057254
-599.593278,1000,11294.484149
-600.0,1000,11305.622523
-599.793351,1000,11314.155487
-598.921587,1000,11325.53426
-600.0,1000,11333.994671
-599.99942,1000,11345.249004
-599.996244,1000,11353.601762
-600.0,1000,11364.706745
-600.0,1000,11373.23734
-599.908332,1000,11384.660878
-578.982745,1000,11393.066928
-599.844811,1000,11404.441561
-599.844722,1000,11413.148147
-596.714765,1000,11424.618576
-600.0,1000,11433.270695
-600.0,1000,11444.717359
-600.0,1000,11453.186695
-597.464554,1000,11464.472692
-599.701637,1000,11472.848657
-600.0,1000,11484.155073
-566.901371,1000,11492.489752
-583.495635,1000,11503.7418
-600.0,1000,11512.36329
-599.99989,1000,11523.547477
-599.999988,1000,11531.865601
-599.994376,1000,11543.117608
-596.609082,1000,11551.767327
-599.108565,1000,11562.905577
-599.999994,1000,11571.532554
-600.0,1000,11582.979592
-598.43902,1000,11591.687851
-599.981428,1000,11603.19348
-593.583302,1000,11611.743452
-599.999999,1000,11622.990218
-599.89794,1000,11631.618014
-599.874775,1000,11643.100191
-599.933767,1000,11651.682394
-581.982635,1000,11662.852451
-599.998387,1000,11671.321549
-600.0,1000,11682.538007
-599.99992,1000,11691.234729
-586.250744,1000,11702.520822
-593.97908,1000,11710.970661
-600.0,1000,11722.259212
-599.80741,1000,11730.469888
-599.820593,1000,11741.755759
-581.842838,1000,11750.056484
-600.0,1000,11761.509768
-599.999999,1000,11770.085151
-600.0,1000,11781.363412
-568.526981,1000,11790.02706
-599.403099,1000,11801.420252
-600.0,1000,11809.850878
-590.247059,1000,11821.350335
-600.0,1000,11830.013531
-599.998398,1000,11841.439029
-600.0,1000,11850.084151
-600.0,1000,11861.319338
-600.0,1000,11869.847797
-600.0,1000,11881.210827
-599.978584,1000,11889.604496
-599.963044,1000,11901.079303
-599.986002,1000,11909.519076
-586.398395,1000,11920.836644
-599.592658,1000,11929.469529
-599.996214,1000,11940.608813
-599.974747,1000,11949.258768
-584.090041,1000,11960.799868
-599.999328,1000,11969.201637
-599.898189,1000,11980.491012
-600.0,1000,11988.988897
-600.0,1000,12000.461025
-599.999931,1000,12008.768972
-600.0,1000,12020.016728
-600.0,1000,12028.507251
-599.999998,1000,12039.904831
-591.35952,1000,12048.521936
-599.990646,1000,12059.744259
-599.864909,1000,12068.22284
-600.0,1000,12079.579463
-600.0,1000,12088.250491
-600.0,1000,12099.419065
-599.905869,1000,12108.023499
-597.409576,1000,12119.537682
-590.758786,1000,12127.859584
-600.0,1000,12139.125357
-598.22032,1000,12147.646386
-572.953315,1000,12159.056032
-585.697122,1000,12167.346295
-599.890132,1000,12178.547127
-599.99989,1000,12187.23107
-590.310003,1000,12198.732819
-596.379108,1000,12207.272973
-599.992439,1000,12218.742337
-600.0,1000,12227.552505
-599.907976,1000,12238.911577
-600.0,1000,12247.582232
-598.757317,1000,12259.040489
-599.958117,1000,12267.567425
-600.0,1000,12278.986088
-600.0,1000,12287.604032
-599.872761,1000,12299.057077
-599.991663,1000,12307.76812
-600.0,1000,12318.981275
-600.0,1000,12327.600589
-599.900349,1000,12338.983226
-599.993531,1000,12347.485636
-599.999966,1000,12359.010608
-599.013222,1000,12367.575896
-599.99877,1000,12379.085122
-600.0,1000,12387.598268
-599.999999,1000,12399.048368
-599.99588,1000,12407.661959
-595.892582,1000,12419.018577
-598.995027,1000,12427.350362
-599.865085,1000,12438.877023
-599.777879,1000,12447.549127
-596.699384,1000,12459.025247
-598.586144,1000,12467.520228
-600.0,1000,12478.739074
-600.0,1000,12487.119792
-600.0,1000,12498.629744
-587.65337,1000,12507.121026
-599.999592,1000,12518.591881
-599.908821,1000,12526.982303
-586.870207,1000,12538.522894
-599.999906,1000,12547.154853
-599.999715,1000,12558.527477
-599.92688,1000,12567.029477
-599.999658,1000,12578.384265
-600.0,1000,12586.993198
-600.0,1000,12598.608957
-581.810571,1000,12606.864309
-599.998964,1000,12618.002555
-599.986518,1000,12626.488188
-599.999995,1000,12637.962045
-599.728898,1000,12646.526262
-600.0,1000,12658.093228
-599.964687,1000,12666.557832
-600.0,1000,12678.070813
-599.996437,1000,12686.353727
-596.703462,1000,12697.839953
-596.891466,1000,12706.391499
-599.999979,1000,12717.89936
-586.021636,1000,12726.384286
-599.887505,1000,12737.68367
-600.0,1000,12746.195522
-599.567539,1000,12757.598555
-600.0,1000,12765.891691
-599.972733,1000,12777.362183
-599.78533,1000,12785.950945
-599.988938,1000,12797.668514
-599.105142,1000,12806.1802
-599.999933,1000,12817.7703
-542.227169,1000,12826.351287
-600.0,1000,12838.000053
-600.0,1000,12846.38238
-600.0,1000,12857.849475
-598.668997,1000,12866.496399
-597.807519,1000,12878.174609
-599.999939,1000,12886.617108
-599.999563,1000,12898.396398
-600.0,1000,12907.111961
-599.721726,1000,12918.768583
-600.0,1000,12927.244871
-600.0,1000,12938.679352
-600.0,1000,12947.285775
-597.725702,1000,12958.999003
-600.0,1000,12967.61129
-599.992843,1000,12979.131195
-599.999951,1000,12987.632137
-565.267553,1000,12999.251868
-600.0,1000,13007.712793
-584.845573,1000,13019.381383
-598.681505,1000,13027.840628
-600.0,1000,13039.56094
-593.11686,1000,13048.191158
-600.0,1000,13059.828048
-599.999994,1000,13068.46966
-599.917221,1000,13080.123556
-600.0,1000,13088.700881
-600.0,1000,13100.150089
-598.636418,1000,13108.456563
-596.852962,1000,13120.062992
-599.998651,1000,13128.783852
-600.0,1000,13140.42009
-599.999836,1000,13149.094088
-597.575992,1000,13160.699028
-599.997314,1000,13169.322463
-599.887397,1000,13181.046928
-599.583064,1000,13189.611663
-599.522773,1000,13201.19581
-600.0,1000,13209.827436
-600.0,1000,13221.467735
-600.0,1000,13229.860527
-599.762285,1000,13241.3446
-598.382644,1000,13249.99632
-579.939045,1000,13261.781367
-599.999999,1000,13270.417836
-576.616347,1000,13282.138823
-599.999997,1000,13290.632178
-599.999351,1000,13302.234209
-588.479987,1000,13310.545718
-594.517905,1000,13322.100858
-599.998835,1000,13330.559666
-600.0,1000,13342.349714
-599.848295,1000,13350.997744
-599.99596,1000,13362.767434
-600.0,1000,13371.259061
-599.957548,1000,13382.620267
-570.531273,1000,13391.259316
-600.0,1000,13403.088556
-600.0,1000,13411.800934
-599.966647,1000,13423.469087
-599.989707,1000,13432.055919
-599.835951,1000,13443.62493
-599.999995,1000,13452.290665
-599.99999,1000,13464.035361
-600.0,1000,13472.691615
-591.4072,1000,13484.182014
-599.979664,1000,13492.571317
-599.814087,1000,13504.247862
-599.483317,1000,13512.686601
-596.047758,1000,13524.148135
-600.0,1000,13532.750509
-599.998892,1000,13544.304215
-599.179922,1000,13553.022456
-599.944818,1000,13564.831703
-599.999735,1000,13573.349559
-599.837312,1000,13584.932632
-599.946828,1000,13593.466655
-587.496376,1000,13605.254648
-599.821788,1000,13613.612073
-600.0,1000,13625.435863
-600.0,1000,13634.069981
-599.478518,1000,13645.554264
-599.87564,1000,13654.181933
-600.0,1000,13665.931371
-599.667534,1000,13674.631816
-600.0,1000,13686.258674
-599.350994,1000,13694.704737
-600.0,1000,13706.460925
-600.0,1000,13715.087734
-600.0,1000,13726.751532
-596.270038,1000,13735.355589
-599.844818,1000,13747.175186
-599.999871,1000,13755.682465
-600.0,1000,13767.463515
-600.0,1000,13776.067759
-594.362827,1000,13787.749211
-600.0,1000,13796.315436
-599.808956,1000,13807.8962
-600.0,1000,13816.42367
-598.677006,1000,13827.950579
-599.999602,1000,13836.427522
-600.0,1000,13847.883387
-600.0,1000,13856.530658
-592.718324,1000,13868.358275
-594.223725,1000,13876.824377
-600.0,1000,13888.650741
-599.991871,1000,13897.350538
-594.425363,1000,13909.544203
-599.873321,1000,13918.040587
-600.0,1000,13929.733994
-599.612439,1000,13938.073535
-600.0,1000,13949.842161
-599.992802,1000,13958.296638
-598.016683,1000,13970.05462
-582.528242,1000,13978.708893
-598.845405,1000,13990.541359
-600.0,1000,13998.919524
-600.0,1000,14010.625765
-599.998192,1000,14018.910444
-599.998582,1000,14030.513125
-599.910704,1000,14038.950551
-599.861459,1000,14050.807269
-599.999956,1000,14059.430407
-599.999996,1000,14071.238717
-599.828749,1000,14079.739
-600.0,1000,14091.560074
-599.879365,1000,14099.900374
-599.946019,1000,14111.601691
-576.362112,1000,14120.149506
-593.206406,1000,14132.050863
-595.473002,1000,14140.677498
-599.555362,1000,14152.582447
-600.0,1000,14161.218216
-600.0,1000,14173.252921
-599.999595,1000,14181.936545
-582.482534,1000,14193.726457
-571.687307,1000,14202.068776
-582.170116,1000,14213.758675
-600.0,1000,14221.996699
-600.0,1000,14233.648179
-599.934965,1000,14242.129511
-600.0,1000,14254.041902
-599.58311,1000,14262.57503
-599.993389,1000,14274.444007
-599.921893,1000,14283.044276
-594.753732,1000,14295.062814
-589.086871,1000,14303.705317
-599.99999,1000,14315.57676
-600.0,1000,14324.15102
-600.0,1000,14336.092501
-600.0,1000,14344.518523
-600.0,1000,14356.345742
-599.944138,1000,14364.81154
-599.926096,1000,14376.583868
-600.0,1000,14385.127144
-599.766973,1000,14396.877764
-599.999997,1000,14405.474416
-599.747749,1000,14417.384898
-581.703842,1000,14425.879897
-599.998475,1000,14437.627357
-599.900837,1000,14446.102047
-556.39822,1000,14457.990102
-595.822713,1000,14466.607226
-600.0,1000,14478.442331
-600.0,1000,14486.917448
-599.970015,1000,14498.725976
-599.966092,1000,14507.296884
-600.0,1000,14519.118553
-600.0,1000,14527.835633
-600.0,1000,14539.738705
-599.999961,1000,14548.384258
-599.85772,1000,14560.300459
-580.804814,1000,14568.90671
-600.0,1000,14580.81271
-600.0,1000,14589.621362
-592.781952,1000,14601.599169
-599.995909,1000,14610.229156
-560.369769,1000,14622.190038
-599.999905,1000,14630.84116
-599.996649,1000,14642.815833
-600.0,1000,14651.46372
-600.0,1000,14663.161564
-600.0,1000,14671.584907
-575.354374,1000,14683.576386
-561.033954,1000,14692.148417
-600.0,1000,14703.930594
-599.961382,1000,14712.588193
-599.979478,1000,14724.454663
-600.0,1000,14733.047551
-600.0,1000,14744.886902
-599.999999,1000,14753.431957
-599.999998,1000,14765.096198
-581.048948,1000,14773.803355
-599.898994,1000,14785.834189
-600.0,1000,14794.363865
-599.961105,1000,14806.032375
-599.164077,1000,14814.543769
-600.0,1000,14826.58813
-600.0,1000,14835.070233
-599.964596,1000,14846.898761
-599.582099,1000,14855.3753
-597.787621,1000,14867.129536
-599.85781,1000,14875.663517
-599.337848,1000,14887.606291
-600.0,1000,14896.191066
-600.0,1000,14907.912782
-600.0,1000,14916.355327
-570.654342,1000,14928.224506
-600.0,1000,14936.735933
-589.412545,1000,14948.77393
-600.0,1000,14957.444569
-600.0,1000,14969.243059
-599.08068,1000,14977.853689
-599.999996,1000,14989.834983
-600.0,1000,14998.351643
-599.996044,1000,15010.239151
-599.955981,1000,15018.712122
-598.334075,1000,15030.733091
-599.931847,1000,15039.216417
-599.995603,1000,15050.863066
-600.0,1000,15059.432049
-598.559753,1000,15071.427924
-600.0,1000,15079.839692
-600.0,1000,15091.919447
-587.254273,1000,15100.516808
-587.484964,1000,15112.397671
-599.999999,1000,15120.938655
-600.0,1000,15132.771304
-599.80794,1000,15141.320673
-586.499993,1000,15153.295402
-599.896715,1000,15161.826349
-599.948305,1000,15173.84782
-599.8601,1000,15182.507085
-599.916213,1000,15194.615572
-599.989732,1000,15203.1264
-596.369273,1000,15215.239126
-599.999842,1000,15223.776983
-600.0,1000,15235.83146
-600.0,1000,15244.314021
-600.0,1000,15256.223361
-600.0,1000,15264.695343
-600.0,1000,15276.628114
-591.345022,1000,15285.247278
-600.0,1000,15297.048338
-600.0,1000,15305.68191
-596.000473,1000,15317.636303
-600.0,1000,15326.067357
-600.0,1000,15338.100714
-599.791403,1000,15346.624248
-600.0,1000,15358.60483
-600.0,1000,15367.120219
-599.676259,1000,15378.845391
-600.0,1000,15387.183707
-600.0,1000,15399.164617
-597.171201,1000,15407.756467
-600.0,1000,15419.783837
-600.0,1000,15428.44504
-599.999999,1000,15440.525467
-600.0,1000,15448.926113
-599.999321,1000,15460.820435
-600.0,1000,15469.486709
-600.0,1000,15481.481495
-598.932317,1000,15490.139763
-599.999979,1000,15502.200599
-586.854727,1000,15510.850213
-600.0,1000,15522.923504
-600.0,1000,15531.501258
-597.81916,1000,15543.613246
-595.862671,1000,15552.218778
-599.506607,1000,15564.281511
-600.0,1000,15572.473607
-600.0,1000,15584.603609
-588.138847,1000,15593.122653
-600.0,1000,15604.794526
-600.0,1000,15613.439168
-600.0,1000,15625.29656
-600.0,1000,15633.970515
-599.999999,1000,15646.133879
-599.915259,1000,15654.693416
-579.1687,1000,15666.730678
-600.0,1000,15675.26108
-599.999668,1000,15687.379869
-598.889968,1000,15695.907897
-597.419197,1000,15707.869
-599.740623,1000,15716.468894
-600.0,1000,15728.795655
-599.857136,1000,15737.310718
-600.0,1000,15749.325063
-600.0,1000,15757.945116
-599.718688,1000,15770.125303
-599.805601,1000,15778.484234
-599.904303,1000,15790.732122
-600.0,1000,15799.221335
-599.995097,1000,15811.42467
-579.629922,1000,15819.985407
-585.378533,1000,15832.111826
-599.999999,1000,15840.776734
-600.0,1000,15853.109853
-599.997491,1000,15861.639962
-600.0,1000,15873.953631
-599.999884,1000,15882.204004
-599.99847,1000,15894.450821
-599.999997,1000,15902.978074
-584.858796,1000,15915.118785
-599.998528,1000,15923.80611
-599.999992,1000,15936.083359
-598.845779,1000,15944.725726
-599.99979,1000,15956.962633
-576.242602,1000,15965.296077
-600.0,1000,15977.525759
-599.096782,1000,15986.023526
-599.981366,1000,15998.277003
-600.0,1000,16006.527506
-599.962161,1000,16018.82156
-599.999786,1000,16027.402443
-572.346325,1000,16039.548045
-600.0,1000,16047.985361
-600.0,1000,16060.233228
-599.987413,1000,16068.7085
-600.0,1000,16080.981577
-600.0,1000,16089.441458
-599.986451,1000,16101.612808
-600.0,1000,16109.985836
-600.0,1000,16122.259454
-599.920653,1000,16130.726626
-600.0,1000,16142.968663
-599.341537,1000,16151.337509
-579.302623,1000,16163.687449
-599.999995,1000,16171.980291
-599.907155,1000,16184.360205
-599.899204,1000,16192.959547
-599.565294,1000,16205.121973
-581.41527,1000,16213.762999
-599.999955,1000,16226.056777
-600.0,1000,16234.489491
-600.0,1000,16246.321942
-600.0,1000,16254.967376
-600.0,1000,16267.161549
-597.858744,1000,16275.491704
-600.0,1000,16287.719509
-599.999996,1000,16296.269766
-599.995712,1000,16308.59378
-599.999905,1000,16317.041167
-600.0,1000,16329.231936
-575.62413,1000,16337.848507
-600.0,1000,16350.132408
-600.0,1000,16358.697558
-599.314031,1000,16370.710937
-599.999856,1000,16379.340832
-599.999879,1000,16391.398764
-600.0,1000,16399.929621
-563.451734,1000,16412.280383
-600.0,1000,16420.834198
-592.643856,1000,16433.141879
-599.535506,1000,16441.745341
-599.971186,1000,16454.117237
-600.0,1000,16462.580547
-600.0,1000,16474.558191
-591.177373,1000,16482.78902
-600.0,1000,16495.210989
-600.0,1000,16503.948766
-599.938054,1000,16516.327689
-600.0,1000,16524.999202
-600.0,1000,16537.152667
-600.0,1000,16545.577948
-600.0,1000,16557.868155
-592.303698,1000,16566.495421
-578.34995,1000,16578.720766
-600.0,1000,16587.207911
-600.0,1000,16599.532807
-599.811046,1000,16608.154977
-593.246179,1000,16620.401486
-596.419773,1000,16628.709491
-599.992113,1000,16640.970684
-600.0,1000,16649.640705
-599.999401,1000,16662.031334
-599.490649,1000,16670.537039
-599.999956,1000,16682.540936
-598.036823,1000,16690.900449
-599.230174,1000,16702.915219
-599.925466,1000,16711.600434
-600.0,1000,16723.760303
-594.849347,1000,16732.285389
-599.778781,1000,16744.192605
-600.0,1000,16752.742029
-597.598153,1000,16765.199438
-599.79569,1000,16773.468255
-599.121464,1000,16785.53505
-599.73707,1000,16794.198228
-599.262104,1000,16806.623573
-599.999902,1000,16815.179554
-599.906154,1000,16827.685881
-600.0,1000,16836.128064
-599.981874,1000,16848.383025
-599.99998,1000,16856.759554
-600.0,1000,16869.143173
-599.220022,1000,16877.821674
-600.0,1000,16890.014016
-599.911128,1000,16898.608619
-598.690587,1000,16910.953377
-599.998229,1000,16919.358645
-599.108179,1000,16931.51193
-600.0,1000,16939.979952
-600.0,1000,16952.298048
-600.0,1000,16960.745187
-599.101625,1000,16972.791493
-599.723946,1000,16981.511314
-597.356483,1000,16993.909853
-600.0,1000,17002.318378
-600.0,1000,17014.681637
-599.999999,1000,17023.129631
-600.0,1000,17035.166341
-599.938529,1000,17043.630934
-599.99864,1000,17055.91409
-600.0,1000,17064.356609
-600.0,1000,17076.529378
-592.596091,1000,17084.989931
-599.980038,1000,17097.231269
-594.2709,1000,17105.684883
-599.995504,1000,17118.001194
-600.0,1000,17126.66743
-599.999914,1000,17139.072603
-599.330227,1000,17147.677832
-587.7098,1000,17160.103796
-576.8433,1000,17168.533926
-599.998652,1000,17180.837607
-598.459036,1000,17189.470817
-599.992318,1000,17201.758681
-600.0,1000,17210.271545
-599.987459,1000,17222.648794
-595.034266,1000,17231.329863
-599.49592,1000,17243.832511
-600.0,1000,17252.400973
-596.525193,1000,17264.91225
-599.255871,1000,17273.476903
-600.0,1000,17285.937316
-599.930395,1000,17294.588337
-578.20772,1000,17307.033761
-599.999474,1000,17315.671908
-599.909532,1000,17328.000623
-599.743639,1000,17336.45693
-594.02957,1000,17348.950462
-599.887443,1000,17357.571955
-599.999287,1000,17370.102833
-587.83921,1000,17378.765245
-599.783087,1000,17391.203547
-590.174127,1000,17399.709348
-595.378777,1000,17411.984464
-599.995845,1000,17420.396815
-600.0,1000,17432.533716
-599.986844,1000,17441.163211
-580.866766,1000,17453.343139
-600.0,1000,17461.805732
-588.561206,1000,17474.282283
-598.579812,1000,17482.955369
-597.659173,1000,17495.458358
-599.344026,1000,17503.933964
-600.0,1000,17516.147198
-599.996099,1000,17524.745883
-599.993468,1000,17537.100783
-599.847877,1000,17545.673355
-597.912151,1000,17558.138565
-599.914746,1000,17566.67354
-599.999878,1000,17578.997436
-599.998954,1000,17587.594188
-600.0,1000,17600.029706
-599.999998,1000,17608.685245
-599.156146,1000,17621.237183
-600.0,1000,17629.880096
-598.230059,1000,17642.243724
-599.943972,1000,17650.822645
-600.0,1000,17663.199746
-600.0,1000,17671.810545
-598.817916,1000,17684.364558
-599.748267,1000,17692.813383
-600.0,1000,17705.003187
-587.456881,1000,17713.473242
-599.980139,1000,17725.750984
-599.974564,1000,17734.412659
-599.998946,1000,17746.961276
-600.0,1000,17755.345746
-600.0,1000,17767.67419
-598.724354,1000,17776.270538
-600.0,1000,17788.775768
-600.0,1000,17797.322577
-599.89681,1000,17809.826936
-586.31107,1000,17818.289521
-599.999997,1000,17830.86388
-599.850001,1000,17839.466621
-599.999168,1000,17851.949395
-599.827043,1000,17860.287477
-599.999997,1000,17872.633207
-599.999999,1000,17881.193531
-599.998887,1000,17893.538199
-599.593201,1000,17902.027912
-599.891749,1000,17914.506673
-599.200797,1000,17923.197044
-599.896583,1000,17935.782916
-600.0,1000,17944.462068
-599.437097,1000,17956.939162
-600.0,1000,17965.689761
-586.809983,1000,17978.328443
-599.999999,1000,17986.692416
-600.0,1000,17999.362636
-598.732344,1000,18007.999685
-599.568049,1000,18020.346451
-599.832294,1000,18029.065136
-599.956568,1000,18041.693125
-600.0,1000,18050.420607
-600.0,1000,18063.013113
-600.0,1000,18071.408029
-600.0,1000,18083.844764
-599.962189,1000,18092.486995
-600.0,1000,18105.217462
-600.0,1000,18113.825874
-599.999995,1000,18126.240258
-600.0,1000,18134.522561
-599.807072,1000,18146.832947
-599.996987,1000,18155.138739
-599.995607,1000,18167.433796
-595.166513,1000,18175.776481
-599.99988,1000,18188.397737
-599.992455,1000,18196.750446
-600.0,1000,18209.393246
-599.954018,1000,18218.013499
-592.914766,1000,18230.397585
-599.950514,1000,18238.957572
-600.0,1000,18251.665864
-599.54683,1000,18260.199777
-594.98753,1000,18272.677452
-600.0,1000,18281.059082
-599.999933,1000,18293.665228
-585.228161,1000,18302.212698
-600.0,1000,18314.774797
-600.0,1000,18323.205513
-599.999998,1000,18335.640418
-597.318257,1000,18343.894466
-600.0,1000,18356.37265
-599.727777,1000,18364.789188
-600.0,1000,18377.496202
-599.999659,1000,18386.079056
-600.0,1000,18398.689725
-600.0,1000,18407.22826
-600.0,1000,18419.960081
-591.172003,1000,18428.373233
-599.999996,1000,18441.016842
-599.907068,1000,18449.386244
-600.0,1000,18462.035789
-599.99609,1000,18470.455754
-588.832932,1000,18483.125892
-594.286369,1000,18491.685705
-590.771914,1000,18504.425923
-600.0,1000,18512.756629
-600.0,1000,18525.462209
-600.0,1000,18534.038677
-600.0,1000,18546.512952
-593.135888,1000,18555.050818
-599.515336,1000,18567.567497
-598.376355,1000,18576.165535
-582.483262,1000,18588.836079
-600.0,1000,18597.308432
-600.0,1000,18610.103549
-600.0,1000,18618.387233
-599.970723,1000,18631.202906
-600.0,1000,18639.843822
-600.0,1000,18652.48472
-600.0,1000,18661.093525
-599.999318,1000,18673.68413
-600.0,1000,18682.515869
-600.0,1000,18695.167498
-595.975079,1000,18703.600697
-599.819956,1000,18716.401156
-575.36513,1000,18724.993447
-599.806127,1000,18737.366323
-600.0,1000,18745.846195
-582.4101,1000,18758.359617
-579.786114,1000,18767.033191
-599.999996,1000,18779.818938
-600.0,1000,18788.44333
-600.0,1000,18801.056819
-599.564098,1000,18809.6067
-600.0,1000,18822.312162
-594.096862,1000,18831.015153
-599.718572,1000,18843.796278
-599.997959,1000,18852.463006
-599.41582,1000,18865.151011
-562.909456,1000,18873.8459
-599.999744,1000,18886.574466
-600.0,1000,18895.061056
-600.0,1000,18907.542328
-600.0,1000,18915.977867
-580.32798,1000,18928.625809
-600.0,1000,18937.138574
-600.0,1000,18949.964233
-600.0,1000,18958.482542
-599.999997,1000,18971.358881
-599.790552,1000,18979.945867
-599.999999,1000,18992.547881
-600.0,1000,19000.963387
-600.0,1000,19013.566702
-599.191585,1000,19021.828505
-599.999999,1000,19034.465069
-600.0,1000,19043.078554
-600.0,1000,19055.836962
-600.0,1000,19064.628086
-599.964064,1000,19077.593835
-600.0,1000,19086.448823
-599.999626,1000,19099.087192
-597.594778,1000,19107.5161
-599.999999,1000,19120.483127
-597.130963,1000,19129.119065
-599.178593,1000,19141.788464
-599.98591,1000,19150.334108
-593.311428,1000,19162.926263
-596.986742,1000,19171.394533
-598.558521,1000,19184.037547
-599.999798,1000,19192.677545
-582.092653,1000,19205.317704
-600.0,1000,19214.021574
-600.0,1000,19226.719347
-599.92333,1000,19235.324642
-599.908764,1000,19248.094461
-597.900533,1000,19256.458115
-593.62386,1000,19269.287073
-599.999415,1000,19277.925709
-600.0,1000,19290.5075
-600.0,1000,19299.028429
-600.0,1000,19311.762443
-600.0,1000,19320.237292
-584.938523,1000,19332.844051
-600.0,1000,19341.517206
-600.0,1000,19354.342571
-599.373889,1000,19362.994418
-597.415115,1000,19375.600289
-599.75013,1000,19384.261249
-599.955953,1000,19397.086383
-599.999949,1000,19405.59077
-594.935537,1000,19418.487038
-599.99902,1000,19427.070956
-599.953079,1000,19439.568222
-600.0,1000,19448.169118
-600.0,1000,19461.107038
-579.585614,1000,19469.77295
-596.88761,1000,19482.576792
-600.0,1000,19491.024543
-599.949613,1000,19504.061435
-598.568665,1000,19512.611004
-599.999418,1000,19525.50431
-599.508269,1000,19534.072857
-600.0,1000,19546.958689
-585.309988,1000,19555.663835
-599.999855,1000,19568.595518
-600.0,1000,19577.242637
-599.999989,1000,19590.069247
-600.0,1000,19598.393274
-599.999292,1000,19611.129061
-599.901731,1000,19619.590154
-599.885339,1000,19632.232669
-583.108125,1000,19640.817247
-542.178783,1000,19653.67328
-599.999996,1000,19661.955898
-599.989045,1000,19674.818111
-600.0,1000,19683.232435
-599.759348,1000,19696.113744
-599.905251,1000,19704.429796
-599.999996,1000,19717.285633
-564.71121,1000,19725.885108
-599.998204,1000,19738.714521
-595.971557,1000,19747.160934
-599.605756,1000,19760.051925
-599.999322,1000,19768.657117
-599.999999,1000,19781.648385
-564.596444,1000,19790.264647
-599.991335,1000,19803.065131
-600.0,1000,19811.590957
-557.732802,1000,19824.618344
-600.0,1000,19833.112999
-600.0,1000,19845.995683
-600.0,1000,19854.521336
-599.860142,1000,19867.487259
-599.91028,1000,19875.797256
-599.904007,1000,19888.3599
-600.0,1000,19896.950378
-599.999996,1000,19909.848053
-599.673785,1000,19918.331992
-599.997309,1000,19931.123914
-599.93674,1000,19939.354206
-600.0,1000,19952.262026
-561.971053,1000,19960.495998
-600.0,1000,19973.454013
-589.084563,1000,19982.063099
-600.0,1000,19994.668539
-600.0,1000,20003.309376
-597.762766,1000,20016.363155
-579.099327,1000,20024.830581
-599.971394,1000,20037.722741
-600.0,1000,20046.332276
-599.693864,1000,20059.346123
-600.0,1000,20067.93592
-593.697136,1000,20080.847092
-599.976874,1000,20089.213052
-599.796667,1000,20102.368307
-599.974472,1000,20110.730132
-596.343015,1000,20123.510409
-595.906245,1000,20131.976277
-567.976398,1000,20144.934997
-600.0,1000,20153.236916
-600.0,1000,20166.063644
-599.563543,1000,20174.714542
-588.969649,1000,20187.588417
-599.971344,1000,20196.221088
-599.995898,1000,20209.134929
-600.0,1000,20217.815262
-600.0,1000,20230.61034
-599.999988,1000,20239.20456
-599.999527,1000,20251.884818
-600.0,1000,20260.323976
-599.956695,1000,20273.216801
-599.006972,1000,20281.889534
-599.89335,1000,20294.973576
-600.0,1000,20303.633801
-600.0,1000,20316.604118
-600.0,1000,20325.124854
-599.520356,1000,20338.138114
-599.903546,1000,20346.53687
-597.043785,1000,20359.423099
-599.918902,1000,20367.823969
-600.0,1000,20380.834994
-599.773183,1000,20389.326573
-600.0,1000,20402.39344
-600.0,1000,20411.067729
-579.280123,1000,20424.086643
-599.956323,1000,20432.541009
-599.405475,1000,20445.494348
-599.985828,1000,20454.172155
-584.403557,1000,20467.351689
-600.0,1000,20475.968371
-600.0,1000,20488.872367
-600.0,1000,20497.436044
-599.986895,1000,20510.507695
-599.582744,1000,20519.18557
-598.941506,1000,20532.022758
-600.0,1000,20540.427807
-598.19386,1000,20553.464134
-591.86637,1000,20562.125001
-600.0,1000,20574.965037
-599.975139,1000,20583.482901
-599.999997,1000,20596.350486
-600.0,1000,20604.871539
-599.999386,1000,20617.857814
-600.0,1000,20626.49813
-599.999965,1000,20639.751938
-600.0,1000,20648.248595
-599.996325,1000,20661.361242
-600.0,1000,20669.989718
-600.0,1000,20683.021955
-600.0,1000,20691.63933
-600.0,1000,20704.356082
-600.0,1000,20712.836727
-600.0,1000,20725.87246
-600.0,1000,20734.513478
-600.0,1000,20747.512451
-599.999999,1000,20756.147281
-599.999949,1000,20769.145011
-593.985509,1000,20777.684373
-600.0,1000,20790.731251
-600.0,1000,20799.433333
-572.525439,1000,20812.494569
-600.0,1000,20821.124648
-599.790624,1000,20833.835675
-600.0,1000,20842.39985
-599.999965,1000,20855.598934
-600.0,1000,20864.31074
-600.0,1000,20877.07254
-598.463904,1000,20885.55939
-600.0,1000,20898.338467
-600.0,1000,20906.717206
-600.0,1000,20919.60818
-600.0,1000,20927.962627
-599.432141,1000,20940.793454
-599.9987,1000,20949.493336
-599.999997,1000,20962.528222
-596.620341,1000,20971.052486
-600.0,1000,20984.195212
-600.0,1000,20992.699491
-597.632127,1000,21005.641785
-600.0,1000,21014.019969
-600.0,1000,21027.056569
-595.07827,1000,21035.357379
-599.999878,1000,21048.290551
-600.0,1000,21056.79807
-599.99763,1000,21069.635264
-597.129202,1000,21078.03831
-600.0,1000,21091.172036
-583.219174,1000,21099.53614
-599.836809,1000,21112.52045
-600.0,1000,21121.147576
-600.0,1000,21134.400257
-600.0,1000,21143.040756
-600.0,1000,21156.178253
-600.0,1000,21164.695916
-577.676432,1000,21177.90678
-590.731277,1000,21186.557161
-582.599965,1000,21199.689948
-599.883409,1000,21208.290889
-599.999955,1000,21221.40976
-600.0,1000,21229.786563
-600.0,1000,21242.843489
-599.94996,1000,21251.548576
-600.0,1000,21264.821104
-600.0,1000,21273.189843
-599.955046,1000,21286.340657
-575.631383,1000,21294.850837
-599.126552,1000,21307.82264
-600.0,1000,21316.498533
-599.999993,1000,21329.419646
-599.990349,1000,21337.969621
-600.0,1000,21351.067057
-599.993957,1000,21359.522008
-597.536066,1000,21372.648596
-599.998041,1000,21381.227008
-583.681528,1000,21394.369551
-600.0,1000,21402.824855
-598.626762,1000,21415.889652
-599.999997,1000,21424.318193
-600.0,1000,21437.62136
-600.0,1000,21446.124821
-600.0,1000,21459.212783
-599.990503,1000,21467.711163
-599.990471,1000,21481.016539
-600.0,1000,21489.479045
-598.047025,1000,21502.459724
-600.0,1000,21510.933149
-600.0,1000,21523.961941
-600.0,1000,21532.380263
-599.956592,1000,21545.590919
-600.0,1000,21553.878701
-599.668898,1000,21567.080368
-596.439481,1000,21575.662121
-599.908328,1000,21588.859254
-600.0,1000,21597.451704
-599.967653,1000,21610.54672
-600.0,1000,21619.160398
-599.921098,1000,21632.377397
-600.0,1000,21640.860875
-599.940346,1000,21654.182895
-600.0,1000,21662.470407
-598.764547,1000,21675.592388
-584.836941,1000,21683.967495
-600.0,1000,21697.093871
-599.999958,1000,21705.565341
-598.852064,1000,21718.625939
-599.999945,1000,21726.933281
-586.957056,1000,21740.112926
-599.999229,1000,21748.621748
-599.833096,1000,21761.931245
-598.62221,1000,21770.468342
-599.999999,1000,21783.690927
-600.0,1000,21792.280264
-600.0,1000,21805.700338
-600.0,1000,21814.144532
-600.0,1000,21827.345399
-599.912306,1000,21835.696919
-599.93166,1000,21849.025063
-573.31219,1000,21857.521995
-600.0,1000,21870.902876
-596.800849,1000,21879.413911
-595.580334,1000,21892.741092
-599.672258,1000,21901.171374
-599.907738,1000,21914.31745
-598.620767,1000,21922.638764
-600.0,1000,21935.866691
-595.764081,1000,21944.435547
-600.0,1000,21957.656223
-599.999995,1000,21965.952872
-599.99641,1000,21978.912735
-600.0,1000,21987.548847
-599.955968,1000,22000.865255
-591.121917,1000,22009.504441
-599.844523,1000,22022.811605
-593.348821,1000,22031.281548
-600.0,1000,22044.777159
-600.0,1000,22053.208574
-599.295569,1000,22066.481303
-600.0,1000,22075.152737
-600.0,1000,22088.501084
-600.0,1000,22097.001012
-600.0,1000,22110.137972
-600.0,1000,22118.576949
-570.356307,1000,22131.952466
-599.938297,1000,22140.512028
-600.0,1000,22153.819964
-600.0,1000,22162.479639
-574.04161,1000,22175.728834
-599.897486,1000,22184.046601
-600.0,1000,22197.525359
-599.999788,1000,22205.988977
-600.0,1000,22219.169378
-599.999647,1000,22227.581703
-595.033886,1000,22241.11255
-599.999899,1000,22249.464952
-600.0,1000,22262.820371
-600.0,1000,22271.451598
-598.782715,1000,22284.908893
-599.608431,1000,22293.383755
-599.999821,1000,22306.606535
-598.669265,1000,22315.041909
-599.908566,1000,22328.525867
-599.999999,1000,22337.137216
-595.260971,1000,22350.596373
-566.099276,1000,22359.110779
-599.999993,1000,22372.562422
-600.0,1000,22381.153744
-590.903342,1000,22394.698144
-600.0,1000,22403.043067
-587.302476,1000,22416.174476
-600.0,1000,22424.672377
-599.979973,1000,22438.076308
-600.0,1000,22446.634905
-599.999999,1000,22459.810542
-600.0,1000,22468.449593
-599.999278,1000,22481.852793
-599.903161,1000,22490.299061
-600.0,1000,22503.540408
-600.0,1000,22512.016888
-599.888578,1000,22525.188664
-599.999999,1000,22533.52878
-599.999996,1000,22546.946401
-580.207563,1000,22555.438098
-600.0,1000,22568.883645
-599.994578,1000,22577.325831
-600.0,1000,22590.601645
-599.999996,1000,22599.083784
-599.998621,1000,22612.369926
-599.905028,1000,22620.737737
-580.082996,1000,22633.839474
-577.495559,1000,22642.085967
-600.0,1000,22655.430469
-591.681368,1000,22664.011926
-582.29337,1000,22677.050607
-599.831961,1000,22685.63778
-599.806163,1000,22698.936124
-600.0,1000,22707.298324
-599.956664,1000,22720.682709
-600.0,1000,22729.134545
-600.0,1000,22742.676336
-600.0,1000,22751.109619
-579.43461,1000,22764.534294
-599.963282,1000,22772.979699
-600.0,1000,22786.330684
-599.999955,1000,22794.891879
-599.989922,1000,22808.342062
-599.998578,1000,22816.98866
-599.834711,1000,22830.241671
-599.952173,1000,22838.896346
-599.999901,1000,22852.390372
-599.885792,1000,22861.094296
-582.960406,1000,22874.303395
-599.887084,1000,22882.931206
-567.573465,1000,22896.23933
-599.999761,1000,22904.852155
-600.0,1000,22918.112082
-600.0,1000,22926.723783
-600.0,1000,22939.993436
-600.0,1000,22948.611647
-588.248787,1000,22961.880052
-600.0,1000,22970.499891
-581.958687,1000,22983.92383
-600.0,1000,22992.529876
-585.142268,1000,23005.677757
-600.0,1000,23014.361919
-599.810566,1000,23027.891586
-594.929287,1000,23036.347287
-600.0,1000,23049.824118
-600.0,1000,23058.412203
-599.998642,1000,23071.993969
-588.859471,1000,23080.510287
-598.18841,1000,23093.845873
-600.0,1000,23102.223179
-600.0,1000,23115.504058
-599.999985,1000,23124.093766
-599.999999,1000,23137.358085
-600.0,1000,23145.985634
-599.975131,1000,23159.331013
-599.990303,1000,23167.999893
-600.0,1000,23181.521885
-599.97007,1000,23190.090118
-598.977252,1000,23203.663823
-576.040224,1000,23211.988513
-600.0,1000,23225.404397
-599.728387,1000,23233.899016
-600.0,1000,23247.41133
-597.388706,1000,23256.114361
-600.0,1000,23269.631207
-599.999415,1000,23278.33289
-599.999997,1000,23291.628545
-599.991172,1000,23300.288635
-594.899111,1000,23313.833925
-600.0,1000,23322.502884
-600.0,1000,23336.072743
-599.889103,1000,23344.771877
-584.207459,1000,23358.140854
-598.550858,1000,23366.716419
-599.952255,1000,23380.411242
-599.997145,1000,23389.111308
-600.0,1000,23402.434153
-600.0,1000,23411.094111
-579.698527,1000,23424.450377
-599.999999,1000,23433.105676
-600.0,1000,23446.337835
-600.0,1000,23454.797916
-600.0,1000,23468.260251
-600.0,1000,23476.859721
-599.548728,1000,23490.399479
-600.0,1000,23498.998321
-600.0,1000,23512.602117
-599.896328,1000,23521.107471
-600.0,1000,23534.798534
-600.0,1000,23543.242336
-599.999825,1000,23556.745747
-599.990087,1000,23565.303938
-597.919541,1000,23578.853518
-600.0,1000,23587.503129
-600.0,1000,23601.091963
-599.678934,1000,23609.423009
-594.549411,1000,23622.87057
-578.808333,1000,23631.227075
-593.279659,1000,23644.857889
-600.0,1000,23653.494433
-600.0,1000,23666.67875
-599.998759,1000,23675.085462
-599.999975,1000,23688.416387
-600.0,1000,23697.174207
-580.836523,1000,23710.7699
-593.906486,1000,23719.237335
-599.999829,1000,23732.589257
-600.0,1000,23741.130353
-599.999999,1000,23754.671213
-600.0,1000,23763.14126
-599.92484,1000,23776.517336
-577.046758,1000,23785.054262
-598.338822,1000,23798.599314
-598.080547,1000,23807.285845
-599.936672,1000,23820.835765
-599.718287,1000,23829.327447
-599.548514,1000,23842.950164
-599.991361,1000,23851.39908
-578.000524,1000,23865.143192
-583.581047,1000,23873.804896
-599.851068,1000,23887.251237
-600.0,1000,23895.931079
-600.0,1000,23909.549539
-598.751025,1000,23918.074039
-600.0,1000,23931.737701
-599.999999,1000,23940.296516
-596.722512,1000,23953.603729
-600.0,1000,23961.980371
-599.927558,1000,23975.429155
-599.999756,1000,23983.722315
-600.0,1000,23997.397045
-591.499004,1000,24006.071262
-574.939729,1000,24019.593438
-599.943352,1000,24028.182709
-599.037712,1000,24041.80675
-599.864483,1000,24050.360167
-600.0,1000,24063.944884
-600.0,1000,24072.587533
-599.93846,1000,24086.032523
-600.0,1000,24094.547146
-599.823526,1000,24108.165123
-599.960911,1000,24116.747766
-598.628198,1000,24130.449617
-600.0,1000,24138.861888
-599.999802,1000,24152.367018
-600.0,1000,24160.813829
-600.0,1000,24174.236548
-599.999008,1000,24182.552055
-600.0,1000,24196.211428
-600.0,1000,24204.753114
-600.0,1000,24218.634608
-599.99958,1000,24227.178329
-598.457832,1000,24240.804257
-595.935536,1000,24249.275414
-596.247341,1000,24262.847452
-599.998666,1000,24271.548124
-599.999997,1000,24285.141399
-600.0,1000,24293.663074
-600.0,1000,24307.4828
-599.972979,1000,24316.114329
-600.0,1000,24329.671988
-599.922767,1000,24338.179499
-589.945211,1000,24351.861635
-599.997731,1000,24360.509207
-600.0,1000,24374.341329
-599.809345,1000,24382.720173
-599.966675,1000,24396.36907
-600.0,1000,24404.949419
-599.445989,1000,24418.836151
-599.996432,1000,24427.386429
-599.948416,1000,24440.955455
-599.987222,1000,24449.250906
-599.993135,1000,24462.814123
-600.0,1000,24471.342909
-599.384607,1000,24484.884384
-599.999996,1000,24493.487864
-586.312684,1000,24507.111152
-600.0,1000,24515.516864
-598.264594,1000,24529.264006
-588.699106,1000,24537.67221
-599.296928,1000,24551.286166
-597.657896,1000,24559.911384
-599.23177,1000,24573.812209
-600.0,1000,24582.45781
-600.0,1000,24595.997267
-599.973453,1000,24604.615442
-600.0,1000,24618.664426
-566.022833,1000,24627.270978
-600.0,1000,24641.014617
-599.816025,1000,24649.469389
-588.717995,1000,24663.304161
-600.0,1000,24671.945665
-599.999924,1000,24685.745861
-599.895269,1000,24694.36027
-599.99892,1000,24708.116604
-599.895213,1000,24716.750195
-599.998312,1000,24730.413281
-599.823793,1000,24739.12441
-599.834589,1000,24752.783185
-600.0,1000,24761.204531
-600.0,1000,24774.701044
-600.0,1000,24783.273652
-600.0,1000,24797.07114
-595.776195,1000,24805.462575
-600.0,1000,24819.136563
-598.388948,1000,24827.494318
-600.0,1000,24841.30775
-574.46478,1000,24850.039736
-600.0,1000,24863.739163
-599.999851,1000,24872.323953
-599.946366,1000,24886.16605
-600.0,1000,24894.678051
-599.999908,1000,24908.355902
-599.941453,1000,24917.082476
-598.583517,1000,24930.604634
-599.999276,1000,24939.116264
-599.027857,1000,24953.120467
-599.891591,1000,24961.857114
-594.774027,1000,24975.483463
-599.999994,1000,24983.940483
-600.0,1000,24997.795221
-599.863292,1000,25006.081181
-598.276751,1000,25019.859555
-600.0,1000,25028.555027
-599.856952,1000,25042.103333
-600.0,1000,25050.606729
-577.170345,1000,25064.384108
-600.0,1000,25073.066563
-600.0,1000,25086.894905
-599.990026,1000,25095.316108
-600.0,1000,25109.098618
-548.301593,1000,25117.527669
-594.225588,1000,25131.366772
-599.572026,1000,25140.02692
-599.770781,1000,25153.908351
-567.203289,1000,25162.489861
-599.468291,1000,25176.135726
-585.746594,1000,25184.601631
-600.0,1000,25198.160622
-596.243742,1000,25206.777457
-600.0,1000,25220.61205
-600.0,1000,25229.235531
-600.0,1000,25243.199236
-600.0,1000,25251.731261
-600.0,1000,25265.644707
-583.859131,1000,25274.322924
-600.0,1000,25288.078998
-600.0,1000,25296.623483
-599.009108,1000,25310.335049
-599.907982,1000,25319.049101
-600.0,1000,25332.934256
-600.0,1000,25341.484554
-600.0,1000,25355.452328
-600.0,1000,25364.157084
-590.328357,1000,25378.22845
-600.0,1000,25386.888444
-600.0,1000,25400.799521
-593.740657,1000,25409.275654
-599.007696,1000,25423.243332
-600.0,1000,25431.994027
-600.0,1000,25445.961517
-600.0,1000,25454.675662
-598.94021,1000,25468.651927
-600.0,1000,25477.303751
-599.982212,1000,25491.35514
-599.999999,1000,25499.936048
-599.999999,1000,25513.964985
-600.0,1000,25522.647881
-600.0,1000,25536.519696
-600.0,1000,25544.714775
-600.0,1000,25558.641575
-600.0,1000,25567.346786
-598.651049,1000,25581.159941
-600.0,1000,25589.720169
-600.0,1000,25603.605937
-599.999992,1000,25612.198926
-599.999994,1000,25625.946728
-600.0,1000,25634.616834
-598.777355,1000,25648.501158
-600.0,1000,25656.972218
-593.815915,1000,25670.999772
-599.999999,1000,25679.524612
-580.107561,1000,25693.523343
-574.600854,1000,25702.093834
-599.948104,1000,25716.014325
-564.598264,1000,25724.501721
-580.462714,1000,25738.418607
-591.882011,1000,25747.130108
-600.0,1000,25760.930297
-600.0,1000,25769.399712
-600.0,1000,25783.013311
-598.421422,1000,25791.409232
-600.0,1000,25805.249081
-600.0,1000,25813.864686
-573.534398,1000,25827.832556
-600.0,1000,25836.497004
-599.999998,1000,25850.501933
-600.0,1000,25858.973428
-583.4277,1000,25872.892846
-600.0,1000,25881.391329
-600.0,1000,25895.445429
-600.0,1000,25904.068544
-600.0,1000,25918.112349
-597.077254,1000,25926.766073
-598.746179,1000,25940.622044
-600.0,1000,25949.156564
-599.999998,1000,25963.091621
-600.0,1000,25971.633151
-600.0,1000,25985.659508
-597.242497,1000,25994.351075
-599.052797,1000,26008.29643
-599.997583,1000,26016.898166
-559.261493,1000,26030.892554
-595.565221,1000,26039.387713
-599.999955,1000,26053.4884
-599.911587,1000,26062.094027
-593.300281,1000,26076.077466
-600.0,1000,26084.74241
-585.231222,1000,26098.771345
-599.998731,1000,26107.270172
-600.0,1000,26121.235946
-600.0,1000,26129.794277
-599.826237,1000,26143.745349
-596.881496,1000,26152.136208
-600.0,1000,26165.92592
-599.959132,1000,26174.361343
-600.0,1000,26188.247409
-600.0,1000,26196.66687
-599.903077,1000,26210.507305
-600.0,1000,26219.024894
-599.999986,1000,26233.077196
-599.999998,1000,26241.674474
-599.311678,1000,26255.81977
-597.315627,1000,26264.516929
-586.74423,1000,26278.711468
-598.137744,1000,26287.161354
-600.0,1000,26301.242526
-599.971326,1000,26309.61164
-599.411953,1000,26323.523533
-600.0,1000,26332.131121
-598.626728,1000,26346.187429
-599.673474,1000,26354.780404
-595.96498,1000,26368.700853
-592.281519,1000,26376.967177
-600.0,1000,26391.211593
-600.0,1000,26399.586373
-599.999519,1000,26413.381103
-599.78786,1000,26422.004061
-578.297197,1000,26436.03563
-599.99968,1000,26444.51055
-599.751603,1000,26458.486378
-599.964741,1000,26466.941764
-599.991391,1000,26481.064006
-599.999996,1000,26489.425638
-600.0,1000,26503.451868
-599.957975,1000,26512.065612
-565.453701,1000,26526.271382
-600.0,1000,26534.787575
-595.076832,1000,26548.824229
-599.996282,1000,26557.255366
-599.99969,1000,26571.613384
-575.808659,1000,26580.266955
-599.788053,1000,26594.281648
-600.0,1000,26602.79706
-585.942834,1000,26616.991399
-598.878023,1000,26625.697835
-600.0,1000,26639.70594
-599.879636,1000,26648.051335
-599.927666,1000,26662.024615
-598.294556,1000,26670.234562
-599.992152,1000,26684.182676
-600.0,1000,26692.719881
-599.982626,1000,26706.884623
-599.935604,1000,26715.500932
-599.99929,1000,26729.720621
-599.992453,1000,26738.356195
-599.755383,1000,26752.473653
-599.99991,1000,26760.926104
-599.848627,1000,26775.008028
-580.736057,1000,26783.689542
-579.470097,1000,26797.76533
-600.0,1000,26806.125037
-598.946231,1000,26820.183749
-599.993618,1000,26828.826986
-600.0,1000,26843.01689
-599.999936,1000,26851.668742
-599.720032,1000,26865.880847
-599.984755,1000,26874.574632
-600.0,1000,26888.508795
-599.985254,1000,26897.035845
-599.8509,1000,26911.221191
-599.148651,1000,26919.867429
-599.791307,1000,26934.033253
-600.0,1000,26942.655123
-599.667522,1000,26956.494897
-577.050558,1000,26964.886149
-599.970327,1000,26978.987688
-580.899375,1000,26987.606861
-599.995417,1000,27001.579773
-599.942916,1000,27010.092255
-599.999999,1000,27024.316975
-599.401888,1000,27032.920005
-600.0,1000,27046.903958
-600.0,1000,27055.417635
-600.0,1000,27069.58873
-599.894735,1000,27078.238549
-599.465216,1000,27092.378525
-597.806691,1000,27100.833468
-600.0,1000,27114.85711
-600.0,1000,27123.513846
-600.0,1000,27137.609357
-600.0,1000,27146.206279
-600.0,1000,27160.397336
-599.492931,1000,27168.909961
-600.0,1000,27183.096847
-600.0,1000,27191.779616
-600.0,1000,27206.035068
-600.0,1000,27214.753172
-600.0,1000,27229.096977
-599.834301,1000,27237.549639
-579.165347,1000,27251.510783
-600.0,1000,27260.068525
-600.0,1000,27274.140177
-600.0,1000,27282.65444
-600.0,1000,27297.102278
-599.999966,1000,27305.836139
-600.0,1000,27319.821983
-600.0,1000,27328.55806
-564.466611,1000,27343.095981
-600.0,1000,27351.705173
-600.0,1000,27365.953526
-599.993395,1000,27374.331686
-600.0,1000,27388.463485
-600.0,1000,27396.935083
-554.520996,1000,27411.199776
-599.778802,1000,27419.650443
-599.999674,1000,27433.694522
-599.998625,1000,27442.337403
-600.0,1000,27456.647633
-582.527395,1000,27465.2291
-587.199912,1000,27479.359888
-600.0,1000,27488.021873
-599.903075,1000,27502.168761
-600.0,1000,27510.908849
-591.189608,1000,27524.713972
-600.0,1000,27533.286545
-599.938039,1000,27547.730706
-600.0,1000,27556.501174
-599.997084,1000,27570.94493
-600.0,1000,27579.46285
-600.0,1000,27593.651665
-599.999997,1000,27601.995668
-599.999996,1000,27616.3639
-587.329368,1000,27625.056903
-599.999746,1000,27639.51043
-600.0,1000,27648.169304
-589.210456,1000,27662.413237
-598.68556,1000,27671.111618
-599.981587,1000,27685.422908
-600.0,1000,27693.939937
-598.995288,1000,27708.317881
-599.987982,1000,27716.766013
-599.93601,1000,27731.16773
-592.613774,1000,27739.828513
-599.999921,1000,27754.265404
-599.84849,1000,27763.002838
-599.153564,1000,27777.447851
-600.0,1000,27786.089769
-599.994203,1000,27800.466686
-599.415514,1000,27809.178877
-599.999999,1000,27823.454194
-600.0,1000,27831.893038
-596.85854,1000,27846.499848
-552.123079,1000,27855.033924
-599.999995,1000,27869.362711
-600.0,1000,27877.979447
-600.0,1000,27892.142038
-599.894681,1000,27900.736995
-580.401355,1000,27915.10594
-600.0,1000,27923.583808
-600.0,1000,27937.725338
-600.0,1000,27946.331638
-600.0,1000,27960.570337
-599.990125,1000,27969.273609
-600.0,1000,27983.665491
-600.0,1000,27992.399579
-599.999985,1000,28006.632018
-599.999999,1000,28015.035189
-599.996218,1000,28029.073345
-599.768921,1000,28037.585076
-600.0,1000,28052.119696
-599.816823,1000,28060.872505
-600.0,1000,28075.302197
-592.218743,1000,28083.886431
-600.0,1000,28098.358179
-599.959948,1000,28107.072443
-600.0,1000,28121.39231
-599.972206,1000,28130.095072
-599.999999,1000,28144.455466
-599.999995,1000,28153.078791
-600.0,1000,28167.504119
-598.940616,1000,28176.200264
-598.923288,1000,28190.54011
-600.0,1000,28199.141029
-599.905931,1000,28213.402215
-599.157354,1000,28222.12249
-599.99827,1000,28236.441878
-599.895803,1000,28245.159365
-599.470841,1000,28259.52831
-599.388387,1000,28268.193442
-599.844317,1000,28282.616342
-584.393838,1000,28291.274981
-599.976165,1000,28305.511669
-600.0,1000,28314.09048
-600.0,1000,28328.681105
-600.0,1000,28337.37416
-599.999877,1000,28351.383712
-599.999952,1000,28359.706481
-599.999471,1000,28374.060002
-599.189714,1000,28382.743357
-599.486812,1000,28397.25651
-599.999998,1000,28405.709479
-600.0,1000,28420.037488
-600.0,1000,28428.730843
-600.0,1000,28443.075036
-600.0,1000,28451.527951
-599.885285,1000,28465.812256
-599.999916,1000,28474.245918
-599.91008,1000,28488.646919
-597.749302,1000,28497.170907
-600.0,1000,28511.641561
-599.997168,1000,28520.272304
-599.421498,1000,28534.515103
-596.386298,1000,28543.055644
-598.332577,1000,28557.495303
-600.0,1000,28566.237936
-600.0,1000,28580.794707
-599.955399,1000,28589.466328
-599.719214,1000,28603.890265
-592.331743,1000,28612.416286
-599.992518,1000,28626.957298
-590.366136,1000,28635.507269
-600.0,1000,28650.064456
-593.34512,1000,28658.602285
-600.0,1000,28672.941979
-600.0,1000,28681.582556
-599.999985,1000,28695.901971
-598.206311,1000,28704.293979
-600.0,1000,28718.715875
-597.77089,1000,28727.407345
-599.999996,1000,28741.699198
-600.0,1000,28750.22507
-599.999998,1000,28764.627016
-600.0,1000,28773.327565
-598.860452,1000,28787.720505
-600.0,1000,28796.371824
-599.99918,1000,28810.703455
-600.0,1000,28819.153573
-600.0,1000,28833.681543
-600.0,1000,28842.145778
-600.0,1000,28856.460297
-599.774705,1000,28864.908582
-589.501246,1000,28879.29592
-594.291099,1000,28887.792581
-600.0,1000,28902.246306
-600.0,1000,28910.611111
