# {"t_start": 1599694037.6102626, "env_id": "Craft-single-M3-v0"} 
r,l,t
0.0,1000,0.028679
0.0,1000,0.056097
0.0,1000,0.082832
0.0,1000,0.109649
0.0,1000,0.136443
0.0,1000,0.163361
0.0,1000,0.190207
0.0,1000,0.217099
0.0,1000,0.244099
0.0,1000,0.273529
0.0,1000,0.300806
0.0,1000,0.327737
0.0,1000,0.35461
0.0,1000,0.381512
0.0,1000,0.408625
0.0,1000,0.435601
0.0,1000,0.462528
0.0,1000,0.489655
0.0,1000,0.516738
0.0,1000,0.543763
0.0,1000,0.570741
0.0,1000,0.597526
0.0,1000,0.62458
0.0,1000,0.651398
0.0,1000,0.678382
0.0,1000,0.705409
0.0,1000,0.732469
0.0,1000,0.759768
0.0,1000,0.786626
0.0,1000,0.813579
0.0,1000,0.84053
0.0,1000,0.867324
0.0,1000,0.894566
0.0,1000,0.921767
0.0,1000,0.94887
0.0,1000,0.975855
0.0,1000,1.002856
0.0,1000,1.029832
0.0,1000,1.056777
0.0,1000,1.083774
0.0,1000,1.110675
0.0,1000,1.137555
0.0,1000,1.164707
0.0,1000,1.191746
0.0,1000,1.218677
0.0,1000,1.245347
0.0,1000,1.272418
0.0,1000,1.299335
0.0,1000,1.326566
0.0,1000,1.353357
0.0,1000,1.380443
0.0,1000,1.407514
0.0,1000,1.434687
0.0,1000,1.461781
0.0,1000,1.489039
0.0,1000,1.516294
0.0,1000,1.54335
0.0,1000,1.570416
0.0,1000,1.597541
0.0,1000,1.624681
0.0,1000,1.652002
0.0,1000,1.679153
0.0,1000,1.706288
0.0,1000,1.73342
0.0,1000,1.760611
0.0,1000,1.787493
0.0,1000,1.814646
0.0,1000,1.841752
0.0,1000,1.868867
0.0,1000,1.896119
0.0,1000,1.923491
0.0,1000,1.950589
0.0,1000,1.977697
0.0,1000,2.004795
0.0,1000,2.032147
0.0,1000,2.059102
0.0,1000,2.086333
0.0,1000,2.113482
0.0,1000,2.140795
0.0,1000,2.168013
0.0,1000,2.195228
0.0,1000,2.222293
0.0,1000,2.249382
0.0,1000,2.278566
0.0,1000,2.306105
0.0,1000,2.333306
0.0,1000,2.360581
0.0,1000,2.387626
0.0,1000,2.414661
0.0,1000,2.441946
0.0,1000,2.469324
0.0,1000,2.49659
0.0,1000,2.524098
0.0,1000,2.551179
0.0,1000,2.578414
0.0,1000,2.605636
0.0,1000,2.632954
0.0,1000,2.660104
0.0,1000,2.687315
0.0,1000,2.714541
0.0,1000,2.741761
0.0,1000,2.768812
0.0,1000,2.796082
0.0,1000,2.823145
0.0,1000,2.85041
0.0,1000,2.877443
0.0,1000,2.90466
0.0,1000,2.93201
0.0,1000,2.959146
0.0,1000,2.986299
0.0,1000,3.013537
0.0,1000,3.04073
0.0,1000,3.068003
0.0,1000,3.095086
0.0,1000,3.122518
0.0,1000,3.149787
0.0,1000,3.17691
0.0,1000,3.203984
0.0,1000,3.231272
0.0,1000,3.258298
0.0,1000,3.28559
0.0,1000,3.312761
0.0,1000,3.340228
0.0,1000,3.367433
0.0,1000,3.394315
0.0,1000,3.421635
0.0,1000,3.448843
0.0,1000,3.475892
0.0,1000,3.503142
0.0,1000,3.530573
0.0,1000,3.557847
0.0,1000,3.58515
0.0,1000,3.612379
0.0,1000,3.639452
0.0,1000,3.66659
0.0,1000,3.69385
0.0,1000,3.720916
0.0,1000,3.748161
0.0,1000,3.775368
0.0,1000,3.802531
0.0,1000,3.829896
0.0,1000,3.857117
0.0,1000,3.884163
0.0,1000,3.911323
0.0,1000,3.938541
0.0,1000,3.965704
0.0,1000,3.99287
0.0,1000,4.01997
0.0,1000,4.047209
0.0,1000,4.074328
0.0,1000,4.101646
0.0,1000,4.128728
0.0,1000,4.15613
0.0,1000,4.183366
0.0,1000,4.21046
0.0,1000,4.237634
0.0,1000,4.264839
0.0,1000,4.291954
0.0,1000,4.318931
0.0,1000,4.346245
0.0,1000,4.373477
0.0,1000,4.400527
0.0,1000,4.427735
0.0,1000,4.454851
0.0,1000,4.482187
0.0,1000,4.509409
0.0,1000,4.53653
0.0,1000,4.563819
0.0,1000,4.590943
0.0,1000,4.618186
0.0,1000,4.645371
0.0,1000,4.672453
0.0,1000,4.699682
0.0,1000,4.726631
0.0,1000,4.753936
0.0,1000,4.781111
0.0,1000,4.808246
0.0,1000,4.835329
0.0,1000,4.862573
0.0,1000,4.892093
0.0,1000,4.919914
0.0,1000,4.947253
0.0,1000,4.974612
0.0,1000,5.001698
0.0,1000,5.028911
0.0,1000,5.056065
0.0,1000,5.083314
0.0,1000,5.110276
0.0,1000,5.137565
0.0,1000,5.164753
0.0,1000,5.192178
0.0,1000,5.219128
0.0,1000,5.246239
0.0,1000,5.273423
0.0,1000,5.300438
0.0,1000,5.327536
0.0,1000,5.354708
0.0,1000,5.381748
0.0,1000,5.408677
0.0,1000,5.435994
0.0,1000,5.463119
0.0,1000,5.490103
0.0,1000,5.517311
0.0,1000,5.54431
0.0,1000,5.571693
0.0,1000,5.598748
0.0,1000,5.626007
0.0,1000,5.653221
0.0,1000,5.680584
0.0,1000,5.7076
0.0,1000,5.73476
0.0,1000,5.761802
0.0,1000,5.789123
0.0,1000,5.816275
0.0,1000,5.843469
0.0,1000,5.870494
0.0,1000,5.89755
0.0,1000,5.9247
0.0,1000,5.951637
0.0,1000,5.978862
0.0,1000,6.006038
0.0,1000,6.033322
0.0,1000,6.060686
0.0,1000,6.0879
0.0,1000,6.115148
0.0,1000,6.142158
0.0,1000,6.169172
0.0,1000,6.196585
0.0,1000,6.223551
0.0,1000,6.250563
0.0,1000,6.277833
0.0,1000,6.304924
0.0,1000,6.331882
0.0,1000,6.358909
0.0,1000,6.386028
0.0,1000,6.412985
0.0,1000,6.440142
0.0,1000,6.467277
0.0,1000,6.494335
0.0,1000,6.521555
0.0,1000,6.548786
0.0,1000,6.575898
0.0,1000,6.602925
0.0,1000,6.630131
0.0,1000,6.657256
0.0,1000,6.684496
0.0,1000,6.711662
0.0,1000,6.738796
0.0,1000,6.765837
0.0,1000,6.79299
0.0,1000,6.820289
0.0,1000,6.847402
0.0,1000,6.874467
0.0,1000,6.901637
0.0,1000,6.928775
0.0,1000,6.955832
0.0,1000,6.982976
0.0,1000,7.010058
0.0,1000,7.037146
0.0,1000,7.0642
0.0,1000,7.091365
0.0,1000,7.118422
1.0,794,7.14012
0.0,1000,7.167073
0.0,1000,7.194226
0.0,1000,7.221446
0.0,1000,7.248374
0.0,1000,7.275251
0.0,1000,7.302296
0.0,1000,7.32923
0.0,1000,7.356185
0.0,1000,7.383243
0.0,1000,7.410425
0.0,1000,7.437355
0.0,1000,7.464686
0.0,1000,7.49166
0.0,1000,7.518613
0.0,1000,7.545759
0.0,1000,7.572917
0.0,1000,7.599914
0.0,1000,7.627281
0.0,1000,7.654386
0.0,1000,7.681588
0.0,1000,7.708603
0.0,1000,7.735905
0.0,1000,7.763008
0.0,1000,7.789756
0.0,1000,7.816933
0.0,1000,7.843873
0.0,1000,7.870996
0.0,1000,7.898026
0.0,1000,7.925128
0.0,1000,7.952193
0.0,1000,7.97917
0.0,1000,8.00612
0.0,1000,8.03326
0.0,1000,8.060274
0.0,1000,8.087253
0.0,1000,8.114214
0.0,1000,8.141098
0.0,1000,8.168086
0.0,1000,8.195138
0.0,1000,8.222334
0.0,1000,8.249489
0.0,1000,8.278955
0.0,1000,8.306641
0.0,1000,8.333663
0.0,1000,8.360766
0.0,1000,8.388075
0.0,1000,8.415248
0.0,1000,8.442818
0.0,1000,8.469968
0.0,1000,8.497139
0.0,1000,8.524405
0.0,1000,8.55157
0.0,1000,8.578695
0.0,1000,8.605783
0.0,1000,8.633061
0.0,1000,8.660111
0.0,1000,8.687327
0.0,1000,8.71456
0.0,1000,8.741654
0.0,1000,8.768589
0.0,1000,8.795781
0.0,1000,8.823084
0.0,1000,8.850337
0.0,1000,8.877467
0.0,1000,8.904696
0.0,1000,8.931768
0.0,1000,8.958837
0.0,1000,8.985913
0.0,1000,9.01314
0.0,1000,9.040394
0.0,1000,9.067321
0.0,1000,9.094633
0.0,1000,9.121859
0.0,1000,9.148815
0.0,1000,9.176099
0.0,1000,9.202976
0.0,1000,9.230203
0.0,1000,9.257706
0.0,1000,9.284813
0.0,1000,9.312093
0.0,1000,9.339293
0.0,1000,9.366318
0.0,1000,9.393599
0.0,1000,9.420797
0.0,1000,9.448071
0.0,1000,9.475236
0.0,1000,9.502774
0.0,1000,9.530018
0.0,1000,9.557205
0.0,1000,9.584181
0.0,1000,9.611048
0.0,1000,9.638191
0.0,1000,9.665396
0.0,1000,9.692495
0.0,1000,9.719585
0.0,1000,9.746857
0.0,1000,9.77403
0.0,1000,9.801398
0.0,1000,9.828622
0.0,1000,9.856012
0.0,1000,9.883248
0.0,1000,9.910293
0.0,1000,9.937622
0.0,1000,9.96474
0.0,1000,9.991849
0.0,1000,10.018996
0.0,1000,10.046092
0.0,1000,10.073534
0.0,1000,10.100666
0.0,1000,10.127838
0.0,1000,10.154895
0.0,1000,10.182163
0.0,1000,10.209363
0.0,1000,10.236709
0.0,1000,10.26401
0.0,1000,10.291001
0.0,1000,10.31817
0.0,1000,10.345491
0.0,1000,10.372626
0.0,1000,10.399723
0.0,1000,10.426831
0.0,1000,10.453859
0.0,1000,10.481175
0.0,1000,10.508539
0.0,1000,10.535723
0.0,1000,10.562842
0.0,1000,10.589958
0.0,1000,10.617248
0.0,1000,10.644274
0.0,1000,10.671436
0.0,1000,10.698388
0.0,1000,10.725582
0.0,1000,10.752886
0.0,1000,10.780092
0.0,1000,10.807328
0.0,1000,10.834465
0.0,1000,10.861779
0.0,1000,10.889011
0.0,1000,10.91621
0.0,1000,10.943388
0.0,1000,10.97054
0.0,1000,10.997708
0.0,1000,11.024925
0.0,1000,11.052043
0.0,1000,11.079319
0.0,1000,11.106583
0.0,1000,11.133772
0.0,1000,11.161202
0.0,1000,11.188253
0.0,1000,11.215331
0.0,1000,11.242386
0.0,1000,11.269443
0.0,1000,11.296703
0.0,1000,11.323884
0.0,1000,11.350844
0.0,1000,11.377909
0.0,1000,11.404917
0.0,1000,11.432209
0.0,1000,11.459317
0.0,1000,11.486585
0.0,1000,11.513754
0.0,1000,11.540916
0.0,1000,11.568261
0.0,1000,11.595309
0.0,1000,11.622438
0.0,1000,11.649808
0.0,1000,11.676967
0.0,1000,11.704472
0.0,1000,11.731616
0.0,1000,11.758762
0.0,1000,11.785921
0.0,1000,11.813152
0.0,1000,11.840303
0.0,1000,11.867536
0.0,1000,11.894786
1.0,609,11.911495
0.0,1000,11.938658
0.0,1000,11.965885
0.0,1000,11.993054
0.0,1000,12.020082
0.0,1000,12.047184
1.0,866,12.070533
0.0,1000,12.097728
0.0,1000,12.124943
0.0,1000,12.152219
0.0,1000,12.179329
0.0,1000,12.206534
0.0,1000,12.233687
0.0,1000,12.260687
0.0,1000,12.287594
0.0,1000,12.314686
0.0,1000,12.341745
0.0,1000,12.368879
0.0,1000,12.395833
0.0,1000,12.422968
0.0,1000,12.449878
0.0,1000,12.476936
0.0,1000,12.504216
0.0,1000,12.531172
0.0,1000,12.558232
0.0,1000,12.585342
0.0,1000,12.612422
0.0,1000,12.639512
0.0,1000,12.668739
0.0,1000,12.696307
0.0,1000,12.723659
0.0,1000,12.750829
0.0,1000,12.778226
0.0,1000,12.80559
0.0,1000,12.83268
0.0,1000,12.860074
0.0,1000,12.887084
0.0,1000,12.914433
0.0,1000,12.941445
0.0,1000,12.968649
0.0,1000,12.995717
0.0,1000,13.022941
0.0,1000,13.050106
0.0,1000,13.077222
0.0,1000,13.1043
0.0,1000,13.131598
0.0,1000,13.158692
0.0,1000,13.185953
0.0,1000,13.21304
0.0,1000,13.240246
0.0,1000,13.267282
0.0,1000,13.294517
0.0,1000,13.3218
0.0,1000,13.349001
0.0,1000,13.376043
0.0,1000,13.403201
0.0,1000,13.430234
0.0,1000,13.457502
0.0,1000,13.484382
0.0,1000,13.511689
0.0,1000,13.538882
0.0,1000,13.566257
0.0,1000,13.593458
0.0,1000,13.620751
0.0,1000,13.647776
0.0,1000,13.675005
0.0,1000,13.702229
0.0,1000,13.729509
0.0,1000,13.756502
0.0,1000,13.783837
1.0,803,13.805501
0.0,1000,13.832681
0.0,1000,13.859792
0.0,1000,13.886853
0.0,1000,13.914099
0.0,1000,13.941222
0.0,1000,13.968407
0.0,1000,13.995682
0.0,1000,14.022761
0.0,1000,14.050012
0.0,1000,14.077065
0.0,1000,14.104249
0.0,1000,14.13151
0.0,1000,14.158899
0.0,1000,14.185847
0.0,1000,14.212959
0.0,1000,14.240019
0.0,1000,14.267099
0.0,1000,14.293902
0.0,1000,14.320996
0.0,1000,14.348302
0.0,1000,14.375493
0.0,1000,14.40242
0.0,1000,14.42966
0.0,1000,14.456775
0.0,1000,14.483948
0.0,1000,14.511029
0.0,1000,14.53792
0.0,1000,14.56515
0.0,1000,14.592357
0.0,1000,14.619248
0.0,1000,14.646323
0.0,1000,14.673426
0.0,1000,14.700617
0.0,1000,14.727739
1.0,997,14.755026
0.0,1000,14.782153
0.0,1000,14.809392
0.0,1000,14.836584
0.0,1000,14.863618
0.0,1000,14.890625
0.0,1000,14.917601
0.0,1000,14.944983
0.0,1000,14.972202
0.0,1000,14.999445
0.0,1000,15.026403
0.0,1000,15.053651
0.0,1000,15.080781
0.0,1000,15.107962
0.0,1000,15.135047
0.0,1000,15.162478
0.0,1000,15.189688
0.0,1000,15.216883
0.0,1000,15.244121
0.0,1000,15.271284
0.0,1000,15.298398
0.0,1000,15.325699
0.0,1000,15.352947
0.0,1000,15.38029
0.0,1000,15.40735
0.0,1000,15.434592
0.0,1000,15.461663
0.0,1000,15.48917
0.0,1000,15.516352
0.0,1000,15.543512
0.0,1000,15.570813
0.0,1000,15.59788
0.0,1000,15.625129
0.0,1000,15.652337
0.0,1000,15.679564
0.0,1000,15.706609
0.0,1000,15.733637
0.0,1000,15.761092
0.0,1000,15.788492
0.0,1000,15.815603
0.0,1000,15.842785
0.0,1000,15.870024
0.0,1000,15.897966
0.0,1000,15.925935
0.0,1000,15.953716
0.0,1000,15.981323
0.0,1000,16.008621
0.0,1000,16.036087
0.0,1000,16.063513
0.0,1000,16.09072
0.0,1000,16.117882
0.0,1000,16.144866
0.0,1000,16.172196
0.0,1000,16.199539
0.0,1000,16.226765
0.0,1000,16.254043
0.0,1000,16.281022
0.0,1000,16.30828
0.0,1000,16.335439
0.0,1000,16.362491
0.0,1000,16.389859
0.0,1000,16.417128
0.0,1000,16.444205
0.0,1000,16.471337
0.0,1000,16.498669
0.0,1000,16.525702
0.0,1000,16.553044
0.0,1000,16.580583
0.0,1000,16.607828
0.0,1000,16.635013
0.0,1000,16.662265
0.0,1000,16.689567
0.0,1000,16.716714
0.0,1000,16.743935
0.0,1000,16.771171
0.0,1000,16.798538
0.0,1000,16.825822
0.0,1000,16.85313
0.0,1000,16.880275
0.0,1000,16.907535
0.0,1000,16.93468
0.0,1000,16.961761
0.0,1000,16.989021
0.0,1000,17.016194
1.0,344,17.025604
0.0,1000,17.052715
0.0,1000,17.079794
0.0,1000,17.107051
0.0,1000,17.134152
0.0,1000,17.161177
0.0,1000,17.188425
0.0,1000,17.215554
0.0,1000,17.242912
0.0,1000,17.269957
0.0,1000,17.29716
0.0,1000,17.324991
0.0,1000,17.352683
0.0,1000,17.380542
0.0,1000,17.408128
0.0,1000,17.435381
0.0,1000,17.462588
0.0,1000,17.489715
0.0,1000,17.516896
0.0,1000,17.544303
0.0,1000,17.571469
0.0,1000,17.598267
0.0,1000,17.62556
0.0,1000,17.652729
0.0,1000,17.680181
0.0,1000,17.707355
0.0,1000,17.7344
0.0,1000,17.76146
0.0,1000,17.788515
0.0,1000,17.815832
0.0,1000,17.843197
0.0,1000,17.870538
0.0,1000,17.898039
0.0,1000,17.92585
0.0,1000,17.953882
0.0,1000,17.981837
0.0,1000,18.009305
0.0,1000,18.036447
0.0,1000,18.06357
0.0,1000,18.09066
1.0,613,18.10739
0.0,1000,18.134637
0.0,1000,18.161759
0.0,1000,18.189064
0.0,1000,18.216236
0.0,1000,18.2434
0.0,1000,18.270462
0.0,1000,18.297596
0.0,1000,18.324538
0.0,1000,18.351872
0.0,1000,18.378831
0.0,1000,18.408587
0.0,1000,18.436297
0.0,1000,18.463449
0.0,1000,18.490778
0.0,1000,18.518283
0.0,1000,18.545672
0.0,1000,18.572998
0.0,1000,18.600054
0.0,1000,18.627266
0.0,1000,18.654557
0.0,1000,18.681779
0.0,1000,18.709036
0.0,1000,18.736352
0.0,1000,18.763721
0.0,1000,18.790987
0.0,1000,18.81817
0.0,1000,18.845509
0.0,1000,18.872763
0.0,1000,18.899832
0.0,1000,18.927027
0.0,1000,18.954197
0.0,1000,18.981429
0.0,1000,19.008593
0.0,1000,19.035861
0.0,1000,19.063083
0.0,1000,19.090212
0.0,1000,19.117352
0.0,1000,19.144732
0.0,1000,19.172006
0.0,1000,19.199201
0.0,1000,19.226386
0.0,1000,19.253871
0.0,1000,19.281178
0.0,1000,19.308367
0.0,1000,19.335628
0.0,1000,19.362756
0.0,1000,19.389986
0.0,1000,19.417232
0.0,1000,19.444519
0.0,1000,19.471811
0.0,1000,19.499025
0.0,1000,19.526208
0.0,1000,19.553272
0.0,1000,19.580545
0.0,1000,19.607664
1.0,363,19.61757
0.0,1000,19.644971
0.0,1000,19.671989
0.0,1000,19.699046
0.0,1000,19.726055
0.0,1000,19.754029
0.0,1000,19.781735
0.0,1000,19.809581
0.0,1000,19.837109
0.0,1000,19.864495
0.0,1000,19.891685
0.0,1000,19.918994
0.0,1000,19.946133
0.0,1000,19.973299
0.0,1000,20.000595
1.0,753,20.021188
0.0,1000,20.048551
0.0,1000,20.075597
0.0,1000,20.102878
0.0,1000,20.129978
0.0,1000,20.157164
0.0,1000,20.18416
0.0,1000,20.211452
0.0,1000,20.238365
0.0,1000,20.265692
0.0,1000,20.292628
0.0,1000,20.319841
0.0,1000,20.346961
0.0,1000,20.37399
1.0,694,20.392887
0.0,1000,20.420273
0.0,1000,20.447399
0.0,1000,20.474779
1.0,912,20.499413
0.0,1000,20.526624
0.0,1000,20.553607
0.0,1000,20.580718
0.0,1000,20.607763
0.0,1000,20.634991
0.0,1000,20.66215
0.0,1000,20.689607
0.0,1000,20.716642
0.0,1000,20.744044
0.0,1000,20.770942
0.0,1000,20.798077
0.0,1000,20.825092
0.0,1000,20.852297
0.0,1000,20.879568
0.0,1000,20.906877
0.0,1000,20.934023
0.0,1000,20.961235
0.0,1000,20.988368
0.0,1000,21.015614
1.0,948,21.041261
0.0,1000,21.068661
0.0,1000,21.095586
0.0,1000,21.122756
0.0,1000,21.149857
0.0,1000,21.17704
0.0,1000,21.20422
0.0,1000,21.23153
0.0,1000,21.25873
0.0,1000,21.286122
0.0,1000,21.313148
0.0,1000,21.34059
0.0,1000,21.367616
0.0,1000,21.394936
0.0,1000,21.421887
0.0,1000,21.449125
0.0,1000,21.47644
0.0,1000,21.503791
0.0,1000,21.530733
0.0,1000,21.557991
0.0,1000,21.585123
0.0,1000,21.612282
0.0,1000,21.639296
0.0,1000,21.666449
0.0,1000,21.693679
0.0,1000,21.720916
0.0,1000,21.747869
0.0,1000,21.775321
0.0,1000,21.802603
0.0,1000,21.829788
0.0,1000,21.856863
0.0,1000,21.884175
0.0,1000,21.911312
0.0,1000,21.938398
0.0,1000,21.965706
0.0,1000,21.99297
0.0,1000,22.020268
0.0,1000,22.047477
0.0,1000,22.07469
1.0,540,22.089592
0.0,1000,22.116554
0.0,1000,22.143557
0.0,1000,22.170793
1.0,567,22.18617
1.0,607,22.202758
0.0,1000,22.229884
0.0,1000,22.256924
0.0,1000,22.284142
0.0,1000,22.311445
0.0,1000,22.338751
0.0,1000,22.365829
0.0,1000,22.393119
0.0,1000,22.420114
0.0,1000,22.447181
0.0,1000,22.474304
0.0,1000,22.501686
0.0,1000,22.528791
0.0,1000,22.555815
0.0,1000,22.582953
0.0,1000,22.609938
1.0,827,22.632276
0.0,1000,22.659575
0.0,1000,22.686487
0.0,1000,22.7137
0.0,1000,22.741047
0.0,1000,22.768437
0.0,1000,22.795353
0.0,1000,22.822676
0.0,1000,22.849895
0.0,1000,22.87716
0.0,1000,22.904379
1.0,441,22.916436
0.0,1000,22.943719
0.0,1000,22.970811
0.0,1000,22.9978
0.0,1000,23.02492
0.0,1000,23.051939
0.0,1000,23.079157
0.0,1000,23.106252
0.0,1000,23.133508
0.0,1000,23.160768
0.0,1000,23.187766
0.0,1000,23.214766
1.0,348,23.224303
0.0,1000,23.251541
0.0,1000,23.278527
1.0,859,23.301956
0.0,1000,23.329291
0.0,1000,23.356458
0.0,1000,23.383523
0.0,1000,23.410525
0.0,1000,23.437634
0.0,1000,23.464776
0.0,1000,23.491889
0.0,1000,23.519026
0.0,1000,23.546238
0.0,1000,23.573486
0.0,1000,23.600825
0.0,1000,23.627836
0.0,1000,23.655159
0.0,1000,23.682393
0.0,1000,23.709458
0.0,1000,23.73665
0.0,1000,23.763961
0.0,1000,23.790919
0.0,1000,23.818038
0.0,1000,23.845149
0.0,1000,23.872418
0.0,1000,23.899325
0.0,1000,23.926674
1.0,888,23.95077
0.0,1000,23.977894
0.0,1000,24.00484
0.0,1000,24.031998
0.0,1000,24.058918
0.0,1000,24.086203
0.0,1000,24.11332
0.0,1000,24.140636
0.0,1000,24.167758
0.0,1000,24.194837
0.0,1000,24.221925
0.0,1000,24.249417
0.0,1000,24.276448
0.0,1000,24.303424
0.0,1000,24.330478
0.0,1000,24.357586
1.0,915,24.382372
0.0,1000,24.409739
1.0,536,24.424281
0.0,1000,24.45143
0.0,1000,24.478581
0.0,1000,24.50587
0.0,1000,24.533132
0.0,1000,24.560486
0.0,1000,24.587607
0.0,1000,24.614676
0.0,1000,24.64178
0.0,1000,24.669018
0.0,1000,24.696036
0.0,1000,24.723354
0.0,1000,24.750508
0.0,1000,24.777715
1.0,803,24.799392
0.0,1000,24.826591
0.0,1000,24.853549
0.0,1000,24.880815
0.0,1000,24.907846
0.0,1000,24.935104
0.0,1000,24.962305
0.0,1000,24.989419
0.0,1000,25.016692
0.0,1000,25.043862
0.0,1000,25.071006
0.0,1000,25.098214
0.0,1000,25.12526
0.0,1000,25.152514
0.0,1000,25.179941
0.0,1000,25.207458
0.0,1000,25.234636
0.0,1000,25.261883
0.0,1000,25.289178
0.0,1000,25.316413
0.0,1000,25.343463
0.0,1000,25.37091
1.0,905,25.3955
0.0,1000,25.422802
0.0,1000,25.450013
0.0,1000,25.47736
0.0,1000,25.50468
0.0,1000,25.531801
0.0,1000,25.558969
0.0,1000,25.586282
1.0,545,25.601077
0.0,1000,25.628257
0.0,1000,25.655297
0.0,1000,25.682539
1.0,393,25.693261
0.0,1000,25.720469
0.0,1000,25.747532
0.0,1000,25.774779
0.0,1000,25.801866
0.0,1000,25.831479
0.0,1000,25.859158
0.0,1000,25.886636
0.0,1000,25.913881
1.0,520,25.928219
0.0,1000,25.955316
0.0,1000,25.982927
1.0,344,25.992383
0.0,1000,26.019719
0.0,1000,26.046824
0.0,1000,26.074292
0.0,1000,26.101261
0.0,1000,26.128646
0.0,1000,26.155599
0.0,1000,26.182854
0.0,1000,26.210016
0.0,1000,26.237205
0.0,1000,26.264385
0.0,1000,26.291617
1.0,781,26.312761
0.0,1000,26.339942
0.0,1000,26.366929
0.0,1000,26.394142
1.0,421,26.405651
1.0,474,26.418651
0.0,1000,26.445825
0.0,1000,26.472832
0.0,1000,26.499759
0.0,1000,26.52698
0.0,1000,26.554139
0.0,1000,26.58105
0.0,1000,26.608355
0.0,1000,26.63543
0.0,1000,26.662604
0.0,1000,26.689444
0.0,1000,26.716467
0.0,1000,26.743585
0.0,1000,26.770681
0.0,1000,26.797881
0.0,1000,26.825052
0.0,1000,26.852207
0.0,1000,26.879085
0.0,1000,26.906136
0.0,1000,26.933351
0.0,1000,26.960386
0.0,1000,26.987801
0.0,1000,27.014896
0.0,1000,27.041724
1.0,514,27.055776
0.0,1000,27.082823
0.0,1000,27.109767
0.0,1000,27.136861
0.0,1000,27.163847
0.0,1000,27.191042
0.0,1000,27.218118
0.0,1000,27.245209
0.0,1000,27.272216
0.0,1000,27.299375
0.0,1000,27.326365
0.0,1000,27.353351
0.0,1000,27.380612
0.0,1000,27.407743
1.0,461,27.420253
0.0,1000,27.447257
0.0,1000,27.474391
0.0,1000,27.501493
0.0,1000,27.528571
0.0,1000,27.555566
0.0,1000,27.582767
0.0,1000,27.609785
0.0,1000,27.636801
0.0,1000,27.663975
0.0,1000,27.691093
0.0,1000,27.718305
0.0,1000,27.745686
0.0,1000,27.77273
0.0,1000,27.799887
1.0,832,27.822407
0.0,1000,27.849504
0.0,1000,27.876583
0.0,1000,27.903746
0.0,1000,27.930625
1.0,372,27.940842
0.0,1000,27.967914
0.0,1000,27.995043
0.0,1000,28.022289
0.0,1000,28.04934
0.0,1000,28.076441
0.0,1000,28.103533
0.0,1000,28.130577
0.0,1000,28.157712
0.0,1000,28.184917
0.0,1000,28.212052
0.0,1000,28.239112
0.0,1000,28.266136
0.0,1000,28.293219
0.0,1000,28.320244
0.0,1000,28.347364
1.0,960,28.373553
0.0,1000,28.400537
0.0,1000,28.427818
0.0,1000,28.454976
0.0,1000,28.48221
0.0,1000,28.509538
0.0,1000,28.536722
1.0,575,28.552524
0.0,1000,28.579844
1.0,488,28.593255
0.0,1000,28.620656
0.0,1000,28.647794
0.0,1000,28.675114
0.0,1000,28.70221
1.0,721,28.721972
0.0,1000,28.749076
0.0,1000,28.776055
0.0,1000,28.803399
0.0,1000,28.830637
0.0,1000,28.857904
0.0,1000,28.884974
1.0,402,28.896051
0.0,1000,28.922912
0.0,1000,28.949862
0.0,1000,28.977034
1.0,955,29.003001
0.0,1000,29.030284
1.0,915,29.055263
0.0,1000,29.08242
0.0,1000,29.109612
0.0,1000,29.136769
0.0,1000,29.164001
0.0,1000,29.191056
0.0,1000,29.21826
0.0,1000,29.245533
0.0,1000,29.272584
0.0,1000,29.299728
0.0,1000,29.326917
0.0,1000,29.354086
0.0,1000,29.381268
0.0,1000,29.408472
0.0,1000,29.43567
0.0,1000,29.46277
0.0,1000,29.489836
0.0,1000,29.517005
1.0,457,29.529508
0.0,1000,29.556349
0.0,1000,29.583484
0.0,1000,29.610435
0.0,1000,29.637934
0.0,1000,29.665061
0.0,1000,29.692054
0.0,1000,29.71916
1.0,766,29.739961
0.0,1000,29.767124
0.0,1000,29.794183
0.0,1000,29.821328
0.0,1000,29.848687
1.0,863,29.872088
1.0,304,29.880373
1.0,550,29.895333
0.0,1000,29.922529
0.0,1000,29.949759
0.0,1000,29.977045
0.0,1000,30.004241
0.0,1000,30.031217
0.0,1000,30.058401
0.0,1000,30.085336
1.0,677,30.10372
0.0,1000,30.130841
0.0,1000,30.157918
0.0,1000,30.185142
1.0,664,30.203092
0.0,1000,30.229964
0.0,1000,30.257532
1.0,842,30.280754
0.0,1000,30.307851
0.0,1000,30.334845
0.0,1000,30.362004
0.0,1000,30.388931
0.0,1000,30.416005
0.0,1000,30.443074
0.0,1000,30.470395
0.0,1000,30.497555
0.0,1000,30.524867
0.0,1000,30.551916
0.0,1000,30.579197
0.0,1000,30.606146
1.0,556,30.621195
0.0,1000,30.648368
0.0,1000,30.675473
0.0,1000,30.702543
1.0,663,30.720594
0.0,1000,30.747602
0.0,1000,30.77465
0.0,1000,30.801684
1.0,372,30.811875
0.0,1000,30.838976
0.0,1000,30.866032
0.0,1000,30.893088
0.0,1000,30.92021
0.0,1000,30.947401
0.0,1000,30.974461
0.0,1000,31.0016
1.0,526,31.016027
1.0,618,31.032798
0.0,1000,31.060039
0.0,1000,31.08735
0.0,1000,31.114333
0.0,1000,31.141473
0.0,1000,31.168644
0.0,1000,31.195857
0.0,1000,31.222964
0.0,1000,31.250078
0.0,1000,31.277422
1.0,845,31.300348
0.0,1000,31.327495
1.0,611,31.344057
0.0,1000,31.371229
1.0,683,31.389831
0.0,1000,31.41691
0.0,1000,31.444083
0.0,1000,31.471127
0.0,1000,31.498363
0.0,1000,31.52557
0.0,1000,31.552743
0.0,1000,31.579954
0.0,1000,31.606928
0.0,1000,31.633812
0.0,1000,31.661087
0.0,1000,31.68847
0.0,1000,31.715621
0.0,1000,31.74289
0.0,1000,31.770121
0.0,1000,31.797364
0.0,1000,31.824775
1.0,966,31.851063
0.0,1000,31.878249
0.0,1000,31.905284
0.0,1000,31.932428
0.0,1000,31.959472
0.0,1000,31.986904
0.0,1000,32.013934
0.0,1000,32.041112
1.0,633,32.058249
0.0,1000,32.085693
0.0,1000,32.112813
1.0,982,32.139755
0.0,1000,32.16668
0.0,1000,32.193576
0.0,1000,32.220656
0.0,1000,32.247764
0.0,1000,32.274835
0.0,1000,32.302002
0.0,1000,32.329084
0.0,1000,32.356388
0.0,1000,32.383312
0.0,1000,32.410658
0.0,1000,32.437823
0.0,1000,32.464933
0.0,1000,32.492463
0.0,1000,32.520065
0.0,1000,32.547657
0.0,1000,32.574708
0.0,1000,32.601913
0.0,1000,32.629161
1.0,758,32.649727
0.0,1000,32.676654
1.0,866,32.700254
1.0,565,32.715644
0.0,1000,32.742746
1.0,149,32.746867
0.0,1000,32.773877
0.0,1000,32.800972
0.0,1000,32.827925
0.0,1000,32.855113
0.0,1000,32.882168
0.0,1000,32.909527
0.0,1000,32.936808
1.0,714,32.956168
0.0,1000,32.982987
0.0,1000,33.010174
0.0,1000,33.037328
0.0,1000,33.064412
0.0,1000,33.091353
0.0,1000,33.118582
0.0,1000,33.145617
1.0,516,33.159605
0.0,1000,33.186785
0.0,1000,33.213809
0.0,1000,33.240682
0.0,1000,33.267795
0.0,1000,33.29473
0.0,1000,33.32199
0.0,1000,33.349214
0.0,1000,33.376162
0.0,1000,33.403115
0.0,1000,33.430161
1.0,603,33.446651
1.0,455,33.459042
0.0,1000,33.486167
0.0,1000,33.513312
0.0,1000,33.540431
0.0,1000,33.567529
0.0,1000,33.594658
0.0,1000,33.621693
0.0,1000,33.6487
0.0,1000,33.675848
0.0,1000,33.702814
1.0,618,33.719713
0.0,1000,33.746799
0.0,1000,33.773858
1.0,483,33.787106
0.0,1000,33.814138
0.0,1000,33.841081
0.0,1000,33.868235
0.0,1000,33.895305
0.0,1000,33.922556
0.0,1000,33.949562
1.0,224,33.955763
0.0,1000,33.982886
0.0,1000,34.009812
1.0,848,34.032831
0.0,1000,34.0598
0.0,1000,34.086859
1.0,323,34.095676
0.0,1000,34.122665
0.0,1000,34.149735
0.0,1000,34.176744
0.0,1000,34.204068
0.0,1000,34.230974
0.0,1000,34.258371
1.0,449,34.270602
0.0,1000,34.297575
0.0,1000,34.324729
0.0,1000,34.351889
1.0,879,34.375692
0.0,1000,34.402959
0.0,1000,34.430023
0.0,1000,34.457175
0.0,1000,34.484241
0.0,1000,34.511629
0.0,1000,34.539154
1.0,770,34.560036
1.0,302,34.568236
0.0,1000,34.595421
0.0,1000,34.622447
1.0,835,34.645063
0.0,1000,34.671991
0.0,1000,34.699031
0.0,1000,34.725951
0.0,1000,34.753001
0.0,1000,34.7802
0.0,1000,34.807344
0.0,1000,34.834399
0.0,1000,34.861567
0.0,1000,34.888663
0.0,1000,34.915902
0.0,1000,34.943097
0.0,1000,34.970277
1.0,822,34.992589
0.0,1000,35.01983
0.0,1000,35.046783
0.0,1000,35.074003
0.0,1000,35.101293
1.0,467,35.114074
0.0,1000,35.141264
0.0,1000,35.168553
0.0,1000,35.195946
1.0,404,35.206943
1.0,987,35.233793
0.0,1000,35.260944
0.0,1000,35.287838
0.0,1000,35.315161
0.0,1000,35.34233
1.0,872,35.36644
0.0,1000,35.394186
0.0,1000,35.421898
1.0,467,35.434591
0.0,1000,35.461853
0.0,1000,35.488944
1.0,366,35.501379
0.0,1000,35.529076
0.0,1000,35.556433
0.0,1000,35.583417
0.0,1000,35.610399
0.0,1000,35.637742
0.0,1000,35.664958
0.0,1000,35.691952
0.0,1000,35.719082
0.0,1000,35.745948
0.0,1000,35.773129
0.0,1000,35.800437
0.0,1000,35.827501
1.0,789,35.84889
0.0,1000,35.87609
1.0,976,35.90276
0.0,1000,35.929859
1.0,247,35.936674
0.0,1000,35.963939
1.0,161,35.96848
1.0,419,35.979856
0.0,1000,36.006979
0.0,1000,36.034053
1.0,977,36.060569
0.0,1000,36.087798
0.0,1000,36.114998
0.0,1000,36.141983
0.0,1000,36.169399
0.0,1000,36.196521
0.0,1000,36.223645
0.0,1000,36.250601
0.0,1000,36.277674
0.0,1000,36.304862
0.0,1000,36.331867
0.0,1000,36.35903
0.0,1000,36.386124
1.0,784,36.407314
0.0,1000,36.434385
0.0,1000,36.461435
0.0,1000,36.488592
1.0,200,36.494058
0.0,1000,36.521212
0.0,1000,36.548229
0.0,1000,36.575324
0.0,1000,36.602469
0.0,1000,36.629467
0.0,1000,36.656745
0.0,1000,36.683881
1.0,995,36.710839
0.0,1000,36.737784
0.0,1000,36.764839
0.0,1000,36.792089
0.0,1000,36.819159
0.0,1000,36.8462
0.0,1000,36.873276
0.0,1000,36.900459
0.0,1000,36.927467
0.0,1000,36.954574
0.0,1000,36.981973
1.0,584,36.997904
0.0,1000,37.024879
1.0,338,37.034121
0.0,1000,37.061225
0.0,1000,37.088299
0.0,1000,37.115437
0.0,1000,37.142574
0.0,1000,37.169547
0.0,1000,37.196737
1.0,906,37.221302
0.0,1000,37.248491
0.0,1000,37.275476
0.0,1000,37.302418
0.0,1000,37.32941
0.0,1000,37.356477
0.0,1000,37.383531
0.0,1000,37.410738
0.0,1000,37.438059
1.0,666,37.456144
0.0,1000,37.483294
0.0,1000,37.510313
0.0,1000,37.537739
0.0,1000,37.564614
0.0,1000,37.591804
1.0,311,37.600388
1.0,723,37.619966
0.0,1000,37.646997
0.0,1000,37.674133
1.0,618,37.691
0.0,1000,37.71831
0.0,1000,37.745225
1.0,331,37.754243
0.0,1000,37.781252
0.0,1000,37.808694
0.0,1000,37.835579
0.0,1000,37.862687
1.0,443,37.874697
1.0,616,37.891448
0.0,1000,37.918473
0.0,1000,37.945524
0.0,1000,37.97252
0.0,1000,37.999827
0.0,1000,38.026783
0.0,1000,38.05408
1.0,953,38.079962
1.0,952,38.105707
0.0,1000,38.132776
0.0,1000,38.160101
0.0,1000,38.187309
1.0,970,38.213847
0.0,1000,38.241018
0.0,1000,38.268134
0.0,1000,38.295346
0.0,1000,38.322363
0.0,1000,38.349793
1.0,946,38.375433
0.0,1000,38.40251
0.0,1000,38.429727
0.0,1000,38.456937
1.0,263,38.464108
0.0,1000,38.491185
1.0,966,38.517407
0.0,1000,38.544544
0.0,1000,38.571667
0.0,1000,38.599021
1.0,921,38.62403
0.0,1000,38.651255
1.0,457,38.663685
1.0,174,38.668453
1.0,854,38.691615
0.0,1000,38.718687
1.0,313,38.727234
1.0,840,38.74994
1.0,858,38.773197
0.0,1000,38.800172
1.0,361,38.810057
0.0,1000,38.837257
1.0,483,38.850446
1.0,354,38.860173
0.0,1000,38.887208
0.0,1000,38.914289
0.0,1000,38.941383
0.0,1000,38.968408
0.0,1000,38.995445
1.0,560,39.010741
0.0,1000,39.037905
0.0,1000,39.064957
1.0,646,39.082444
1.0,553,39.097414
0.0,1000,39.12439
0.0,1000,39.151534
0.0,1000,39.178343
0.0,1000,39.205528
0.0,1000,39.23253
0.0,1000,39.259706
0.0,1000,39.286761
0.0,1000,39.313657
0.0,1000,39.340559
0.0,1000,39.367486
0.0,1000,39.394619
0.0,1000,39.421626
0.0,1000,39.44868
0.0,1000,39.475813
0.0,1000,39.502957
0.0,1000,39.530207
0.0,1000,39.55712
0.0,1000,39.584045
1.0,943,39.609571
0.0,1000,39.636854
0.0,1000,39.663743
0.0,1000,39.691074
1.0,964,39.717226
0.0,1000,39.744269
0.0,1000,39.771371
1.0,583,39.787231
1.0,604,39.803783
1.0,915,39.828495
0.0,1000,39.855764
0.0,1000,39.882879
1.0,415,39.894191
0.0,1000,39.921221
0.0,1000,39.948117
0.0,1000,39.97532
0.0,1000,40.002287
0.0,1000,40.029154
1.0,914,40.054125
0.0,1000,40.081094
0.0,1000,40.108186
0.0,1000,40.135114
0.0,1000,40.162169
0.0,1000,40.189089
0.0,1000,40.216482
0.0,1000,40.243869
0.0,1000,40.270954
1.0,701,40.289973
1.0,437,40.301955
1.0,719,40.321451
1.0,732,40.341208
0.0,1000,40.368154
0.0,1000,40.395211
0.0,1000,40.422125
0.0,1000,40.449201
0.0,1000,40.475931
1.0,558,40.49147
0.0,1000,40.520258
0.0,1000,40.547538
0.0,1000,40.574677
0.0,1000,40.601941
0.0,1000,40.629033
0.0,1000,40.655991
1.0,759,40.676644
0.0,1000,40.70376
1.0,823,40.726006
0.0,1000,40.753229
0.0,1000,40.780128
0.0,1000,40.807134
0.0,1000,40.834225
0.0,1000,40.861424
0.0,1000,40.888469
1.0,858,40.911784
0.0,1000,40.938679
0.0,1000,40.965672
1.0,268,40.973035
0.0,1000,41.000209
0.0,1000,41.027394
0.0,1000,41.054274
0.0,1000,41.081487
0.0,1000,41.108472
1.0,818,41.130537
0.0,1000,41.157398
0.0,1000,41.184593
0.0,1000,41.211621
1.0,637,41.228848
0.0,1000,41.255999
1.0,322,41.264982
0.0,1000,41.292112
0.0,1000,41.319427
1.0,646,41.336988
0.0,1000,41.363944
0.0,1000,41.391039
0.0,1000,41.41799
0.0,1000,41.445172
0.0,1000,41.472446
1.0,404,41.483482
0.0,1000,41.510578
1.0,993,41.537532
1.0,415,41.548928
0.0,1000,41.576167
0.0,1000,41.603325
1.0,779,41.624541
0.0,1000,41.651516
0.0,1000,41.678439
0.0,1000,41.705699
1.0,965,41.731823
0.0,1000,41.75904
0.0,1000,41.786058
0.0,1000,41.81324
1.0,290,41.821191
0.0,1000,41.848325
0.0,1000,41.875502
1.0,713,41.894931
0.0,1000,41.922079
1.0,455,41.934514
0.0,1000,41.961643
0.0,1000,41.988714
0.0,1000,42.015841
0.0,1000,42.043039
0.0,1000,42.070277
1.0,210,42.076099
1.0,761,42.096869
0.0,1000,42.124362
0.0,1000,42.151314
1.0,408,42.162497
0.0,1000,42.189436
0.0,1000,42.216548
0.0,1000,42.243649
1.0,691,42.262468
0.0,1000,42.289658
1.0,494,42.303082
1.0,492,42.316565
1.0,953,42.342269
0.0,1000,42.369625
1.0,745,42.389829
1.0,698,42.408963
0.0,1000,42.436115
0.0,1000,42.46321
0.0,1000,42.490597
0.0,1000,42.517706
0.0,1000,42.544827
0.0,1000,42.571958
1.0,278,42.579585
0.0,1000,42.606572
1.0,262,42.613756
0.0,1000,42.640699
0.0,1000,42.667979
0.0,1000,42.695091
1.0,946,42.720896
0.0,1000,42.747953
0.0,1000,42.774818
0.0,1000,42.802026
0.0,1000,42.829166
1.0,323,42.837997
0.0,1000,42.865017
1.0,514,42.87887
0.0,1000,42.906034
1.0,610,42.922593
0.0,1000,42.949871
0.0,1000,42.976835
0.0,1000,43.004011
0.0,1000,43.031138
0.0,1000,43.058102
0.0,1000,43.08512
0.0,1000,43.112225
0.0,1000,43.139301
0.0,1000,43.166328
0.0,1000,43.193354
1.0,315,43.202052
1.0,958,43.228179
0.0,1000,43.2552
1.0,594,43.271318
1.0,343,43.280554
1.0,353,43.290117
0.0,1000,43.317194
0.0,1000,43.344231
1.0,478,43.357296
1.0,999,43.384425
0.0,1000,43.411423
0.0,1000,43.438582
0.0,1000,43.465602
0.0,1000,43.492812
0.0,1000,43.519972
0.0,1000,43.547127
0.0,1000,43.574388
1.0,645,43.591969
0.0,1000,43.619054
0.0,1000,43.646052
0.0,1000,43.673153
0.0,1000,43.700041
0.0,1000,43.727155
1.0,271,43.734577
0.0,1000,43.761759
0.0,1000,43.788846
0.0,1000,43.816065
0.0,1000,43.843089
0.0,1000,43.870134
0.0,1000,43.897158
1.0,448,43.909221
0.0,1000,43.936469
0.0,1000,43.963319
0.0,1000,43.990352
0.0,1000,44.017462
0.0,1000,44.044649
0.0,1000,44.071801
1.0,739,44.091793
1.0,428,44.103498
0.0,1000,44.130702
0.0,1000,44.157637
0.0,1000,44.18482
0.0,1000,44.21189
0.0,1000,44.238981
1.0,159,44.24341
0.0,1000,44.27066
1.0,960,44.296923
1.0,406,44.308065
0.0,1000,44.335317
0.0,1000,44.362514
0.0,1000,44.389555
0.0,1000,44.416752
1.0,925,44.441776
0.0,1000,44.469117
0.0,1000,44.496301
1.0,353,44.505974
0.0,1000,44.533101
0.0,1000,44.560212
0.0,1000,44.587502
1.0,910,44.612286
0.0,1000,44.63941
0.0,1000,44.66635
0.0,1000,44.693506
0.0,1000,44.720396
0.0,1000,44.747553
1.0,874,44.771359
1.0,689,44.790047
0.0,1000,44.817198
0.0,1000,44.844439
0.0,1000,44.871767
0.0,1000,44.898929
0.0,1000,44.926227
0.0,1000,44.953208
0.0,1000,44.980408
0.0,1000,45.007534
1.0,256,45.014586
0.0,1000,45.041488
1.0,939,45.067167
0.0,1000,45.094365
0.0,1000,45.121686
0.0,1000,45.148944
1.0,184,45.154066
0.0,1000,45.181128
1.0,413,45.192407
0.0,1000,45.219604
0.0,1000,45.246618
0.0,1000,45.273816
0.0,1000,45.30077
1.0,574,45.316533
0.0,1000,45.343869
1.0,206,45.349555
1.0,656,45.367488
1.0,513,45.381523
0.0,1000,45.408727
1.0,391,45.419474
0.0,1000,45.446706
0.0,1000,45.47383
1.0,458,45.486364
1.0,956,45.512223
1.0,562,45.527554
0.0,1000,45.554984
1.0,746,45.575241
1.0,650,45.592856
0.0,1000,45.620005
1.0,727,45.639554
0.0,1000,45.666808
1.0,961,45.692771
0.0,1000,45.71981
1.0,167,45.724389
0.0,1000,45.751609
1.0,777,45.772763
0.0,1000,45.799834
0.0,1000,45.826771
1.0,717,45.846328
1.0,170,45.851055
0.0,1000,45.878165
0.0,1000,45.905055
0.0,1000,45.932201
0.0,1000,45.959483
1.0,193,45.964807
0.0,1000,45.992017
0.0,1000,46.019089
1.0,306,46.027477
1.0,968,46.053759
0.0,1000,46.080807
0.0,1000,46.107959
0.0,1000,46.135133
0.0,1000,46.16231
0.0,1000,46.189463
1.0,422,46.201108
0.0,1000,46.228174
0.0,1000,46.255133
1.0,964,46.281105
0.0,1000,46.30814
1.0,939,46.33349
1.0,752,46.353852
0.0,1000,46.381047
0.0,1000,46.408243
0.0,1000,46.435292
0.0,1000,46.462318
0.0,1000,46.489366
1.0,660,46.507432
0.0,1000,46.534727
0.0,1000,46.561724
1.0,876,46.585618
1.0,325,46.59447
0.0,1000,46.621448
0.0,1000,46.648452
0.0,1000,46.675488
0.0,1000,46.702308
1.0,740,46.722531
1.0,750,46.743009
0.0,1000,46.769952
1.0,815,46.792325
1.0,632,46.809567
0.0,1000,46.836635
0.0,1000,46.863717
0.0,1000,46.89086
1.0,434,46.902784
0.0,1000,46.92984
0.0,1000,46.957052
0.0,1000,46.984286
1.0,240,46.990876
0.0,1000,47.018089
0.0,1000,47.045193
1.0,577,47.060857
1.0,756,47.081429
0.0,1000,47.108684
0.0,1000,47.135826
0.0,1000,47.162804
1.0,418,47.174275
0.0,1000,47.201652
0.0,1000,47.228828
0.0,1000,47.255925
1.0,316,47.264579
0.0,1000,47.291753
1.0,446,47.304029
1.0,867,47.327535
1.0,272,47.334966
0.0,1000,47.361979
0.0,1000,47.389461
1.0,510,47.40342
0.0,1000,47.430791
1.0,419,47.442176
1.0,878,47.466145
0.0,1000,47.493103
0.0,1000,47.520386
1.0,643,47.537879
0.0,1000,47.564893
0.0,1000,47.592074
0.0,1000,47.619258
0.0,1000,47.646343
0.0,1000,47.673435
1.0,525,47.687665
1.0,512,47.701508
0.0,1000,47.728707
0.0,1000,47.755768
0.0,1000,47.782778
1.0,719,47.802449
1.0,493,47.815924
0.0,1000,47.842957
0.0,1000,47.870109
0.0,1000,47.897254
0.0,1000,47.924336
1.0,518,47.938367
1.0,388,47.948994
0.0,1000,47.976009
0.0,1000,48.003078
0.0,1000,48.029919
0.0,1000,48.056991
0.0,1000,48.086571
0.0,1000,48.113869
0.0,1000,48.141179
1.0,348,48.150654
1.0,546,48.165462
1.0,406,48.176524
0.0,1000,48.204005
1.0,972,48.230301
0.0,1000,48.257389
0.0,1000,48.284461
1.0,211,48.290229
0.0,1000,48.317165
1.0,330,48.326175
1.0,536,48.340777
0.0,1000,48.367944
1.0,837,48.390735
0.0,1000,48.41793
1.0,278,48.425541
1.0,867,48.449075
0.0,1000,48.476123
1.0,800,48.497593
1.0,983,48.524296
1.0,508,48.538174
0.0,1000,48.565231
1.0,608,48.581831
0.0,1000,48.60916
0.0,1000,48.636179
0.0,1000,48.663469
0.0,1000,48.690508
0.0,1000,48.717687
1.0,601,48.734087
0.0,1000,48.761197
1.0,993,48.78814
1.0,967,48.81433
0.0,1000,48.841383
1.0,330,48.850266
0.0,1000,48.877439
1.0,888,48.90172
0.0,1000,48.929006
0.0,1000,48.956011
1.0,249,48.962779
0.0,1000,48.989766
1.0,867,49.013378
0.0,1000,49.040448
0.0,1000,49.067493
1.0,668,49.085521
0.0,1000,49.112762
0.0,1000,49.139693
0.0,1000,49.166718
1.0,778,49.187977
1.0,439,49.199912
0.0,1000,49.227159
1.0,744,49.247284
1.0,209,49.253021
1.0,575,49.268656
1.0,920,49.293609
1.0,568,49.308981
0.0,1000,49.335982
1.0,656,49.353661
0.0,1000,49.380756
1.0,877,49.404493
1.0,211,49.41021
0.0,1000,49.437317
0.0,1000,49.464552
0.0,1000,49.491462
0.0,1000,49.518654
0.0,1000,49.545787
1.0,223,49.551926
0.0,1000,49.579121
1.0,829,49.60165
0.0,1000,49.628838
0.0,1000,49.655717
0.0,1000,49.682862
1.0,722,49.70232
0.0,1000,49.729501
0.0,1000,49.756568
0.0,1000,49.783473
0.0,1000,49.810534
1.0,706,49.829602
0.0,1000,49.856808
1.0,762,49.87748
0.0,1000,49.904372
1.0,790,49.925856
0.0,1000,49.953022
0.0,1000,49.980248
0.0,1000,50.007392
1.0,149,50.011467
0.0,1000,50.038548
1.0,947,50.064161
1.0,686,50.082772
1.0,241,50.089331
1.0,689,50.108121
1.0,627,50.12512
0.0,1000,50.152099
1.0,487,50.165427
1.0,189,50.170635
0.0,1000,50.197752
1.0,521,50.211987
1.0,584,50.227947
1.0,249,50.234707
0.0,1000,50.261947
0.0,1000,50.289218
0.0,1000,50.316421
0.0,1000,50.34356
0.0,1000,50.370936
0.0,1000,50.398208
0.0,1000,50.42551
1.0,451,50.437803
0.0,1000,50.465083
0.0,1000,50.492299
1.0,402,50.503271
0.0,1000,50.530407
0.0,1000,50.557594
0.0,1000,50.584646
1.0,235,50.591121
1.0,593,50.607222
1.0,915,50.63199
0.0,1000,50.658998
1.0,825,50.681513
0.0,1000,50.708524
1.0,244,50.715199
0.0,1000,50.742839
0.0,1000,50.769966
1.0,852,50.793111
0.0,1000,50.820056
1.0,256,50.827038
0.0,1000,50.854168
1.0,830,50.876647
1.0,908,50.901248
1.0,218,50.907303
1.0,886,50.931335
0.0,1000,50.958286
0.0,1000,50.98537
0.0,1000,51.012313
1.0,365,51.022199
0.0,1000,51.049276
1.0,387,51.059918
0.0,1000,51.087038
1.0,824,51.109372
1.0,332,51.118375
0.0,1000,51.145378
0.0,1000,51.172429
0.0,1000,51.19958
0.0,1000,51.2266
0.0,1000,51.253495
1.0,614,51.270283
1.0,951,51.295975
0.0,1000,51.322825
1.0,848,51.34567
0.0,1000,51.372745
1.0,751,51.393176
0.0,1000,51.420204
0.0,1000,51.447149
1.0,902,51.471705
0.0,1000,51.498865
1.0,675,51.517079
1.0,491,51.530507
0.0,1000,51.55755
0.0,1000,51.58464
0.0,1000,51.611668
0.0,1000,51.638859
1.0,514,51.652832
1.0,800,51.674675
0.0,1000,51.701848
1.0,249,51.708677
1.0,170,51.71326
0.0,1000,51.740198
1.0,223,51.746365
1.0,826,51.768731
1.0,998,51.79566
0.0,1000,51.822671
0.0,1000,51.849775
0.0,1000,51.876884
1.0,627,51.893875
0.0,1000,51.920842
1.0,357,51.930636
0.0,1000,51.957684
1.0,468,51.970474
1.0,390,51.98117
1.0,125,51.984621
0.0,1000,52.011539
1.0,737,52.031524
1.0,687,52.050139
1.0,555,52.065134
1.0,606,52.08159
1.0,750,52.101862
1.0,469,52.114668
1.0,270,52.121988
0.0,1000,52.148689
0.0,1000,52.175588
1.0,679,52.19404
0.0,1000,52.221171
0.0,1000,52.248076
1.0,269,52.255402
0.0,1000,52.282617
0.0,1000,52.309683
1.0,659,52.327489
0.0,1000,52.354532
1.0,734,52.374371
0.0,1000,52.401489
1.0,537,52.416241
0.0,1000,52.443356
1.0,561,52.458635
1.0,479,52.471737
0.0,1000,52.498888
1.0,589,52.514983
0.0,1000,52.541871
1.0,277,52.549475
0.0,1000,52.576447
0.0,1000,52.603266
0.0,1000,52.630382
1.0,946,52.655981
0.0,1000,52.682927
0.0,1000,52.710113
0.0,1000,52.737
1.0,328,52.745945
1.0,952,52.771871
1.0,721,52.791378
1.0,346,52.800849
1.0,704,52.820037
1.0,958,52.845697
1.0,501,52.859331
0.0,1000,52.886426
0.0,1000,52.913624
0.0,1000,52.940517
0.0,1000,52.967507
0.0,1000,52.994613
1.0,234,53.001052
0.0,1000,53.028307
1.0,262,53.035464
0.0,1000,53.062439
1.0,529,53.076884
0.0,1000,53.104156
1.0,415,53.11545
1.0,908,53.139994
1.0,310,53.148449
1.0,767,53.169283
1.0,159,53.173716
1.0,210,53.179417
0.0,1000,53.206407
1.0,213,53.212305
0.0,1000,53.23927
1.0,715,53.258954
0.0,1000,53.286172
0.0,1000,53.313326
0.0,1000,53.340663
0.0,1000,53.367753
1.0,452,53.380115
1.0,233,53.386568
1.0,901,53.411244
1.0,766,53.432198
0.0,1000,53.459478
1.0,791,53.480808
1.0,735,53.500958
1.0,222,53.507219
1.0,725,53.527145
0.0,1000,53.554516
0.0,1000,53.581488
1.0,862,53.604799
1.0,330,53.613846
0.0,1000,53.640807
1.0,605,53.657146
0.0,1000,53.684396
1.0,294,53.692441
0.0,1000,53.719429
0.0,1000,53.746482
0.0,1000,53.773554
0.0,1000,53.800503
1.0,467,53.813262
1.0,724,53.83291
0.0,1000,53.859889
1.0,828,53.882437
1.0,959,53.908513
1.0,929,53.933984
1.0,722,53.953556
1.0,167,53.958251
0.0,1000,53.985019
1.0,396,53.995852
0.0,1000,54.02306
1.0,712,54.042481
0.0,1000,54.069835
1.0,762,54.090736
1.0,203,54.09622
1.0,805,54.117603
1.0,480,54.13052
0.0,1000,54.157898
0.0,1000,54.185404
0.0,1000,54.213332
0.0,1000,54.240406
1.0,561,54.255614
0.0,1000,54.282342
0.0,1000,54.308764
1.0,844,54.331149
1.0,579,54.346308
